ISO-10303-21;
HEADER;
FILE_DESCRIPTION(('Open CASCADE Model'),'2;1');
FILE_NAME('Open CASCADE Shape Model','2026-08-21T19:47:31',('Author'),(
    'Open CASCADE'),'Open CASCADE STEP processor 7.9','build123d',
  'Unknown');
FILE_SCHEMA(('AUTOMOTIVE_DESIGN { 1 0 10303 214 1 1 1 1 }'));
ENDSEC;
DATA;
#1 = APPLICATION_PROTOCOL_DEFINITION('international standard',
  'automotive_design',2000,#2);
#2 = APPLICATION_CONTEXT(
  'core data for automotive mechanical design processes');
#3 = SHAPE_DEFINITION_REPRESENTATION(#4,#10);
#4 = PRODUCT_DEFINITION_SHAPE('','',#5);
#5 = PRODUCT_DEFINITION('design','',#6,#9);
#6 = PRODUCT_DEFINITION_FORMATION('','',#7);
#7 = PRODUCT('COMPOUND','COMPOUND','',(#8));
#8 = PRODUCT_CONTEXT('',#2,'mechanical');
#9 = PRODUCT_DEFINITION_CONTEXT('part definition',#2,'design');
#10 = ADVANCED_BREP_SHAPE_REPRESENTATION('',(#11,#15),#3035);
#11 = AXIS2_PLACEMENT_3D('',#12,#13,#14);
#12 = CARTESIAN_POINT('',(0.,0.,0.));
#13 = DIRECTION('',(0.,0.,1.));
#14 = DIRECTION('',(1.,0.,-0.));
#15 = MANIFOLD_SOLID_BREP('',#16);
#16 = CLOSED_SHELL('',(#17,#172,#649,#698,#747,#1122,#1181,#1206,#1389,
    #1416,#1443,#1475,#1582,#1629,#1656,#1681,#1743,#1770,#1827,#1854,
    #1879,#1886,#1983,#2127,#2174,#2201,#2228,#2255,#2282,#2289,#2316,
    #2343,#2588,#2615,#2691,#2740,#2789,#2816,#2866,#2916,#2966,#3016));
#17 = ADVANCED_FACE('',(#18,#137),#32,.F.);
#18 = FACE_BOUND('',#19,.F.);
#19 = EDGE_LOOP('',(#20,#55,#83,#111));
#20 = ORIENTED_EDGE('',*,*,#21,.F.);
#21 = EDGE_CURVE('',#22,#24,#26,.T.);
#22 = VERTEX_POINT('',#23);
#23 = CARTESIAN_POINT('',(1.75,-20.,256.));
#24 = VERTEX_POINT('',#25);
#25 = CARTESIAN_POINT('',(1.75,-20.,288.5));
#26 = SURFACE_CURVE('',#27,(#31,#43),.PCURVE_S1.);
#27 = LINE('',#28,#29);
#28 = CARTESIAN_POINT('',(1.75,-20.,256.));
#29 = VECTOR('',#30,1.);
#30 = DIRECTION('',(0.,0.,1.));
#31 = PCURVE('',#32,#37);
#32 = PLANE('',#33);
#33 = AXIS2_PLACEMENT_3D('',#34,#35,#36);
#34 = CARTESIAN_POINT('',(1.75,-20.,256.));
#35 = DIRECTION('',(1.,0.,0.));
#36 = DIRECTION('',(0.,0.,1.));
#37 = DEFINITIONAL_REPRESENTATION('',(#38),#42);
#38 = LINE('',#39,#40);
#39 = CARTESIAN_POINT('',(0.,0.));
#40 = VECTOR('',#41,1.);
#41 = DIRECTION('',(1.,0.));
#42 = ( GEOMETRIC_REPRESENTATION_CONTEXT(2) 
PARAMETRIC_REPRESENTATION_CONTEXT() REPRESENTATION_CONTEXT('2D SPACE',''
  ) );
#43 = PCURVE('',#44,#49);
#44 = PLANE('',#45);
#45 = AXIS2_PLACEMENT_3D('',#46,#47,#48);
#46 = CARTESIAN_POINT('',(1.75,-20.,256.));
#47 = DIRECTION('',(0.,1.,0.));
#48 = DIRECTION('',(0.,0.,1.));
#49 = DEFINITIONAL_REPRESENTATION('',(#50),#54);
#50 = LINE('',#51,#52);
#51 = CARTESIAN_POINT('',(0.,0.));
#52 = VECTOR('',#53,1.);
#53 = DIRECTION('',(1.,0.));
#54 = ( GEOMETRIC_REPRESENTATION_CONTEXT(2) 
PARAMETRIC_REPRESENTATION_CONTEXT() REPRESENTATION_CONTEXT('2D SPACE',''
  ) );
#55 = ORIENTED_EDGE('',*,*,#56,.T.);
#56 = EDGE_CURVE('',#22,#57,#59,.T.);
#57 = VERTEX_POINT('',#58);
#58 = CARTESIAN_POINT('',(1.75,20.,256.));
#59 = SURFACE_CURVE('',#60,(#64,#71),.PCURVE_S1.);
#60 = LINE('',#61,#62);
#61 = CARTESIAN_POINT('',(1.75,-20.,256.));
#62 = VECTOR('',#63,1.);
#63 = DIRECTION('',(0.,1.,0.));
#64 = PCURVE('',#32,#65);
#65 = DEFINITIONAL_REPRESENTATION('',(#66),#70);
#66 = LINE('',#67,#68);
#67 = CARTESIAN_POINT('',(0.,0.));
#68 = VECTOR('',#69,1.);
#69 = DIRECTION('',(0.,-1.));
#70 = ( GEOMETRIC_REPRESENTATION_CONTEXT(2) 
PARAMETRIC_REPRESENTATION_CONTEXT() REPRESENTATION_CONTEXT('2D SPACE',''
  ) );
#71 = PCURVE('',#72,#77);
#72 = PLANE('',#73);
#73 = AXIS2_PLACEMENT_3D('',#74,#75,#76);
#74 = CARTESIAN_POINT('',(1.75,-20.,256.));
#75 = DIRECTION('',(0.,0.,1.));
#76 = DIRECTION('',(1.,0.,0.));
#77 = DEFINITIONAL_REPRESENTATION('',(#78),#82);
#78 = LINE('',#79,#80);
#79 = CARTESIAN_POINT('',(0.,0.));
#80 = VECTOR('',#81,1.);
#81 = DIRECTION('',(0.,1.));
#82 = ( GEOMETRIC_REPRESENTATION_CONTEXT(2) 
PARAMETRIC_REPRESENTATION_CONTEXT() REPRESENTATION_CONTEXT('2D SPACE',''
  ) );
#83 = ORIENTED_EDGE('',*,*,#84,.F.);
#84 = EDGE_CURVE('',#85,#57,#87,.T.);
#85 = VERTEX_POINT('',#86);
#86 = CARTESIAN_POINT('',(1.75,20.,288.5));
#87 = SURFACE_CURVE('',#88,(#92,#99),.PCURVE_S1.);
#88 = LINE('',#89,#90);
#89 = CARTESIAN_POINT('',(1.75,20.,288.5));
#90 = VECTOR('',#91,1.);
#91 = DIRECTION('',(0.,0.,-1.));
#92 = PCURVE('',#32,#93);
#93 = DEFINITIONAL_REPRESENTATION('',(#94),#98);
#94 = LINE('',#95,#96);
#95 = CARTESIAN_POINT('',(32.5,-40.));
#96 = VECTOR('',#97,1.);
#97 = DIRECTION('',(-1.,0.));
#98 = ( GEOMETRIC_REPRESENTATION_CONTEXT(2) 
PARAMETRIC_REPRESENTATION_CONTEXT() REPRESENTATION_CONTEXT('2D SPACE',''
  ) );
#99 = PCURVE('',#100,#105);
#100 = PLANE('',#101);
#101 = AXIS2_PLACEMENT_3D('',#102,#103,#104);
#102 = CARTESIAN_POINT('',(1.75,20.,256.));
#103 = DIRECTION('',(0.,1.,0.));
#104 = DIRECTION('',(0.,0.,1.));
#105 = DEFINITIONAL_REPRESENTATION('',(#106),#110);
#106 = LINE('',#107,#108);
#107 = CARTESIAN_POINT('',(32.5,0.));
#108 = VECTOR('',#109,1.);
#109 = DIRECTION('',(-1.,0.));
#110 = ( GEOMETRIC_REPRESENTATION_CONTEXT(2) 
PARAMETRIC_REPRESENTATION_CONTEXT() REPRESENTATION_CONTEXT('2D SPACE',''
  ) );
#111 = ORIENTED_EDGE('',*,*,#112,.F.);
#112 = EDGE_CURVE('',#24,#85,#113,.T.);
#113 = SURFACE_CURVE('',#114,(#118,#125),.PCURVE_S1.);
#114 = LINE('',#115,#116);
#115 = CARTESIAN_POINT('',(1.75,-20.,288.5));
#116 = VECTOR('',#117,1.);
#117 = DIRECTION('',(0.,1.,0.));
#118 = PCURVE('',#32,#119);
#119 = DEFINITIONAL_REPRESENTATION('',(#120),#124);
#120 = LINE('',#121,#122);
#121 = CARTESIAN_POINT('',(32.5,0.));
#122 = VECTOR('',#123,1.);
#123 = DIRECTION('',(0.,-1.));
#124 = ( GEOMETRIC_REPRESENTATION_CONTEXT(2) 
PARAMETRIC_REPRESENTATION_CONTEXT() REPRESENTATION_CONTEXT('2D SPACE',''
  ) );
#125 = PCURVE('',#126,#131);
#126 = PLANE('',#127);
#127 = AXIS2_PLACEMENT_3D('',#128,#129,#130);
#128 = CARTESIAN_POINT('',(1.75,-20.,288.5));
#129 = DIRECTION('',(0.,0.,1.));
#130 = DIRECTION('',(1.,0.,0.));
#131 = DEFINITIONAL_REPRESENTATION('',(#132),#136);
#132 = LINE('',#133,#134);
#133 = CARTESIAN_POINT('',(0.,0.));
#134 = VECTOR('',#135,1.);
#135 = DIRECTION('',(0.,1.));
#136 = ( GEOMETRIC_REPRESENTATION_CONTEXT(2) 
PARAMETRIC_REPRESENTATION_CONTEXT() REPRESENTATION_CONTEXT('2D SPACE',''
  ) );
#137 = FACE_BOUND('',#138,.F.);
#138 = EDGE_LOOP('',(#139));
#139 = ORIENTED_EDGE('',*,*,#140,.T.);
#140 = EDGE_CURVE('',#141,#141,#143,.T.);
#141 = VERTEX_POINT('',#142);
#142 = CARTESIAN_POINT('',(1.75,2.75,282.5));
#143 = SURFACE_CURVE('',#144,(#149,#160),.PCURVE_S1.);
#144 = CIRCLE('',#145,2.75);
#145 = AXIS2_PLACEMENT_3D('',#146,#147,#148);
#146 = CARTESIAN_POINT('',(1.75,0.,282.5));
#147 = DIRECTION('',(-1.,0.,0.));
#148 = DIRECTION('',(0.,1.,0.));
#149 = PCURVE('',#32,#150);
#150 = DEFINITIONAL_REPRESENTATION('',(#151),#159);
#151 = ( BOUNDED_CURVE() B_SPLINE_CURVE(2,(#152,#153,#154,#155,#156,#157
,#158),.UNSPECIFIED.,.T.,.F.) B_SPLINE_CURVE_WITH_KNOTS((1,2,2,2,2,1),(
    -2.094395102393,0.,2.094395102393,4.188790204786,6.28318530718,
8.377580409573),.UNSPECIFIED.) CURVE() GEOMETRIC_REPRESENTATION_ITEM() 
RATIONAL_B_SPLINE_CURVE((1.,0.5,1.,0.5,1.,0.5,1.)) REPRESENTATION_ITEM(
  '') );
#152 = CARTESIAN_POINT('',(26.5,-22.75));
#153 = CARTESIAN_POINT('',(21.736860279186,-22.75));
#154 = CARTESIAN_POINT('',(24.118430139593,-18.625));
#155 = CARTESIAN_POINT('',(26.5,-14.5));
#156 = CARTESIAN_POINT('',(28.881569860407,-18.625));
#157 = CARTESIAN_POINT('',(31.263139720814,-22.75));
#158 = CARTESIAN_POINT('',(26.5,-22.75));
#159 = ( GEOMETRIC_REPRESENTATION_CONTEXT(2) 
PARAMETRIC_REPRESENTATION_CONTEXT() REPRESENTATION_CONTEXT('2D SPACE',''
  ) );
#160 = PCURVE('',#161,#166);
#161 = CYLINDRICAL_SURFACE('',#162,2.75);
#162 = AXIS2_PLACEMENT_3D('',#163,#164,#165);
#163 = CARTESIAN_POINT('',(-16.75,0.,282.5));
#164 = DIRECTION('',(-1.,-0.,-0.));
#165 = DIRECTION('',(0.,1.,0.));
#166 = DEFINITIONAL_REPRESENTATION('',(#167),#171);
#167 = LINE('',#168,#169);
#168 = CARTESIAN_POINT('',(-6.28318530718,-18.5));
#169 = VECTOR('',#170,1.);
#170 = DIRECTION('',(1.,-0.));
#171 = ( GEOMETRIC_REPRESENTATION_CONTEXT(2) 
PARAMETRIC_REPRESENTATION_CONTEXT() REPRESENTATION_CONTEXT('2D SPACE',''
  ) );
#172 = ADVANCED_FACE('',(#173),#44,.F.);
#173 = FACE_BOUND('',#174,.F.);
#174 = EDGE_LOOP('',(#175,#205,#226,#227,#250,#278,#307,#340,#368,#396,
    #424,#453,#482,#510,#538,#566,#594,#622));
#175 = ORIENTED_EDGE('',*,*,#176,.F.);
#176 = EDGE_CURVE('',#177,#179,#181,.T.);
#177 = VERTEX_POINT('',#178);
#178 = CARTESIAN_POINT('',(15.75,-20.,256.));
#179 = VERTEX_POINT('',#180);
#180 = CARTESIAN_POINT('',(15.75,-20.,266.90375478479));
#181 = SURFACE_CURVE('',#182,(#186,#193),.PCURVE_S1.);
#182 = LINE('',#183,#184);
#183 = CARTESIAN_POINT('',(15.75,-20.,256.));
#184 = VECTOR('',#185,1.);
#185 = DIRECTION('',(0.,0.,1.));
#186 = PCURVE('',#44,#187);
#187 = DEFINITIONAL_REPRESENTATION('',(#188),#192);
#188 = LINE('',#189,#190);
#189 = CARTESIAN_POINT('',(0.,14.));
#190 = VECTOR('',#191,1.);
#191 = DIRECTION('',(1.,0.));
#192 = ( GEOMETRIC_REPRESENTATION_CONTEXT(2) 
PARAMETRIC_REPRESENTATION_CONTEXT() REPRESENTATION_CONTEXT('2D SPACE',''
  ) );
#193 = PCURVE('',#194,#199);
#194 = PLANE('',#195);
#195 = AXIS2_PLACEMENT_3D('',#196,#197,#198);
#196 = CARTESIAN_POINT('',(15.75,-20.,256.));
#197 = DIRECTION('',(1.,0.,0.));
#198 = DIRECTION('',(0.,0.,1.));
#199 = DEFINITIONAL_REPRESENTATION('',(#200),#204);
#200 = LINE('',#201,#202);
#201 = CARTESIAN_POINT('',(0.,0.));
#202 = VECTOR('',#203,1.);
#203 = DIRECTION('',(1.,0.));
#204 = ( GEOMETRIC_REPRESENTATION_CONTEXT(2) 
PARAMETRIC_REPRESENTATION_CONTEXT() REPRESENTATION_CONTEXT('2D SPACE',''
  ) );
#205 = ORIENTED_EDGE('',*,*,#206,.F.);
#206 = EDGE_CURVE('',#22,#177,#207,.T.);
#207 = SURFACE_CURVE('',#208,(#212,#219),.PCURVE_S1.);
#208 = LINE('',#209,#210);
#209 = CARTESIAN_POINT('',(1.75,-20.,256.));
#210 = VECTOR('',#211,1.);
#211 = DIRECTION('',(1.,0.,0.));
#212 = PCURVE('',#44,#213);
#213 = DEFINITIONAL_REPRESENTATION('',(#214),#218);
#214 = LINE('',#215,#216);
#215 = CARTESIAN_POINT('',(0.,0.));
#216 = VECTOR('',#217,1.);
#217 = DIRECTION('',(0.,1.));
#218 = ( GEOMETRIC_REPRESENTATION_CONTEXT(2) 
PARAMETRIC_REPRESENTATION_CONTEXT() REPRESENTATION_CONTEXT('2D SPACE',''
  ) );
#219 = PCURVE('',#72,#220);
#220 = DEFINITIONAL_REPRESENTATION('',(#221),#225);
#221 = LINE('',#222,#223);
#222 = CARTESIAN_POINT('',(0.,0.));
#223 = VECTOR('',#224,1.);
#224 = DIRECTION('',(1.,0.));
#225 = ( GEOMETRIC_REPRESENTATION_CONTEXT(2) 
PARAMETRIC_REPRESENTATION_CONTEXT() REPRESENTATION_CONTEXT('2D SPACE',''
  ) );
#226 = ORIENTED_EDGE('',*,*,#21,.T.);
#227 = ORIENTED_EDGE('',*,*,#228,.T.);
#228 = EDGE_CURVE('',#24,#229,#231,.T.);
#229 = VERTEX_POINT('',#230);
#230 = CARTESIAN_POINT('',(15.75,-20.,288.5));
#231 = SURFACE_CURVE('',#232,(#236,#243),.PCURVE_S1.);
#232 = LINE('',#233,#234);
#233 = CARTESIAN_POINT('',(1.75,-20.,288.5));
#234 = VECTOR('',#235,1.);
#235 = DIRECTION('',(1.,0.,0.));
#236 = PCURVE('',#44,#237);
#237 = DEFINITIONAL_REPRESENTATION('',(#238),#242);
#238 = LINE('',#239,#240);
#239 = CARTESIAN_POINT('',(32.5,0.));
#240 = VECTOR('',#241,1.);
#241 = DIRECTION('',(0.,1.));
#242 = ( GEOMETRIC_REPRESENTATION_CONTEXT(2) 
PARAMETRIC_REPRESENTATION_CONTEXT() REPRESENTATION_CONTEXT('2D SPACE',''
  ) );
#243 = PCURVE('',#126,#244);
#244 = DEFINITIONAL_REPRESENTATION('',(#245),#249);
#245 = LINE('',#246,#247);
#246 = CARTESIAN_POINT('',(0.,0.));
#247 = VECTOR('',#248,1.);
#248 = DIRECTION('',(1.,0.));
#249 = ( GEOMETRIC_REPRESENTATION_CONTEXT(2) 
PARAMETRIC_REPRESENTATION_CONTEXT() REPRESENTATION_CONTEXT('2D SPACE',''
  ) );
#250 = ORIENTED_EDGE('',*,*,#251,.F.);
#251 = EDGE_CURVE('',#252,#229,#254,.T.);
#252 = VERTEX_POINT('',#253);
#253 = CARTESIAN_POINT('',(15.75,-20.,275.05402694758));
#254 = SURFACE_CURVE('',#255,(#259,#266),.PCURVE_S1.);
#255 = LINE('',#256,#257);
#256 = CARTESIAN_POINT('',(15.75,-20.,256.));
#257 = VECTOR('',#258,1.);
#258 = DIRECTION('',(0.,0.,1.));
#259 = PCURVE('',#44,#260);
#260 = DEFINITIONAL_REPRESENTATION('',(#261),#265);
#261 = LINE('',#262,#263);
#262 = CARTESIAN_POINT('',(0.,14.));
#263 = VECTOR('',#264,1.);
#264 = DIRECTION('',(1.,0.));
#265 = ( GEOMETRIC_REPRESENTATION_CONTEXT(2) 
PARAMETRIC_REPRESENTATION_CONTEXT() REPRESENTATION_CONTEXT('2D SPACE',''
  ) );
#266 = PCURVE('',#267,#272);
#267 = PLANE('',#268);
#268 = AXIS2_PLACEMENT_3D('',#269,#270,#271);
#269 = CARTESIAN_POINT('',(15.75,-20.,256.));
#270 = DIRECTION('',(1.,0.,0.));
#271 = DIRECTION('',(0.,0.,1.));
#272 = DEFINITIONAL_REPRESENTATION('',(#273),#277);
#273 = LINE('',#274,#275);
#274 = CARTESIAN_POINT('',(0.,0.));
#275 = VECTOR('',#276,1.);
#276 = DIRECTION('',(1.,0.));
#277 = ( GEOMETRIC_REPRESENTATION_CONTEXT(2) 
PARAMETRIC_REPRESENTATION_CONTEXT() REPRESENTATION_CONTEXT('2D SPACE',''
  ) );
#278 = ORIENTED_EDGE('',*,*,#279,.T.);
#279 = EDGE_CURVE('',#252,#280,#282,.T.);
#280 = VERTEX_POINT('',#281);
#281 = CARTESIAN_POINT('',(31.373056994819,-20.,109.38994296739));
#282 = SURFACE_CURVE('',#283,(#288,#295),.PCURVE_S1.);
#283 = CIRCLE('',#284,86.5);
#284 = AXIS2_PLACEMENT_3D('',#285,#286,#287);
#285 = CARTESIAN_POINT('',(0.,-20.,190.));
#286 = DIRECTION('',(0.,1.,0.));
#287 = DIRECTION('',(-0.28901734104,0.,-0.957323861908));
#288 = PCURVE('',#44,#289);
#289 = DEFINITIONAL_REPRESENTATION('',(#290),#294);
#290 = CIRCLE('',#291,86.5);
#291 = AXIS2_PLACEMENT_2D('',#292,#293);
#292 = CARTESIAN_POINT('',(-66.,-1.75));
#293 = DIRECTION('',(-0.957323861908,-0.28901734104));
#294 = ( GEOMETRIC_REPRESENTATION_CONTEXT(2) 
PARAMETRIC_REPRESENTATION_CONTEXT() REPRESENTATION_CONTEXT('2D SPACE',''
  ) );
#295 = PCURVE('',#296,#301);
#296 = CYLINDRICAL_SURFACE('',#297,86.5);
#297 = AXIS2_PLACEMENT_3D('',#298,#299,#300);
#298 = CARTESIAN_POINT('',(0.,0.,190.));
#299 = DIRECTION('',(0.,-1.,0.));
#300 = DIRECTION('',(1.,0.,0.));
#301 = DEFINITIONAL_REPRESENTATION('',(#302),#306);
#302 = LINE('',#303,#304);
#303 = CARTESIAN_POINT('',(10.702374073591,20.));
#304 = VECTOR('',#305,1.);
#305 = DIRECTION('',(-1.,0.));
#306 = ( GEOMETRIC_REPRESENTATION_CONTEXT(2) 
PARAMETRIC_REPRESENTATION_CONTEXT() REPRESENTATION_CONTEXT('2D SPACE',''
  ) );
#307 = ORIENTED_EDGE('',*,*,#308,.T.);
#308 = EDGE_CURVE('',#280,#309,#311,.T.);
#309 = VERTEX_POINT('',#310);
#310 = CARTESIAN_POINT('',(25.,-20.,100.07086122952));
#311 = SURFACE_CURVE('',#312,(#317,#328),.PCURVE_S1.);
#312 = CIRCLE('',#313,10.);
#313 = AXIS2_PLACEMENT_3D('',#314,#315,#316);
#314 = CARTESIAN_POINT('',(35.,-20.,100.07086122952));
#315 = DIRECTION('',(0.,-1.,0.));
#316 = DIRECTION('',(0.,-0.,-1.));
#317 = PCURVE('',#44,#318);
#318 = DEFINITIONAL_REPRESENTATION('',(#319),#327);
#319 = ( BOUNDED_CURVE() B_SPLINE_CURVE(2,(#320,#321,#322,#323,#324,#325
,#326),.UNSPECIFIED.,.T.,.F.) B_SPLINE_CURVE_WITH_KNOTS((1,2,2,2,2,1),(
    -2.094395102393,0.,2.094395102393,4.188790204786,6.28318530718,
8.377580409573),.UNSPECIFIED.) CURVE() GEOMETRIC_REPRESENTATION_ITEM() 
RATIONAL_B_SPLINE_CURVE((1.,0.5,1.,0.5,1.,0.5,1.)) REPRESENTATION_ITEM(
  '') );
#320 = CARTESIAN_POINT('',(-165.9291387704,33.25));
#321 = CARTESIAN_POINT('',(-165.9291387704,50.570508075689));
#322 = CARTESIAN_POINT('',(-150.9291387704,41.910254037844));
#323 = CARTESIAN_POINT('',(-135.9291387704,33.25));
#324 = CARTESIAN_POINT('',(-150.9291387704,24.589745962156));
#325 = CARTESIAN_POINT('',(-165.9291387704,15.929491924311));
#326 = CARTESIAN_POINT('',(-165.9291387704,33.25));
#327 = ( GEOMETRIC_REPRESENTATION_CONTEXT(2) 
PARAMETRIC_REPRESENTATION_CONTEXT() REPRESENTATION_CONTEXT('2D SPACE',''
  ) );
#328 = PCURVE('',#329,#334);
#329 = CYLINDRICAL_SURFACE('',#330,10.);
#330 = AXIS2_PLACEMENT_3D('',#331,#332,#333);
#331 = CARTESIAN_POINT('',(35.,20.,100.07086122952));
#332 = DIRECTION('',(0.,-1.,0.));
#333 = DIRECTION('',(-0.362694300518,0.,0.931908173787));
#334 = DEFINITIONAL_REPRESENTATION('',(#335),#339);
#335 = LINE('',#336,#337);
#336 = CARTESIAN_POINT('',(-3.512750091501,40.));
#337 = VECTOR('',#338,1.);
#338 = DIRECTION('',(1.,0.));
#339 = ( GEOMETRIC_REPRESENTATION_CONTEXT(2) 
PARAMETRIC_REPRESENTATION_CONTEXT() REPRESENTATION_CONTEXT('2D SPACE',''
  ) );
#340 = ORIENTED_EDGE('',*,*,#341,.F.);
#341 = EDGE_CURVE('',#342,#309,#344,.T.);
#342 = VERTEX_POINT('',#343);
#343 = CARTESIAN_POINT('',(25.,-20.,18.));
#344 = SURFACE_CURVE('',#345,(#349,#356),.PCURVE_S1.);
#345 = LINE('',#346,#347);
#346 = CARTESIAN_POINT('',(25.,-20.,10.));
#347 = VECTOR('',#348,1.);
#348 = DIRECTION('',(0.,0.,1.));
#349 = PCURVE('',#44,#350);
#350 = DEFINITIONAL_REPRESENTATION('',(#351),#355);
#351 = LINE('',#352,#353);
#352 = CARTESIAN_POINT('',(-246.,23.25));
#353 = VECTOR('',#354,1.);
#354 = DIRECTION('',(1.,0.));
#355 = ( GEOMETRIC_REPRESENTATION_CONTEXT(2) 
PARAMETRIC_REPRESENTATION_CONTEXT() REPRESENTATION_CONTEXT('2D SPACE',''
  ) );
#356 = PCURVE('',#357,#362);
#357 = PLANE('',#358);
#358 = AXIS2_PLACEMENT_3D('',#359,#360,#361);
#359 = CARTESIAN_POINT('',(25.,-20.,10.));
#360 = DIRECTION('',(-1.,0.,0.));
#361 = DIRECTION('',(0.,1.,0.));
#362 = DEFINITIONAL_REPRESENTATION('',(#363),#367);
#363 = LINE('',#364,#365);
#364 = CARTESIAN_POINT('',(0.,0.));
#365 = VECTOR('',#366,1.);
#366 = DIRECTION('',(0.,-1.));
#367 = ( GEOMETRIC_REPRESENTATION_CONTEXT(2) 
PARAMETRIC_REPRESENTATION_CONTEXT() REPRESENTATION_CONTEXT('2D SPACE',''
  ) );
#368 = ORIENTED_EDGE('',*,*,#369,.F.);
#369 = EDGE_CURVE('',#370,#342,#372,.T.);
#370 = VERTEX_POINT('',#371);
#371 = CARTESIAN_POINT('',(-25.,-20.,18.));
#372 = SURFACE_CURVE('',#373,(#377,#384),.PCURVE_S1.);
#373 = LINE('',#374,#375);
#374 = CARTESIAN_POINT('',(-25.,-20.,18.));
#375 = VECTOR('',#376,1.);
#376 = DIRECTION('',(1.,0.,0.));
#377 = PCURVE('',#44,#378);
#378 = DEFINITIONAL_REPRESENTATION('',(#379),#383);
#379 = LINE('',#380,#381);
#380 = CARTESIAN_POINT('',(-238.,-26.75));
#381 = VECTOR('',#382,1.);
#382 = DIRECTION('',(0.,1.));
#383 = ( GEOMETRIC_REPRESENTATION_CONTEXT(2) 
PARAMETRIC_REPRESENTATION_CONTEXT() REPRESENTATION_CONTEXT('2D SPACE',''
  ) );
#384 = PCURVE('',#385,#390);
#385 = CYLINDRICAL_SURFACE('',#386,8.);
#386 = AXIS2_PLACEMENT_3D('',#387,#388,#389);
#387 = CARTESIAN_POINT('',(-25.,-28.,18.));
#388 = DIRECTION('',(1.,0.,0.));
#389 = DIRECTION('',(-0.,1.,0.));
#390 = DEFINITIONAL_REPRESENTATION('',(#391),#395);
#391 = LINE('',#392,#393);
#392 = CARTESIAN_POINT('',(-0.,0.));
#393 = VECTOR('',#394,1.);
#394 = DIRECTION('',(-0.,1.));
#395 = ( GEOMETRIC_REPRESENTATION_CONTEXT(2) 
PARAMETRIC_REPRESENTATION_CONTEXT() REPRESENTATION_CONTEXT('2D SPACE',''
  ) );
#396 = ORIENTED_EDGE('',*,*,#397,.T.);
#397 = EDGE_CURVE('',#370,#398,#400,.T.);
#398 = VERTEX_POINT('',#399);
#399 = CARTESIAN_POINT('',(-25.,-20.,100.07086122952));
#400 = SURFACE_CURVE('',#401,(#405,#412),.PCURVE_S1.);
#401 = LINE('',#402,#403);
#402 = CARTESIAN_POINT('',(-25.,-20.,10.));
#403 = VECTOR('',#404,1.);
#404 = DIRECTION('',(0.,0.,1.));
#405 = PCURVE('',#44,#406);
#406 = DEFINITIONAL_REPRESENTATION('',(#407),#411);
#407 = LINE('',#408,#409);
#408 = CARTESIAN_POINT('',(-246.,-26.75));
#409 = VECTOR('',#410,1.);
#410 = DIRECTION('',(1.,0.));
#411 = ( GEOMETRIC_REPRESENTATION_CONTEXT(2) 
PARAMETRIC_REPRESENTATION_CONTEXT() REPRESENTATION_CONTEXT('2D SPACE',''
  ) );
#412 = PCURVE('',#413,#418);
#413 = PLANE('',#414);
#414 = AXIS2_PLACEMENT_3D('',#415,#416,#417);
#415 = CARTESIAN_POINT('',(-25.,-20.,10.));
#416 = DIRECTION('',(-1.,0.,0.));
#417 = DIRECTION('',(0.,1.,0.));
#418 = DEFINITIONAL_REPRESENTATION('',(#419),#423);
#419 = LINE('',#420,#421);
#420 = CARTESIAN_POINT('',(0.,0.));
#421 = VECTOR('',#422,1.);
#422 = DIRECTION('',(0.,-1.));
#423 = ( GEOMETRIC_REPRESENTATION_CONTEXT(2) 
PARAMETRIC_REPRESENTATION_CONTEXT() REPRESENTATION_CONTEXT('2D SPACE',''
  ) );
#424 = ORIENTED_EDGE('',*,*,#425,.F.);
#425 = EDGE_CURVE('',#426,#398,#428,.T.);
#426 = VERTEX_POINT('',#427);
#427 = CARTESIAN_POINT('',(-31.37305699481,-20.,109.38994296739));
#428 = SURFACE_CURVE('',#429,(#434,#441),.PCURVE_S1.);
#429 = CIRCLE('',#430,10.);
#430 = AXIS2_PLACEMENT_3D('',#431,#432,#433);
#431 = CARTESIAN_POINT('',(-35.,-20.,100.07086122952));
#432 = DIRECTION('',(-0.,1.,0.));
#433 = DIRECTION('',(0.,0.,-1.));
#434 = PCURVE('',#44,#435);
#435 = DEFINITIONAL_REPRESENTATION('',(#436),#440);
#436 = CIRCLE('',#437,10.);
#437 = AXIS2_PLACEMENT_2D('',#438,#439);
#438 = CARTESIAN_POINT('',(-155.9291387704,-36.75));
#439 = DIRECTION('',(-1.,0.));
#440 = ( GEOMETRIC_REPRESENTATION_CONTEXT(2) 
PARAMETRIC_REPRESENTATION_CONTEXT() REPRESENTATION_CONTEXT('2D SPACE',''
  ) );
#441 = PCURVE('',#442,#447);
#442 = CYLINDRICAL_SURFACE('',#443,10.);
#443 = AXIS2_PLACEMENT_3D('',#444,#445,#446);
#444 = CARTESIAN_POINT('',(-35.,20.,100.07086122952));
#445 = DIRECTION('',(0.,-1.,0.));
#446 = DIRECTION('',(0.362694300518,0.,0.931908173787));
#447 = DEFINITIONAL_REPRESENTATION('',(#448),#452);
#448 = LINE('',#449,#450);
#449 = CARTESIAN_POINT('',(3.512750091501,40.));
#450 = VECTOR('',#451,1.);
#451 = DIRECTION('',(-1.,0.));
#452 = ( GEOMETRIC_REPRESENTATION_CONTEXT(2) 
PARAMETRIC_REPRESENTATION_CONTEXT() REPRESENTATION_CONTEXT('2D SPACE',''
  ) );
#453 = ORIENTED_EDGE('',*,*,#454,.T.);
#454 = EDGE_CURVE('',#426,#455,#457,.T.);
#455 = VERTEX_POINT('',#456);
#456 = CARTESIAN_POINT('',(-15.75,-20.,275.05402694758));
#457 = SURFACE_CURVE('',#458,(#463,#470),.PCURVE_S1.);
#458 = CIRCLE('',#459,86.5);
#459 = AXIS2_PLACEMENT_3D('',#460,#461,#462);
#460 = CARTESIAN_POINT('',(0.,-20.,190.));
#461 = DIRECTION('',(0.,1.,0.));
#462 = DIRECTION('',(-0.28901734104,0.,-0.957323861908));
#463 = PCURVE('',#44,#464);
#464 = DEFINITIONAL_REPRESENTATION('',(#465),#469);
#465 = CIRCLE('',#466,86.5);
#466 = AXIS2_PLACEMENT_2D('',#467,#468);
#467 = CARTESIAN_POINT('',(-66.,-1.75));
#468 = DIRECTION('',(-0.957323861908,-0.28901734104));
#469 = ( GEOMETRIC_REPRESENTATION_CONTEXT(2) 
PARAMETRIC_REPRESENTATION_CONTEXT() REPRESENTATION_CONTEXT('2D SPACE',''
  ) );
#470 = PCURVE('',#471,#476);
#471 = CYLINDRICAL_SURFACE('',#472,86.5);
#472 = AXIS2_PLACEMENT_3D('',#473,#474,#475);
#473 = CARTESIAN_POINT('',(0.,0.,190.));
#474 = DIRECTION('',(0.,-1.,0.));
#475 = DIRECTION('',(1.,0.,0.));
#476 = DEFINITIONAL_REPRESENTATION('',(#477),#481);
#477 = LINE('',#478,#479);
#478 = CARTESIAN_POINT('',(10.702374073591,20.));
#479 = VECTOR('',#480,1.);
#480 = DIRECTION('',(-1.,0.));
#481 = ( GEOMETRIC_REPRESENTATION_CONTEXT(2) 
PARAMETRIC_REPRESENTATION_CONTEXT() REPRESENTATION_CONTEXT('2D SPACE',''
  ) );
#482 = ORIENTED_EDGE('',*,*,#483,.T.);
#483 = EDGE_CURVE('',#455,#484,#486,.T.);
#484 = VERTEX_POINT('',#485);
#485 = CARTESIAN_POINT('',(-15.75,-20.,288.5));
#486 = SURFACE_CURVE('',#487,(#491,#498),.PCURVE_S1.);
#487 = LINE('',#488,#489);
#488 = CARTESIAN_POINT('',(-15.75,-20.,256.));
#489 = VECTOR('',#490,1.);
#490 = DIRECTION('',(0.,0.,1.));
#491 = PCURVE('',#44,#492);
#492 = DEFINITIONAL_REPRESENTATION('',(#493),#497);
#493 = LINE('',#494,#495);
#494 = CARTESIAN_POINT('',(0.,-17.5));
#495 = VECTOR('',#496,1.);
#496 = DIRECTION('',(1.,0.));
#497 = ( GEOMETRIC_REPRESENTATION_CONTEXT(2) 
PARAMETRIC_REPRESENTATION_CONTEXT() REPRESENTATION_CONTEXT('2D SPACE',''
  ) );
#498 = PCURVE('',#499,#504);
#499 = PLANE('',#500);
#500 = AXIS2_PLACEMENT_3D('',#501,#502,#503);
#501 = CARTESIAN_POINT('',(-15.75,-20.,256.));
#502 = DIRECTION('',(1.,0.,0.));
#503 = DIRECTION('',(0.,0.,1.));
#504 = DEFINITIONAL_REPRESENTATION('',(#505),#509);
#505 = LINE('',#506,#507);
#506 = CARTESIAN_POINT('',(0.,0.));
#507 = VECTOR('',#508,1.);
#508 = DIRECTION('',(1.,0.));
#509 = ( GEOMETRIC_REPRESENTATION_CONTEXT(2) 
PARAMETRIC_REPRESENTATION_CONTEXT() REPRESENTATION_CONTEXT('2D SPACE',''
  ) );
#510 = ORIENTED_EDGE('',*,*,#511,.T.);
#511 = EDGE_CURVE('',#484,#512,#514,.T.);
#512 = VERTEX_POINT('',#513);
#513 = CARTESIAN_POINT('',(-1.75,-20.,288.5));
#514 = SURFACE_CURVE('',#515,(#519,#526),.PCURVE_S1.);
#515 = LINE('',#516,#517);
#516 = CARTESIAN_POINT('',(-15.75,-20.,288.5));
#517 = VECTOR('',#518,1.);
#518 = DIRECTION('',(1.,0.,0.));
#519 = PCURVE('',#44,#520);
#520 = DEFINITIONAL_REPRESENTATION('',(#521),#525);
#521 = LINE('',#522,#523);
#522 = CARTESIAN_POINT('',(32.5,-17.5));
#523 = VECTOR('',#524,1.);
#524 = DIRECTION('',(0.,1.));
#525 = ( GEOMETRIC_REPRESENTATION_CONTEXT(2) 
PARAMETRIC_REPRESENTATION_CONTEXT() REPRESENTATION_CONTEXT('2D SPACE',''
  ) );
#526 = PCURVE('',#527,#532);
#527 = PLANE('',#528);
#528 = AXIS2_PLACEMENT_3D('',#529,#530,#531);
#529 = CARTESIAN_POINT('',(-15.75,-20.,288.5));
#530 = DIRECTION('',(0.,0.,1.));
#531 = DIRECTION('',(1.,0.,0.));
#532 = DEFINITIONAL_REPRESENTATION('',(#533),#537);
#533 = LINE('',#534,#535);
#534 = CARTESIAN_POINT('',(0.,0.));
#535 = VECTOR('',#536,1.);
#536 = DIRECTION('',(1.,0.));
#537 = ( GEOMETRIC_REPRESENTATION_CONTEXT(2) 
PARAMETRIC_REPRESENTATION_CONTEXT() REPRESENTATION_CONTEXT('2D SPACE',''
  ) );
#538 = ORIENTED_EDGE('',*,*,#539,.F.);
#539 = EDGE_CURVE('',#540,#512,#542,.T.);
#540 = VERTEX_POINT('',#541);
#541 = CARTESIAN_POINT('',(-1.75,-20.,256.));
#542 = SURFACE_CURVE('',#543,(#547,#554),.PCURVE_S1.);
#543 = LINE('',#544,#545);
#544 = CARTESIAN_POINT('',(-1.75,-20.,256.));
#545 = VECTOR('',#546,1.);
#546 = DIRECTION('',(0.,0.,1.));
#547 = PCURVE('',#44,#548);
#548 = DEFINITIONAL_REPRESENTATION('',(#549),#553);
#549 = LINE('',#550,#551);
#550 = CARTESIAN_POINT('',(0.,-3.5));
#551 = VECTOR('',#552,1.);
#552 = DIRECTION('',(1.,0.));
#553 = ( GEOMETRIC_REPRESENTATION_CONTEXT(2) 
PARAMETRIC_REPRESENTATION_CONTEXT() REPRESENTATION_CONTEXT('2D SPACE',''
  ) );
#554 = PCURVE('',#555,#560);
#555 = PLANE('',#556);
#556 = AXIS2_PLACEMENT_3D('',#557,#558,#559);
#557 = CARTESIAN_POINT('',(-1.75,-20.,256.));
#558 = DIRECTION('',(1.,0.,0.));
#559 = DIRECTION('',(0.,0.,1.));
#560 = DEFINITIONAL_REPRESENTATION('',(#561),#565);
#561 = LINE('',#562,#563);
#562 = CARTESIAN_POINT('',(0.,0.));
#563 = VECTOR('',#564,1.);
#564 = DIRECTION('',(1.,0.));
#565 = ( GEOMETRIC_REPRESENTATION_CONTEXT(2) 
PARAMETRIC_REPRESENTATION_CONTEXT() REPRESENTATION_CONTEXT('2D SPACE',''
  ) );
#566 = ORIENTED_EDGE('',*,*,#567,.F.);
#567 = EDGE_CURVE('',#568,#540,#570,.T.);
#568 = VERTEX_POINT('',#569);
#569 = CARTESIAN_POINT('',(-15.75,-20.,256.));
#570 = SURFACE_CURVE('',#571,(#575,#582),.PCURVE_S1.);
#571 = LINE('',#572,#573);
#572 = CARTESIAN_POINT('',(-15.75,-20.,256.));
#573 = VECTOR('',#574,1.);
#574 = DIRECTION('',(1.,0.,0.));
#575 = PCURVE('',#44,#576);
#576 = DEFINITIONAL_REPRESENTATION('',(#577),#581);
#577 = LINE('',#578,#579);
#578 = CARTESIAN_POINT('',(0.,-17.5));
#579 = VECTOR('',#580,1.);
#580 = DIRECTION('',(0.,1.));
#581 = ( GEOMETRIC_REPRESENTATION_CONTEXT(2) 
PARAMETRIC_REPRESENTATION_CONTEXT() REPRESENTATION_CONTEXT('2D SPACE',''
  ) );
#582 = PCURVE('',#583,#588);
#583 = PLANE('',#584);
#584 = AXIS2_PLACEMENT_3D('',#585,#586,#587);
#585 = CARTESIAN_POINT('',(-15.75,-20.,256.));
#586 = DIRECTION('',(0.,0.,1.));
#587 = DIRECTION('',(1.,0.,0.));
#588 = DEFINITIONAL_REPRESENTATION('',(#589),#593);
#589 = LINE('',#590,#591);
#590 = CARTESIAN_POINT('',(0.,0.));
#591 = VECTOR('',#592,1.);
#592 = DIRECTION('',(1.,0.));
#593 = ( GEOMETRIC_REPRESENTATION_CONTEXT(2) 
PARAMETRIC_REPRESENTATION_CONTEXT() REPRESENTATION_CONTEXT('2D SPACE',''
  ) );
#594 = ORIENTED_EDGE('',*,*,#595,.T.);
#595 = EDGE_CURVE('',#568,#596,#598,.T.);
#596 = VERTEX_POINT('',#597);
#597 = CARTESIAN_POINT('',(-15.75,-20.,266.90375478479));
#598 = SURFACE_CURVE('',#599,(#603,#610),.PCURVE_S1.);
#599 = LINE('',#600,#601);
#600 = CARTESIAN_POINT('',(-15.75,-20.,256.));
#601 = VECTOR('',#602,1.);
#602 = DIRECTION('',(0.,0.,1.));
#603 = PCURVE('',#44,#604);
#604 = DEFINITIONAL_REPRESENTATION('',(#605),#609);
#605 = LINE('',#606,#607);
#606 = CARTESIAN_POINT('',(0.,-17.5));
#607 = VECTOR('',#608,1.);
#608 = DIRECTION('',(1.,0.));
#609 = ( GEOMETRIC_REPRESENTATION_CONTEXT(2) 
PARAMETRIC_REPRESENTATION_CONTEXT() REPRESENTATION_CONTEXT('2D SPACE',''
  ) );
#610 = PCURVE('',#611,#616);
#611 = PLANE('',#612);
#612 = AXIS2_PLACEMENT_3D('',#613,#614,#615);
#613 = CARTESIAN_POINT('',(-15.75,-20.,256.));
#614 = DIRECTION('',(1.,0.,0.));
#615 = DIRECTION('',(0.,0.,1.));
#616 = DEFINITIONAL_REPRESENTATION('',(#617),#621);
#617 = LINE('',#618,#619);
#618 = CARTESIAN_POINT('',(0.,0.));
#619 = VECTOR('',#620,1.);
#620 = DIRECTION('',(1.,0.));
#621 = ( GEOMETRIC_REPRESENTATION_CONTEXT(2) 
PARAMETRIC_REPRESENTATION_CONTEXT() REPRESENTATION_CONTEXT('2D SPACE',''
  ) );
#622 = ORIENTED_EDGE('',*,*,#623,.F.);
#623 = EDGE_CURVE('',#179,#596,#624,.T.);
#624 = SURFACE_CURVE('',#625,(#630,#637),.PCURVE_S1.);
#625 = CIRCLE('',#626,78.5);
#626 = AXIS2_PLACEMENT_3D('',#627,#628,#629);
#627 = CARTESIAN_POINT('',(0.,-20.,190.));
#628 = DIRECTION('',(0.,1.,0.));
#629 = DIRECTION('',(0.200636942675,-0.,0.979665666048));
#630 = PCURVE('',#44,#631);
#631 = DEFINITIONAL_REPRESENTATION('',(#632),#636);
#632 = CIRCLE('',#633,78.5);
#633 = AXIS2_PLACEMENT_2D('',#634,#635);
#634 = CARTESIAN_POINT('',(-66.,-1.75));
#635 = DIRECTION('',(0.979665666048,0.200636942675));
#636 = ( GEOMETRIC_REPRESENTATION_CONTEXT(2) 
PARAMETRIC_REPRESENTATION_CONTEXT() REPRESENTATION_CONTEXT('2D SPACE',''
  ) );
#637 = PCURVE('',#638,#643);
#638 = CYLINDRICAL_SURFACE('',#639,78.5);
#639 = AXIS2_PLACEMENT_3D('',#640,#641,#642);
#640 = CARTESIAN_POINT('',(0.,0.,190.));
#641 = DIRECTION('',(0.,-1.,0.));
#642 = DIRECTION('',(1.,0.,0.));
#643 = DEFINITIONAL_REPRESENTATION('',(#644),#648);
#644 = LINE('',#645,#646);
#645 = CARTESIAN_POINT('',(7.651973593106,20.));
#646 = VECTOR('',#647,1.);
#647 = DIRECTION('',(-1.,-0.));
#648 = ( GEOMETRIC_REPRESENTATION_CONTEXT(2) 
PARAMETRIC_REPRESENTATION_CONTEXT() REPRESENTATION_CONTEXT('2D SPACE',''
  ) );
#649 = ADVANCED_FACE('',(#650),#72,.F.);
#650 = FACE_BOUND('',#651,.F.);
#651 = EDGE_LOOP('',(#652,#653,#654,#677));
#652 = ORIENTED_EDGE('',*,*,#56,.F.);
#653 = ORIENTED_EDGE('',*,*,#206,.T.);
#654 = ORIENTED_EDGE('',*,*,#655,.T.);
#655 = EDGE_CURVE('',#177,#656,#658,.T.);
#656 = VERTEX_POINT('',#657);
#657 = CARTESIAN_POINT('',(15.75,20.,256.));
#658 = SURFACE_CURVE('',#659,(#663,#670),.PCURVE_S1.);
#659 = LINE('',#660,#661);
#660 = CARTESIAN_POINT('',(15.75,-20.,256.));
#661 = VECTOR('',#662,1.);
#662 = DIRECTION('',(0.,1.,0.));
#663 = PCURVE('',#72,#664);
#664 = DEFINITIONAL_REPRESENTATION('',(#665),#669);
#665 = LINE('',#666,#667);
#666 = CARTESIAN_POINT('',(14.,0.));
#667 = VECTOR('',#668,1.);
#668 = DIRECTION('',(0.,1.));
#669 = ( GEOMETRIC_REPRESENTATION_CONTEXT(2) 
PARAMETRIC_REPRESENTATION_CONTEXT() REPRESENTATION_CONTEXT('2D SPACE',''
  ) );
#670 = PCURVE('',#194,#671);
#671 = DEFINITIONAL_REPRESENTATION('',(#672),#676);
#672 = LINE('',#673,#674);
#673 = CARTESIAN_POINT('',(0.,0.));
#674 = VECTOR('',#675,1.);
#675 = DIRECTION('',(0.,-1.));
#676 = ( GEOMETRIC_REPRESENTATION_CONTEXT(2) 
PARAMETRIC_REPRESENTATION_CONTEXT() REPRESENTATION_CONTEXT('2D SPACE',''
  ) );
#677 = ORIENTED_EDGE('',*,*,#678,.F.);
#678 = EDGE_CURVE('',#57,#656,#679,.T.);
#679 = SURFACE_CURVE('',#680,(#684,#691),.PCURVE_S1.);
#680 = LINE('',#681,#682);
#681 = CARTESIAN_POINT('',(1.75,20.,256.));
#682 = VECTOR('',#683,1.);
#683 = DIRECTION('',(1.,0.,0.));
#684 = PCURVE('',#72,#685);
#685 = DEFINITIONAL_REPRESENTATION('',(#686),#690);
#686 = LINE('',#687,#688);
#687 = CARTESIAN_POINT('',(0.,40.));
#688 = VECTOR('',#689,1.);
#689 = DIRECTION('',(1.,0.));
#690 = ( GEOMETRIC_REPRESENTATION_CONTEXT(2) 
PARAMETRIC_REPRESENTATION_CONTEXT() REPRESENTATION_CONTEXT('2D SPACE',''
  ) );
#691 = PCURVE('',#100,#692);
#692 = DEFINITIONAL_REPRESENTATION('',(#693),#697);
#693 = LINE('',#694,#695);
#694 = CARTESIAN_POINT('',(0.,0.));
#695 = VECTOR('',#696,1.);
#696 = DIRECTION('',(0.,1.));
#697 = ( GEOMETRIC_REPRESENTATION_CONTEXT(2) 
PARAMETRIC_REPRESENTATION_CONTEXT() REPRESENTATION_CONTEXT('2D SPACE',''
  ) );
#698 = ADVANCED_FACE('',(#699),#126,.T.);
#699 = FACE_BOUND('',#700,.T.);
#700 = EDGE_LOOP('',(#701,#702,#703,#726));
#701 = ORIENTED_EDGE('',*,*,#112,.F.);
#702 = ORIENTED_EDGE('',*,*,#228,.T.);
#703 = ORIENTED_EDGE('',*,*,#704,.T.);
#704 = EDGE_CURVE('',#229,#705,#707,.T.);
#705 = VERTEX_POINT('',#706);
#706 = CARTESIAN_POINT('',(15.75,20.,288.5));
#707 = SURFACE_CURVE('',#708,(#712,#719),.PCURVE_S1.);
#708 = LINE('',#709,#710);
#709 = CARTESIAN_POINT('',(15.75,-20.,288.5));
#710 = VECTOR('',#711,1.);
#711 = DIRECTION('',(0.,1.,0.));
#712 = PCURVE('',#126,#713);
#713 = DEFINITIONAL_REPRESENTATION('',(#714),#718);
#714 = LINE('',#715,#716);
#715 = CARTESIAN_POINT('',(14.,0.));
#716 = VECTOR('',#717,1.);
#717 = DIRECTION('',(0.,1.));
#718 = ( GEOMETRIC_REPRESENTATION_CONTEXT(2) 
PARAMETRIC_REPRESENTATION_CONTEXT() REPRESENTATION_CONTEXT('2D SPACE',''
  ) );
#719 = PCURVE('',#267,#720);
#720 = DEFINITIONAL_REPRESENTATION('',(#721),#725);
#721 = LINE('',#722,#723);
#722 = CARTESIAN_POINT('',(32.5,0.));
#723 = VECTOR('',#724,1.);
#724 = DIRECTION('',(0.,-1.));
#725 = ( GEOMETRIC_REPRESENTATION_CONTEXT(2) 
PARAMETRIC_REPRESENTATION_CONTEXT() REPRESENTATION_CONTEXT('2D SPACE',''
  ) );
#726 = ORIENTED_EDGE('',*,*,#727,.F.);
#727 = EDGE_CURVE('',#85,#705,#728,.T.);
#728 = SURFACE_CURVE('',#729,(#733,#740),.PCURVE_S1.);
#729 = LINE('',#730,#731);
#730 = CARTESIAN_POINT('',(1.75,20.,288.5));
#731 = VECTOR('',#732,1.);
#732 = DIRECTION('',(1.,0.,0.));
#733 = PCURVE('',#126,#734);
#734 = DEFINITIONAL_REPRESENTATION('',(#735),#739);
#735 = LINE('',#736,#737);
#736 = CARTESIAN_POINT('',(0.,40.));
#737 = VECTOR('',#738,1.);
#738 = DIRECTION('',(1.,0.));
#739 = ( GEOMETRIC_REPRESENTATION_CONTEXT(2) 
PARAMETRIC_REPRESENTATION_CONTEXT() REPRESENTATION_CONTEXT('2D SPACE',''
  ) );
#740 = PCURVE('',#100,#741);
#741 = DEFINITIONAL_REPRESENTATION('',(#742),#746);
#742 = LINE('',#743,#744);
#743 = CARTESIAN_POINT('',(32.5,0.));
#744 = VECTOR('',#745,1.);
#745 = DIRECTION('',(0.,1.));
#746 = ( GEOMETRIC_REPRESENTATION_CONTEXT(2) 
PARAMETRIC_REPRESENTATION_CONTEXT() REPRESENTATION_CONTEXT('2D SPACE',''
  ) );
#747 = ADVANCED_FACE('',(#748),#100,.T.);
#748 = FACE_BOUND('',#749,.T.);
#749 = EDGE_LOOP('',(#750,#773,#774,#775,#776,#799,#827,#855,#878,#906,
    #929,#953,#981,#1004,#1027,#1050,#1073,#1096));
#750 = ORIENTED_EDGE('',*,*,#751,.F.);
#751 = EDGE_CURVE('',#656,#752,#754,.T.);
#752 = VERTEX_POINT('',#753);
#753 = CARTESIAN_POINT('',(15.75,20.,266.90375478479));
#754 = SURFACE_CURVE('',#755,(#759,#766),.PCURVE_S1.);
#755 = LINE('',#756,#757);
#756 = CARTESIAN_POINT('',(15.75,20.,256.));
#757 = VECTOR('',#758,1.);
#758 = DIRECTION('',(0.,0.,1.));
#759 = PCURVE('',#100,#760);
#760 = DEFINITIONAL_REPRESENTATION('',(#761),#765);
#761 = LINE('',#762,#763);
#762 = CARTESIAN_POINT('',(0.,14.));
#763 = VECTOR('',#764,1.);
#764 = DIRECTION('',(1.,0.));
#765 = ( GEOMETRIC_REPRESENTATION_CONTEXT(2) 
PARAMETRIC_REPRESENTATION_CONTEXT() REPRESENTATION_CONTEXT('2D SPACE',''
  ) );
#766 = PCURVE('',#194,#767);
#767 = DEFINITIONAL_REPRESENTATION('',(#768),#772);
#768 = LINE('',#769,#770);
#769 = CARTESIAN_POINT('',(0.,-40.));
#770 = VECTOR('',#771,1.);
#771 = DIRECTION('',(1.,0.));
#772 = ( GEOMETRIC_REPRESENTATION_CONTEXT(2) 
PARAMETRIC_REPRESENTATION_CONTEXT() REPRESENTATION_CONTEXT('2D SPACE',''
  ) );
#773 = ORIENTED_EDGE('',*,*,#678,.F.);
#774 = ORIENTED_EDGE('',*,*,#84,.F.);
#775 = ORIENTED_EDGE('',*,*,#727,.T.);
#776 = ORIENTED_EDGE('',*,*,#777,.F.);
#777 = EDGE_CURVE('',#778,#705,#780,.T.);
#778 = VERTEX_POINT('',#779);
#779 = CARTESIAN_POINT('',(15.75,20.,275.05402694758));
#780 = SURFACE_CURVE('',#781,(#785,#792),.PCURVE_S1.);
#781 = LINE('',#782,#783);
#782 = CARTESIAN_POINT('',(15.75,20.,256.));
#783 = VECTOR('',#784,1.);
#784 = DIRECTION('',(0.,0.,1.));
#785 = PCURVE('',#100,#786);
#786 = DEFINITIONAL_REPRESENTATION('',(#787),#791);
#787 = LINE('',#788,#789);
#788 = CARTESIAN_POINT('',(0.,14.));
#789 = VECTOR('',#790,1.);
#790 = DIRECTION('',(1.,0.));
#791 = ( GEOMETRIC_REPRESENTATION_CONTEXT(2) 
PARAMETRIC_REPRESENTATION_CONTEXT() REPRESENTATION_CONTEXT('2D SPACE',''
  ) );
#792 = PCURVE('',#267,#793);
#793 = DEFINITIONAL_REPRESENTATION('',(#794),#798);
#794 = LINE('',#795,#796);
#795 = CARTESIAN_POINT('',(0.,-40.));
#796 = VECTOR('',#797,1.);
#797 = DIRECTION('',(1.,0.));
#798 = ( GEOMETRIC_REPRESENTATION_CONTEXT(2) 
PARAMETRIC_REPRESENTATION_CONTEXT() REPRESENTATION_CONTEXT('2D SPACE',''
  ) );
#799 = ORIENTED_EDGE('',*,*,#800,.F.);
#800 = EDGE_CURVE('',#801,#778,#803,.T.);
#801 = VERTEX_POINT('',#802);
#802 = CARTESIAN_POINT('',(31.373056994819,20.,109.38994296739));
#803 = SURFACE_CURVE('',#804,(#809,#820),.PCURVE_S1.);
#804 = CIRCLE('',#805,86.5);
#805 = AXIS2_PLACEMENT_3D('',#806,#807,#808);
#806 = CARTESIAN_POINT('',(0.,20.,190.));
#807 = DIRECTION('',(0.,-1.,0.));
#808 = DIRECTION('',(0.28901734104,0.,-0.957323861908));
#809 = PCURVE('',#100,#810);
#810 = DEFINITIONAL_REPRESENTATION('',(#811),#819);
#811 = ( BOUNDED_CURVE() B_SPLINE_CURVE(2,(#812,#813,#814,#815,#816,#817
,#818),.UNSPECIFIED.,.T.,.F.) B_SPLINE_CURVE_WITH_KNOTS((1,2,2,2,2,1),(
    -2.094395102393,0.,2.094395102393,4.188790204786,6.28318530718,
8.377580409573),.UNSPECIFIED.) CURVE() GEOMETRIC_REPRESENTATION_ITEM() 
RATIONAL_B_SPLINE_CURVE((1.,0.5,1.,0.5,1.,0.5,1.)) REPRESENTATION_ITEM(
  '') );
#812 = CARTESIAN_POINT('',(-148.808514055,23.250000000002));
#813 = CARTESIAN_POINT('',(-105.5072438657,166.67855364257));
#814 = CARTESIAN_POINT('',(-2.945107877879,57.464276821284));
#815 = CARTESIAN_POINT('',(99.617028110033,-51.75));
#816 = CARTESIAN_POINT('',(-46.2463780671,-85.96427682128));
#817 = CARTESIAN_POINT('',(-192.1097842442,-120.1785536425));
#818 = CARTESIAN_POINT('',(-148.808514055,23.250000000002));
#819 = ( GEOMETRIC_REPRESENTATION_CONTEXT(2) 
PARAMETRIC_REPRESENTATION_CONTEXT() REPRESENTATION_CONTEXT('2D SPACE',''
  ) );
#820 = PCURVE('',#296,#821);
#821 = DEFINITIONAL_REPRESENTATION('',(#822),#826);
#822 = LINE('',#823,#824);
#823 = CARTESIAN_POINT('',(5.005589194358,-20.));
#824 = VECTOR('',#825,1.);
#825 = DIRECTION('',(1.,0.));
#826 = ( GEOMETRIC_REPRESENTATION_CONTEXT(2) 
PARAMETRIC_REPRESENTATION_CONTEXT() REPRESENTATION_CONTEXT('2D SPACE',''
  ) );
#827 = ORIENTED_EDGE('',*,*,#828,.T.);
#828 = EDGE_CURVE('',#801,#829,#831,.T.);
#829 = VERTEX_POINT('',#830);
#830 = CARTESIAN_POINT('',(25.,20.,100.07086122952));
#831 = SURFACE_CURVE('',#832,(#837,#848),.PCURVE_S1.);
#832 = CIRCLE('',#833,10.);
#833 = AXIS2_PLACEMENT_3D('',#834,#835,#836);
#834 = CARTESIAN_POINT('',(35.,20.,100.07086122952));
#835 = DIRECTION('',(0.,-1.,0.));
#836 = DIRECTION('',(0.,-0.,-1.));
#837 = PCURVE('',#100,#838);
#838 = DEFINITIONAL_REPRESENTATION('',(#839),#847);
#839 = ( BOUNDED_CURVE() B_SPLINE_CURVE(2,(#840,#841,#842,#843,#844,#845
,#846),.UNSPECIFIED.,.T.,.F.) B_SPLINE_CURVE_WITH_KNOTS((1,2,2,2,2,1),(
    -2.094395102393,0.,2.094395102393,4.188790204786,6.28318530718,
8.377580409573),.UNSPECIFIED.) CURVE() GEOMETRIC_REPRESENTATION_ITEM() 
RATIONAL_B_SPLINE_CURVE((1.,0.5,1.,0.5,1.,0.5,1.)) REPRESENTATION_ITEM(
  '') );
#840 = CARTESIAN_POINT('',(-165.9291387704,33.25));
#841 = CARTESIAN_POINT('',(-165.9291387704,50.570508075689));
#842 = CARTESIAN_POINT('',(-150.9291387704,41.910254037844));
#843 = CARTESIAN_POINT('',(-135.9291387704,33.25));
#844 = CARTESIAN_POINT('',(-150.9291387704,24.589745962156));
#845 = CARTESIAN_POINT('',(-165.9291387704,15.929491924311));
#846 = CARTESIAN_POINT('',(-165.9291387704,33.25));
#847 = ( GEOMETRIC_REPRESENTATION_CONTEXT(2) 
PARAMETRIC_REPRESENTATION_CONTEXT() REPRESENTATION_CONTEXT('2D SPACE',''
  ) );
#848 = PCURVE('',#329,#849);
#849 = DEFINITIONAL_REPRESENTATION('',(#850),#854);
#850 = LINE('',#851,#852);
#851 = CARTESIAN_POINT('',(-3.512750091501,0.));
#852 = VECTOR('',#853,1.);
#853 = DIRECTION('',(1.,0.));
#854 = ( GEOMETRIC_REPRESENTATION_CONTEXT(2) 
PARAMETRIC_REPRESENTATION_CONTEXT() REPRESENTATION_CONTEXT('2D SPACE',''
  ) );
#855 = ORIENTED_EDGE('',*,*,#856,.F.);
#856 = EDGE_CURVE('',#857,#829,#859,.T.);
#857 = VERTEX_POINT('',#858);
#858 = CARTESIAN_POINT('',(25.,20.,18.));
#859 = SURFACE_CURVE('',#860,(#864,#871),.PCURVE_S1.);
#860 = LINE('',#861,#862);
#861 = CARTESIAN_POINT('',(25.,20.,10.));
#862 = VECTOR('',#863,1.);
#863 = DIRECTION('',(0.,0.,1.));
#864 = PCURVE('',#100,#865);
#865 = DEFINITIONAL_REPRESENTATION('',(#866),#870);
#866 = LINE('',#867,#868);
#867 = CARTESIAN_POINT('',(-246.,23.25));
#868 = VECTOR('',#869,1.);
#869 = DIRECTION('',(1.,0.));
#870 = ( GEOMETRIC_REPRESENTATION_CONTEXT(2) 
PARAMETRIC_REPRESENTATION_CONTEXT() REPRESENTATION_CONTEXT('2D SPACE',''
  ) );
#871 = PCURVE('',#357,#872);
#872 = DEFINITIONAL_REPRESENTATION('',(#873),#877);
#873 = LINE('',#874,#875);
#874 = CARTESIAN_POINT('',(40.,0.));
#875 = VECTOR('',#876,1.);
#876 = DIRECTION('',(0.,-1.));
#877 = ( GEOMETRIC_REPRESENTATION_CONTEXT(2) 
PARAMETRIC_REPRESENTATION_CONTEXT() REPRESENTATION_CONTEXT('2D SPACE',''
  ) );
#878 = ORIENTED_EDGE('',*,*,#879,.F.);
#879 = EDGE_CURVE('',#880,#857,#882,.T.);
#880 = VERTEX_POINT('',#881);
#881 = CARTESIAN_POINT('',(-25.,20.,18.));
#882 = SURFACE_CURVE('',#883,(#887,#894),.PCURVE_S1.);
#883 = LINE('',#884,#885);
#884 = CARTESIAN_POINT('',(-25.,20.,18.));
#885 = VECTOR('',#886,1.);
#886 = DIRECTION('',(1.,0.,0.));
#887 = PCURVE('',#100,#888);
#888 = DEFINITIONAL_REPRESENTATION('',(#889),#893);
#889 = LINE('',#890,#891);
#890 = CARTESIAN_POINT('',(-238.,-26.75));
#891 = VECTOR('',#892,1.);
#892 = DIRECTION('',(0.,1.));
#893 = ( GEOMETRIC_REPRESENTATION_CONTEXT(2) 
PARAMETRIC_REPRESENTATION_CONTEXT() REPRESENTATION_CONTEXT('2D SPACE',''
  ) );
#894 = PCURVE('',#895,#900);
#895 = CYLINDRICAL_SURFACE('',#896,8.);
#896 = AXIS2_PLACEMENT_3D('',#897,#898,#899);
#897 = CARTESIAN_POINT('',(-25.,28.,18.));
#898 = DIRECTION('',(1.,0.,0.));
#899 = DIRECTION('',(0.,-1.,0.));
#900 = DEFINITIONAL_REPRESENTATION('',(#901),#905);
#901 = LINE('',#902,#903);
#902 = CARTESIAN_POINT('',(0.,0.));
#903 = VECTOR('',#904,1.);
#904 = DIRECTION('',(0.,1.));
#905 = ( GEOMETRIC_REPRESENTATION_CONTEXT(2) 
PARAMETRIC_REPRESENTATION_CONTEXT() REPRESENTATION_CONTEXT('2D SPACE',''
  ) );
#906 = ORIENTED_EDGE('',*,*,#907,.T.);
#907 = EDGE_CURVE('',#880,#908,#910,.T.);
#908 = VERTEX_POINT('',#909);
#909 = CARTESIAN_POINT('',(-25.,20.,100.07086122952));
#910 = SURFACE_CURVE('',#911,(#915,#922),.PCURVE_S1.);
#911 = LINE('',#912,#913);
#912 = CARTESIAN_POINT('',(-25.,20.,10.));
#913 = VECTOR('',#914,1.);
#914 = DIRECTION('',(0.,0.,1.));
#915 = PCURVE('',#100,#916);
#916 = DEFINITIONAL_REPRESENTATION('',(#917),#921);
#917 = LINE('',#918,#919);
#918 = CARTESIAN_POINT('',(-246.,-26.75));
#919 = VECTOR('',#920,1.);
#920 = DIRECTION('',(1.,0.));
#921 = ( GEOMETRIC_REPRESENTATION_CONTEXT(2) 
PARAMETRIC_REPRESENTATION_CONTEXT() REPRESENTATION_CONTEXT('2D SPACE',''
  ) );
#922 = PCURVE('',#413,#923);
#923 = DEFINITIONAL_REPRESENTATION('',(#924),#928);
#924 = LINE('',#925,#926);
#925 = CARTESIAN_POINT('',(40.,0.));
#926 = VECTOR('',#927,1.);
#927 = DIRECTION('',(0.,-1.));
#928 = ( GEOMETRIC_REPRESENTATION_CONTEXT(2) 
PARAMETRIC_REPRESENTATION_CONTEXT() REPRESENTATION_CONTEXT('2D SPACE',''
  ) );
#929 = ORIENTED_EDGE('',*,*,#930,.F.);
#930 = EDGE_CURVE('',#931,#908,#933,.T.);
#931 = VERTEX_POINT('',#932);
#932 = CARTESIAN_POINT('',(-31.37305699481,20.,109.38994296739));
#933 = SURFACE_CURVE('',#934,(#939,#946),.PCURVE_S1.);
#934 = CIRCLE('',#935,10.);
#935 = AXIS2_PLACEMENT_3D('',#936,#937,#938);
#936 = CARTESIAN_POINT('',(-35.,20.,100.07086122952));
#937 = DIRECTION('',(-0.,1.,0.));
#938 = DIRECTION('',(0.,0.,-1.));
#939 = PCURVE('',#100,#940);
#940 = DEFINITIONAL_REPRESENTATION('',(#941),#945);
#941 = CIRCLE('',#942,10.);
#942 = AXIS2_PLACEMENT_2D('',#943,#944);
#943 = CARTESIAN_POINT('',(-155.9291387704,-36.75));
#944 = DIRECTION('',(-1.,0.));
#945 = ( GEOMETRIC_REPRESENTATION_CONTEXT(2) 
PARAMETRIC_REPRESENTATION_CONTEXT() REPRESENTATION_CONTEXT('2D SPACE',''
  ) );
#946 = PCURVE('',#442,#947);
#947 = DEFINITIONAL_REPRESENTATION('',(#948),#952);
#948 = LINE('',#949,#950);
#949 = CARTESIAN_POINT('',(3.512750091501,-0.));
#950 = VECTOR('',#951,1.);
#951 = DIRECTION('',(-1.,0.));
#952 = ( GEOMETRIC_REPRESENTATION_CONTEXT(2) 
PARAMETRIC_REPRESENTATION_CONTEXT() REPRESENTATION_CONTEXT('2D SPACE',''
  ) );
#953 = ORIENTED_EDGE('',*,*,#954,.F.);
#954 = EDGE_CURVE('',#955,#931,#957,.T.);
#955 = VERTEX_POINT('',#956);
#956 = CARTESIAN_POINT('',(-15.75,20.,275.05402694758));
#957 = SURFACE_CURVE('',#958,(#963,#974),.PCURVE_S1.);
#958 = CIRCLE('',#959,86.5);
#959 = AXIS2_PLACEMENT_3D('',#960,#961,#962);
#960 = CARTESIAN_POINT('',(0.,20.,190.));
#961 = DIRECTION('',(0.,-1.,0.));
#962 = DIRECTION('',(0.28901734104,0.,-0.957323861908));
#963 = PCURVE('',#100,#964);
#964 = DEFINITIONAL_REPRESENTATION('',(#965),#973);
#965 = ( BOUNDED_CURVE() B_SPLINE_CURVE(2,(#966,#967,#968,#969,#970,#971
,#972),.UNSPECIFIED.,.T.,.F.) B_SPLINE_CURVE_WITH_KNOTS((1,2,2,2,2,1),(
    -2.094395102393,0.,2.094395102393,4.188790204786,6.28318530718,
8.377580409573),.UNSPECIFIED.) CURVE() GEOMETRIC_REPRESENTATION_ITEM() 
RATIONAL_B_SPLINE_CURVE((1.,0.5,1.,0.5,1.,0.5,1.)) REPRESENTATION_ITEM(
  '') );
#966 = CARTESIAN_POINT('',(-148.808514055,23.250000000002));
#967 = CARTESIAN_POINT('',(-105.5072438657,166.67855364257));
#968 = CARTESIAN_POINT('',(-2.945107877879,57.464276821284));
#969 = CARTESIAN_POINT('',(99.617028110033,-51.75));
#970 = CARTESIAN_POINT('',(-46.2463780671,-85.96427682128));
#971 = CARTESIAN_POINT('',(-192.1097842442,-120.1785536425));
#972 = CARTESIAN_POINT('',(-148.808514055,23.250000000002));
#973 = ( GEOMETRIC_REPRESENTATION_CONTEXT(2) 
PARAMETRIC_REPRESENTATION_CONTEXT() REPRESENTATION_CONTEXT('2D SPACE',''
  ) );
#974 = PCURVE('',#471,#975);
#975 = DEFINITIONAL_REPRESENTATION('',(#976),#980);
#976 = LINE('',#977,#978);
#977 = CARTESIAN_POINT('',(5.005589194358,-20.));
#978 = VECTOR('',#979,1.);
#979 = DIRECTION('',(1.,0.));
#980 = ( GEOMETRIC_REPRESENTATION_CONTEXT(2) 
PARAMETRIC_REPRESENTATION_CONTEXT() REPRESENTATION_CONTEXT('2D SPACE',''
  ) );
#981 = ORIENTED_EDGE('',*,*,#982,.T.);
#982 = EDGE_CURVE('',#955,#983,#985,.T.);
#983 = VERTEX_POINT('',#984);
#984 = CARTESIAN_POINT('',(-15.75,20.,288.5));
#985 = SURFACE_CURVE('',#986,(#990,#997),.PCURVE_S1.);
#986 = LINE('',#987,#988);
#987 = CARTESIAN_POINT('',(-15.75,20.,256.));
#988 = VECTOR('',#989,1.);
#989 = DIRECTION('',(0.,0.,1.));
#990 = PCURVE('',#100,#991);
#991 = DEFINITIONAL_REPRESENTATION('',(#992),#996);
#992 = LINE('',#993,#994);
#993 = CARTESIAN_POINT('',(0.,-17.5));
#994 = VECTOR('',#995,1.);
#995 = DIRECTION('',(1.,0.));
#996 = ( GEOMETRIC_REPRESENTATION_CONTEXT(2) 
PARAMETRIC_REPRESENTATION_CONTEXT() REPRESENTATION_CONTEXT('2D SPACE',''
  ) );
#997 = PCURVE('',#499,#998);
#998 = DEFINITIONAL_REPRESENTATION('',(#999),#1003);
#999 = LINE('',#1000,#1001);
#1000 = CARTESIAN_POINT('',(0.,-40.));
#1001 = VECTOR('',#1002,1.);
#1002 = DIRECTION('',(1.,0.));
#1003 = ( GEOMETRIC_REPRESENTATION_CONTEXT(2) 
PARAMETRIC_REPRESENTATION_CONTEXT() REPRESENTATION_CONTEXT('2D SPACE',''
  ) );
#1004 = ORIENTED_EDGE('',*,*,#1005,.T.);
#1005 = EDGE_CURVE('',#983,#1006,#1008,.T.);
#1006 = VERTEX_POINT('',#1007);
#1007 = CARTESIAN_POINT('',(-1.75,20.,288.5));
#1008 = SURFACE_CURVE('',#1009,(#1013,#1020),.PCURVE_S1.);
#1009 = LINE('',#1010,#1011);
#1010 = CARTESIAN_POINT('',(-15.75,20.,288.5));
#1011 = VECTOR('',#1012,1.);
#1012 = DIRECTION('',(1.,0.,0.));
#1013 = PCURVE('',#100,#1014);
#1014 = DEFINITIONAL_REPRESENTATION('',(#1015),#1019);
#1015 = LINE('',#1016,#1017);
#1016 = CARTESIAN_POINT('',(32.5,-17.5));
#1017 = VECTOR('',#1018,1.);
#1018 = DIRECTION('',(0.,1.));
#1019 = ( GEOMETRIC_REPRESENTATION_CONTEXT(2) 
PARAMETRIC_REPRESENTATION_CONTEXT() REPRESENTATION_CONTEXT('2D SPACE',''
  ) );
#1020 = PCURVE('',#527,#1021);
#1021 = DEFINITIONAL_REPRESENTATION('',(#1022),#1026);
#1022 = LINE('',#1023,#1024);
#1023 = CARTESIAN_POINT('',(0.,40.));
#1024 = VECTOR('',#1025,1.);
#1025 = DIRECTION('',(1.,0.));
#1026 = ( GEOMETRIC_REPRESENTATION_CONTEXT(2) 
PARAMETRIC_REPRESENTATION_CONTEXT() REPRESENTATION_CONTEXT('2D SPACE',''
  ) );
#1027 = ORIENTED_EDGE('',*,*,#1028,.T.);
#1028 = EDGE_CURVE('',#1006,#1029,#1031,.T.);
#1029 = VERTEX_POINT('',#1030);
#1030 = CARTESIAN_POINT('',(-1.75,20.,256.));
#1031 = SURFACE_CURVE('',#1032,(#1036,#1043),.PCURVE_S1.);
#1032 = LINE('',#1033,#1034);
#1033 = CARTESIAN_POINT('',(-1.75,20.,288.5));
#1034 = VECTOR('',#1035,1.);
#1035 = DIRECTION('',(0.,0.,-1.));
#1036 = PCURVE('',#100,#1037);
#1037 = DEFINITIONAL_REPRESENTATION('',(#1038),#1042);
#1038 = LINE('',#1039,#1040);
#1039 = CARTESIAN_POINT('',(32.5,-3.5));
#1040 = VECTOR('',#1041,1.);
#1041 = DIRECTION('',(-1.,0.));
#1042 = ( GEOMETRIC_REPRESENTATION_CONTEXT(2) 
PARAMETRIC_REPRESENTATION_CONTEXT() REPRESENTATION_CONTEXT('2D SPACE',''
  ) );
#1043 = PCURVE('',#555,#1044);
#1044 = DEFINITIONAL_REPRESENTATION('',(#1045),#1049);
#1045 = LINE('',#1046,#1047);
#1046 = CARTESIAN_POINT('',(32.5,-40.));
#1047 = VECTOR('',#1048,1.);
#1048 = DIRECTION('',(-1.,0.));
#1049 = ( GEOMETRIC_REPRESENTATION_CONTEXT(2) 
PARAMETRIC_REPRESENTATION_CONTEXT() REPRESENTATION_CONTEXT('2D SPACE',''
  ) );
#1050 = ORIENTED_EDGE('',*,*,#1051,.F.);
#1051 = EDGE_CURVE('',#1052,#1029,#1054,.T.);
#1052 = VERTEX_POINT('',#1053);
#1053 = CARTESIAN_POINT('',(-15.75,20.,256.));
#1054 = SURFACE_CURVE('',#1055,(#1059,#1066),.PCURVE_S1.);
#1055 = LINE('',#1056,#1057);
#1056 = CARTESIAN_POINT('',(-15.75,20.,256.));
#1057 = VECTOR('',#1058,1.);
#1058 = DIRECTION('',(1.,0.,0.));
#1059 = PCURVE('',#100,#1060);
#1060 = DEFINITIONAL_REPRESENTATION('',(#1061),#1065);
#1061 = LINE('',#1062,#1063);
#1062 = CARTESIAN_POINT('',(0.,-17.5));
#1063 = VECTOR('',#1064,1.);
#1064 = DIRECTION('',(0.,1.));
#1065 = ( GEOMETRIC_REPRESENTATION_CONTEXT(2) 
PARAMETRIC_REPRESENTATION_CONTEXT() REPRESENTATION_CONTEXT('2D SPACE',''
  ) );
#1066 = PCURVE('',#583,#1067);
#1067 = DEFINITIONAL_REPRESENTATION('',(#1068),#1072);
#1068 = LINE('',#1069,#1070);
#1069 = CARTESIAN_POINT('',(0.,40.));
#1070 = VECTOR('',#1071,1.);
#1071 = DIRECTION('',(1.,0.));
#1072 = ( GEOMETRIC_REPRESENTATION_CONTEXT(2) 
PARAMETRIC_REPRESENTATION_CONTEXT() REPRESENTATION_CONTEXT('2D SPACE',''
  ) );
#1073 = ORIENTED_EDGE('',*,*,#1074,.T.);
#1074 = EDGE_CURVE('',#1052,#1075,#1077,.T.);
#1075 = VERTEX_POINT('',#1076);
#1076 = CARTESIAN_POINT('',(-15.75,20.,266.90375478479));
#1077 = SURFACE_CURVE('',#1078,(#1082,#1089),.PCURVE_S1.);
#1078 = LINE('',#1079,#1080);
#1079 = CARTESIAN_POINT('',(-15.75,20.,256.));
#1080 = VECTOR('',#1081,1.);
#1081 = DIRECTION('',(0.,0.,1.));
#1082 = PCURVE('',#100,#1083);
#1083 = DEFINITIONAL_REPRESENTATION('',(#1084),#1088);
#1084 = LINE('',#1085,#1086);
#1085 = CARTESIAN_POINT('',(0.,-17.5));
#1086 = VECTOR('',#1087,1.);
#1087 = DIRECTION('',(1.,0.));
#1088 = ( GEOMETRIC_REPRESENTATION_CONTEXT(2) 
PARAMETRIC_REPRESENTATION_CONTEXT() REPRESENTATION_CONTEXT('2D SPACE',''
  ) );
#1089 = PCURVE('',#611,#1090);
#1090 = DEFINITIONAL_REPRESENTATION('',(#1091),#1095);
#1091 = LINE('',#1092,#1093);
#1092 = CARTESIAN_POINT('',(0.,-40.));
#1093 = VECTOR('',#1094,1.);
#1094 = DIRECTION('',(1.,0.));
#1095 = ( GEOMETRIC_REPRESENTATION_CONTEXT(2) 
PARAMETRIC_REPRESENTATION_CONTEXT() REPRESENTATION_CONTEXT('2D SPACE',''
  ) );
#1096 = ORIENTED_EDGE('',*,*,#1097,.T.);
#1097 = EDGE_CURVE('',#1075,#752,#1098,.T.);
#1098 = SURFACE_CURVE('',#1099,(#1104,#1115),.PCURVE_S1.);
#1099 = CIRCLE('',#1100,78.5);
#1100 = AXIS2_PLACEMENT_3D('',#1101,#1102,#1103);
#1101 = CARTESIAN_POINT('',(0.,20.,190.));
#1102 = DIRECTION('',(-0.,-1.,0.));
#1103 = DIRECTION('',(-0.200636942675,0.,0.979665666048));
#1104 = PCURVE('',#100,#1105);
#1105 = DEFINITIONAL_REPRESENTATION('',(#1106),#1114);
#1106 = ( BOUNDED_CURVE() B_SPLINE_CURVE(2,(#1107,#1108,#1109,#1110,
#1111,#1112,#1113),.UNSPECIFIED.,.T.,.F.) B_SPLINE_CURVE_WITH_KNOTS((1,2
    ,2,2,2,1),(-2.094395102393,0.,2.094395102393,4.188790204786,
6.28318530718,8.377580409573),.UNSPECIFIED.) CURVE() 
GEOMETRIC_REPRESENTATION_ITEM() RATIONAL_B_SPLINE_CURVE((1.,0.5,1.,0.5,
1.,0.5,1.)) REPRESENTATION_ITEM('') );
#1107 = CARTESIAN_POINT('',(10.903754784796,-17.5));
#1108 = CARTESIAN_POINT('',(-16.37604543441,-150.70121058));
#1109 = CARTESIAN_POINT('',(-118.091777502,-60.47560529004));
#1110 = CARTESIAN_POINT('',(-219.8075095695,29.750000000003));
#1111 = CARTESIAN_POINT('',(-90.81197728279,72.725605290043));
#1112 = CARTESIAN_POINT('',(38.183555004007,115.70121058008));
#1113 = CARTESIAN_POINT('',(10.903754784796,-17.5));
#1114 = ( GEOMETRIC_REPRESENTATION_CONTEXT(2) 
PARAMETRIC_REPRESENTATION_CONTEXT() REPRESENTATION_CONTEXT('2D SPACE',''
  ) );
#1115 = PCURVE('',#638,#1116);
#1116 = DEFINITIONAL_REPRESENTATION('',(#1117),#1121);
#1117 = LINE('',#1118,#1119);
#1118 = CARTESIAN_POINT('',(1.772804367664,-20.));
#1119 = VECTOR('',#1120,1.);
#1120 = DIRECTION('',(1.,0.));
#1121 = ( GEOMETRIC_REPRESENTATION_CONTEXT(2) 
PARAMETRIC_REPRESENTATION_CONTEXT() REPRESENTATION_CONTEXT('2D SPACE',''
  ) );
#1122 = ADVANCED_FACE('',(#1123),#161,.F.);
#1123 = FACE_BOUND('',#1124,.T.);
#1124 = EDGE_LOOP('',(#1125,#1148,#1149,#1150));
#1125 = ORIENTED_EDGE('',*,*,#1126,.F.);
#1126 = EDGE_CURVE('',#141,#1127,#1129,.T.);
#1127 = VERTEX_POINT('',#1128);
#1128 = CARTESIAN_POINT('',(8.25,2.75,282.5));
#1129 = SEAM_CURVE('',#1130,(#1134,#1141),.PCURVE_S1.);
#1130 = LINE('',#1131,#1132);
#1131 = CARTESIAN_POINT('',(-16.75,2.75,282.5));
#1132 = VECTOR('',#1133,1.);
#1133 = DIRECTION('',(1.,0.,0.));
#1134 = PCURVE('',#161,#1135);
#1135 = DEFINITIONAL_REPRESENTATION('',(#1136),#1140);
#1136 = LINE('',#1137,#1138);
#1137 = CARTESIAN_POINT('',(-6.28318530718,0.));
#1138 = VECTOR('',#1139,1.);
#1139 = DIRECTION('',(-0.,-1.));
#1140 = ( GEOMETRIC_REPRESENTATION_CONTEXT(2) 
PARAMETRIC_REPRESENTATION_CONTEXT() REPRESENTATION_CONTEXT('2D SPACE',''
  ) );
#1141 = PCURVE('',#161,#1142);
#1142 = DEFINITIONAL_REPRESENTATION('',(#1143),#1147);
#1143 = LINE('',#1144,#1145);
#1144 = CARTESIAN_POINT('',(-0.,0.));
#1145 = VECTOR('',#1146,1.);
#1146 = DIRECTION('',(-0.,-1.));
#1147 = ( GEOMETRIC_REPRESENTATION_CONTEXT(2) 
PARAMETRIC_REPRESENTATION_CONTEXT() REPRESENTATION_CONTEXT('2D SPACE',''
  ) );
#1148 = ORIENTED_EDGE('',*,*,#140,.T.);
#1149 = ORIENTED_EDGE('',*,*,#1126,.T.);
#1150 = ORIENTED_EDGE('',*,*,#1151,.F.);
#1151 = EDGE_CURVE('',#1127,#1127,#1152,.T.);
#1152 = SURFACE_CURVE('',#1153,(#1158,#1165),.PCURVE_S1.);
#1153 = CIRCLE('',#1154,2.75);
#1154 = AXIS2_PLACEMENT_3D('',#1155,#1156,#1157);
#1155 = CARTESIAN_POINT('',(8.25,0.,282.5));
#1156 = DIRECTION('',(-1.,0.,0.));
#1157 = DIRECTION('',(0.,1.,0.));
#1158 = PCURVE('',#161,#1159);
#1159 = DEFINITIONAL_REPRESENTATION('',(#1160),#1164);
#1160 = LINE('',#1161,#1162);
#1161 = CARTESIAN_POINT('',(-6.28318530718,-25.));
#1162 = VECTOR('',#1163,1.);
#1163 = DIRECTION('',(1.,-0.));
#1164 = ( GEOMETRIC_REPRESENTATION_CONTEXT(2) 
PARAMETRIC_REPRESENTATION_CONTEXT() REPRESENTATION_CONTEXT('2D SPACE',''
  ) );
#1165 = PCURVE('',#1166,#1171);
#1166 = PLANE('',#1167);
#1167 = AXIS2_PLACEMENT_3D('',#1168,#1169,#1170);
#1168 = CARTESIAN_POINT('',(8.25,2.471277347963E-16,282.5));
#1169 = DIRECTION('',(1.,0.,0.));
#1170 = DIRECTION('',(0.,1.,0.));
#1171 = DEFINITIONAL_REPRESENTATION('',(#1172),#1180);
#1172 = ( BOUNDED_CURVE() B_SPLINE_CURVE(2,(#1173,#1174,#1175,#1176,
#1177,#1178,#1179),.UNSPECIFIED.,.T.,.F.) B_SPLINE_CURVE_WITH_KNOTS((1,2
    ,2,2,2,1),(-2.094395102393,0.,2.094395102393,4.188790204786,
6.28318530718,8.377580409573),.UNSPECIFIED.) CURVE() 
GEOMETRIC_REPRESENTATION_ITEM() RATIONAL_B_SPLINE_CURVE((1.,0.5,1.,0.5,
1.,0.5,1.)) REPRESENTATION_ITEM('') );
#1173 = CARTESIAN_POINT('',(2.75,0.));
#1174 = CARTESIAN_POINT('',(2.75,-4.763139720814));
#1175 = CARTESIAN_POINT('',(-1.375,-2.381569860407));
#1176 = CARTESIAN_POINT('',(-5.5,-6.73555739531E-16));
#1177 = CARTESIAN_POINT('',(-1.375,2.381569860407));
#1178 = CARTESIAN_POINT('',(2.75,4.763139720814));
#1179 = CARTESIAN_POINT('',(2.75,0.));
#1180 = ( GEOMETRIC_REPRESENTATION_CONTEXT(2) 
PARAMETRIC_REPRESENTATION_CONTEXT() REPRESENTATION_CONTEXT('2D SPACE',''
  ) );
#1181 = ADVANCED_FACE('',(#1182),#194,.T.);
#1182 = FACE_BOUND('',#1183,.T.);
#1183 = EDGE_LOOP('',(#1184,#1185,#1186,#1187));
#1184 = ORIENTED_EDGE('',*,*,#176,.F.);
#1185 = ORIENTED_EDGE('',*,*,#655,.T.);
#1186 = ORIENTED_EDGE('',*,*,#751,.T.);
#1187 = ORIENTED_EDGE('',*,*,#1188,.T.);
#1188 = EDGE_CURVE('',#752,#179,#1189,.T.);
#1189 = SURFACE_CURVE('',#1190,(#1194,#1200),.PCURVE_S1.);
#1190 = LINE('',#1191,#1192);
#1191 = CARTESIAN_POINT('',(15.75,0.,266.90375478479));
#1192 = VECTOR('',#1193,1.);
#1193 = DIRECTION('',(0.,-1.,0.));
#1194 = PCURVE('',#194,#1195);
#1195 = DEFINITIONAL_REPRESENTATION('',(#1196),#1199);
#1196 = B_SPLINE_CURVE_WITH_KNOTS('',1,(#1197,#1198),.UNSPECIFIED.,.F.,
  .F.,(2,2),(-20.0000006,20.0000006),.PIECEWISE_BEZIER_KNOTS.);
#1197 = CARTESIAN_POINT('',(10.903754784796,-40.0000006));
#1198 = CARTESIAN_POINT('',(10.903754784796,5.999999999062E-07));
#1199 = ( GEOMETRIC_REPRESENTATION_CONTEXT(2) 
PARAMETRIC_REPRESENTATION_CONTEXT() REPRESENTATION_CONTEXT('2D SPACE',''
  ) );
#1200 = PCURVE('',#638,#1201);
#1201 = DEFINITIONAL_REPRESENTATION('',(#1202),#1205);
#1202 = B_SPLINE_CURVE_WITH_KNOTS('',1,(#1203,#1204),.UNSPECIFIED.,.F.,
  .F.,(2,2),(-20.,20.),.PIECEWISE_BEZIER_KNOTS.);
#1203 = CARTESIAN_POINT('',(7.651973593106,-20.));
#1204 = CARTESIAN_POINT('',(7.651973593106,20.));
#1205 = ( GEOMETRIC_REPRESENTATION_CONTEXT(2) 
PARAMETRIC_REPRESENTATION_CONTEXT() REPRESENTATION_CONTEXT('2D SPACE',''
  ) );
#1206 = ADVANCED_FACE('',(#1207,#1231),#267,.T.);
#1207 = FACE_BOUND('',#1208,.T.);
#1208 = EDGE_LOOP('',(#1209,#1210,#1229,#1230));
#1209 = ORIENTED_EDGE('',*,*,#251,.F.);
#1210 = ORIENTED_EDGE('',*,*,#1211,.F.);
#1211 = EDGE_CURVE('',#778,#252,#1212,.T.);
#1212 = SURFACE_CURVE('',#1213,(#1217,#1223),.PCURVE_S1.);
#1213 = LINE('',#1214,#1215);
#1214 = CARTESIAN_POINT('',(15.75,0.,275.05402694758));
#1215 = VECTOR('',#1216,1.);
#1216 = DIRECTION('',(0.,-1.,0.));
#1217 = PCURVE('',#267,#1218);
#1218 = DEFINITIONAL_REPRESENTATION('',(#1219),#1222);
#1219 = B_SPLINE_CURVE_WITH_KNOTS('',1,(#1220,#1221),.UNSPECIFIED.,.F.,
  .F.,(2,2),(-20.0000006,20.0000006),.PIECEWISE_BEZIER_KNOTS.);
#1220 = CARTESIAN_POINT('',(19.054026947582,-40.0000006));
#1221 = CARTESIAN_POINT('',(19.054026947582,5.999999999062E-07));
#1222 = ( GEOMETRIC_REPRESENTATION_CONTEXT(2) 
PARAMETRIC_REPRESENTATION_CONTEXT() REPRESENTATION_CONTEXT('2D SPACE',''
  ) );
#1223 = PCURVE('',#296,#1224);
#1224 = DEFINITIONAL_REPRESENTATION('',(#1225),#1228);
#1225 = B_SPLINE_CURVE_WITH_KNOTS('',1,(#1226,#1227),.UNSPECIFIED.,.F.,
  .F.,(2,2),(-20.0000006,20.0000006),.PIECEWISE_BEZIER_KNOTS.);
#1226 = CARTESIAN_POINT('',(7.670879293751,-20.0000006));
#1227 = CARTESIAN_POINT('',(7.670879293751,20.0000006));
#1228 = ( GEOMETRIC_REPRESENTATION_CONTEXT(2) 
PARAMETRIC_REPRESENTATION_CONTEXT() REPRESENTATION_CONTEXT('2D SPACE',''
  ) );
#1229 = ORIENTED_EDGE('',*,*,#777,.T.);
#1230 = ORIENTED_EDGE('',*,*,#704,.F.);
#1231 = FACE_BOUND('',#1232,.T.);
#1232 = EDGE_LOOP('',(#1233,#1261,#1287,#1313,#1339,#1365));
#1233 = ORIENTED_EDGE('',*,*,#1234,.T.);
#1234 = EDGE_CURVE('',#1235,#1237,#1239,.T.);
#1235 = VERTEX_POINT('',#1236);
#1236 = CARTESIAN_POINT('',(15.75,-2.396003617137,286.65));
#1237 = VERTEX_POINT('',#1238);
#1238 = CARTESIAN_POINT('',(15.75,2.396003617137,286.65));
#1239 = SURFACE_CURVE('',#1240,(#1244,#1250),.PCURVE_S1.);
#1240 = LINE('',#1241,#1242);
#1241 = CARTESIAN_POINT('',(15.75,-8.801998191432,286.65));
#1242 = VECTOR('',#1243,1.);
#1243 = DIRECTION('',(0.,1.,-1.853458010972E-16));
#1244 = PCURVE('',#267,#1245);
#1245 = DEFINITIONAL_REPRESENTATION('',(#1246),#1249);
#1246 = B_SPLINE_CURVE_WITH_KNOTS('',1,(#1247,#1248),.UNSPECIFIED.,.F.,
  .F.,(2,2),(6.405994574295,11.198001808568),.PIECEWISE_BEZIER_KNOTS.);
#1247 = CARTESIAN_POINT('',(30.65,-17.60399638286));
#1248 = CARTESIAN_POINT('',(30.65,-22.39600361713));
#1249 = ( GEOMETRIC_REPRESENTATION_CONTEXT(2) 
PARAMETRIC_REPRESENTATION_CONTEXT() REPRESENTATION_CONTEXT('2D SPACE',''
  ) );
#1250 = PCURVE('',#1251,#1256);
#1251 = PLANE('',#1252);
#1252 = AXIS2_PLACEMENT_3D('',#1253,#1254,#1255);
#1253 = CARTESIAN_POINT('',(8.25,2.396003617137,286.65));
#1254 = DIRECTION('',(0.,-1.853458010972E-16,-1.));
#1255 = DIRECTION('',(0.,-1.,1.853458010972E-16));
#1256 = DEFINITIONAL_REPRESENTATION('',(#1257),#1260);
#1257 = B_SPLINE_CURVE_WITH_KNOTS('',1,(#1258,#1259),.UNSPECIFIED.,.F.,
  .F.,(2,2),(6.405994574295,11.198001808568),.PIECEWISE_BEZIER_KNOTS.);
#1258 = CARTESIAN_POINT('',(4.792007234274,-7.5));
#1259 = CARTESIAN_POINT('',(0.,-7.5));
#1260 = ( GEOMETRIC_REPRESENTATION_CONTEXT(2) 
PARAMETRIC_REPRESENTATION_CONTEXT() REPRESENTATION_CONTEXT('2D SPACE',''
  ) );
#1261 = ORIENTED_EDGE('',*,*,#1262,.T.);
#1262 = EDGE_CURVE('',#1237,#1263,#1265,.T.);
#1263 = VERTEX_POINT('',#1264);
#1264 = CARTESIAN_POINT('',(15.75,4.792007234274,282.5));
#1265 = SURFACE_CURVE('',#1266,(#1270,#1276),.PCURVE_S1.);
#1266 = LINE('',#1267,#1268);
#1267 = CARTESIAN_POINT('',(15.75,7.430424630062,277.93012701892));
#1268 = VECTOR('',#1269,1.);
#1269 = DIRECTION('',(0.,0.5,-0.866025403784));
#1270 = PCURVE('',#267,#1271);
#1271 = DEFINITIONAL_REPRESENTATION('',(#1272),#1275);
#1272 = B_SPLINE_CURVE_WITH_KNOTS('',1,(#1273,#1274),.UNSPECIFIED.,.F.,
  .F.,(2,2),(-10.06884202584,-5.276834791575),.PIECEWISE_BEZIER_KNOTS.);
#1273 = CARTESIAN_POINT('',(30.65,-22.39600361713));
#1274 = CARTESIAN_POINT('',(26.5,-24.79200723427));
#1275 = ( GEOMETRIC_REPRESENTATION_CONTEXT(2) 
PARAMETRIC_REPRESENTATION_CONTEXT() REPRESENTATION_CONTEXT('2D SPACE',''
  ) );
#1276 = PCURVE('',#1277,#1282);
#1277 = PLANE('',#1278);
#1278 = AXIS2_PLACEMENT_3D('',#1279,#1280,#1281);
#1279 = CARTESIAN_POINT('',(8.25,4.792007234274,282.5));
#1280 = DIRECTION('',(0.,-0.866025403784,-0.5));
#1281 = DIRECTION('',(0.,-0.5,0.866025403784));
#1282 = DEFINITIONAL_REPRESENTATION('',(#1283),#1286);
#1283 = B_SPLINE_CURVE_WITH_KNOTS('',1,(#1284,#1285),.UNSPECIFIED.,.F.,
  .F.,(2,2),(-10.06884202584,-5.276834791575),.PIECEWISE_BEZIER_KNOTS.);
#1284 = CARTESIAN_POINT('',(4.792007234274,-7.5));
#1285 = CARTESIAN_POINT('',(0.,-7.5));
#1286 = ( GEOMETRIC_REPRESENTATION_CONTEXT(2) 
PARAMETRIC_REPRESENTATION_CONTEXT() REPRESENTATION_CONTEXT('2D SPACE',''
  ) );
#1287 = ORIENTED_EDGE('',*,*,#1288,.T.);
#1288 = EDGE_CURVE('',#1263,#1289,#1291,.T.);
#1289 = VERTEX_POINT('',#1290);
#1290 = CARTESIAN_POINT('',(15.75,2.396003617137,278.35));
#1291 = SURFACE_CURVE('',#1292,(#1296,#1302),.PCURVE_S1.);
#1292 = LINE('',#1293,#1294);
#1293 = CARTESIAN_POINT('',(15.75,-5.242413778651,265.11987298107));
#1294 = VECTOR('',#1295,1.);
#1295 = DIRECTION('',(0.,-0.5,-0.866025403784));
#1296 = PCURVE('',#267,#1297);
#1297 = DEFINITIONAL_REPRESENTATION('',(#1298),#1301);
#1298 = B_SPLINE_CURVE_WITH_KNOTS('',1,(#1299,#1300),.UNSPECIFIED.,.F.,
  .F.,(2,2),(-20.06884202584,-15.27683479157),.PIECEWISE_BEZIER_KNOTS.);
#1299 = CARTESIAN_POINT('',(26.5,-24.79200723427));
#1300 = CARTESIAN_POINT('',(22.35,-22.39600361713));
#1301 = ( GEOMETRIC_REPRESENTATION_CONTEXT(2) 
PARAMETRIC_REPRESENTATION_CONTEXT() REPRESENTATION_CONTEXT('2D SPACE',''
  ) );
#1302 = PCURVE('',#1303,#1308);
#1303 = PLANE('',#1304);
#1304 = AXIS2_PLACEMENT_3D('',#1305,#1306,#1307);
#1305 = CARTESIAN_POINT('',(8.25,2.396003617137,278.35));
#1306 = DIRECTION('',(0.,-0.866025403784,0.5));
#1307 = DIRECTION('',(0.,0.5,0.866025403784));
#1308 = DEFINITIONAL_REPRESENTATION('',(#1309),#1312);
#1309 = B_SPLINE_CURVE_WITH_KNOTS('',1,(#1310,#1311),.UNSPECIFIED.,.F.,
  .F.,(2,2),(-20.06884202584,-15.27683479157),.PIECEWISE_BEZIER_KNOTS.);
#1310 = CARTESIAN_POINT('',(4.792007234274,-7.5));
#1311 = CARTESIAN_POINT('',(0.,-7.5));
#1312 = ( GEOMETRIC_REPRESENTATION_CONTEXT(2) 
PARAMETRIC_REPRESENTATION_CONTEXT() REPRESENTATION_CONTEXT('2D SPACE',''
  ) );
#1313 = ORIENTED_EDGE('',*,*,#1314,.T.);
#1314 = EDGE_CURVE('',#1289,#1315,#1317,.T.);
#1315 = VERTEX_POINT('',#1316);
#1316 = CARTESIAN_POINT('',(15.75,-2.396003617137,278.35));
#1317 = SURFACE_CURVE('',#1318,(#1322,#1328),.PCURVE_S1.);
#1318 = LINE('',#1319,#1320);
#1319 = CARTESIAN_POINT('',(15.75,-11.19800180856,278.35));
#1320 = VECTOR('',#1321,1.);
#1321 = DIRECTION('',(0.,-1.,1.853458010972E-16));
#1322 = PCURVE('',#267,#1323);
#1323 = DEFINITIONAL_REPRESENTATION('',(#1324),#1327);
#1324 = B_SPLINE_CURVE_WITH_KNOTS('',1,(#1325,#1326),.UNSPECIFIED.,.F.,
  .F.,(2,2),(-13.5940054257,-8.801998191432),.PIECEWISE_BEZIER_KNOTS.);
#1325 = CARTESIAN_POINT('',(22.35,-22.39600361713));
#1326 = CARTESIAN_POINT('',(22.35,-17.60399638286));
#1327 = ( GEOMETRIC_REPRESENTATION_CONTEXT(2) 
PARAMETRIC_REPRESENTATION_CONTEXT() REPRESENTATION_CONTEXT('2D SPACE',''
  ) );
#1328 = PCURVE('',#1329,#1334);
#1329 = PLANE('',#1330);
#1330 = AXIS2_PLACEMENT_3D('',#1331,#1332,#1333);
#1331 = CARTESIAN_POINT('',(8.25,-2.396003617137,278.35));
#1332 = DIRECTION('',(-0.,1.853458010972E-16,1.));
#1333 = DIRECTION('',(0.,1.,-1.853458010972E-16));
#1334 = DEFINITIONAL_REPRESENTATION('',(#1335),#1338);
#1335 = B_SPLINE_CURVE_WITH_KNOTS('',1,(#1336,#1337),.UNSPECIFIED.,.F.,
  .F.,(2,2),(-13.5940054257,-8.801998191432),.PIECEWISE_BEZIER_KNOTS.);
#1336 = CARTESIAN_POINT('',(4.792007234274,-7.5));
#1337 = CARTESIAN_POINT('',(0.,-7.5));
#1338 = ( GEOMETRIC_REPRESENTATION_CONTEXT(2) 
PARAMETRIC_REPRESENTATION_CONTEXT() REPRESENTATION_CONTEXT('2D SPACE',''
  ) );
#1339 = ORIENTED_EDGE('',*,*,#1340,.T.);
#1340 = EDGE_CURVE('',#1315,#1341,#1343,.T.);
#1341 = VERTEX_POINT('',#1342);
#1342 = CARTESIAN_POINT('',(15.75,-4.792007234274,282.5));
#1343 = SURFACE_CURVE('',#1344,(#1348,#1354),.PCURVE_S1.);
#1344 = LINE('',#1345,#1346);
#1345 = CARTESIAN_POINT('',(15.75,-0.955588029918,275.85512701892));
#1346 = VECTOR('',#1347,1.);
#1347 = DIRECTION('',(0.,-0.5,0.866025403784));
#1348 = PCURVE('',#267,#1349);
#1349 = DEFINITIONAL_REPRESENTATION('',(#1350),#1353);
#1350 = B_SPLINE_CURVE_WITH_KNOTS('',1,(#1351,#1352),.UNSPECIFIED.,.F.,
  .F.,(2,2),(2.880831174438,7.672838408712),.PIECEWISE_BEZIER_KNOTS.);
#1351 = CARTESIAN_POINT('',(22.35,-17.60399638286));
#1352 = CARTESIAN_POINT('',(26.5,-15.20799276572));
#1353 = ( GEOMETRIC_REPRESENTATION_CONTEXT(2) 
PARAMETRIC_REPRESENTATION_CONTEXT() REPRESENTATION_CONTEXT('2D SPACE',''
  ) );
#1354 = PCURVE('',#1355,#1360);
#1355 = PLANE('',#1356);
#1356 = AXIS2_PLACEMENT_3D('',#1357,#1358,#1359);
#1357 = CARTESIAN_POINT('',(8.25,-4.792007234274,282.5));
#1358 = DIRECTION('',(-0.,0.866025403784,0.5));
#1359 = DIRECTION('',(0.,0.5,-0.866025403784));
#1360 = DEFINITIONAL_REPRESENTATION('',(#1361),#1364);
#1361 = B_SPLINE_CURVE_WITH_KNOTS('',1,(#1362,#1363),.UNSPECIFIED.,.F.,
  .F.,(2,2),(2.880831174438,7.672838408712),.PIECEWISE_BEZIER_KNOTS.);
#1362 = CARTESIAN_POINT('',(4.792007234274,-7.5));
#1363 = CARTESIAN_POINT('',(0.,-7.5));
#1364 = ( GEOMETRIC_REPRESENTATION_CONTEXT(2) 
PARAMETRIC_REPRESENTATION_CONTEXT() REPRESENTATION_CONTEXT('2D SPACE',''
  ) );
#1365 = ORIENTED_EDGE('',*,*,#1366,.T.);
#1366 = EDGE_CURVE('',#1341,#1235,#1367,.T.);
#1367 = SURFACE_CURVE('',#1368,(#1372,#1378),.PCURVE_S1.);
#1368 = LINE('',#1369,#1370);
#1369 = CARTESIAN_POINT('',(15.75,-11.23242282149,271.34487298107));
#1370 = VECTOR('',#1371,1.);
#1371 = DIRECTION('',(-0.,0.5,0.866025403784));
#1372 = PCURVE('',#267,#1373);
#1373 = DEFINITIONAL_REPRESENTATION('',(#1374),#1377);
#1374 = B_SPLINE_CURVE_WITH_KNOTS('',1,(#1375,#1376),.UNSPECIFIED.,.F.,
  .F.,(2,2),(12.880831174438,17.672838408712),.PIECEWISE_BEZIER_KNOTS.);
#1375 = CARTESIAN_POINT('',(26.5,-15.20799276572));
#1376 = CARTESIAN_POINT('',(30.65,-17.60399638286));
#1377 = ( GEOMETRIC_REPRESENTATION_CONTEXT(2) 
PARAMETRIC_REPRESENTATION_CONTEXT() REPRESENTATION_CONTEXT('2D SPACE',''
  ) );
#1378 = PCURVE('',#1379,#1384);
#1379 = PLANE('',#1380);
#1380 = AXIS2_PLACEMENT_3D('',#1381,#1382,#1383);
#1381 = CARTESIAN_POINT('',(8.25,-2.396003617137,286.65));
#1382 = DIRECTION('',(0.,0.866025403784,-0.5));
#1383 = DIRECTION('',(0.,-0.5,-0.866025403784));
#1384 = DEFINITIONAL_REPRESENTATION('',(#1385),#1388);
#1385 = B_SPLINE_CURVE_WITH_KNOTS('',1,(#1386,#1387),.UNSPECIFIED.,.F.,
  .F.,(2,2),(12.880831174438,17.672838408712),.PIECEWISE_BEZIER_KNOTS.);
#1386 = CARTESIAN_POINT('',(4.792007234274,-7.5));
#1387 = CARTESIAN_POINT('',(0.,-7.5));
#1388 = ( GEOMETRIC_REPRESENTATION_CONTEXT(2) 
PARAMETRIC_REPRESENTATION_CONTEXT() REPRESENTATION_CONTEXT('2D SPACE',''
  ) );
#1389 = ADVANCED_FACE('',(#1390),#296,.T.);
#1390 = FACE_BOUND('',#1391,.T.);
#1391 = EDGE_LOOP('',(#1392,#1393,#1394,#1415));
#1392 = ORIENTED_EDGE('',*,*,#1211,.T.);
#1393 = ORIENTED_EDGE('',*,*,#279,.T.);
#1394 = ORIENTED_EDGE('',*,*,#1395,.F.);
#1395 = EDGE_CURVE('',#801,#280,#1396,.T.);
#1396 = SURFACE_CURVE('',#1397,(#1401,#1408),.PCURVE_S1.);
#1397 = LINE('',#1398,#1399);
#1398 = CARTESIAN_POINT('',(31.373056994819,20.,109.38994296739));
#1399 = VECTOR('',#1400,1.);
#1400 = DIRECTION('',(0.,-1.,0.));
#1401 = PCURVE('',#296,#1402);
#1402 = DEFINITIONAL_REPRESENTATION('',(#1403),#1407);
#1403 = LINE('',#1404,#1405);
#1404 = CARTESIAN_POINT('',(5.083546418296,-20.));
#1405 = VECTOR('',#1406,1.);
#1406 = DIRECTION('',(0.,1.));
#1407 = ( GEOMETRIC_REPRESENTATION_CONTEXT(2) 
PARAMETRIC_REPRESENTATION_CONTEXT() REPRESENTATION_CONTEXT('2D SPACE',''
  ) );
#1408 = PCURVE('',#329,#1409);
#1409 = DEFINITIONAL_REPRESENTATION('',(#1410),#1414);
#1410 = LINE('',#1411,#1412);
#1411 = CARTESIAN_POINT('',(0.,0.));
#1412 = VECTOR('',#1413,1.);
#1413 = DIRECTION('',(0.,1.));
#1414 = ( GEOMETRIC_REPRESENTATION_CONTEXT(2) 
PARAMETRIC_REPRESENTATION_CONTEXT() REPRESENTATION_CONTEXT('2D SPACE',''
  ) );
#1415 = ORIENTED_EDGE('',*,*,#800,.T.);
#1416 = ADVANCED_FACE('',(#1417),#329,.F.);
#1417 = FACE_BOUND('',#1418,.F.);
#1418 = EDGE_LOOP('',(#1419,#1420,#1441,#1442));
#1419 = ORIENTED_EDGE('',*,*,#828,.T.);
#1420 = ORIENTED_EDGE('',*,*,#1421,.T.);
#1421 = EDGE_CURVE('',#829,#309,#1422,.T.);
#1422 = SURFACE_CURVE('',#1423,(#1427,#1434),.PCURVE_S1.);
#1423 = LINE('',#1424,#1425);
#1424 = CARTESIAN_POINT('',(25.,20.,100.07086122952));
#1425 = VECTOR('',#1426,1.);
#1426 = DIRECTION('',(0.,-1.,0.));
#1427 = PCURVE('',#329,#1428);
#1428 = DEFINITIONAL_REPRESENTATION('',(#1429),#1433);
#1429 = LINE('',#1430,#1431);
#1430 = CARTESIAN_POINT('',(1.199638888884,0.));
#1431 = VECTOR('',#1432,1.);
#1432 = DIRECTION('',(0.,1.));
#1433 = ( GEOMETRIC_REPRESENTATION_CONTEXT(2) 
PARAMETRIC_REPRESENTATION_CONTEXT() REPRESENTATION_CONTEXT('2D SPACE',''
  ) );
#1434 = PCURVE('',#357,#1435);
#1435 = DEFINITIONAL_REPRESENTATION('',(#1436),#1440);
#1436 = LINE('',#1437,#1438);
#1437 = CARTESIAN_POINT('',(40.,-90.07086122952));
#1438 = VECTOR('',#1439,1.);
#1439 = DIRECTION('',(-1.,0.));
#1440 = ( GEOMETRIC_REPRESENTATION_CONTEXT(2) 
PARAMETRIC_REPRESENTATION_CONTEXT() REPRESENTATION_CONTEXT('2D SPACE',''
  ) );
#1441 = ORIENTED_EDGE('',*,*,#308,.F.);
#1442 = ORIENTED_EDGE('',*,*,#1395,.F.);
#1443 = ADVANCED_FACE('',(#1444),#357,.F.);
#1444 = FACE_BOUND('',#1445,.F.);
#1445 = EDGE_LOOP('',(#1446,#1447,#1473,#1474));
#1446 = ORIENTED_EDGE('',*,*,#856,.F.);
#1447 = ORIENTED_EDGE('',*,*,#1448,.F.);
#1448 = EDGE_CURVE('',#342,#857,#1449,.T.);
#1449 = SURFACE_CURVE('',#1450,(#1454,#1461),.PCURVE_S1.);
#1450 = LINE('',#1451,#1452);
#1451 = CARTESIAN_POINT('',(25.,-20.,18.));
#1452 = VECTOR('',#1453,1.);
#1453 = DIRECTION('',(0.,1.,0.));
#1454 = PCURVE('',#357,#1455);
#1455 = DEFINITIONAL_REPRESENTATION('',(#1456),#1460);
#1456 = LINE('',#1457,#1458);
#1457 = CARTESIAN_POINT('',(0.,-8.));
#1458 = VECTOR('',#1459,1.);
#1459 = DIRECTION('',(1.,0.));
#1460 = ( GEOMETRIC_REPRESENTATION_CONTEXT(2) 
PARAMETRIC_REPRESENTATION_CONTEXT() REPRESENTATION_CONTEXT('2D SPACE',''
  ) );
#1461 = PCURVE('',#1462,#1467);
#1462 = CYLINDRICAL_SURFACE('',#1463,8.);
#1463 = AXIS2_PLACEMENT_3D('',#1464,#1465,#1466);
#1464 = CARTESIAN_POINT('',(33.,-20.,18.));
#1465 = DIRECTION('',(0.,1.,0.));
#1466 = DIRECTION('',(-1.,0.,0.));
#1467 = DEFINITIONAL_REPRESENTATION('',(#1468),#1472);
#1468 = LINE('',#1469,#1470);
#1469 = CARTESIAN_POINT('',(-0.,0.));
#1470 = VECTOR('',#1471,1.);
#1471 = DIRECTION('',(-0.,1.));
#1472 = ( GEOMETRIC_REPRESENTATION_CONTEXT(2) 
PARAMETRIC_REPRESENTATION_CONTEXT() REPRESENTATION_CONTEXT('2D SPACE',''
  ) );
#1473 = ORIENTED_EDGE('',*,*,#341,.T.);
#1474 = ORIENTED_EDGE('',*,*,#1421,.F.);
#1475 = ADVANCED_FACE('',(#1476),#385,.F.);
#1476 = FACE_BOUND('',#1477,.T.);
#1477 = EDGE_LOOP('',(#1478,#1519,#1547,#1581));
#1478 = ORIENTED_EDGE('',*,*,#1479,.T.);
#1479 = EDGE_CURVE('',#370,#1480,#1482,.T.);
#1480 = VERTEX_POINT('',#1481);
#1481 = CARTESIAN_POINT('',(-33.,-28.,10.));
#1482 = SURFACE_CURVE('',#1483,(#1488,#1501),.PCURVE_S1.);
#1483 = ELLIPSE('',#1484,11.313708498985,8.);
#1484 = AXIS2_PLACEMENT_3D('',#1485,#1486,#1487);
#1485 = CARTESIAN_POINT('',(-33.,-28.,18.));
#1486 = DIRECTION('',(-0.707106781187,0.707106781187,0.));
#1487 = DIRECTION('',(0.707106781187,0.707106781187,0.));
#1488 = PCURVE('',#385,#1489);
#1489 = DEFINITIONAL_REPRESENTATION('',(#1490),#1500);
#1490 = B_SPLINE_CURVE_WITH_KNOTS('',8,(#1491,#1492,#1493,#1494,#1495,
    #1496,#1497,#1498,#1499),.UNSPECIFIED.,.F.,.F.,(9,9),(0.,
    1.570796326795),.PIECEWISE_BEZIER_KNOTS.);
#1491 = CARTESIAN_POINT('',(-4.440892098501E-16,0.));
#1492 = CARTESIAN_POINT('',(-0.196349540849,-3.847341387444E-16));
#1493 = CARTESIAN_POINT('',(-0.392699081699,-0.352486207891));
#1494 = CARTESIAN_POINT('',(-0.589048622546,-1.057455629272));
#1495 = CARTESIAN_POINT('',(-0.785398163397,-2.085929995384));
#1496 = CARTESIAN_POINT('',(-0.981747704245,-3.379893910301));
#1497 = CARTESIAN_POINT('',(-1.178097245096,-4.858406973455));
#1498 = CARTESIAN_POINT('',(-1.374446785946,-6.429203673205));
#1499 = CARTESIAN_POINT('',(-1.570796326795,-8.));
#1500 = ( GEOMETRIC_REPRESENTATION_CONTEXT(2) 
PARAMETRIC_REPRESENTATION_CONTEXT() REPRESENTATION_CONTEXT('2D SPACE',''
  ) );
#1501 = PCURVE('',#1502,#1507);
#1502 = CYLINDRICAL_SURFACE('',#1503,8.);
#1503 = AXIS2_PLACEMENT_3D('',#1504,#1505,#1506);
#1504 = CARTESIAN_POINT('',(-33.,-20.,18.));
#1505 = DIRECTION('',(0.,1.,0.));
#1506 = DIRECTION('',(1.,0.,-0.));
#1507 = DEFINITIONAL_REPRESENTATION('',(#1508),#1518);
#1508 = B_SPLINE_CURVE_WITH_KNOTS('',8,(#1509,#1510,#1511,#1512,#1513,
    #1514,#1515,#1516,#1517),.UNSPECIFIED.,.F.,.F.,(9,9),(0.,
    1.570796326795),.PIECEWISE_BEZIER_KNOTS.);
#1509 = CARTESIAN_POINT('',(4.440892098501E-16,0.));
#1510 = CARTESIAN_POINT('',(0.196349540849,-3.847341387444E-16));
#1511 = CARTESIAN_POINT('',(0.392699081699,-0.352486207891));
#1512 = CARTESIAN_POINT('',(0.589048622546,-1.057455629272));
#1513 = CARTESIAN_POINT('',(0.785398163397,-2.085929995384));
#1514 = CARTESIAN_POINT('',(0.981747704245,-3.379893910301));
#1515 = CARTESIAN_POINT('',(1.178097245096,-4.858406973455));
#1516 = CARTESIAN_POINT('',(1.374446785946,-6.429203673205));
#1517 = CARTESIAN_POINT('',(1.570796326795,-8.));
#1518 = ( GEOMETRIC_REPRESENTATION_CONTEXT(2) 
PARAMETRIC_REPRESENTATION_CONTEXT() REPRESENTATION_CONTEXT('2D SPACE',''
  ) );
#1519 = ORIENTED_EDGE('',*,*,#1520,.T.);
#1520 = EDGE_CURVE('',#1480,#1521,#1523,.T.);
#1521 = VERTEX_POINT('',#1522);
#1522 = CARTESIAN_POINT('',(33.,-28.,10.));
#1523 = SURFACE_CURVE('',#1524,(#1528,#1535),.PCURVE_S1.);
#1524 = LINE('',#1525,#1526);
#1525 = CARTESIAN_POINT('',(-25.,-28.,10.));
#1526 = VECTOR('',#1527,1.);
#1527 = DIRECTION('',(1.,0.,0.));
#1528 = PCURVE('',#385,#1529);
#1529 = DEFINITIONAL_REPRESENTATION('',(#1530),#1534);
#1530 = LINE('',#1531,#1532);
#1531 = CARTESIAN_POINT('',(-1.570796326795,0.));
#1532 = VECTOR('',#1533,1.);
#1533 = DIRECTION('',(-0.,1.));
#1534 = ( GEOMETRIC_REPRESENTATION_CONTEXT(2) 
PARAMETRIC_REPRESENTATION_CONTEXT() REPRESENTATION_CONTEXT('2D SPACE',''
  ) );
#1535 = PCURVE('',#1536,#1541);
#1536 = PLANE('',#1537);
#1537 = AXIS2_PLACEMENT_3D('',#1538,#1539,#1540);
#1538 = CARTESIAN_POINT('',(0.,0.,10.));
#1539 = DIRECTION('',(0.,0.,1.));
#1540 = DIRECTION('',(1.,0.,0.));
#1541 = DEFINITIONAL_REPRESENTATION('',(#1542),#1546);
#1542 = LINE('',#1543,#1544);
#1543 = CARTESIAN_POINT('',(-25.,-28.));
#1544 = VECTOR('',#1545,1.);
#1545 = DIRECTION('',(1.,0.));
#1546 = ( GEOMETRIC_REPRESENTATION_CONTEXT(2) 
PARAMETRIC_REPRESENTATION_CONTEXT() REPRESENTATION_CONTEXT('2D SPACE',''
  ) );
#1547 = ORIENTED_EDGE('',*,*,#1548,.F.);
#1548 = EDGE_CURVE('',#342,#1521,#1549,.T.);
#1549 = SURFACE_CURVE('',#1550,(#1555,#1568),.PCURVE_S1.);
#1550 = ELLIPSE('',#1551,11.313708498985,8.);
#1551 = AXIS2_PLACEMENT_3D('',#1552,#1553,#1554);
#1552 = CARTESIAN_POINT('',(33.,-28.,18.));
#1553 = DIRECTION('',(-0.707106781187,-0.707106781187,0.));
#1554 = DIRECTION('',(0.707106781187,-0.707106781187,0.));
#1555 = PCURVE('',#385,#1556);
#1556 = DEFINITIONAL_REPRESENTATION('',(#1557),#1567);
#1557 = B_SPLINE_CURVE_WITH_KNOTS('',8,(#1558,#1559,#1560,#1561,#1562,
    #1563,#1564,#1565,#1566),.UNSPECIFIED.,.F.,.F.,(9,9),(3.14159265359,
    4.712388980385),.PIECEWISE_BEZIER_KNOTS.);
#1558 = CARTESIAN_POINT('',(0.,50.));
#1559 = CARTESIAN_POINT('',(-0.196349540849,50.));
#1560 = CARTESIAN_POINT('',(-0.392699081698,50.352486207884));
#1561 = CARTESIAN_POINT('',(-0.589048622549,51.057455629167));
#1562 = CARTESIAN_POINT('',(-0.785398163394,52.085929995357));
#1563 = CARTESIAN_POINT('',(-0.981747704248,53.379893910228));
#1564 = CARTESIAN_POINT('',(-1.178097245096,54.858406973452));
#1565 = CARTESIAN_POINT('',(-1.374446785946,56.429203673205));
#1566 = CARTESIAN_POINT('',(-1.570796326795,58.));
#1567 = ( GEOMETRIC_REPRESENTATION_CONTEXT(2) 
PARAMETRIC_REPRESENTATION_CONTEXT() REPRESENTATION_CONTEXT('2D SPACE',''
  ) );
#1568 = PCURVE('',#1462,#1569);
#1569 = DEFINITIONAL_REPRESENTATION('',(#1570),#1580);
#1570 = B_SPLINE_CURVE_WITH_KNOTS('',8,(#1571,#1572,#1573,#1574,#1575,
    #1576,#1577,#1578,#1579),.UNSPECIFIED.,.F.,.F.,(9,9),(3.14159265359,
    4.712388980385),.PIECEWISE_BEZIER_KNOTS.);
#1571 = CARTESIAN_POINT('',(0.,0.));
#1572 = CARTESIAN_POINT('',(-0.196349540849,-1.923670693722E-16));
#1573 = CARTESIAN_POINT('',(-0.392699081698,-0.352486207891));
#1574 = CARTESIAN_POINT('',(-0.589048622549,-1.057455629275));
#1575 = CARTESIAN_POINT('',(-0.785398163394,-2.085929995391));
#1576 = CARTESIAN_POINT('',(-0.981747704248,-3.379893910303));
#1577 = CARTESIAN_POINT('',(-1.178097245096,-4.858406973455));
#1578 = CARTESIAN_POINT('',(-1.374446785946,-6.429203673205));
#1579 = CARTESIAN_POINT('',(-1.570796326795,-8.));
#1580 = ( GEOMETRIC_REPRESENTATION_CONTEXT(2) 
PARAMETRIC_REPRESENTATION_CONTEXT() REPRESENTATION_CONTEXT('2D SPACE',''
  ) );
#1581 = ORIENTED_EDGE('',*,*,#369,.F.);
#1582 = ADVANCED_FACE('',(#1583),#413,.T.);
#1583 = FACE_BOUND('',#1584,.T.);
#1584 = EDGE_LOOP('',(#1585,#1586,#1607,#1608));
#1585 = ORIENTED_EDGE('',*,*,#907,.F.);
#1586 = ORIENTED_EDGE('',*,*,#1587,.F.);
#1587 = EDGE_CURVE('',#370,#880,#1588,.T.);
#1588 = SURFACE_CURVE('',#1589,(#1593,#1600),.PCURVE_S1.);
#1589 = LINE('',#1590,#1591);
#1590 = CARTESIAN_POINT('',(-25.,-20.,18.));
#1591 = VECTOR('',#1592,1.);
#1592 = DIRECTION('',(0.,1.,0.));
#1593 = PCURVE('',#413,#1594);
#1594 = DEFINITIONAL_REPRESENTATION('',(#1595),#1599);
#1595 = LINE('',#1596,#1597);
#1596 = CARTESIAN_POINT('',(0.,-8.));
#1597 = VECTOR('',#1598,1.);
#1598 = DIRECTION('',(1.,0.));
#1599 = ( GEOMETRIC_REPRESENTATION_CONTEXT(2) 
PARAMETRIC_REPRESENTATION_CONTEXT() REPRESENTATION_CONTEXT('2D SPACE',''
  ) );
#1600 = PCURVE('',#1502,#1601);
#1601 = DEFINITIONAL_REPRESENTATION('',(#1602),#1606);
#1602 = LINE('',#1603,#1604);
#1603 = CARTESIAN_POINT('',(0.,0.));
#1604 = VECTOR('',#1605,1.);
#1605 = DIRECTION('',(0.,1.));
#1606 = ( GEOMETRIC_REPRESENTATION_CONTEXT(2) 
PARAMETRIC_REPRESENTATION_CONTEXT() REPRESENTATION_CONTEXT('2D SPACE',''
  ) );
#1607 = ORIENTED_EDGE('',*,*,#397,.T.);
#1608 = ORIENTED_EDGE('',*,*,#1609,.F.);
#1609 = EDGE_CURVE('',#908,#398,#1610,.T.);
#1610 = SURFACE_CURVE('',#1611,(#1615,#1622),.PCURVE_S1.);
#1611 = LINE('',#1612,#1613);
#1612 = CARTESIAN_POINT('',(-25.,20.,100.07086122952));
#1613 = VECTOR('',#1614,1.);
#1614 = DIRECTION('',(0.,-1.,0.));
#1615 = PCURVE('',#413,#1616);
#1616 = DEFINITIONAL_REPRESENTATION('',(#1617),#1621);
#1617 = LINE('',#1618,#1619);
#1618 = CARTESIAN_POINT('',(40.,-90.07086122952));
#1619 = VECTOR('',#1620,1.);
#1620 = DIRECTION('',(-1.,0.));
#1621 = ( GEOMETRIC_REPRESENTATION_CONTEXT(2) 
PARAMETRIC_REPRESENTATION_CONTEXT() REPRESENTATION_CONTEXT('2D SPACE',''
  ) );
#1622 = PCURVE('',#442,#1623);
#1623 = DEFINITIONAL_REPRESENTATION('',(#1624),#1628);
#1624 = LINE('',#1625,#1626);
#1625 = CARTESIAN_POINT('',(-1.199638888884,0.));
#1626 = VECTOR('',#1627,1.);
#1627 = DIRECTION('',(-0.,1.));
#1628 = ( GEOMETRIC_REPRESENTATION_CONTEXT(2) 
PARAMETRIC_REPRESENTATION_CONTEXT() REPRESENTATION_CONTEXT('2D SPACE',''
  ) );
#1629 = ADVANCED_FACE('',(#1630),#442,.F.);
#1630 = FACE_BOUND('',#1631,.T.);
#1631 = EDGE_LOOP('',(#1632,#1633,#1634,#1635));
#1632 = ORIENTED_EDGE('',*,*,#930,.T.);
#1633 = ORIENTED_EDGE('',*,*,#1609,.T.);
#1634 = ORIENTED_EDGE('',*,*,#425,.F.);
#1635 = ORIENTED_EDGE('',*,*,#1636,.F.);
#1636 = EDGE_CURVE('',#931,#426,#1637,.T.);
#1637 = SURFACE_CURVE('',#1638,(#1642,#1649),.PCURVE_S1.);
#1638 = LINE('',#1639,#1640);
#1639 = CARTESIAN_POINT('',(-31.37305699481,20.,109.38994296739));
#1640 = VECTOR('',#1641,1.);
#1641 = DIRECTION('',(0.,-1.,0.));
#1642 = PCURVE('',#442,#1643);
#1643 = DEFINITIONAL_REPRESENTATION('',(#1644),#1648);
#1644 = LINE('',#1645,#1646);
#1645 = CARTESIAN_POINT('',(-0.,0.));
#1646 = VECTOR('',#1647,1.);
#1647 = DIRECTION('',(-0.,1.));
#1648 = ( GEOMETRIC_REPRESENTATION_CONTEXT(2) 
PARAMETRIC_REPRESENTATION_CONTEXT() REPRESENTATION_CONTEXT('2D SPACE',''
  ) );
#1649 = PCURVE('',#471,#1650);
#1650 = DEFINITIONAL_REPRESENTATION('',(#1651),#1655);
#1651 = LINE('',#1652,#1653);
#1652 = CARTESIAN_POINT('',(10.624416849653,-20.));
#1653 = VECTOR('',#1654,1.);
#1654 = DIRECTION('',(0.,1.));
#1655 = ( GEOMETRIC_REPRESENTATION_CONTEXT(2) 
PARAMETRIC_REPRESENTATION_CONTEXT() REPRESENTATION_CONTEXT('2D SPACE',''
  ) );
#1656 = ADVANCED_FACE('',(#1657),#471,.T.);
#1657 = FACE_BOUND('',#1658,.T.);
#1658 = EDGE_LOOP('',(#1659,#1660,#1661,#1680));
#1659 = ORIENTED_EDGE('',*,*,#1636,.T.);
#1660 = ORIENTED_EDGE('',*,*,#454,.T.);
#1661 = ORIENTED_EDGE('',*,*,#1662,.F.);
#1662 = EDGE_CURVE('',#955,#455,#1663,.T.);
#1663 = SURFACE_CURVE('',#1664,(#1668,#1674),.PCURVE_S1.);
#1664 = LINE('',#1665,#1666);
#1665 = CARTESIAN_POINT('',(-15.75,0.,275.05402694758));
#1666 = VECTOR('',#1667,1.);
#1667 = DIRECTION('',(0.,-1.,0.));
#1668 = PCURVE('',#471,#1669);
#1669 = DEFINITIONAL_REPRESENTATION('',(#1670),#1673);
#1670 = B_SPLINE_CURVE_WITH_KNOTS('',1,(#1671,#1672),.UNSPECIFIED.,.F.,
  .F.,(2,2),(-20.0000006,20.0000006),.PIECEWISE_BEZIER_KNOTS.);
#1671 = CARTESIAN_POINT('',(8.037083974198,-20.0000006));
#1672 = CARTESIAN_POINT('',(8.037083974198,20.0000006));
#1673 = ( GEOMETRIC_REPRESENTATION_CONTEXT(2) 
PARAMETRIC_REPRESENTATION_CONTEXT() REPRESENTATION_CONTEXT('2D SPACE',''
  ) );
#1674 = PCURVE('',#499,#1675);
#1675 = DEFINITIONAL_REPRESENTATION('',(#1676),#1679);
#1676 = B_SPLINE_CURVE_WITH_KNOTS('',1,(#1677,#1678),.UNSPECIFIED.,.F.,
  .F.,(2,2),(-20.0000006,20.0000006),.PIECEWISE_BEZIER_KNOTS.);
#1677 = CARTESIAN_POINT('',(19.054026947582,-40.0000006));
#1678 = CARTESIAN_POINT('',(19.054026947582,5.999999999062E-07));
#1679 = ( GEOMETRIC_REPRESENTATION_CONTEXT(2) 
PARAMETRIC_REPRESENTATION_CONTEXT() REPRESENTATION_CONTEXT('2D SPACE',''
  ) );
#1680 = ORIENTED_EDGE('',*,*,#954,.T.);
#1681 = ADVANCED_FACE('',(#1682,#1708),#499,.F.);
#1682 = FACE_BOUND('',#1683,.F.);
#1683 = EDGE_LOOP('',(#1684,#1685,#1686,#1687));
#1684 = ORIENTED_EDGE('',*,*,#483,.F.);
#1685 = ORIENTED_EDGE('',*,*,#1662,.F.);
#1686 = ORIENTED_EDGE('',*,*,#982,.T.);
#1687 = ORIENTED_EDGE('',*,*,#1688,.F.);
#1688 = EDGE_CURVE('',#484,#983,#1689,.T.);
#1689 = SURFACE_CURVE('',#1690,(#1694,#1701),.PCURVE_S1.);
#1690 = LINE('',#1691,#1692);
#1691 = CARTESIAN_POINT('',(-15.75,-20.,288.5));
#1692 = VECTOR('',#1693,1.);
#1693 = DIRECTION('',(0.,1.,0.));
#1694 = PCURVE('',#499,#1695);
#1695 = DEFINITIONAL_REPRESENTATION('',(#1696),#1700);
#1696 = LINE('',#1697,#1698);
#1697 = CARTESIAN_POINT('',(32.5,0.));
#1698 = VECTOR('',#1699,1.);
#1699 = DIRECTION('',(0.,-1.));
#1700 = ( GEOMETRIC_REPRESENTATION_CONTEXT(2) 
PARAMETRIC_REPRESENTATION_CONTEXT() REPRESENTATION_CONTEXT('2D SPACE',''
  ) );
#1701 = PCURVE('',#527,#1702);
#1702 = DEFINITIONAL_REPRESENTATION('',(#1703),#1707);
#1703 = LINE('',#1704,#1705);
#1704 = CARTESIAN_POINT('',(0.,0.));
#1705 = VECTOR('',#1706,1.);
#1706 = DIRECTION('',(0.,1.));
#1707 = ( GEOMETRIC_REPRESENTATION_CONTEXT(2) 
PARAMETRIC_REPRESENTATION_CONTEXT() REPRESENTATION_CONTEXT('2D SPACE',''
  ) );
#1708 = FACE_BOUND('',#1709,.F.);
#1709 = EDGE_LOOP('',(#1710));
#1710 = ORIENTED_EDGE('',*,*,#1711,.T.);
#1711 = EDGE_CURVE('',#1712,#1712,#1714,.T.);
#1712 = VERTEX_POINT('',#1713);
#1713 = CARTESIAN_POINT('',(-15.75,2.75,282.5));
#1714 = SURFACE_CURVE('',#1715,(#1720,#1731),.PCURVE_S1.);
#1715 = CIRCLE('',#1716,2.75);
#1716 = AXIS2_PLACEMENT_3D('',#1717,#1718,#1719);
#1717 = CARTESIAN_POINT('',(-15.75,0.,282.5));
#1718 = DIRECTION('',(-1.,0.,0.));
#1719 = DIRECTION('',(0.,1.,0.));
#1720 = PCURVE('',#499,#1721);
#1721 = DEFINITIONAL_REPRESENTATION('',(#1722),#1730);
#1722 = ( BOUNDED_CURVE() B_SPLINE_CURVE(2,(#1723,#1724,#1725,#1726,
#1727,#1728,#1729),.UNSPECIFIED.,.T.,.F.) B_SPLINE_CURVE_WITH_KNOTS((1,2
    ,2,2,2,1),(-2.094395102393,0.,2.094395102393,4.188790204786,
6.28318530718,8.377580409573),.UNSPECIFIED.) CURVE() 
GEOMETRIC_REPRESENTATION_ITEM() RATIONAL_B_SPLINE_CURVE((1.,0.5,1.,0.5,
1.,0.5,1.)) REPRESENTATION_ITEM('') );
#1723 = CARTESIAN_POINT('',(26.5,-22.75));
#1724 = CARTESIAN_POINT('',(21.736860279186,-22.75));
#1725 = CARTESIAN_POINT('',(24.118430139593,-18.625));
#1726 = CARTESIAN_POINT('',(26.5,-14.5));
#1727 = CARTESIAN_POINT('',(28.881569860407,-18.625));
#1728 = CARTESIAN_POINT('',(31.263139720814,-22.75));
#1729 = CARTESIAN_POINT('',(26.5,-22.75));
#1730 = ( GEOMETRIC_REPRESENTATION_CONTEXT(2) 
PARAMETRIC_REPRESENTATION_CONTEXT() REPRESENTATION_CONTEXT('2D SPACE',''
  ) );
#1731 = PCURVE('',#1732,#1737);
#1732 = CYLINDRICAL_SURFACE('',#1733,2.75);
#1733 = AXIS2_PLACEMENT_3D('',#1734,#1735,#1736);
#1734 = CARTESIAN_POINT('',(-16.75,0.,282.5));
#1735 = DIRECTION('',(-1.,-0.,-0.));
#1736 = DIRECTION('',(0.,1.,0.));
#1737 = DEFINITIONAL_REPRESENTATION('',(#1738),#1742);
#1738 = LINE('',#1739,#1740);
#1739 = CARTESIAN_POINT('',(-6.28318530718,-1.));
#1740 = VECTOR('',#1741,1.);
#1741 = DIRECTION('',(1.,-0.));
#1742 = ( GEOMETRIC_REPRESENTATION_CONTEXT(2) 
PARAMETRIC_REPRESENTATION_CONTEXT() REPRESENTATION_CONTEXT('2D SPACE',''
  ) );
#1743 = ADVANCED_FACE('',(#1744),#527,.T.);
#1744 = FACE_BOUND('',#1745,.T.);
#1745 = EDGE_LOOP('',(#1746,#1747,#1748,#1769));
#1746 = ORIENTED_EDGE('',*,*,#1688,.F.);
#1747 = ORIENTED_EDGE('',*,*,#511,.T.);
#1748 = ORIENTED_EDGE('',*,*,#1749,.T.);
#1749 = EDGE_CURVE('',#512,#1006,#1750,.T.);
#1750 = SURFACE_CURVE('',#1751,(#1755,#1762),.PCURVE_S1.);
#1751 = LINE('',#1752,#1753);
#1752 = CARTESIAN_POINT('',(-1.75,-20.,288.5));
#1753 = VECTOR('',#1754,1.);
#1754 = DIRECTION('',(0.,1.,0.));
#1755 = PCURVE('',#527,#1756);
#1756 = DEFINITIONAL_REPRESENTATION('',(#1757),#1761);
#1757 = LINE('',#1758,#1759);
#1758 = CARTESIAN_POINT('',(14.,0.));
#1759 = VECTOR('',#1760,1.);
#1760 = DIRECTION('',(0.,1.));
#1761 = ( GEOMETRIC_REPRESENTATION_CONTEXT(2) 
PARAMETRIC_REPRESENTATION_CONTEXT() REPRESENTATION_CONTEXT('2D SPACE',''
  ) );
#1762 = PCURVE('',#555,#1763);
#1763 = DEFINITIONAL_REPRESENTATION('',(#1764),#1768);
#1764 = LINE('',#1765,#1766);
#1765 = CARTESIAN_POINT('',(32.5,0.));
#1766 = VECTOR('',#1767,1.);
#1767 = DIRECTION('',(0.,-1.));
#1768 = ( GEOMETRIC_REPRESENTATION_CONTEXT(2) 
PARAMETRIC_REPRESENTATION_CONTEXT() REPRESENTATION_CONTEXT('2D SPACE',''
  ) );
#1769 = ORIENTED_EDGE('',*,*,#1005,.F.);
#1770 = ADVANCED_FACE('',(#1771,#1797),#555,.T.);
#1771 = FACE_BOUND('',#1772,.T.);
#1772 = EDGE_LOOP('',(#1773,#1774,#1795,#1796));
#1773 = ORIENTED_EDGE('',*,*,#539,.F.);
#1774 = ORIENTED_EDGE('',*,*,#1775,.T.);
#1775 = EDGE_CURVE('',#540,#1029,#1776,.T.);
#1776 = SURFACE_CURVE('',#1777,(#1781,#1788),.PCURVE_S1.);
#1777 = LINE('',#1778,#1779);
#1778 = CARTESIAN_POINT('',(-1.75,-20.,256.));
#1779 = VECTOR('',#1780,1.);
#1780 = DIRECTION('',(0.,1.,0.));
#1781 = PCURVE('',#555,#1782);
#1782 = DEFINITIONAL_REPRESENTATION('',(#1783),#1787);
#1783 = LINE('',#1784,#1785);
#1784 = CARTESIAN_POINT('',(0.,0.));
#1785 = VECTOR('',#1786,1.);
#1786 = DIRECTION('',(0.,-1.));
#1787 = ( GEOMETRIC_REPRESENTATION_CONTEXT(2) 
PARAMETRIC_REPRESENTATION_CONTEXT() REPRESENTATION_CONTEXT('2D SPACE',''
  ) );
#1788 = PCURVE('',#583,#1789);
#1789 = DEFINITIONAL_REPRESENTATION('',(#1790),#1794);
#1790 = LINE('',#1791,#1792);
#1791 = CARTESIAN_POINT('',(14.,0.));
#1792 = VECTOR('',#1793,1.);
#1793 = DIRECTION('',(0.,1.));
#1794 = ( GEOMETRIC_REPRESENTATION_CONTEXT(2) 
PARAMETRIC_REPRESENTATION_CONTEXT() REPRESENTATION_CONTEXT('2D SPACE',''
  ) );
#1795 = ORIENTED_EDGE('',*,*,#1028,.F.);
#1796 = ORIENTED_EDGE('',*,*,#1749,.F.);
#1797 = FACE_BOUND('',#1798,.T.);
#1798 = EDGE_LOOP('',(#1799));
#1799 = ORIENTED_EDGE('',*,*,#1800,.T.);
#1800 = EDGE_CURVE('',#1801,#1801,#1803,.T.);
#1801 = VERTEX_POINT('',#1802);
#1802 = CARTESIAN_POINT('',(-1.75,2.75,282.5));
#1803 = SURFACE_CURVE('',#1804,(#1809,#1820),.PCURVE_S1.);
#1804 = CIRCLE('',#1805,2.75);
#1805 = AXIS2_PLACEMENT_3D('',#1806,#1807,#1808);
#1806 = CARTESIAN_POINT('',(-1.75,0.,282.5));
#1807 = DIRECTION('',(-1.,0.,0.));
#1808 = DIRECTION('',(0.,1.,0.));
#1809 = PCURVE('',#555,#1810);
#1810 = DEFINITIONAL_REPRESENTATION('',(#1811),#1819);
#1811 = ( BOUNDED_CURVE() B_SPLINE_CURVE(2,(#1812,#1813,#1814,#1815,
#1816,#1817,#1818),.UNSPECIFIED.,.T.,.F.) B_SPLINE_CURVE_WITH_KNOTS((1,2
    ,2,2,2,1),(-2.094395102393,0.,2.094395102393,4.188790204786,
6.28318530718,8.377580409573),.UNSPECIFIED.) CURVE() 
GEOMETRIC_REPRESENTATION_ITEM() RATIONAL_B_SPLINE_CURVE((1.,0.5,1.,0.5,
1.,0.5,1.)) REPRESENTATION_ITEM('') );
#1812 = CARTESIAN_POINT('',(26.5,-22.75));
#1813 = CARTESIAN_POINT('',(21.736860279186,-22.75));
#1814 = CARTESIAN_POINT('',(24.118430139593,-18.625));
#1815 = CARTESIAN_POINT('',(26.5,-14.5));
#1816 = CARTESIAN_POINT('',(28.881569860407,-18.625));
#1817 = CARTESIAN_POINT('',(31.263139720814,-22.75));
#1818 = CARTESIAN_POINT('',(26.5,-22.75));
#1819 = ( GEOMETRIC_REPRESENTATION_CONTEXT(2) 
PARAMETRIC_REPRESENTATION_CONTEXT() REPRESENTATION_CONTEXT('2D SPACE',''
  ) );
#1820 = PCURVE('',#1732,#1821);
#1821 = DEFINITIONAL_REPRESENTATION('',(#1822),#1826);
#1822 = LINE('',#1823,#1824);
#1823 = CARTESIAN_POINT('',(-6.28318530718,-15.));
#1824 = VECTOR('',#1825,1.);
#1825 = DIRECTION('',(1.,-0.));
#1826 = ( GEOMETRIC_REPRESENTATION_CONTEXT(2) 
PARAMETRIC_REPRESENTATION_CONTEXT() REPRESENTATION_CONTEXT('2D SPACE',''
  ) );
#1827 = ADVANCED_FACE('',(#1828),#583,.F.);
#1828 = FACE_BOUND('',#1829,.F.);
#1829 = EDGE_LOOP('',(#1830,#1851,#1852,#1853));
#1830 = ORIENTED_EDGE('',*,*,#1831,.F.);
#1831 = EDGE_CURVE('',#568,#1052,#1832,.T.);
#1832 = SURFACE_CURVE('',#1833,(#1837,#1844),.PCURVE_S1.);
#1833 = LINE('',#1834,#1835);
#1834 = CARTESIAN_POINT('',(-15.75,-20.,256.));
#1835 = VECTOR('',#1836,1.);
#1836 = DIRECTION('',(0.,1.,0.));
#1837 = PCURVE('',#583,#1838);
#1838 = DEFINITIONAL_REPRESENTATION('',(#1839),#1843);
#1839 = LINE('',#1840,#1841);
#1840 = CARTESIAN_POINT('',(0.,0.));
#1841 = VECTOR('',#1842,1.);
#1842 = DIRECTION('',(0.,1.));
#1843 = ( GEOMETRIC_REPRESENTATION_CONTEXT(2) 
PARAMETRIC_REPRESENTATION_CONTEXT() REPRESENTATION_CONTEXT('2D SPACE',''
  ) );
#1844 = PCURVE('',#611,#1845);
#1845 = DEFINITIONAL_REPRESENTATION('',(#1846),#1850);
#1846 = LINE('',#1847,#1848);
#1847 = CARTESIAN_POINT('',(0.,0.));
#1848 = VECTOR('',#1849,1.);
#1849 = DIRECTION('',(0.,-1.));
#1850 = ( GEOMETRIC_REPRESENTATION_CONTEXT(2) 
PARAMETRIC_REPRESENTATION_CONTEXT() REPRESENTATION_CONTEXT('2D SPACE',''
  ) );
#1851 = ORIENTED_EDGE('',*,*,#567,.T.);
#1852 = ORIENTED_EDGE('',*,*,#1775,.T.);
#1853 = ORIENTED_EDGE('',*,*,#1051,.F.);
#1854 = ADVANCED_FACE('',(#1855),#611,.F.);
#1855 = FACE_BOUND('',#1856,.F.);
#1856 = EDGE_LOOP('',(#1857,#1858,#1859,#1860));
#1857 = ORIENTED_EDGE('',*,*,#595,.F.);
#1858 = ORIENTED_EDGE('',*,*,#1831,.T.);
#1859 = ORIENTED_EDGE('',*,*,#1074,.T.);
#1860 = ORIENTED_EDGE('',*,*,#1861,.T.);
#1861 = EDGE_CURVE('',#1075,#596,#1862,.T.);
#1862 = SURFACE_CURVE('',#1863,(#1867,#1873),.PCURVE_S1.);
#1863 = LINE('',#1864,#1865);
#1864 = CARTESIAN_POINT('',(-15.75,0.,266.90375478479));
#1865 = VECTOR('',#1866,1.);
#1866 = DIRECTION('',(0.,-1.,0.));
#1867 = PCURVE('',#611,#1868);
#1868 = DEFINITIONAL_REPRESENTATION('',(#1869),#1872);
#1869 = B_SPLINE_CURVE_WITH_KNOTS('',1,(#1870,#1871),.UNSPECIFIED.,.F.,
  .F.,(2,2),(-20.0000006,20.0000006),.PIECEWISE_BEZIER_KNOTS.);
#1870 = CARTESIAN_POINT('',(10.903754784796,-40.0000006));
#1871 = CARTESIAN_POINT('',(10.903754784796,5.999999999062E-07));
#1872 = ( GEOMETRIC_REPRESENTATION_CONTEXT(2) 
PARAMETRIC_REPRESENTATION_CONTEXT() REPRESENTATION_CONTEXT('2D SPACE',''
  ) );
#1873 = PCURVE('',#638,#1874);
#1874 = DEFINITIONAL_REPRESENTATION('',(#1875),#1878);
#1875 = B_SPLINE_CURVE_WITH_KNOTS('',1,(#1876,#1877),.UNSPECIFIED.,.F.,
  .F.,(2,2),(-20.,20.),.PIECEWISE_BEZIER_KNOTS.);
#1876 = CARTESIAN_POINT('',(1.772804367664,-20.));
#1877 = CARTESIAN_POINT('',(1.772804367664,20.));
#1878 = ( GEOMETRIC_REPRESENTATION_CONTEXT(2) 
PARAMETRIC_REPRESENTATION_CONTEXT() REPRESENTATION_CONTEXT('2D SPACE',''
  ) );
#1879 = ADVANCED_FACE('',(#1880),#638,.F.);
#1880 = FACE_BOUND('',#1881,.F.);
#1881 = EDGE_LOOP('',(#1882,#1883,#1884,#1885));
#1882 = ORIENTED_EDGE('',*,*,#623,.T.);
#1883 = ORIENTED_EDGE('',*,*,#1861,.F.);
#1884 = ORIENTED_EDGE('',*,*,#1097,.T.);
#1885 = ORIENTED_EDGE('',*,*,#1188,.T.);
#1886 = ADVANCED_FACE('',(#1887),#895,.F.);
#1887 = FACE_BOUND('',#1888,.F.);
#1888 = EDGE_LOOP('',(#1889,#1925,#1948,#1982));
#1889 = ORIENTED_EDGE('',*,*,#1890,.T.);
#1890 = EDGE_CURVE('',#880,#1891,#1893,.T.);
#1891 = VERTEX_POINT('',#1892);
#1892 = CARTESIAN_POINT('',(-33.,28.,10.));
#1893 = SURFACE_CURVE('',#1894,(#1899,#1912),.PCURVE_S1.);
#1894 = ELLIPSE('',#1895,11.313708498985,8.);
#1895 = AXIS2_PLACEMENT_3D('',#1896,#1897,#1898);
#1896 = CARTESIAN_POINT('',(-33.,28.,18.));
#1897 = DIRECTION('',(0.707106781187,0.707106781187,0.));
#1898 = DIRECTION('',(-0.707106781187,0.707106781187,0.));
#1899 = PCURVE('',#895,#1900);
#1900 = DEFINITIONAL_REPRESENTATION('',(#1901),#1911);
#1901 = B_SPLINE_CURVE_WITH_KNOTS('',8,(#1902,#1903,#1904,#1905,#1906,
    #1907,#1908,#1909,#1910),.UNSPECIFIED.,.F.,.F.,(9,9),(3.14159265359,
    4.712388980385),.PIECEWISE_BEZIER_KNOTS.);
#1902 = CARTESIAN_POINT('',(0.,0.));
#1903 = CARTESIAN_POINT('',(0.196349540849,1.923670693722E-16));
#1904 = CARTESIAN_POINT('',(0.392699081698,-0.35248620789));
#1905 = CARTESIAN_POINT('',(0.589048622548,-1.057455629276));
#1906 = CARTESIAN_POINT('',(0.785398163393,-2.085929995385));
#1907 = CARTESIAN_POINT('',(0.981747704247,-3.379893910302));
#1908 = CARTESIAN_POINT('',(1.178097245096,-4.858406973455));
#1909 = CARTESIAN_POINT('',(1.374446785946,-6.429203673205));
#1910 = CARTESIAN_POINT('',(1.570796326795,-8.));
#1911 = ( GEOMETRIC_REPRESENTATION_CONTEXT(2) 
PARAMETRIC_REPRESENTATION_CONTEXT() REPRESENTATION_CONTEXT('2D SPACE',''
  ) );
#1912 = PCURVE('',#1502,#1913);
#1913 = DEFINITIONAL_REPRESENTATION('',(#1914),#1924);
#1914 = B_SPLINE_CURVE_WITH_KNOTS('',8,(#1915,#1916,#1917,#1918,#1919,
    #1920,#1921,#1922,#1923),.UNSPECIFIED.,.F.,.F.,(9,9),(3.14159265359,
    4.712388980385),.PIECEWISE_BEZIER_KNOTS.);
#1915 = CARTESIAN_POINT('',(0.,40.));
#1916 = CARTESIAN_POINT('',(0.196349540849,40.));
#1917 = CARTESIAN_POINT('',(0.392699081698,40.352486207882));
#1918 = CARTESIAN_POINT('',(0.589048622548,41.057455629196));
#1919 = CARTESIAN_POINT('',(0.785398163395,42.085929995304));
#1920 = CARTESIAN_POINT('',(0.981747704248,43.379893910263));
#1921 = CARTESIAN_POINT('',(1.178097245096,44.858406973452));
#1922 = CARTESIAN_POINT('',(1.374446785946,46.429203673205));
#1923 = CARTESIAN_POINT('',(1.570796326795,48.));
#1924 = ( GEOMETRIC_REPRESENTATION_CONTEXT(2) 
PARAMETRIC_REPRESENTATION_CONTEXT() REPRESENTATION_CONTEXT('2D SPACE',''
  ) );
#1925 = ORIENTED_EDGE('',*,*,#1926,.T.);
#1926 = EDGE_CURVE('',#1891,#1927,#1929,.T.);
#1927 = VERTEX_POINT('',#1928);
#1928 = CARTESIAN_POINT('',(33.,28.,10.));
#1929 = SURFACE_CURVE('',#1930,(#1934,#1941),.PCURVE_S1.);
#1930 = LINE('',#1931,#1932);
#1931 = CARTESIAN_POINT('',(-25.,28.,10.));
#1932 = VECTOR('',#1933,1.);
#1933 = DIRECTION('',(1.,0.,0.));
#1934 = PCURVE('',#895,#1935);
#1935 = DEFINITIONAL_REPRESENTATION('',(#1936),#1940);
#1936 = LINE('',#1937,#1938);
#1937 = CARTESIAN_POINT('',(1.570796326795,0.));
#1938 = VECTOR('',#1939,1.);
#1939 = DIRECTION('',(0.,1.));
#1940 = ( GEOMETRIC_REPRESENTATION_CONTEXT(2) 
PARAMETRIC_REPRESENTATION_CONTEXT() REPRESENTATION_CONTEXT('2D SPACE',''
  ) );
#1941 = PCURVE('',#1536,#1942);
#1942 = DEFINITIONAL_REPRESENTATION('',(#1943),#1947);
#1943 = LINE('',#1944,#1945);
#1944 = CARTESIAN_POINT('',(-25.,28.));
#1945 = VECTOR('',#1946,1.);
#1946 = DIRECTION('',(1.,0.));
#1947 = ( GEOMETRIC_REPRESENTATION_CONTEXT(2) 
PARAMETRIC_REPRESENTATION_CONTEXT() REPRESENTATION_CONTEXT('2D SPACE',''
  ) );
#1948 = ORIENTED_EDGE('',*,*,#1949,.F.);
#1949 = EDGE_CURVE('',#857,#1927,#1950,.T.);
#1950 = SURFACE_CURVE('',#1951,(#1956,#1969),.PCURVE_S1.);
#1951 = ELLIPSE('',#1952,11.313708498985,8.);
#1952 = AXIS2_PLACEMENT_3D('',#1953,#1954,#1955);
#1953 = CARTESIAN_POINT('',(33.,28.,18.));
#1954 = DIRECTION('',(0.707106781187,-0.707106781187,-0.));
#1955 = DIRECTION('',(0.707106781187,0.707106781187,0.));
#1956 = PCURVE('',#895,#1957);
#1957 = DEFINITIONAL_REPRESENTATION('',(#1958),#1968);
#1958 = B_SPLINE_CURVE_WITH_KNOTS('',8,(#1959,#1960,#1961,#1962,#1963,
    #1964,#1965,#1966,#1967),.UNSPECIFIED.,.F.,.F.,(9,9),(3.14159265359,
    4.712388980385),.PIECEWISE_BEZIER_KNOTS.);
#1959 = CARTESIAN_POINT('',(0.,50.));
#1960 = CARTESIAN_POINT('',(0.196349540849,50.));
#1961 = CARTESIAN_POINT('',(0.392699081698,50.352486207884));
#1962 = CARTESIAN_POINT('',(0.589048622549,51.057455629167));
#1963 = CARTESIAN_POINT('',(0.785398163394,52.085929995357));
#1964 = CARTESIAN_POINT('',(0.981747704248,53.379893910228));
#1965 = CARTESIAN_POINT('',(1.178097245096,54.858406973452));
#1966 = CARTESIAN_POINT('',(1.374446785946,56.429203673205));
#1967 = CARTESIAN_POINT('',(1.570796326795,58.));
#1968 = ( GEOMETRIC_REPRESENTATION_CONTEXT(2) 
PARAMETRIC_REPRESENTATION_CONTEXT() REPRESENTATION_CONTEXT('2D SPACE',''
  ) );
#1969 = PCURVE('',#1462,#1970);
#1970 = DEFINITIONAL_REPRESENTATION('',(#1971),#1981);
#1971 = B_SPLINE_CURVE_WITH_KNOTS('',8,(#1972,#1973,#1974,#1975,#1976,
    #1977,#1978,#1979,#1980),.UNSPECIFIED.,.F.,.F.,(9,9),(3.14159265359,
    4.712388980385),.PIECEWISE_BEZIER_KNOTS.);
#1972 = CARTESIAN_POINT('',(0.,40.));
#1973 = CARTESIAN_POINT('',(-0.196349540849,40.));
#1974 = CARTESIAN_POINT('',(-0.392699081698,40.352486207849));
#1975 = CARTESIAN_POINT('',(-0.589048622549,41.057455629375));
#1976 = CARTESIAN_POINT('',(-0.785398163394,42.08592999519));
#1977 = CARTESIAN_POINT('',(-0.981747704248,43.379893910436));
#1978 = CARTESIAN_POINT('',(-1.178097245096,44.858406973405));
#1979 = CARTESIAN_POINT('',(-1.374446785946,46.429203673205));
#1980 = CARTESIAN_POINT('',(-1.570796326795,48.));
#1981 = ( GEOMETRIC_REPRESENTATION_CONTEXT(2) 
PARAMETRIC_REPRESENTATION_CONTEXT() REPRESENTATION_CONTEXT('2D SPACE',''
  ) );
#1982 = ORIENTED_EDGE('',*,*,#879,.F.);
#1983 = ADVANCED_FACE('',(#1984,#2124),#1166,.T.);
#1984 = FACE_BOUND('',#1985,.T.);
#1985 = EDGE_LOOP('',(#1986,#2011,#2034,#2057,#2080,#2103));
#1986 = ORIENTED_EDGE('',*,*,#1987,.T.);
#1987 = EDGE_CURVE('',#1988,#1990,#1992,.T.);
#1988 = VERTEX_POINT('',#1989);
#1989 = CARTESIAN_POINT('',(8.25,4.792007234274,282.5));
#1990 = VERTEX_POINT('',#1991);
#1991 = CARTESIAN_POINT('',(8.25,2.396003617137,286.65));
#1992 = SURFACE_CURVE('',#1993,(#1997,#2004),.PCURVE_S1.);
#1993 = LINE('',#1994,#1995);
#1994 = CARTESIAN_POINT('',(8.25,4.792007234274,282.5));
#1995 = VECTOR('',#1996,1.);
#1996 = DIRECTION('',(0.,-0.5,0.866025403784));
#1997 = PCURVE('',#1166,#1998);
#1998 = DEFINITIONAL_REPRESENTATION('',(#1999),#2003);
#1999 = LINE('',#2000,#2001);
#2000 = CARTESIAN_POINT('',(4.792007234274,6.065144734758E-17));
#2001 = VECTOR('',#2002,1.);
#2002 = DIRECTION('',(-0.5,0.866025403784));
#2003 = ( GEOMETRIC_REPRESENTATION_CONTEXT(2) 
PARAMETRIC_REPRESENTATION_CONTEXT() REPRESENTATION_CONTEXT('2D SPACE',''
  ) );
#2004 = PCURVE('',#1277,#2005);
#2005 = DEFINITIONAL_REPRESENTATION('',(#2006),#2010);
#2006 = LINE('',#2007,#2008);
#2007 = CARTESIAN_POINT('',(0.,0.));
#2008 = VECTOR('',#2009,1.);
#2009 = DIRECTION('',(1.,0.));
#2010 = ( GEOMETRIC_REPRESENTATION_CONTEXT(2) 
PARAMETRIC_REPRESENTATION_CONTEXT() REPRESENTATION_CONTEXT('2D SPACE',''
  ) );
#2011 = ORIENTED_EDGE('',*,*,#2012,.T.);
#2012 = EDGE_CURVE('',#1990,#2013,#2015,.T.);
#2013 = VERTEX_POINT('',#2014);
#2014 = CARTESIAN_POINT('',(8.25,-2.396003617137,286.65));
#2015 = SURFACE_CURVE('',#2016,(#2020,#2027),.PCURVE_S1.);
#2016 = LINE('',#2017,#2018);
#2017 = CARTESIAN_POINT('',(8.25,2.396003617137,286.65));
#2018 = VECTOR('',#2019,1.);
#2019 = DIRECTION('',(0.,-1.,1.853458010972E-16));
#2020 = PCURVE('',#1166,#2021);
#2021 = DEFINITIONAL_REPRESENTATION('',(#2022),#2026);
#2022 = LINE('',#2023,#2024);
#2023 = CARTESIAN_POINT('',(2.396003617137,4.15));
#2024 = VECTOR('',#2025,1.);
#2025 = DIRECTION('',(-1.,1.853458010972E-16));
#2026 = ( GEOMETRIC_REPRESENTATION_CONTEXT(2) 
PARAMETRIC_REPRESENTATION_CONTEXT() REPRESENTATION_CONTEXT('2D SPACE',''
  ) );
#2027 = PCURVE('',#1251,#2028);
#2028 = DEFINITIONAL_REPRESENTATION('',(#2029),#2033);
#2029 = LINE('',#2030,#2031);
#2030 = CARTESIAN_POINT('',(0.,0.));
#2031 = VECTOR('',#2032,1.);
#2032 = DIRECTION('',(1.,0.));
#2033 = ( GEOMETRIC_REPRESENTATION_CONTEXT(2) 
PARAMETRIC_REPRESENTATION_CONTEXT() REPRESENTATION_CONTEXT('2D SPACE',''
  ) );
#2034 = ORIENTED_EDGE('',*,*,#2035,.T.);
#2035 = EDGE_CURVE('',#2013,#2036,#2038,.T.);
#2036 = VERTEX_POINT('',#2037);
#2037 = CARTESIAN_POINT('',(8.25,-4.792007234274,282.5));
#2038 = SURFACE_CURVE('',#2039,(#2043,#2050),.PCURVE_S1.);
#2039 = LINE('',#2040,#2041);
#2040 = CARTESIAN_POINT('',(8.25,-2.396003617137,286.65));
#2041 = VECTOR('',#2042,1.);
#2042 = DIRECTION('',(0.,-0.5,-0.866025403784));
#2043 = PCURVE('',#1166,#2044);
#2044 = DEFINITIONAL_REPRESENTATION('',(#2045),#2049);
#2045 = LINE('',#2046,#2047);
#2046 = CARTESIAN_POINT('',(-2.396003617137,4.15));
#2047 = VECTOR('',#2048,1.);
#2048 = DIRECTION('',(-0.5,-0.866025403784));
#2049 = ( GEOMETRIC_REPRESENTATION_CONTEXT(2) 
PARAMETRIC_REPRESENTATION_CONTEXT() REPRESENTATION_CONTEXT('2D SPACE',''
  ) );
#2050 = PCURVE('',#1379,#2051);
#2051 = DEFINITIONAL_REPRESENTATION('',(#2052),#2056);
#2052 = LINE('',#2053,#2054);
#2053 = CARTESIAN_POINT('',(0.,0.));
#2054 = VECTOR('',#2055,1.);
#2055 = DIRECTION('',(1.,0.));
#2056 = ( GEOMETRIC_REPRESENTATION_CONTEXT(2) 
PARAMETRIC_REPRESENTATION_CONTEXT() REPRESENTATION_CONTEXT('2D SPACE',''
  ) );
#2057 = ORIENTED_EDGE('',*,*,#2058,.T.);
#2058 = EDGE_CURVE('',#2036,#2059,#2061,.T.);
#2059 = VERTEX_POINT('',#2060);
#2060 = CARTESIAN_POINT('',(8.25,-2.396003617137,278.35));
#2061 = SURFACE_CURVE('',#2062,(#2066,#2073),.PCURVE_S1.);
#2062 = LINE('',#2063,#2064);
#2063 = CARTESIAN_POINT('',(8.25,-4.792007234274,282.5));
#2064 = VECTOR('',#2065,1.);
#2065 = DIRECTION('',(0.,0.5,-0.866025403784));
#2066 = PCURVE('',#1166,#2067);
#2067 = DEFINITIONAL_REPRESENTATION('',(#2068),#2072);
#2068 = LINE('',#2069,#2070);
#2069 = CARTESIAN_POINT('',(-4.792007234274,6.47503079442E-16));
#2070 = VECTOR('',#2071,1.);
#2071 = DIRECTION('',(0.5,-0.866025403784));
#2072 = ( GEOMETRIC_REPRESENTATION_CONTEXT(2) 
PARAMETRIC_REPRESENTATION_CONTEXT() REPRESENTATION_CONTEXT('2D SPACE',''
  ) );
#2073 = PCURVE('',#1355,#2074);
#2074 = DEFINITIONAL_REPRESENTATION('',(#2075),#2079);
#2075 = LINE('',#2076,#2077);
#2076 = CARTESIAN_POINT('',(0.,0.));
#2077 = VECTOR('',#2078,1.);
#2078 = DIRECTION('',(1.,0.));
#2079 = ( GEOMETRIC_REPRESENTATION_CONTEXT(2) 
PARAMETRIC_REPRESENTATION_CONTEXT() REPRESENTATION_CONTEXT('2D SPACE',''
  ) );
#2080 = ORIENTED_EDGE('',*,*,#2081,.T.);
#2081 = EDGE_CURVE('',#2059,#2082,#2084,.T.);
#2082 = VERTEX_POINT('',#2083);
#2083 = CARTESIAN_POINT('',(8.25,2.396003617137,278.35));
#2084 = SURFACE_CURVE('',#2085,(#2089,#2096),.PCURVE_S1.);
#2085 = LINE('',#2086,#2087);
#2086 = CARTESIAN_POINT('',(8.25,-2.396003617137,278.35));
#2087 = VECTOR('',#2088,1.);
#2088 = DIRECTION('',(0.,1.,-1.853458010972E-16));
#2089 = PCURVE('',#1166,#2090);
#2090 = DEFINITIONAL_REPRESENTATION('',(#2091),#2095);
#2091 = LINE('',#2092,#2093);
#2092 = CARTESIAN_POINT('',(-2.396003617137,-4.15));
#2093 = VECTOR('',#2094,1.);
#2094 = DIRECTION('',(1.,-1.853458010972E-16));
#2095 = ( GEOMETRIC_REPRESENTATION_CONTEXT(2) 
PARAMETRIC_REPRESENTATION_CONTEXT() REPRESENTATION_CONTEXT('2D SPACE',''
  ) );
#2096 = PCURVE('',#1329,#2097);
#2097 = DEFINITIONAL_REPRESENTATION('',(#2098),#2102);
#2098 = LINE('',#2099,#2100);
#2099 = CARTESIAN_POINT('',(0.,0.));
#2100 = VECTOR('',#2101,1.);
#2101 = DIRECTION('',(1.,0.));
#2102 = ( GEOMETRIC_REPRESENTATION_CONTEXT(2) 
PARAMETRIC_REPRESENTATION_CONTEXT() REPRESENTATION_CONTEXT('2D SPACE',''
  ) );
#2103 = ORIENTED_EDGE('',*,*,#2104,.T.);
#2104 = EDGE_CURVE('',#2082,#1988,#2105,.T.);
#2105 = SURFACE_CURVE('',#2106,(#2110,#2117),.PCURVE_S1.);
#2106 = LINE('',#2107,#2108);
#2107 = CARTESIAN_POINT('',(8.25,2.396003617137,278.35));
#2108 = VECTOR('',#2109,1.);
#2109 = DIRECTION('',(0.,0.5,0.866025403784));
#2110 = PCURVE('',#1166,#2111);
#2111 = DEFINITIONAL_REPRESENTATION('',(#2112),#2116);
#2112 = LINE('',#2113,#2114);
#2113 = CARTESIAN_POINT('',(2.396003617137,-4.15));
#2114 = VECTOR('',#2115,1.);
#2115 = DIRECTION('',(0.5,0.866025403784));
#2116 = ( GEOMETRIC_REPRESENTATION_CONTEXT(2) 
PARAMETRIC_REPRESENTATION_CONTEXT() REPRESENTATION_CONTEXT('2D SPACE',''
  ) );
#2117 = PCURVE('',#1303,#2118);
#2118 = DEFINITIONAL_REPRESENTATION('',(#2119),#2123);
#2119 = LINE('',#2120,#2121);
#2120 = CARTESIAN_POINT('',(0.,0.));
#2121 = VECTOR('',#2122,1.);
#2122 = DIRECTION('',(1.,0.));
#2123 = ( GEOMETRIC_REPRESENTATION_CONTEXT(2) 
PARAMETRIC_REPRESENTATION_CONTEXT() REPRESENTATION_CONTEXT('2D SPACE',''
  ) );
#2124 = FACE_BOUND('',#2125,.T.);
#2125 = EDGE_LOOP('',(#2126));
#2126 = ORIENTED_EDGE('',*,*,#1151,.T.);
#2127 = ADVANCED_FACE('',(#2128),#1251,.T.);
#2128 = FACE_BOUND('',#2129,.T.);
#2129 = EDGE_LOOP('',(#2130,#2131,#2152,#2153));
#2130 = ORIENTED_EDGE('',*,*,#2012,.F.);
#2131 = ORIENTED_EDGE('',*,*,#2132,.T.);
#2132 = EDGE_CURVE('',#1990,#1237,#2133,.T.);
#2133 = SURFACE_CURVE('',#2134,(#2138,#2145),.PCURVE_S1.);
#2134 = LINE('',#2135,#2136);
#2135 = CARTESIAN_POINT('',(8.25,2.396003617137,286.65));
#2136 = VECTOR('',#2137,1.);
#2137 = DIRECTION('',(1.,0.,0.));
#2138 = PCURVE('',#1251,#2139);
#2139 = DEFINITIONAL_REPRESENTATION('',(#2140),#2144);
#2140 = LINE('',#2141,#2142);
#2141 = CARTESIAN_POINT('',(0.,0.));
#2142 = VECTOR('',#2143,1.);
#2143 = DIRECTION('',(0.,-1.));
#2144 = ( GEOMETRIC_REPRESENTATION_CONTEXT(2) 
PARAMETRIC_REPRESENTATION_CONTEXT() REPRESENTATION_CONTEXT('2D SPACE',''
  ) );
#2145 = PCURVE('',#1277,#2146);
#2146 = DEFINITIONAL_REPRESENTATION('',(#2147),#2151);
#2147 = LINE('',#2148,#2149);
#2148 = CARTESIAN_POINT('',(4.792007234274,0.));
#2149 = VECTOR('',#2150,1.);
#2150 = DIRECTION('',(0.,-1.));
#2151 = ( GEOMETRIC_REPRESENTATION_CONTEXT(2) 
PARAMETRIC_REPRESENTATION_CONTEXT() REPRESENTATION_CONTEXT('2D SPACE',''
  ) );
#2152 = ORIENTED_EDGE('',*,*,#1234,.F.);
#2153 = ORIENTED_EDGE('',*,*,#2154,.F.);
#2154 = EDGE_CURVE('',#2013,#1235,#2155,.T.);
#2155 = SURFACE_CURVE('',#2156,(#2160,#2167),.PCURVE_S1.);
#2156 = LINE('',#2157,#2158);
#2157 = CARTESIAN_POINT('',(8.25,-2.396003617137,286.65));
#2158 = VECTOR('',#2159,1.);
#2159 = DIRECTION('',(1.,0.,0.));
#2160 = PCURVE('',#1251,#2161);
#2161 = DEFINITIONAL_REPRESENTATION('',(#2162),#2166);
#2162 = LINE('',#2163,#2164);
#2163 = CARTESIAN_POINT('',(4.792007234274,0.));
#2164 = VECTOR('',#2165,1.);
#2165 = DIRECTION('',(0.,-1.));
#2166 = ( GEOMETRIC_REPRESENTATION_CONTEXT(2) 
PARAMETRIC_REPRESENTATION_CONTEXT() REPRESENTATION_CONTEXT('2D SPACE',''
  ) );
#2167 = PCURVE('',#1379,#2168);
#2168 = DEFINITIONAL_REPRESENTATION('',(#2169),#2173);
#2169 = LINE('',#2170,#2171);
#2170 = CARTESIAN_POINT('',(0.,0.));
#2171 = VECTOR('',#2172,1.);
#2172 = DIRECTION('',(0.,-1.));
#2173 = ( GEOMETRIC_REPRESENTATION_CONTEXT(2) 
PARAMETRIC_REPRESENTATION_CONTEXT() REPRESENTATION_CONTEXT('2D SPACE',''
  ) );
#2174 = ADVANCED_FACE('',(#2175),#1379,.T.);
#2175 = FACE_BOUND('',#2176,.T.);
#2176 = EDGE_LOOP('',(#2177,#2178,#2179,#2180));
#2177 = ORIENTED_EDGE('',*,*,#2035,.F.);
#2178 = ORIENTED_EDGE('',*,*,#2154,.T.);
#2179 = ORIENTED_EDGE('',*,*,#1366,.F.);
#2180 = ORIENTED_EDGE('',*,*,#2181,.F.);
#2181 = EDGE_CURVE('',#2036,#1341,#2182,.T.);
#2182 = SURFACE_CURVE('',#2183,(#2187,#2194),.PCURVE_S1.);
#2183 = LINE('',#2184,#2185);
#2184 = CARTESIAN_POINT('',(8.25,-4.792007234274,282.5));
#2185 = VECTOR('',#2186,1.);
#2186 = DIRECTION('',(1.,0.,0.));
#2187 = PCURVE('',#1379,#2188);
#2188 = DEFINITIONAL_REPRESENTATION('',(#2189),#2193);
#2189 = LINE('',#2190,#2191);
#2190 = CARTESIAN_POINT('',(4.792007234274,0.));
#2191 = VECTOR('',#2192,1.);
#2192 = DIRECTION('',(0.,-1.));
#2193 = ( GEOMETRIC_REPRESENTATION_CONTEXT(2) 
PARAMETRIC_REPRESENTATION_CONTEXT() REPRESENTATION_CONTEXT('2D SPACE',''
  ) );
#2194 = PCURVE('',#1355,#2195);
#2195 = DEFINITIONAL_REPRESENTATION('',(#2196),#2200);
#2196 = LINE('',#2197,#2198);
#2197 = CARTESIAN_POINT('',(0.,0.));
#2198 = VECTOR('',#2199,1.);
#2199 = DIRECTION('',(0.,-1.));
#2200 = ( GEOMETRIC_REPRESENTATION_CONTEXT(2) 
PARAMETRIC_REPRESENTATION_CONTEXT() REPRESENTATION_CONTEXT('2D SPACE',''
  ) );
#2201 = ADVANCED_FACE('',(#2202),#1355,.T.);
#2202 = FACE_BOUND('',#2203,.T.);
#2203 = EDGE_LOOP('',(#2204,#2205,#2206,#2207));
#2204 = ORIENTED_EDGE('',*,*,#2058,.F.);
#2205 = ORIENTED_EDGE('',*,*,#2181,.T.);
#2206 = ORIENTED_EDGE('',*,*,#1340,.F.);
#2207 = ORIENTED_EDGE('',*,*,#2208,.F.);
#2208 = EDGE_CURVE('',#2059,#1315,#2209,.T.);
#2209 = SURFACE_CURVE('',#2210,(#2214,#2221),.PCURVE_S1.);
#2210 = LINE('',#2211,#2212);
#2211 = CARTESIAN_POINT('',(8.25,-2.396003617137,278.35));
#2212 = VECTOR('',#2213,1.);
#2213 = DIRECTION('',(1.,0.,0.));
#2214 = PCURVE('',#1355,#2215);
#2215 = DEFINITIONAL_REPRESENTATION('',(#2216),#2220);
#2216 = LINE('',#2217,#2218);
#2217 = CARTESIAN_POINT('',(4.792007234274,0.));
#2218 = VECTOR('',#2219,1.);
#2219 = DIRECTION('',(0.,-1.));
#2220 = ( GEOMETRIC_REPRESENTATION_CONTEXT(2) 
PARAMETRIC_REPRESENTATION_CONTEXT() REPRESENTATION_CONTEXT('2D SPACE',''
  ) );
#2221 = PCURVE('',#1329,#2222);
#2222 = DEFINITIONAL_REPRESENTATION('',(#2223),#2227);
#2223 = LINE('',#2224,#2225);
#2224 = CARTESIAN_POINT('',(0.,0.));
#2225 = VECTOR('',#2226,1.);
#2226 = DIRECTION('',(0.,-1.));
#2227 = ( GEOMETRIC_REPRESENTATION_CONTEXT(2) 
PARAMETRIC_REPRESENTATION_CONTEXT() REPRESENTATION_CONTEXT('2D SPACE',''
  ) );
#2228 = ADVANCED_FACE('',(#2229),#1329,.T.);
#2229 = FACE_BOUND('',#2230,.T.);
#2230 = EDGE_LOOP('',(#2231,#2232,#2233,#2234));
#2231 = ORIENTED_EDGE('',*,*,#2081,.F.);
#2232 = ORIENTED_EDGE('',*,*,#2208,.T.);
#2233 = ORIENTED_EDGE('',*,*,#1314,.F.);
#2234 = ORIENTED_EDGE('',*,*,#2235,.F.);
#2235 = EDGE_CURVE('',#2082,#1289,#2236,.T.);
#2236 = SURFACE_CURVE('',#2237,(#2241,#2248),.PCURVE_S1.);
#2237 = LINE('',#2238,#2239);
#2238 = CARTESIAN_POINT('',(8.25,2.396003617137,278.35));
#2239 = VECTOR('',#2240,1.);
#2240 = DIRECTION('',(1.,0.,0.));
#2241 = PCURVE('',#1329,#2242);
#2242 = DEFINITIONAL_REPRESENTATION('',(#2243),#2247);
#2243 = LINE('',#2244,#2245);
#2244 = CARTESIAN_POINT('',(4.792007234274,0.));
#2245 = VECTOR('',#2246,1.);
#2246 = DIRECTION('',(0.,-1.));
#2247 = ( GEOMETRIC_REPRESENTATION_CONTEXT(2) 
PARAMETRIC_REPRESENTATION_CONTEXT() REPRESENTATION_CONTEXT('2D SPACE',''
  ) );
#2248 = PCURVE('',#1303,#2249);
#2249 = DEFINITIONAL_REPRESENTATION('',(#2250),#2254);
#2250 = LINE('',#2251,#2252);
#2251 = CARTESIAN_POINT('',(0.,0.));
#2252 = VECTOR('',#2253,1.);
#2253 = DIRECTION('',(0.,-1.));
#2254 = ( GEOMETRIC_REPRESENTATION_CONTEXT(2) 
PARAMETRIC_REPRESENTATION_CONTEXT() REPRESENTATION_CONTEXT('2D SPACE',''
  ) );
#2255 = ADVANCED_FACE('',(#2256),#1303,.T.);
#2256 = FACE_BOUND('',#2257,.T.);
#2257 = EDGE_LOOP('',(#2258,#2259,#2260,#2261));
#2258 = ORIENTED_EDGE('',*,*,#2104,.F.);
#2259 = ORIENTED_EDGE('',*,*,#2235,.T.);
#2260 = ORIENTED_EDGE('',*,*,#1288,.F.);
#2261 = ORIENTED_EDGE('',*,*,#2262,.F.);
#2262 = EDGE_CURVE('',#1988,#1263,#2263,.T.);
#2263 = SURFACE_CURVE('',#2264,(#2268,#2275),.PCURVE_S1.);
#2264 = LINE('',#2265,#2266);
#2265 = CARTESIAN_POINT('',(8.25,4.792007234274,282.5));
#2266 = VECTOR('',#2267,1.);
#2267 = DIRECTION('',(1.,0.,0.));
#2268 = PCURVE('',#1303,#2269);
#2269 = DEFINITIONAL_REPRESENTATION('',(#2270),#2274);
#2270 = LINE('',#2271,#2272);
#2271 = CARTESIAN_POINT('',(4.792007234274,0.));
#2272 = VECTOR('',#2273,1.);
#2273 = DIRECTION('',(0.,-1.));
#2274 = ( GEOMETRIC_REPRESENTATION_CONTEXT(2) 
PARAMETRIC_REPRESENTATION_CONTEXT() REPRESENTATION_CONTEXT('2D SPACE',''
  ) );
#2275 = PCURVE('',#1277,#2276);
#2276 = DEFINITIONAL_REPRESENTATION('',(#2277),#2281);
#2277 = LINE('',#2278,#2279);
#2278 = CARTESIAN_POINT('',(0.,0.));
#2279 = VECTOR('',#2280,1.);
#2280 = DIRECTION('',(0.,-1.));
#2281 = ( GEOMETRIC_REPRESENTATION_CONTEXT(2) 
PARAMETRIC_REPRESENTATION_CONTEXT() REPRESENTATION_CONTEXT('2D SPACE',''
  ) );
#2282 = ADVANCED_FACE('',(#2283),#1277,.T.);
#2283 = FACE_BOUND('',#2284,.T.);
#2284 = EDGE_LOOP('',(#2285,#2286,#2287,#2288));
#2285 = ORIENTED_EDGE('',*,*,#1987,.F.);
#2286 = ORIENTED_EDGE('',*,*,#2262,.T.);
#2287 = ORIENTED_EDGE('',*,*,#1262,.F.);
#2288 = ORIENTED_EDGE('',*,*,#2132,.F.);
#2289 = ADVANCED_FACE('',(#2290),#1462,.F.);
#2290 = FACE_BOUND('',#2291,.T.);
#2291 = EDGE_LOOP('',(#2292,#2293,#2314,#2315));
#2292 = ORIENTED_EDGE('',*,*,#1548,.T.);
#2293 = ORIENTED_EDGE('',*,*,#2294,.T.);
#2294 = EDGE_CURVE('',#1521,#1927,#2295,.T.);
#2295 = SURFACE_CURVE('',#2296,(#2300,#2307),.PCURVE_S1.);
#2296 = LINE('',#2297,#2298);
#2297 = CARTESIAN_POINT('',(33.,-20.,10.));
#2298 = VECTOR('',#2299,1.);
#2299 = DIRECTION('',(0.,1.,0.));
#2300 = PCURVE('',#1462,#2301);
#2301 = DEFINITIONAL_REPRESENTATION('',(#2302),#2306);
#2302 = LINE('',#2303,#2304);
#2303 = CARTESIAN_POINT('',(-1.570796326795,0.));
#2304 = VECTOR('',#2305,1.);
#2305 = DIRECTION('',(-0.,1.));
#2306 = ( GEOMETRIC_REPRESENTATION_CONTEXT(2) 
PARAMETRIC_REPRESENTATION_CONTEXT() REPRESENTATION_CONTEXT('2D SPACE',''
  ) );
#2307 = PCURVE('',#1536,#2308);
#2308 = DEFINITIONAL_REPRESENTATION('',(#2309),#2313);
#2309 = LINE('',#2310,#2311);
#2310 = CARTESIAN_POINT('',(33.,-20.));
#2311 = VECTOR('',#2312,1.);
#2312 = DIRECTION('',(0.,1.));
#2313 = ( GEOMETRIC_REPRESENTATION_CONTEXT(2) 
PARAMETRIC_REPRESENTATION_CONTEXT() REPRESENTATION_CONTEXT('2D SPACE',''
  ) );
#2314 = ORIENTED_EDGE('',*,*,#1949,.F.);
#2315 = ORIENTED_EDGE('',*,*,#1448,.F.);
#2316 = ADVANCED_FACE('',(#2317),#1502,.F.);
#2317 = FACE_BOUND('',#2318,.F.);
#2318 = EDGE_LOOP('',(#2319,#2320,#2341,#2342));
#2319 = ORIENTED_EDGE('',*,*,#1479,.T.);
#2320 = ORIENTED_EDGE('',*,*,#2321,.T.);
#2321 = EDGE_CURVE('',#1480,#1891,#2322,.T.);
#2322 = SURFACE_CURVE('',#2323,(#2327,#2334),.PCURVE_S1.);
#2323 = LINE('',#2324,#2325);
#2324 = CARTESIAN_POINT('',(-33.,-20.,10.));
#2325 = VECTOR('',#2326,1.);
#2326 = DIRECTION('',(0.,1.,0.));
#2327 = PCURVE('',#1502,#2328);
#2328 = DEFINITIONAL_REPRESENTATION('',(#2329),#2333);
#2329 = LINE('',#2330,#2331);
#2330 = CARTESIAN_POINT('',(1.570796326795,0.));
#2331 = VECTOR('',#2332,1.);
#2332 = DIRECTION('',(0.,1.));
#2333 = ( GEOMETRIC_REPRESENTATION_CONTEXT(2) 
PARAMETRIC_REPRESENTATION_CONTEXT() REPRESENTATION_CONTEXT('2D SPACE',''
  ) );
#2334 = PCURVE('',#1536,#2335);
#2335 = DEFINITIONAL_REPRESENTATION('',(#2336),#2340);
#2336 = LINE('',#2337,#2338);
#2337 = CARTESIAN_POINT('',(-33.,-20.));
#2338 = VECTOR('',#2339,1.);
#2339 = DIRECTION('',(0.,1.));
#2340 = ( GEOMETRIC_REPRESENTATION_CONTEXT(2) 
PARAMETRIC_REPRESENTATION_CONTEXT() REPRESENTATION_CONTEXT('2D SPACE',''
  ) );
#2341 = ORIENTED_EDGE('',*,*,#1890,.F.);
#2342 = ORIENTED_EDGE('',*,*,#1587,.F.);
#2343 = ADVANCED_FACE('',(#2344,#2350,#2464,#2495,#2526,#2557),#1536,.T.
  );
#2344 = FACE_BOUND('',#2345,.T.);
#2345 = EDGE_LOOP('',(#2346,#2347,#2348,#2349));
#2346 = ORIENTED_EDGE('',*,*,#1520,.F.);
#2347 = ORIENTED_EDGE('',*,*,#2321,.T.);
#2348 = ORIENTED_EDGE('',*,*,#1926,.T.);
#2349 = ORIENTED_EDGE('',*,*,#2294,.F.);
#2350 = FACE_BOUND('',#2351,.T.);
#2351 = EDGE_LOOP('',(#2352,#2382,#2410,#2438));
#2352 = ORIENTED_EDGE('',*,*,#2353,.F.);
#2353 = EDGE_CURVE('',#2354,#2356,#2358,.T.);
#2354 = VERTEX_POINT('',#2355);
#2355 = CARTESIAN_POINT('',(-55.,-55.,10.));
#2356 = VERTEX_POINT('',#2357);
#2357 = CARTESIAN_POINT('',(-55.,55.,10.));
#2358 = SURFACE_CURVE('',#2359,(#2363,#2370),.PCURVE_S1.);
#2359 = LINE('',#2360,#2361);
#2360 = CARTESIAN_POINT('',(-55.,0.,10.));
#2361 = VECTOR('',#2362,1.);
#2362 = DIRECTION('',(0.,1.,0.));
#2363 = PCURVE('',#1536,#2364);
#2364 = DEFINITIONAL_REPRESENTATION('',(#2365),#2369);
#2365 = LINE('',#2366,#2367);
#2366 = CARTESIAN_POINT('',(-55.,0.));
#2367 = VECTOR('',#2368,1.);
#2368 = DIRECTION('',(0.,1.));
#2369 = ( GEOMETRIC_REPRESENTATION_CONTEXT(2) 
PARAMETRIC_REPRESENTATION_CONTEXT() REPRESENTATION_CONTEXT('2D SPACE',''
  ) );
#2370 = PCURVE('',#2371,#2376);
#2371 = PLANE('',#2372);
#2372 = AXIS2_PLACEMENT_3D('',#2373,#2374,#2375);
#2373 = CARTESIAN_POINT('',(-55.,-55.,0.));
#2374 = DIRECTION('',(-1.,0.,0.));
#2375 = DIRECTION('',(0.,1.,0.));
#2376 = DEFINITIONAL_REPRESENTATION('',(#2377),#2381);
#2377 = LINE('',#2378,#2379);
#2378 = CARTESIAN_POINT('',(55.,-10.));
#2379 = VECTOR('',#2380,1.);
#2380 = DIRECTION('',(1.,0.));
#2381 = ( GEOMETRIC_REPRESENTATION_CONTEXT(2) 
PARAMETRIC_REPRESENTATION_CONTEXT() REPRESENTATION_CONTEXT('2D SPACE',''
  ) );
#2382 = ORIENTED_EDGE('',*,*,#2383,.T.);
#2383 = EDGE_CURVE('',#2354,#2384,#2386,.T.);
#2384 = VERTEX_POINT('',#2385);
#2385 = CARTESIAN_POINT('',(55.,-55.,10.));
#2386 = SURFACE_CURVE('',#2387,(#2391,#2398),.PCURVE_S1.);
#2387 = LINE('',#2388,#2389);
#2388 = CARTESIAN_POINT('',(0.,-55.,10.));
#2389 = VECTOR('',#2390,1.);
#2390 = DIRECTION('',(1.,0.,0.));
#2391 = PCURVE('',#1536,#2392);
#2392 = DEFINITIONAL_REPRESENTATION('',(#2393),#2397);
#2393 = LINE('',#2394,#2395);
#2394 = CARTESIAN_POINT('',(0.,-55.));
#2395 = VECTOR('',#2396,1.);
#2396 = DIRECTION('',(1.,0.));
#2397 = ( GEOMETRIC_REPRESENTATION_CONTEXT(2) 
PARAMETRIC_REPRESENTATION_CONTEXT() REPRESENTATION_CONTEXT('2D SPACE',''
  ) );
#2398 = PCURVE('',#2399,#2404);
#2399 = PLANE('',#2400);
#2400 = AXIS2_PLACEMENT_3D('',#2401,#2402,#2403);
#2401 = CARTESIAN_POINT('',(-55.,-55.,0.));
#2402 = DIRECTION('',(0.,1.,0.));
#2403 = DIRECTION('',(1.,0.,0.));
#2404 = DEFINITIONAL_REPRESENTATION('',(#2405),#2409);
#2405 = LINE('',#2406,#2407);
#2406 = CARTESIAN_POINT('',(55.,-10.));
#2407 = VECTOR('',#2408,1.);
#2408 = DIRECTION('',(1.,0.));
#2409 = ( GEOMETRIC_REPRESENTATION_CONTEXT(2) 
PARAMETRIC_REPRESENTATION_CONTEXT() REPRESENTATION_CONTEXT('2D SPACE',''
  ) );
#2410 = ORIENTED_EDGE('',*,*,#2411,.T.);
#2411 = EDGE_CURVE('',#2384,#2412,#2414,.T.);
#2412 = VERTEX_POINT('',#2413);
#2413 = CARTESIAN_POINT('',(55.,55.,10.));
#2414 = SURFACE_CURVE('',#2415,(#2419,#2426),.PCURVE_S1.);
#2415 = LINE('',#2416,#2417);
#2416 = CARTESIAN_POINT('',(55.,0.,10.));
#2417 = VECTOR('',#2418,1.);
#2418 = DIRECTION('',(0.,1.,0.));
#2419 = PCURVE('',#1536,#2420);
#2420 = DEFINITIONAL_REPRESENTATION('',(#2421),#2425);
#2421 = LINE('',#2422,#2423);
#2422 = CARTESIAN_POINT('',(55.,0.));
#2423 = VECTOR('',#2424,1.);
#2424 = DIRECTION('',(0.,1.));
#2425 = ( GEOMETRIC_REPRESENTATION_CONTEXT(2) 
PARAMETRIC_REPRESENTATION_CONTEXT() REPRESENTATION_CONTEXT('2D SPACE',''
  ) );
#2426 = PCURVE('',#2427,#2432);
#2427 = PLANE('',#2428);
#2428 = AXIS2_PLACEMENT_3D('',#2429,#2430,#2431);
#2429 = CARTESIAN_POINT('',(55.,-55.,0.));
#2430 = DIRECTION('',(-1.,0.,0.));
#2431 = DIRECTION('',(0.,1.,0.));
#2432 = DEFINITIONAL_REPRESENTATION('',(#2433),#2437);
#2433 = LINE('',#2434,#2435);
#2434 = CARTESIAN_POINT('',(55.,-10.));
#2435 = VECTOR('',#2436,1.);
#2436 = DIRECTION('',(1.,0.));
#2437 = ( GEOMETRIC_REPRESENTATION_CONTEXT(2) 
PARAMETRIC_REPRESENTATION_CONTEXT() REPRESENTATION_CONTEXT('2D SPACE',''
  ) );
#2438 = ORIENTED_EDGE('',*,*,#2439,.F.);
#2439 = EDGE_CURVE('',#2356,#2412,#2440,.T.);
#2440 = SURFACE_CURVE('',#2441,(#2445,#2452),.PCURVE_S1.);
#2441 = LINE('',#2442,#2443);
#2442 = CARTESIAN_POINT('',(0.,55.,10.));
#2443 = VECTOR('',#2444,1.);
#2444 = DIRECTION('',(1.,0.,0.));
#2445 = PCURVE('',#1536,#2446);
#2446 = DEFINITIONAL_REPRESENTATION('',(#2447),#2451);
#2447 = LINE('',#2448,#2449);
#2448 = CARTESIAN_POINT('',(0.,55.));
#2449 = VECTOR('',#2450,1.);
#2450 = DIRECTION('',(1.,0.));
#2451 = ( GEOMETRIC_REPRESENTATION_CONTEXT(2) 
PARAMETRIC_REPRESENTATION_CONTEXT() REPRESENTATION_CONTEXT('2D SPACE',''
  ) );
#2452 = PCURVE('',#2453,#2458);
#2453 = PLANE('',#2454);
#2454 = AXIS2_PLACEMENT_3D('',#2455,#2456,#2457);
#2455 = CARTESIAN_POINT('',(-55.,55.,0.));
#2456 = DIRECTION('',(0.,1.,0.));
#2457 = DIRECTION('',(1.,0.,0.));
#2458 = DEFINITIONAL_REPRESENTATION('',(#2459),#2463);
#2459 = LINE('',#2460,#2461);
#2460 = CARTESIAN_POINT('',(55.,-10.));
#2461 = VECTOR('',#2462,1.);
#2462 = DIRECTION('',(1.,0.));
#2463 = ( GEOMETRIC_REPRESENTATION_CONTEXT(2) 
PARAMETRIC_REPRESENTATION_CONTEXT() REPRESENTATION_CONTEXT('2D SPACE',''
  ) );
#2464 = FACE_BOUND('',#2465,.T.);
#2465 = EDGE_LOOP('',(#2466));
#2466 = ORIENTED_EDGE('',*,*,#2467,.F.);
#2467 = EDGE_CURVE('',#2468,#2468,#2470,.T.);
#2468 = VERTEX_POINT('',#2469);
#2469 = CARTESIAN_POINT('',(-40.25,-43.,10.));
#2470 = SURFACE_CURVE('',#2471,(#2476,#2483),.PCURVE_S1.);
#2471 = CIRCLE('',#2472,2.75);
#2472 = AXIS2_PLACEMENT_3D('',#2473,#2474,#2475);
#2473 = CARTESIAN_POINT('',(-43.,-43.,10.));
#2474 = DIRECTION('',(0.,0.,1.));
#2475 = DIRECTION('',(1.,0.,0.));
#2476 = PCURVE('',#1536,#2477);
#2477 = DEFINITIONAL_REPRESENTATION('',(#2478),#2482);
#2478 = CIRCLE('',#2479,2.75);
#2479 = AXIS2_PLACEMENT_2D('',#2480,#2481);
#2480 = CARTESIAN_POINT('',(-43.,-43.));
#2481 = DIRECTION('',(1.,0.));
#2482 = ( GEOMETRIC_REPRESENTATION_CONTEXT(2) 
PARAMETRIC_REPRESENTATION_CONTEXT() REPRESENTATION_CONTEXT('2D SPACE',''
  ) );
#2483 = PCURVE('',#2484,#2489);
#2484 = CYLINDRICAL_SURFACE('',#2485,2.75);
#2485 = AXIS2_PLACEMENT_3D('',#2486,#2487,#2488);
#2486 = CARTESIAN_POINT('',(-43.,-43.,0.));
#2487 = DIRECTION('',(-0.,-0.,-1.));
#2488 = DIRECTION('',(1.,0.,0.));
#2489 = DEFINITIONAL_REPRESENTATION('',(#2490),#2494);
#2490 = LINE('',#2491,#2492);
#2491 = CARTESIAN_POINT('',(-0.,-10.));
#2492 = VECTOR('',#2493,1.);
#2493 = DIRECTION('',(-1.,0.));
#2494 = ( GEOMETRIC_REPRESENTATION_CONTEXT(2) 
PARAMETRIC_REPRESENTATION_CONTEXT() REPRESENTATION_CONTEXT('2D SPACE',''
  ) );
#2495 = FACE_BOUND('',#2496,.T.);
#2496 = EDGE_LOOP('',(#2497));
#2497 = ORIENTED_EDGE('',*,*,#2498,.F.);
#2498 = EDGE_CURVE('',#2499,#2499,#2501,.T.);
#2499 = VERTEX_POINT('',#2500);
#2500 = CARTESIAN_POINT('',(45.75,-43.,10.));
#2501 = SURFACE_CURVE('',#2502,(#2507,#2514),.PCURVE_S1.);
#2502 = CIRCLE('',#2503,2.75);
#2503 = AXIS2_PLACEMENT_3D('',#2504,#2505,#2506);
#2504 = CARTESIAN_POINT('',(43.,-43.,10.));
#2505 = DIRECTION('',(0.,0.,1.));
#2506 = DIRECTION('',(1.,0.,0.));
#2507 = PCURVE('',#1536,#2508);
#2508 = DEFINITIONAL_REPRESENTATION('',(#2509),#2513);
#2509 = CIRCLE('',#2510,2.75);
#2510 = AXIS2_PLACEMENT_2D('',#2511,#2512);
#2511 = CARTESIAN_POINT('',(43.,-43.));
#2512 = DIRECTION('',(1.,0.));
#2513 = ( GEOMETRIC_REPRESENTATION_CONTEXT(2) 
PARAMETRIC_REPRESENTATION_CONTEXT() REPRESENTATION_CONTEXT('2D SPACE',''
  ) );
#2514 = PCURVE('',#2515,#2520);
#2515 = CYLINDRICAL_SURFACE('',#2516,2.75);
#2516 = AXIS2_PLACEMENT_3D('',#2517,#2518,#2519);
#2517 = CARTESIAN_POINT('',(43.,-43.,0.));
#2518 = DIRECTION('',(-0.,-0.,-1.));
#2519 = DIRECTION('',(1.,0.,0.));
#2520 = DEFINITIONAL_REPRESENTATION('',(#2521),#2525);
#2521 = LINE('',#2522,#2523);
#2522 = CARTESIAN_POINT('',(-0.,-10.));
#2523 = VECTOR('',#2524,1.);
#2524 = DIRECTION('',(-1.,0.));
#2525 = ( GEOMETRIC_REPRESENTATION_CONTEXT(2) 
PARAMETRIC_REPRESENTATION_CONTEXT() REPRESENTATION_CONTEXT('2D SPACE',''
  ) );
#2526 = FACE_BOUND('',#2527,.T.);
#2527 = EDGE_LOOP('',(#2528));
#2528 = ORIENTED_EDGE('',*,*,#2529,.F.);
#2529 = EDGE_CURVE('',#2530,#2530,#2532,.T.);
#2530 = VERTEX_POINT('',#2531);
#2531 = CARTESIAN_POINT('',(-40.25,43.,10.));
#2532 = SURFACE_CURVE('',#2533,(#2538,#2545),.PCURVE_S1.);
#2533 = CIRCLE('',#2534,2.75);
#2534 = AXIS2_PLACEMENT_3D('',#2535,#2536,#2537);
#2535 = CARTESIAN_POINT('',(-43.,43.,10.));
#2536 = DIRECTION('',(0.,0.,1.));
#2537 = DIRECTION('',(1.,0.,0.));
#2538 = PCURVE('',#1536,#2539);
#2539 = DEFINITIONAL_REPRESENTATION('',(#2540),#2544);
#2540 = CIRCLE('',#2541,2.75);
#2541 = AXIS2_PLACEMENT_2D('',#2542,#2543);
#2542 = CARTESIAN_POINT('',(-43.,43.));
#2543 = DIRECTION('',(1.,0.));
#2544 = ( GEOMETRIC_REPRESENTATION_CONTEXT(2) 
PARAMETRIC_REPRESENTATION_CONTEXT() REPRESENTATION_CONTEXT('2D SPACE',''
  ) );
#2545 = PCURVE('',#2546,#2551);
#2546 = CYLINDRICAL_SURFACE('',#2547,2.75);
#2547 = AXIS2_PLACEMENT_3D('',#2548,#2549,#2550);
#2548 = CARTESIAN_POINT('',(-43.,43.,0.));
#2549 = DIRECTION('',(-0.,-0.,-1.));
#2550 = DIRECTION('',(1.,0.,0.));
#2551 = DEFINITIONAL_REPRESENTATION('',(#2552),#2556);
#2552 = LINE('',#2553,#2554);
#2553 = CARTESIAN_POINT('',(-0.,-10.));
#2554 = VECTOR('',#2555,1.);
#2555 = DIRECTION('',(-1.,0.));
#2556 = ( GEOMETRIC_REPRESENTATION_CONTEXT(2) 
PARAMETRIC_REPRESENTATION_CONTEXT() REPRESENTATION_CONTEXT('2D SPACE',''
  ) );
#2557 = FACE_BOUND('',#2558,.T.);
#2558 = EDGE_LOOP('',(#2559));
#2559 = ORIENTED_EDGE('',*,*,#2560,.F.);
#2560 = EDGE_CURVE('',#2561,#2561,#2563,.T.);
#2561 = VERTEX_POINT('',#2562);
#2562 = CARTESIAN_POINT('',(45.75,43.,10.));
#2563 = SURFACE_CURVE('',#2564,(#2569,#2576),.PCURVE_S1.);
#2564 = CIRCLE('',#2565,2.75);
#2565 = AXIS2_PLACEMENT_3D('',#2566,#2567,#2568);
#2566 = CARTESIAN_POINT('',(43.,43.,10.));
#2567 = DIRECTION('',(0.,0.,1.));
#2568 = DIRECTION('',(1.,0.,0.));
#2569 = PCURVE('',#1536,#2570);
#2570 = DEFINITIONAL_REPRESENTATION('',(#2571),#2575);
#2571 = CIRCLE('',#2572,2.75);
#2572 = AXIS2_PLACEMENT_2D('',#2573,#2574);
#2573 = CARTESIAN_POINT('',(43.,43.));
#2574 = DIRECTION('',(1.,0.));
#2575 = ( GEOMETRIC_REPRESENTATION_CONTEXT(2) 
PARAMETRIC_REPRESENTATION_CONTEXT() REPRESENTATION_CONTEXT('2D SPACE',''
  ) );
#2576 = PCURVE('',#2577,#2582);
#2577 = CYLINDRICAL_SURFACE('',#2578,2.75);
#2578 = AXIS2_PLACEMENT_3D('',#2579,#2580,#2581);
#2579 = CARTESIAN_POINT('',(43.,43.,0.));
#2580 = DIRECTION('',(-0.,-0.,-1.));
#2581 = DIRECTION('',(1.,0.,0.));
#2582 = DEFINITIONAL_REPRESENTATION('',(#2583),#2587);
#2583 = LINE('',#2584,#2585);
#2584 = CARTESIAN_POINT('',(-0.,-10.));
#2585 = VECTOR('',#2586,1.);
#2586 = DIRECTION('',(-1.,0.));
#2587 = ( GEOMETRIC_REPRESENTATION_CONTEXT(2) 
PARAMETRIC_REPRESENTATION_CONTEXT() REPRESENTATION_CONTEXT('2D SPACE',''
  ) );
#2588 = ADVANCED_FACE('',(#2589),#1732,.F.);
#2589 = FACE_BOUND('',#2590,.T.);
#2590 = EDGE_LOOP('',(#2591,#2592,#2613,#2614));
#2591 = ORIENTED_EDGE('',*,*,#1711,.T.);
#2592 = ORIENTED_EDGE('',*,*,#2593,.T.);
#2593 = EDGE_CURVE('',#1712,#1801,#2594,.T.);
#2594 = SEAM_CURVE('',#2595,(#2599,#2606),.PCURVE_S1.);
#2595 = LINE('',#2596,#2597);
#2596 = CARTESIAN_POINT('',(-16.75,2.75,282.5));
#2597 = VECTOR('',#2598,1.);
#2598 = DIRECTION('',(1.,0.,0.));
#2599 = PCURVE('',#1732,#2600);
#2600 = DEFINITIONAL_REPRESENTATION('',(#2601),#2605);
#2601 = LINE('',#2602,#2603);
#2602 = CARTESIAN_POINT('',(-6.28318530718,0.));
#2603 = VECTOR('',#2604,1.);
#2604 = DIRECTION('',(-0.,-1.));
#2605 = ( GEOMETRIC_REPRESENTATION_CONTEXT(2) 
PARAMETRIC_REPRESENTATION_CONTEXT() REPRESENTATION_CONTEXT('2D SPACE',''
  ) );
#2606 = PCURVE('',#1732,#2607);
#2607 = DEFINITIONAL_REPRESENTATION('',(#2608),#2612);
#2608 = LINE('',#2609,#2610);
#2609 = CARTESIAN_POINT('',(-0.,0.));
#2610 = VECTOR('',#2611,1.);
#2611 = DIRECTION('',(-0.,-1.));
#2612 = ( GEOMETRIC_REPRESENTATION_CONTEXT(2) 
PARAMETRIC_REPRESENTATION_CONTEXT() REPRESENTATION_CONTEXT('2D SPACE',''
  ) );
#2613 = ORIENTED_EDGE('',*,*,#1800,.F.);
#2614 = ORIENTED_EDGE('',*,*,#2593,.F.);
#2615 = ADVANCED_FACE('',(#2616),#2371,.T.);
#2616 = FACE_BOUND('',#2617,.T.);
#2617 = EDGE_LOOP('',(#2618,#2641,#2642,#2665));
#2618 = ORIENTED_EDGE('',*,*,#2619,.T.);
#2619 = EDGE_CURVE('',#2620,#2354,#2622,.T.);
#2620 = VERTEX_POINT('',#2621);
#2621 = CARTESIAN_POINT('',(-55.,-55.,0.));
#2622 = SURFACE_CURVE('',#2623,(#2627,#2634),.PCURVE_S1.);
#2623 = LINE('',#2624,#2625);
#2624 = CARTESIAN_POINT('',(-55.,-55.,0.));
#2625 = VECTOR('',#2626,1.);
#2626 = DIRECTION('',(0.,0.,1.));
#2627 = PCURVE('',#2371,#2628);
#2628 = DEFINITIONAL_REPRESENTATION('',(#2629),#2633);
#2629 = LINE('',#2630,#2631);
#2630 = CARTESIAN_POINT('',(0.,0.));
#2631 = VECTOR('',#2632,1.);
#2632 = DIRECTION('',(0.,-1.));
#2633 = ( GEOMETRIC_REPRESENTATION_CONTEXT(2) 
PARAMETRIC_REPRESENTATION_CONTEXT() REPRESENTATION_CONTEXT('2D SPACE',''
  ) );
#2634 = PCURVE('',#2399,#2635);
#2635 = DEFINITIONAL_REPRESENTATION('',(#2636),#2640);
#2636 = LINE('',#2637,#2638);
#2637 = CARTESIAN_POINT('',(0.,0.));
#2638 = VECTOR('',#2639,1.);
#2639 = DIRECTION('',(0.,-1.));
#2640 = ( GEOMETRIC_REPRESENTATION_CONTEXT(2) 
PARAMETRIC_REPRESENTATION_CONTEXT() REPRESENTATION_CONTEXT('2D SPACE',''
  ) );
#2641 = ORIENTED_EDGE('',*,*,#2353,.T.);
#2642 = ORIENTED_EDGE('',*,*,#2643,.F.);
#2643 = EDGE_CURVE('',#2644,#2356,#2646,.T.);
#2644 = VERTEX_POINT('',#2645);
#2645 = CARTESIAN_POINT('',(-55.,55.,0.));
#2646 = SURFACE_CURVE('',#2647,(#2651,#2658),.PCURVE_S1.);
#2647 = LINE('',#2648,#2649);
#2648 = CARTESIAN_POINT('',(-55.,55.,0.));
#2649 = VECTOR('',#2650,1.);
#2650 = DIRECTION('',(0.,0.,1.));
#2651 = PCURVE('',#2371,#2652);
#2652 = DEFINITIONAL_REPRESENTATION('',(#2653),#2657);
#2653 = LINE('',#2654,#2655);
#2654 = CARTESIAN_POINT('',(110.,0.));
#2655 = VECTOR('',#2656,1.);
#2656 = DIRECTION('',(0.,-1.));
#2657 = ( GEOMETRIC_REPRESENTATION_CONTEXT(2) 
PARAMETRIC_REPRESENTATION_CONTEXT() REPRESENTATION_CONTEXT('2D SPACE',''
  ) );
#2658 = PCURVE('',#2453,#2659);
#2659 = DEFINITIONAL_REPRESENTATION('',(#2660),#2664);
#2660 = LINE('',#2661,#2662);
#2661 = CARTESIAN_POINT('',(0.,0.));
#2662 = VECTOR('',#2663,1.);
#2663 = DIRECTION('',(0.,-1.));
#2664 = ( GEOMETRIC_REPRESENTATION_CONTEXT(2) 
PARAMETRIC_REPRESENTATION_CONTEXT() REPRESENTATION_CONTEXT('2D SPACE',''
  ) );
#2665 = ORIENTED_EDGE('',*,*,#2666,.F.);
#2666 = EDGE_CURVE('',#2620,#2644,#2667,.T.);
#2667 = SURFACE_CURVE('',#2668,(#2672,#2679),.PCURVE_S1.);
#2668 = LINE('',#2669,#2670);
#2669 = CARTESIAN_POINT('',(-55.,0.,0.));
#2670 = VECTOR('',#2671,1.);
#2671 = DIRECTION('',(0.,1.,0.));
#2672 = PCURVE('',#2371,#2673);
#2673 = DEFINITIONAL_REPRESENTATION('',(#2674),#2678);
#2674 = LINE('',#2675,#2676);
#2675 = CARTESIAN_POINT('',(55.,0.));
#2676 = VECTOR('',#2677,1.);
#2677 = DIRECTION('',(1.,0.));
#2678 = ( GEOMETRIC_REPRESENTATION_CONTEXT(2) 
PARAMETRIC_REPRESENTATION_CONTEXT() REPRESENTATION_CONTEXT('2D SPACE',''
  ) );
#2679 = PCURVE('',#2680,#2685);
#2680 = PLANE('',#2681);
#2681 = AXIS2_PLACEMENT_3D('',#2682,#2683,#2684);
#2682 = CARTESIAN_POINT('',(0.,0.,0.));
#2683 = DIRECTION('',(0.,0.,1.));
#2684 = DIRECTION('',(1.,0.,0.));
#2685 = DEFINITIONAL_REPRESENTATION('',(#2686),#2690);
#2686 = LINE('',#2687,#2688);
#2687 = CARTESIAN_POINT('',(-55.,0.));
#2688 = VECTOR('',#2689,1.);
#2689 = DIRECTION('',(0.,1.));
#2690 = ( GEOMETRIC_REPRESENTATION_CONTEXT(2) 
PARAMETRIC_REPRESENTATION_CONTEXT() REPRESENTATION_CONTEXT('2D SPACE',''
  ) );
#2691 = ADVANCED_FACE('',(#2692),#2399,.F.);
#2692 = FACE_BOUND('',#2693,.F.);
#2693 = EDGE_LOOP('',(#2694,#2695,#2696,#2719));
#2694 = ORIENTED_EDGE('',*,*,#2619,.T.);
#2695 = ORIENTED_EDGE('',*,*,#2383,.T.);
#2696 = ORIENTED_EDGE('',*,*,#2697,.F.);
#2697 = EDGE_CURVE('',#2698,#2384,#2700,.T.);
#2698 = VERTEX_POINT('',#2699);
#2699 = CARTESIAN_POINT('',(55.,-55.,0.));
#2700 = SURFACE_CURVE('',#2701,(#2705,#2712),.PCURVE_S1.);
#2701 = LINE('',#2702,#2703);
#2702 = CARTESIAN_POINT('',(55.,-55.,0.));
#2703 = VECTOR('',#2704,1.);
#2704 = DIRECTION('',(0.,0.,1.));
#2705 = PCURVE('',#2399,#2706);
#2706 = DEFINITIONAL_REPRESENTATION('',(#2707),#2711);
#2707 = LINE('',#2708,#2709);
#2708 = CARTESIAN_POINT('',(110.,0.));
#2709 = VECTOR('',#2710,1.);
#2710 = DIRECTION('',(0.,-1.));
#2711 = ( GEOMETRIC_REPRESENTATION_CONTEXT(2) 
PARAMETRIC_REPRESENTATION_CONTEXT() REPRESENTATION_CONTEXT('2D SPACE',''
  ) );
#2712 = PCURVE('',#2427,#2713);
#2713 = DEFINITIONAL_REPRESENTATION('',(#2714),#2718);
#2714 = LINE('',#2715,#2716);
#2715 = CARTESIAN_POINT('',(0.,0.));
#2716 = VECTOR('',#2717,1.);
#2717 = DIRECTION('',(0.,-1.));
#2718 = ( GEOMETRIC_REPRESENTATION_CONTEXT(2) 
PARAMETRIC_REPRESENTATION_CONTEXT() REPRESENTATION_CONTEXT('2D SPACE',''
  ) );
#2719 = ORIENTED_EDGE('',*,*,#2720,.F.);
#2720 = EDGE_CURVE('',#2620,#2698,#2721,.T.);
#2721 = SURFACE_CURVE('',#2722,(#2726,#2733),.PCURVE_S1.);
#2722 = LINE('',#2723,#2724);
#2723 = CARTESIAN_POINT('',(0.,-55.,0.));
#2724 = VECTOR('',#2725,1.);
#2725 = DIRECTION('',(1.,0.,0.));
#2726 = PCURVE('',#2399,#2727);
#2727 = DEFINITIONAL_REPRESENTATION('',(#2728),#2732);
#2728 = LINE('',#2729,#2730);
#2729 = CARTESIAN_POINT('',(55.,0.));
#2730 = VECTOR('',#2731,1.);
#2731 = DIRECTION('',(1.,0.));
#2732 = ( GEOMETRIC_REPRESENTATION_CONTEXT(2) 
PARAMETRIC_REPRESENTATION_CONTEXT() REPRESENTATION_CONTEXT('2D SPACE',''
  ) );
#2733 = PCURVE('',#2680,#2734);
#2734 = DEFINITIONAL_REPRESENTATION('',(#2735),#2739);
#2735 = LINE('',#2736,#2737);
#2736 = CARTESIAN_POINT('',(0.,-55.));
#2737 = VECTOR('',#2738,1.);
#2738 = DIRECTION('',(1.,0.));
#2739 = ( GEOMETRIC_REPRESENTATION_CONTEXT(2) 
PARAMETRIC_REPRESENTATION_CONTEXT() REPRESENTATION_CONTEXT('2D SPACE',''
  ) );
#2740 = ADVANCED_FACE('',(#2741),#2453,.T.);
#2741 = FACE_BOUND('',#2742,.T.);
#2742 = EDGE_LOOP('',(#2743,#2744,#2745,#2768));
#2743 = ORIENTED_EDGE('',*,*,#2643,.T.);
#2744 = ORIENTED_EDGE('',*,*,#2439,.T.);
#2745 = ORIENTED_EDGE('',*,*,#2746,.F.);
#2746 = EDGE_CURVE('',#2747,#2412,#2749,.T.);
#2747 = VERTEX_POINT('',#2748);
#2748 = CARTESIAN_POINT('',(55.,55.,0.));
#2749 = SURFACE_CURVE('',#2750,(#2754,#2761),.PCURVE_S1.);
#2750 = LINE('',#2751,#2752);
#2751 = CARTESIAN_POINT('',(55.,55.,0.));
#2752 = VECTOR('',#2753,1.);
#2753 = DIRECTION('',(0.,0.,1.));
#2754 = PCURVE('',#2453,#2755);
#2755 = DEFINITIONAL_REPRESENTATION('',(#2756),#2760);
#2756 = LINE('',#2757,#2758);
#2757 = CARTESIAN_POINT('',(110.,0.));
#2758 = VECTOR('',#2759,1.);
#2759 = DIRECTION('',(0.,-1.));
#2760 = ( GEOMETRIC_REPRESENTATION_CONTEXT(2) 
PARAMETRIC_REPRESENTATION_CONTEXT() REPRESENTATION_CONTEXT('2D SPACE',''
  ) );
#2761 = PCURVE('',#2427,#2762);
#2762 = DEFINITIONAL_REPRESENTATION('',(#2763),#2767);
#2763 = LINE('',#2764,#2765);
#2764 = CARTESIAN_POINT('',(110.,0.));
#2765 = VECTOR('',#2766,1.);
#2766 = DIRECTION('',(0.,-1.));
#2767 = ( GEOMETRIC_REPRESENTATION_CONTEXT(2) 
PARAMETRIC_REPRESENTATION_CONTEXT() REPRESENTATION_CONTEXT('2D SPACE',''
  ) );
#2768 = ORIENTED_EDGE('',*,*,#2769,.F.);
#2769 = EDGE_CURVE('',#2644,#2747,#2770,.T.);
#2770 = SURFACE_CURVE('',#2771,(#2775,#2782),.PCURVE_S1.);
#2771 = LINE('',#2772,#2773);
#2772 = CARTESIAN_POINT('',(0.,55.,0.));
#2773 = VECTOR('',#2774,1.);
#2774 = DIRECTION('',(1.,0.,0.));
#2775 = PCURVE('',#2453,#2776);
#2776 = DEFINITIONAL_REPRESENTATION('',(#2777),#2781);
#2777 = LINE('',#2778,#2779);
#2778 = CARTESIAN_POINT('',(55.,0.));
#2779 = VECTOR('',#2780,1.);
#2780 = DIRECTION('',(1.,0.));
#2781 = ( GEOMETRIC_REPRESENTATION_CONTEXT(2) 
PARAMETRIC_REPRESENTATION_CONTEXT() REPRESENTATION_CONTEXT('2D SPACE',''
  ) );
#2782 = PCURVE('',#2680,#2783);
#2783 = DEFINITIONAL_REPRESENTATION('',(#2784),#2788);
#2784 = LINE('',#2785,#2786);
#2785 = CARTESIAN_POINT('',(0.,55.));
#2786 = VECTOR('',#2787,1.);
#2787 = DIRECTION('',(1.,0.));
#2788 = ( GEOMETRIC_REPRESENTATION_CONTEXT(2) 
PARAMETRIC_REPRESENTATION_CONTEXT() REPRESENTATION_CONTEXT('2D SPACE',''
  ) );
#2789 = ADVANCED_FACE('',(#2790),#2427,.F.);
#2790 = FACE_BOUND('',#2791,.F.);
#2791 = EDGE_LOOP('',(#2792,#2793,#2794,#2795));
#2792 = ORIENTED_EDGE('',*,*,#2697,.T.);
#2793 = ORIENTED_EDGE('',*,*,#2411,.T.);
#2794 = ORIENTED_EDGE('',*,*,#2746,.F.);
#2795 = ORIENTED_EDGE('',*,*,#2796,.F.);
#2796 = EDGE_CURVE('',#2698,#2747,#2797,.T.);
#2797 = SURFACE_CURVE('',#2798,(#2802,#2809),.PCURVE_S1.);
#2798 = LINE('',#2799,#2800);
#2799 = CARTESIAN_POINT('',(55.,0.,0.));
#2800 = VECTOR('',#2801,1.);
#2801 = DIRECTION('',(0.,1.,0.));
#2802 = PCURVE('',#2427,#2803);
#2803 = DEFINITIONAL_REPRESENTATION('',(#2804),#2808);
#2804 = LINE('',#2805,#2806);
#2805 = CARTESIAN_POINT('',(55.,0.));
#2806 = VECTOR('',#2807,1.);
#2807 = DIRECTION('',(1.,0.));
#2808 = ( GEOMETRIC_REPRESENTATION_CONTEXT(2) 
PARAMETRIC_REPRESENTATION_CONTEXT() REPRESENTATION_CONTEXT('2D SPACE',''
  ) );
#2809 = PCURVE('',#2680,#2810);
#2810 = DEFINITIONAL_REPRESENTATION('',(#2811),#2815);
#2811 = LINE('',#2812,#2813);
#2812 = CARTESIAN_POINT('',(55.,0.));
#2813 = VECTOR('',#2814,1.);
#2814 = DIRECTION('',(0.,1.));
#2815 = ( GEOMETRIC_REPRESENTATION_CONTEXT(2) 
PARAMETRIC_REPRESENTATION_CONTEXT() REPRESENTATION_CONTEXT('2D SPACE',''
  ) );
#2816 = ADVANCED_FACE('',(#2817),#2484,.F.);
#2817 = FACE_BOUND('',#2818,.T.);
#2818 = EDGE_LOOP('',(#2819,#2842,#2843,#2844));
#2819 = ORIENTED_EDGE('',*,*,#2820,.T.);
#2820 = EDGE_CURVE('',#2821,#2468,#2823,.T.);
#2821 = VERTEX_POINT('',#2822);
#2822 = CARTESIAN_POINT('',(-40.25,-43.,0.));
#2823 = SEAM_CURVE('',#2824,(#2828,#2835),.PCURVE_S1.);
#2824 = LINE('',#2825,#2826);
#2825 = CARTESIAN_POINT('',(-40.25,-43.,0.));
#2826 = VECTOR('',#2827,1.);
#2827 = DIRECTION('',(0.,0.,1.));
#2828 = PCURVE('',#2484,#2829);
#2829 = DEFINITIONAL_REPRESENTATION('',(#2830),#2834);
#2830 = LINE('',#2831,#2832);
#2831 = CARTESIAN_POINT('',(-0.,0.));
#2832 = VECTOR('',#2833,1.);
#2833 = DIRECTION('',(-0.,-1.));
#2834 = ( GEOMETRIC_REPRESENTATION_CONTEXT(2) 
PARAMETRIC_REPRESENTATION_CONTEXT() REPRESENTATION_CONTEXT('2D SPACE',''
  ) );
#2835 = PCURVE('',#2484,#2836);
#2836 = DEFINITIONAL_REPRESENTATION('',(#2837),#2841);
#2837 = LINE('',#2838,#2839);
#2838 = CARTESIAN_POINT('',(-6.28318530718,0.));
#2839 = VECTOR('',#2840,1.);
#2840 = DIRECTION('',(-0.,-1.));
#2841 = ( GEOMETRIC_REPRESENTATION_CONTEXT(2) 
PARAMETRIC_REPRESENTATION_CONTEXT() REPRESENTATION_CONTEXT('2D SPACE',''
  ) );
#2842 = ORIENTED_EDGE('',*,*,#2467,.T.);
#2843 = ORIENTED_EDGE('',*,*,#2820,.F.);
#2844 = ORIENTED_EDGE('',*,*,#2845,.F.);
#2845 = EDGE_CURVE('',#2821,#2821,#2846,.T.);
#2846 = SURFACE_CURVE('',#2847,(#2852,#2859),.PCURVE_S1.);
#2847 = CIRCLE('',#2848,2.75);
#2848 = AXIS2_PLACEMENT_3D('',#2849,#2850,#2851);
#2849 = CARTESIAN_POINT('',(-43.,-43.,0.));
#2850 = DIRECTION('',(0.,0.,1.));
#2851 = DIRECTION('',(1.,0.,0.));
#2852 = PCURVE('',#2484,#2853);
#2853 = DEFINITIONAL_REPRESENTATION('',(#2854),#2858);
#2854 = LINE('',#2855,#2856);
#2855 = CARTESIAN_POINT('',(-0.,0.));
#2856 = VECTOR('',#2857,1.);
#2857 = DIRECTION('',(-1.,0.));
#2858 = ( GEOMETRIC_REPRESENTATION_CONTEXT(2) 
PARAMETRIC_REPRESENTATION_CONTEXT() REPRESENTATION_CONTEXT('2D SPACE',''
  ) );
#2859 = PCURVE('',#2680,#2860);
#2860 = DEFINITIONAL_REPRESENTATION('',(#2861),#2865);
#2861 = CIRCLE('',#2862,2.75);
#2862 = AXIS2_PLACEMENT_2D('',#2863,#2864);
#2863 = CARTESIAN_POINT('',(-43.,-43.));
#2864 = DIRECTION('',(1.,0.));
#2865 = ( GEOMETRIC_REPRESENTATION_CONTEXT(2) 
PARAMETRIC_REPRESENTATION_CONTEXT() REPRESENTATION_CONTEXT('2D SPACE',''
  ) );
#2866 = ADVANCED_FACE('',(#2867),#2515,.F.);
#2867 = FACE_BOUND('',#2868,.T.);
#2868 = EDGE_LOOP('',(#2869,#2892,#2893,#2894));
#2869 = ORIENTED_EDGE('',*,*,#2870,.T.);
#2870 = EDGE_CURVE('',#2871,#2499,#2873,.T.);
#2871 = VERTEX_POINT('',#2872);
#2872 = CARTESIAN_POINT('',(45.75,-43.,0.));
#2873 = SEAM_CURVE('',#2874,(#2878,#2885),.PCURVE_S1.);
#2874 = LINE('',#2875,#2876);
#2875 = CARTESIAN_POINT('',(45.75,-43.,0.));
#2876 = VECTOR('',#2877,1.);
#2877 = DIRECTION('',(0.,0.,1.));
#2878 = PCURVE('',#2515,#2879);
#2879 = DEFINITIONAL_REPRESENTATION('',(#2880),#2884);
#2880 = LINE('',#2881,#2882);
#2881 = CARTESIAN_POINT('',(-0.,0.));
#2882 = VECTOR('',#2883,1.);
#2883 = DIRECTION('',(-0.,-1.));
#2884 = ( GEOMETRIC_REPRESENTATION_CONTEXT(2) 
PARAMETRIC_REPRESENTATION_CONTEXT() REPRESENTATION_CONTEXT('2D SPACE',''
  ) );
#2885 = PCURVE('',#2515,#2886);
#2886 = DEFINITIONAL_REPRESENTATION('',(#2887),#2891);
#2887 = LINE('',#2888,#2889);
#2888 = CARTESIAN_POINT('',(-6.28318530718,0.));
#2889 = VECTOR('',#2890,1.);
#2890 = DIRECTION('',(-0.,-1.));
#2891 = ( GEOMETRIC_REPRESENTATION_CONTEXT(2) 
PARAMETRIC_REPRESENTATION_CONTEXT() REPRESENTATION_CONTEXT('2D SPACE',''
  ) );
#2892 = ORIENTED_EDGE('',*,*,#2498,.T.);
#2893 = ORIENTED_EDGE('',*,*,#2870,.F.);
#2894 = ORIENTED_EDGE('',*,*,#2895,.F.);
#2895 = EDGE_CURVE('',#2871,#2871,#2896,.T.);
#2896 = SURFACE_CURVE('',#2897,(#2902,#2909),.PCURVE_S1.);
#2897 = CIRCLE('',#2898,2.75);
#2898 = AXIS2_PLACEMENT_3D('',#2899,#2900,#2901);
#2899 = CARTESIAN_POINT('',(43.,-43.,0.));
#2900 = DIRECTION('',(0.,0.,1.));
#2901 = DIRECTION('',(1.,0.,0.));
#2902 = PCURVE('',#2515,#2903);
#2903 = DEFINITIONAL_REPRESENTATION('',(#2904),#2908);
#2904 = LINE('',#2905,#2906);
#2905 = CARTESIAN_POINT('',(-0.,0.));
#2906 = VECTOR('',#2907,1.);
#2907 = DIRECTION('',(-1.,0.));
#2908 = ( GEOMETRIC_REPRESENTATION_CONTEXT(2) 
PARAMETRIC_REPRESENTATION_CONTEXT() REPRESENTATION_CONTEXT('2D SPACE',''
  ) );
#2909 = PCURVE('',#2680,#2910);
#2910 = DEFINITIONAL_REPRESENTATION('',(#2911),#2915);
#2911 = CIRCLE('',#2912,2.75);
#2912 = AXIS2_PLACEMENT_2D('',#2913,#2914);
#2913 = CARTESIAN_POINT('',(43.,-43.));
#2914 = DIRECTION('',(1.,0.));
#2915 = ( GEOMETRIC_REPRESENTATION_CONTEXT(2) 
PARAMETRIC_REPRESENTATION_CONTEXT() REPRESENTATION_CONTEXT('2D SPACE',''
  ) );
#2916 = ADVANCED_FACE('',(#2917),#2546,.F.);
#2917 = FACE_BOUND('',#2918,.T.);
#2918 = EDGE_LOOP('',(#2919,#2942,#2943,#2944));
#2919 = ORIENTED_EDGE('',*,*,#2920,.T.);
#2920 = EDGE_CURVE('',#2921,#2530,#2923,.T.);
#2921 = VERTEX_POINT('',#2922);
#2922 = CARTESIAN_POINT('',(-40.25,43.,0.));
#2923 = SEAM_CURVE('',#2924,(#2928,#2935),.PCURVE_S1.);
#2924 = LINE('',#2925,#2926);
#2925 = CARTESIAN_POINT('',(-40.25,43.,0.));
#2926 = VECTOR('',#2927,1.);
#2927 = DIRECTION('',(0.,0.,1.));
#2928 = PCURVE('',#2546,#2929);
#2929 = DEFINITIONAL_REPRESENTATION('',(#2930),#2934);
#2930 = LINE('',#2931,#2932);
#2931 = CARTESIAN_POINT('',(-0.,0.));
#2932 = VECTOR('',#2933,1.);
#2933 = DIRECTION('',(-0.,-1.));
#2934 = ( GEOMETRIC_REPRESENTATION_CONTEXT(2) 
PARAMETRIC_REPRESENTATION_CONTEXT() REPRESENTATION_CONTEXT('2D SPACE',''
  ) );
#2935 = PCURVE('',#2546,#2936);
#2936 = DEFINITIONAL_REPRESENTATION('',(#2937),#2941);
#2937 = LINE('',#2938,#2939);
#2938 = CARTESIAN_POINT('',(-6.28318530718,0.));
#2939 = VECTOR('',#2940,1.);
#2940 = DIRECTION('',(-0.,-1.));
#2941 = ( GEOMETRIC_REPRESENTATION_CONTEXT(2) 
PARAMETRIC_REPRESENTATION_CONTEXT() REPRESENTATION_CONTEXT('2D SPACE',''
  ) );
#2942 = ORIENTED_EDGE('',*,*,#2529,.T.);
#2943 = ORIENTED_EDGE('',*,*,#2920,.F.);
#2944 = ORIENTED_EDGE('',*,*,#2945,.F.);
#2945 = EDGE_CURVE('',#2921,#2921,#2946,.T.);
#2946 = SURFACE_CURVE('',#2947,(#2952,#2959),.PCURVE_S1.);
#2947 = CIRCLE('',#2948,2.75);
#2948 = AXIS2_PLACEMENT_3D('',#2949,#2950,#2951);
#2949 = CARTESIAN_POINT('',(-43.,43.,0.));
#2950 = DIRECTION('',(0.,0.,1.));
#2951 = DIRECTION('',(1.,0.,0.));
#2952 = PCURVE('',#2546,#2953);
#2953 = DEFINITIONAL_REPRESENTATION('',(#2954),#2958);
#2954 = LINE('',#2955,#2956);
#2955 = CARTESIAN_POINT('',(-0.,0.));
#2956 = VECTOR('',#2957,1.);
#2957 = DIRECTION('',(-1.,0.));
#2958 = ( GEOMETRIC_REPRESENTATION_CONTEXT(2) 
PARAMETRIC_REPRESENTATION_CONTEXT() REPRESENTATION_CONTEXT('2D SPACE',''
  ) );
#2959 = PCURVE('',#2680,#2960);
#2960 = DEFINITIONAL_REPRESENTATION('',(#2961),#2965);
#2961 = CIRCLE('',#2962,2.75);
#2962 = AXIS2_PLACEMENT_2D('',#2963,#2964);
#2963 = CARTESIAN_POINT('',(-43.,43.));
#2964 = DIRECTION('',(1.,0.));
#2965 = ( GEOMETRIC_REPRESENTATION_CONTEXT(2) 
PARAMETRIC_REPRESENTATION_CONTEXT() REPRESENTATION_CONTEXT('2D SPACE',''
  ) );
#2966 = ADVANCED_FACE('',(#2967),#2577,.F.);
#2967 = FACE_BOUND('',#2968,.T.);
#2968 = EDGE_LOOP('',(#2969,#2992,#2993,#2994));
#2969 = ORIENTED_EDGE('',*,*,#2970,.T.);
#2970 = EDGE_CURVE('',#2971,#2561,#2973,.T.);
#2971 = VERTEX_POINT('',#2972);
#2972 = CARTESIAN_POINT('',(45.75,43.,0.));
#2973 = SEAM_CURVE('',#2974,(#2978,#2985),.PCURVE_S1.);
#2974 = LINE('',#2975,#2976);
#2975 = CARTESIAN_POINT('',(45.75,43.,0.));
#2976 = VECTOR('',#2977,1.);
#2977 = DIRECTION('',(0.,0.,1.));
#2978 = PCURVE('',#2577,#2979);
#2979 = DEFINITIONAL_REPRESENTATION('',(#2980),#2984);
#2980 = LINE('',#2981,#2982);
#2981 = CARTESIAN_POINT('',(-0.,0.));
#2982 = VECTOR('',#2983,1.);
#2983 = DIRECTION('',(-0.,-1.));
#2984 = ( GEOMETRIC_REPRESENTATION_CONTEXT(2) 
PARAMETRIC_REPRESENTATION_CONTEXT() REPRESENTATION_CONTEXT('2D SPACE',''
  ) );
#2985 = PCURVE('',#2577,#2986);
#2986 = DEFINITIONAL_REPRESENTATION('',(#2987),#2991);
#2987 = LINE('',#2988,#2989);
#2988 = CARTESIAN_POINT('',(-6.28318530718,0.));
#2989 = VECTOR('',#2990,1.);
#2990 = DIRECTION('',(-0.,-1.));
#2991 = ( GEOMETRIC_REPRESENTATION_CONTEXT(2) 
PARAMETRIC_REPRESENTATION_CONTEXT() REPRESENTATION_CONTEXT('2D SPACE',''
  ) );
#2992 = ORIENTED_EDGE('',*,*,#2560,.T.);
#2993 = ORIENTED_EDGE('',*,*,#2970,.F.);
#2994 = ORIENTED_EDGE('',*,*,#2995,.F.);
#2995 = EDGE_CURVE('',#2971,#2971,#2996,.T.);
#2996 = SURFACE_CURVE('',#2997,(#3002,#3009),.PCURVE_S1.);
#2997 = CIRCLE('',#2998,2.75);
#2998 = AXIS2_PLACEMENT_3D('',#2999,#3000,#3001);
#2999 = CARTESIAN_POINT('',(43.,43.,0.));
#3000 = DIRECTION('',(0.,0.,1.));
#3001 = DIRECTION('',(1.,0.,0.));
#3002 = PCURVE('',#2577,#3003);
#3003 = DEFINITIONAL_REPRESENTATION('',(#3004),#3008);
#3004 = LINE('',#3005,#3006);
#3005 = CARTESIAN_POINT('',(-0.,0.));
#3006 = VECTOR('',#3007,1.);
#3007 = DIRECTION('',(-1.,0.));
#3008 = ( GEOMETRIC_REPRESENTATION_CONTEXT(2) 
PARAMETRIC_REPRESENTATION_CONTEXT() REPRESENTATION_CONTEXT('2D SPACE',''
  ) );
#3009 = PCURVE('',#2680,#3010);
#3010 = DEFINITIONAL_REPRESENTATION('',(#3011),#3015);
#3011 = CIRCLE('',#3012,2.75);
#3012 = AXIS2_PLACEMENT_2D('',#3013,#3014);
#3013 = CARTESIAN_POINT('',(43.,43.));
#3014 = DIRECTION('',(1.,0.));
#3015 = ( GEOMETRIC_REPRESENTATION_CONTEXT(2) 
PARAMETRIC_REPRESENTATION_CONTEXT() REPRESENTATION_CONTEXT('2D SPACE',''
  ) );
#3016 = ADVANCED_FACE('',(#3017,#3023,#3026,#3029,#3032),#2680,.F.);
#3017 = FACE_BOUND('',#3018,.F.);
#3018 = EDGE_LOOP('',(#3019,#3020,#3021,#3022));
#3019 = ORIENTED_EDGE('',*,*,#2666,.F.);
#3020 = ORIENTED_EDGE('',*,*,#2720,.T.);
#3021 = ORIENTED_EDGE('',*,*,#2796,.T.);
#3022 = ORIENTED_EDGE('',*,*,#2769,.F.);
#3023 = FACE_BOUND('',#3024,.F.);
#3024 = EDGE_LOOP('',(#3025));
#3025 = ORIENTED_EDGE('',*,*,#2845,.F.);
#3026 = FACE_BOUND('',#3027,.F.);
#3027 = EDGE_LOOP('',(#3028));
#3028 = ORIENTED_EDGE('',*,*,#2895,.F.);
#3029 = FACE_BOUND('',#3030,.F.);
#3030 = EDGE_LOOP('',(#3031));
#3031 = ORIENTED_EDGE('',*,*,#2945,.F.);
#3032 = FACE_BOUND('',#3033,.F.);
#3033 = EDGE_LOOP('',(#3034));
#3034 = ORIENTED_EDGE('',*,*,#2995,.F.);
#3035 = ( GEOMETRIC_REPRESENTATION_CONTEXT(3) 
GLOBAL_UNCERTAINTY_ASSIGNED_CONTEXT((#3039)) 
GLOBAL_UNIT_ASSIGNED_CONTEXT((#3036,#3037,#3038)) REPRESENTATION_CONTEXT
('Context #1','3D Context with UNIT and UNCERTAINTY') );
#3036 = ( LENGTH_UNIT() NAMED_UNIT(*) SI_UNIT(.MILLI.,.METRE.) );
#3037 = ( NAMED_UNIT(*) PLANE_ANGLE_UNIT() SI_UNIT($,.RADIAN.) );
#3038 = ( NAMED_UNIT(*) SI_UNIT($,.STERADIAN.) SOLID_ANGLE_UNIT() );
#3039 = UNCERTAINTY_MEASURE_WITH_UNIT(LENGTH_MEASURE(1.E-07),#3036,
  'distance_accuracy_value','confusion accuracy');
#3040 = PRODUCT_RELATED_PRODUCT_CATEGORY('part',$,(#7));
ENDSEC;
END-ISO-10303-21;
