ISO-10303-21;
HEADER;
FILE_DESCRIPTION(('Open CASCADE Model'),'2;1');
FILE_NAME('Open CASCADE Shape Model','2026-08-09T11:06:29',('Author'),(
    'Open CASCADE'),'Open CASCADE STEP processor 7.9','build123d',
  'Unknown');
FILE_SCHEMA(('AUTOMOTIVE_DESIGN { 1 0 10303 214 1 1 1 1 }'));
ENDSEC;
DATA;
#1 = APPLICATION_PROTOCOL_DEFINITION('international standard',
  'automotive_design',2000,#2);
#2 = APPLICATION_CONTEXT(
  'core data for automotive mechanical design processes');
#3 = SHAPE_DEFINITION_REPRESENTATION(#4,#10);
#4 = PRODUCT_DEFINITION_SHAPE('','',#5);
#5 = PRODUCT_DEFINITION('design','',#6,#9);
#6 = PRODUCT_DEFINITION_FORMATION('','',#7);
#7 = PRODUCT('COMPOUND','COMPOUND','',(#8));
#8 = PRODUCT_CONTEXT('',#2,'mechanical');
#9 = PRODUCT_DEFINITION_CONTEXT('part definition',#2,'design');
#10 = SHAPE_REPRESENTATION('',(#11,#15,#13370),#13621);
#11 = AXIS2_PLACEMENT_3D('',#12,#13,#14);
#12 = CARTESIAN_POINT('',(0.,0.,0.));
#13 = DIRECTION('',(0.,0.,1.));
#14 = DIRECTION('',(1.,0.,-0.));
#15 = MANIFOLD_SOLID_BREP('',#16);
#16 = CLOSED_SHELL('',(#17,#137,#769,#817,#1289,#1317,#1345,#1377,#1405,
    #1433,#1461,#1489,#1517,#1545,#1573,#1601,#1629,#1657,#1776,#1829,
    #1938,#1966,#1994,#2022,#2050,#2078,#2085,#2217,#2399,#2448,#2525,
    #2618,#2646,#2695,#2744,#2771,#2855,#2960,#2986,#3064,#3093,#3675,
    #4128,#4156,#4184,#4212,#4240,#4268,#4296,#4324,#4352,#4380,#4408,
    #4527,#4580,#4689,#4717,#4745,#4773,#4801,#4829,#4857,#4885,#4892,
    #5024,#5174,#5223,#5300,#5393,#5421,#5470,#5519,#5546,#5630,#5713,
    #5791,#5820,#6596,#7195,#7223,#7251,#7279,#7307,#7335,#7363,#7391,
    #7419,#7447,#7475,#7503,#7531,#7559,#7587,#7615,#7734,#7787,#7896,
    #7924,#7952,#7980,#8008,#8036,#8064,#8092,#8120,#8148,#8155,#8287,
    #8437,#8486,#8563,#8656,#8684,#8733,#8782,#8809,#8893,#8976,#9054,
    #9083,#10643,#11823,#11851,#11879,#11907,#11935,#11963,#11991,#12019
    ,#12047,#12075,#12103,#12131,#12159,#12187,#12215,#12243,#12271,
    #12299,#12327,#12355,#12383,#12411,#12439,#12467,#12495,#12523,
    #12551,#12579,#12607,#12635,#12663,#12691,#12719,#12747,#12775,
    #12803,#12831,#12859,#12887,#12915,#12943,#12971,#12999,#13027,
    #13055,#13083,#13111,#13139,#13167,#13195,#13223,#13251,#13279,
    #13307,#13335,#13363));
#17 = ADVANCED_FACE('',(#18),#32,.T.);
#18 = FACE_BOUND('',#19,.T.);
#19 = EDGE_LOOP('',(#20,#55,#84,#110));
#20 = ORIENTED_EDGE('',*,*,#21,.F.);
#21 = EDGE_CURVE('',#22,#24,#26,.T.);
#22 = VERTEX_POINT('',#23);
#23 = CARTESIAN_POINT('',(84.367686400774,0.,-231.1641621912));
#24 = VERTEX_POINT('',#25);
#25 = CARTESIAN_POINT('',(83.740533761876,0.,-230.));
#26 = SURFACE_CURVE('',#27,(#31,#43),.PCURVE_S1.);
#27 = LINE('',#28,#29);
#28 = CARTESIAN_POINT('',(84.367686400774,0.,-231.1641621912));
#29 = VECTOR('',#30,1.);
#30 = DIRECTION('',(-0.474273388559,0.,0.880377619493));
#31 = PCURVE('',#32,#37);
#32 = CONICAL_SURFACE('',#33,84.367686400774,0.494138507403);
#33 = AXIS2_PLACEMENT_3D('',#34,#35,#36);
#34 = CARTESIAN_POINT('',(0.,0.,-231.1641621912));
#35 = DIRECTION('',(-0.,-0.,-1.));
#36 = DIRECTION('',(1.,0.,-0.));
#37 = DEFINITIONAL_REPRESENTATION('',(#38),#42);
#38 = LINE('',#39,#40);
#39 = CARTESIAN_POINT('',(-0.,-0.));
#40 = VECTOR('',#41,1.);
#41 = DIRECTION('',(-0.,-1.));
#42 = ( GEOMETRIC_REPRESENTATION_CONTEXT(2) 
PARAMETRIC_REPRESENTATION_CONTEXT() REPRESENTATION_CONTEXT('2D SPACE',''
  ) );
#43 = PCURVE('',#44,#49);
#44 = PLANE('',#45);
#45 = AXIS2_PLACEMENT_3D('',#46,#47,#48);
#46 = CARTESIAN_POINT('',(-1.E+03,0.,-1.E+03));
#47 = DIRECTION('',(-0.,1.,0.));
#48 = DIRECTION('',(0.,0.,1.));
#49 = DEFINITIONAL_REPRESENTATION('',(#50),#54);
#50 = LINE('',#51,#52);
#51 = CARTESIAN_POINT('',(768.83583780871,1.084367686401E+03));
#52 = VECTOR('',#53,1.);
#53 = DIRECTION('',(0.880377619493,-0.474273388559));
#54 = ( GEOMETRIC_REPRESENTATION_CONTEXT(2) 
PARAMETRIC_REPRESENTATION_CONTEXT() REPRESENTATION_CONTEXT('2D SPACE',''
  ) );
#55 = ORIENTED_EDGE('',*,*,#56,.T.);
#56 = EDGE_CURVE('',#22,#57,#59,.T.);
#57 = VERTEX_POINT('',#58);
#58 = CARTESIAN_POINT('',(5.166030855109E-15,84.367686400774,
    -231.1641621912));
#59 = SURFACE_CURVE('',#60,(#65,#72),.PCURVE_S1.);
#60 = CIRCLE('',#61,84.367686400774);
#61 = AXIS2_PLACEMENT_3D('',#62,#63,#64);
#62 = CARTESIAN_POINT('',(0.,0.,-231.1641621912));
#63 = DIRECTION('',(0.,0.,1.));
#64 = DIRECTION('',(1.,0.,-0.));
#65 = PCURVE('',#32,#66);
#66 = DEFINITIONAL_REPRESENTATION('',(#67),#71);
#67 = LINE('',#68,#69);
#68 = CARTESIAN_POINT('',(-0.,-0.));
#69 = VECTOR('',#70,1.);
#70 = DIRECTION('',(-1.,-0.));
#71 = ( GEOMETRIC_REPRESENTATION_CONTEXT(2) 
PARAMETRIC_REPRESENTATION_CONTEXT() REPRESENTATION_CONTEXT('2D SPACE',''
  ) );
#72 = PCURVE('',#73,#78);
#73 = CONICAL_SURFACE('',#74,85.356793635238,0.500894838422);
#74 = AXIS2_PLACEMENT_3D('',#75,#76,#77);
#75 = CARTESIAN_POINT('',(0.,0.,-232.9708663825));
#76 = DIRECTION('',(-0.,-0.,-1.));
#77 = DIRECTION('',(1.,0.,-0.));
#78 = DEFINITIONAL_REPRESENTATION('',(#79),#83);
#79 = LINE('',#80,#81);
#80 = CARTESIAN_POINT('',(-0.,-1.806704191219));
#81 = VECTOR('',#82,1.);
#82 = DIRECTION('',(-1.,-0.));
#83 = ( GEOMETRIC_REPRESENTATION_CONTEXT(2) 
PARAMETRIC_REPRESENTATION_CONTEXT() REPRESENTATION_CONTEXT('2D SPACE',''
  ) );
#84 = ORIENTED_EDGE('',*,*,#85,.F.);
#85 = EDGE_CURVE('',#86,#57,#88,.T.);
#86 = VERTEX_POINT('',#87);
#87 = CARTESIAN_POINT('',(5.127628831519E-15,83.740533761876,-230.));
#88 = SURFACE_CURVE('',#89,(#93,#99),.PCURVE_S1.);
#89 = LINE('',#90,#91);
#90 = CARTESIAN_POINT('',(0.,0.,-74.55528489085));
#91 = VECTOR('',#92,1.);
#92 = DIRECTION('',(-0.,0.474273388559,-0.880377619493));
#93 = PCURVE('',#32,#94);
#94 = DEFINITIONAL_REPRESENTATION('',(#95),#98);
#95 = B_SPLINE_CURVE_WITH_KNOTS('',1,(#96,#97),.UNSPECIFIED.,.F.,.F.,(2,
    2),(176.56595495759,177.88829910345),.PIECEWISE_BEZIER_KNOTS.);
#96 = CARTESIAN_POINT('',(-1.570796326795,-1.164162191282));
#97 = CARTESIAN_POINT('',(-1.570796326795,0.));
#98 = ( GEOMETRIC_REPRESENTATION_CONTEXT(2) 
PARAMETRIC_REPRESENTATION_CONTEXT() REPRESENTATION_CONTEXT('2D SPACE',''
  ) );
#99 = PCURVE('',#100,#105);
#100 = PLANE('',#101);
#101 = AXIS2_PLACEMENT_3D('',#102,#103,#104);
#102 = CARTESIAN_POINT('',(0.,-1.E+03,-1.E+03));
#103 = DIRECTION('',(1.,0.,-0.));
#104 = DIRECTION('',(0.,0.,1.));
#105 = DEFINITIONAL_REPRESENTATION('',(#106),#109);
#106 = B_SPLINE_CURVE_WITH_KNOTS('',1,(#107,#108),.UNSPECIFIED.,.F.,.F.,
  (2,2),(176.56595495759,177.88829910345),.PIECEWISE_BEZIER_KNOTS.);
#107 = CARTESIAN_POINT('',(770.,-1.083740533762E+03));
#108 = CARTESIAN_POINT('',(768.83583780871,-1.084367686401E+03));
#109 = ( GEOMETRIC_REPRESENTATION_CONTEXT(2) 
PARAMETRIC_REPRESENTATION_CONTEXT() REPRESENTATION_CONTEXT('2D SPACE',''
  ) );
#110 = ORIENTED_EDGE('',*,*,#111,.F.);
#111 = EDGE_CURVE('',#24,#86,#112,.T.);
#112 = SURFACE_CURVE('',#113,(#118,#125),.PCURVE_S1.);
#113 = CIRCLE('',#114,83.740533761876);
#114 = AXIS2_PLACEMENT_3D('',#115,#116,#117);
#115 = CARTESIAN_POINT('',(0.,0.,-230.));
#116 = DIRECTION('',(0.,0.,1.));
#117 = DIRECTION('',(1.,0.,-0.));
#118 = PCURVE('',#32,#119);
#119 = DEFINITIONAL_REPRESENTATION('',(#120),#124);
#120 = LINE('',#121,#122);
#121 = CARTESIAN_POINT('',(-0.,-1.164162191282));
#122 = VECTOR('',#123,1.);
#123 = DIRECTION('',(-1.,-0.));
#124 = ( GEOMETRIC_REPRESENTATION_CONTEXT(2) 
PARAMETRIC_REPRESENTATION_CONTEXT() REPRESENTATION_CONTEXT('2D SPACE',''
  ) );
#125 = PCURVE('',#126,#131);
#126 = PLANE('',#127);
#127 = AXIS2_PLACEMENT_3D('',#128,#129,#130);
#128 = CARTESIAN_POINT('',(-1.E+03,-1.E+03,-230.));
#129 = DIRECTION('',(0.,0.,1.));
#130 = DIRECTION('',(1.,0.,-0.));
#131 = DEFINITIONAL_REPRESENTATION('',(#132),#136);
#132 = CIRCLE('',#133,83.740533761876);
#133 = AXIS2_PLACEMENT_2D('',#134,#135);
#134 = CARTESIAN_POINT('',(1.E+03,1.E+03));
#135 = DIRECTION('',(1.,0.));
#136 = ( GEOMETRIC_REPRESENTATION_CONTEXT(2) 
PARAMETRIC_REPRESENTATION_CONTEXT() REPRESENTATION_CONTEXT('2D SPACE',''
  ) );
#137 = ADVANCED_FACE('',(#138),#44,.F.);
#138 = FACE_BOUND('',#139,.F.);
#139 = EDGE_LOOP('',(#140,#141,#164,#192,#220,#248,#276,#304,#332,#360,
    #388,#416,#444,#472,#500,#528,#556,#584,#612,#640,#668,#696,#722,
    #750));
#140 = ORIENTED_EDGE('',*,*,#21,.F.);
#141 = ORIENTED_EDGE('',*,*,#142,.F.);
#142 = EDGE_CURVE('',#143,#22,#145,.T.);
#143 = VERTEX_POINT('',#144);
#144 = CARTESIAN_POINT('',(85.356793635238,0.,-232.9708663825));
#145 = SURFACE_CURVE('',#146,(#150,#157),.PCURVE_S1.);
#146 = LINE('',#147,#148);
#147 = CARTESIAN_POINT('',(85.356793635238,0.,-232.9708663825));
#148 = VECTOR('',#149,1.);
#149 = DIRECTION('',(-0.480210641147,0.,0.877153202199));
#150 = PCURVE('',#44,#151);
#151 = DEFINITIONAL_REPRESENTATION('',(#152),#156);
#152 = LINE('',#153,#154);
#153 = CARTESIAN_POINT('',(767.02913361749,1.085356793635E+03));
#154 = VECTOR('',#155,1.);
#155 = DIRECTION('',(0.877153202199,-0.480210641147));
#156 = ( GEOMETRIC_REPRESENTATION_CONTEXT(2) 
PARAMETRIC_REPRESENTATION_CONTEXT() REPRESENTATION_CONTEXT('2D SPACE',''
  ) );
#157 = PCURVE('',#73,#158);
#158 = DEFINITIONAL_REPRESENTATION('',(#159),#163);
#159 = LINE('',#160,#161);
#160 = CARTESIAN_POINT('',(-0.,-0.));
#161 = VECTOR('',#162,1.);
#162 = DIRECTION('',(-0.,-1.));
#163 = ( GEOMETRIC_REPRESENTATION_CONTEXT(2) 
PARAMETRIC_REPRESENTATION_CONTEXT() REPRESENTATION_CONTEXT('2D SPACE',''
  ) );
#164 = ORIENTED_EDGE('',*,*,#165,.F.);
#165 = EDGE_CURVE('',#166,#143,#168,.T.);
#166 = VERTEX_POINT('',#167);
#167 = CARTESIAN_POINT('',(86.350922670714,0.,-234.7577147818));
#168 = SURFACE_CURVE('',#169,(#173,#180),.PCURVE_S1.);
#169 = LINE('',#170,#171);
#170 = CARTESIAN_POINT('',(86.350922670714,0.,-234.7577147818));
#171 = VECTOR('',#172,1.);
#172 = DIRECTION('',(-0.48617929077,0.,0.873859083163));
#173 = PCURVE('',#44,#174);
#174 = DEFINITIONAL_REPRESENTATION('',(#175),#179);
#175 = LINE('',#176,#177);
#176 = CARTESIAN_POINT('',(765.24228521819,1.086350922671E+03));
#177 = VECTOR('',#178,1.);
#178 = DIRECTION('',(0.873859083163,-0.48617929077));
#179 = ( GEOMETRIC_REPRESENTATION_CONTEXT(2) 
PARAMETRIC_REPRESENTATION_CONTEXT() REPRESENTATION_CONTEXT('2D SPACE',''
  ) );
#180 = PCURVE('',#181,#186);
#181 = CONICAL_SURFACE('',#182,86.350922670714,0.507712182372);
#182 = AXIS2_PLACEMENT_3D('',#183,#184,#185);
#183 = CARTESIAN_POINT('',(0.,0.,-234.7577147818));
#184 = DIRECTION('',(-0.,-0.,-1.));
#185 = DIRECTION('',(1.,0.,-0.));
#186 = DEFINITIONAL_REPRESENTATION('',(#187),#191);
#187 = LINE('',#188,#189);
#188 = CARTESIAN_POINT('',(-0.,-0.));
#189 = VECTOR('',#190,1.);
#190 = DIRECTION('',(-0.,-1.));
#191 = ( GEOMETRIC_REPRESENTATION_CONTEXT(2) 
PARAMETRIC_REPRESENTATION_CONTEXT() REPRESENTATION_CONTEXT('2D SPACE',''
  ) );
#192 = ORIENTED_EDGE('',*,*,#193,.F.);
#193 = EDGE_CURVE('',#194,#166,#196,.T.);
#194 = VERTEX_POINT('',#195);
#195 = CARTESIAN_POINT('',(87.350033682527,0.,-236.5247944374));
#196 = SURFACE_CURVE('',#197,(#201,#208),.PCURVE_S1.);
#197 = LINE('',#198,#199);
#198 = CARTESIAN_POINT('',(87.350033682527,0.,-236.5247944374));
#199 = VECTOR('',#200,1.);
#200 = DIRECTION('',(-0.492179282728,0.,0.870493856184));
#201 = PCURVE('',#44,#202);
#202 = DEFINITIONAL_REPRESENTATION('',(#203),#207);
#203 = LINE('',#204,#205);
#204 = CARTESIAN_POINT('',(763.47520556257,1.087350033683E+03));
#205 = VECTOR('',#206,1.);
#206 = DIRECTION('',(0.870493856184,-0.492179282728));
#207 = ( GEOMETRIC_REPRESENTATION_CONTEXT(2) 
PARAMETRIC_REPRESENTATION_CONTEXT() REPRESENTATION_CONTEXT('2D SPACE',''
  ) );
#208 = PCURVE('',#209,#214);
#209 = CONICAL_SURFACE('',#210,87.350033682527,0.51459148777);
#210 = AXIS2_PLACEMENT_3D('',#211,#212,#213);
#211 = CARTESIAN_POINT('',(0.,0.,-236.5247944374));
#212 = DIRECTION('',(-0.,-0.,-1.));
#213 = DIRECTION('',(1.,0.,-0.));
#214 = DEFINITIONAL_REPRESENTATION('',(#215),#219);
#215 = LINE('',#216,#217);
#216 = CARTESIAN_POINT('',(-0.,-0.));
#217 = VECTOR('',#218,1.);
#218 = DIRECTION('',(-0.,-1.));
#219 = ( GEOMETRIC_REPRESENTATION_CONTEXT(2) 
PARAMETRIC_REPRESENTATION_CONTEXT() REPRESENTATION_CONTEXT('2D SPACE',''
  ) );
#220 = ORIENTED_EDGE('',*,*,#221,.F.);
#221 = EDGE_CURVE('',#222,#194,#224,.T.);
#222 = VERTEX_POINT('',#223);
#223 = CARTESIAN_POINT('',(88.354086998563,0.,-238.2721891475));
#224 = SURFACE_CURVE('',#225,(#229,#236),.PCURVE_S1.);
#225 = LINE('',#226,#227);
#226 = CARTESIAN_POINT('',(88.354086998563,0.,-238.2721891475));
#227 = VECTOR('',#228,1.);
#228 = DIRECTION('',(-0.498210573171,0.,0.867056067841));
#229 = PCURVE('',#44,#230);
#230 = DEFINITIONAL_REPRESENTATION('',(#231),#235);
#231 = LINE('',#232,#233);
#232 = CARTESIAN_POINT('',(761.72781085241,1.088354086999E+03));
#233 = VECTOR('',#234,1.);
#234 = DIRECTION('',(0.867056067841,-0.498210573171));
#235 = ( GEOMETRIC_REPRESENTATION_CONTEXT(2) 
PARAMETRIC_REPRESENTATION_CONTEXT() REPRESENTATION_CONTEXT('2D SPACE',''
  ) );
#236 = PCURVE('',#237,#242);
#237 = CONICAL_SURFACE('',#238,88.354086998563,0.52153375301);
#238 = AXIS2_PLACEMENT_3D('',#239,#240,#241);
#239 = CARTESIAN_POINT('',(0.,0.,-238.2721891475));
#240 = DIRECTION('',(-0.,-0.,-1.));
#241 = DIRECTION('',(1.,0.,-0.));
#242 = DEFINITIONAL_REPRESENTATION('',(#243),#247);
#243 = LINE('',#244,#245);
#244 = CARTESIAN_POINT('',(-0.,-0.));
#245 = VECTOR('',#246,1.);
#246 = DIRECTION('',(-0.,-1.));
#247 = ( GEOMETRIC_REPRESENTATION_CONTEXT(2) 
PARAMETRIC_REPRESENTATION_CONTEXT() REPRESENTATION_CONTEXT('2D SPACE',''
  ) );
#248 = ORIENTED_EDGE('',*,*,#249,.F.);
#249 = EDGE_CURVE('',#250,#222,#252,.T.);
#250 = VERTEX_POINT('',#251);
#251 = CARTESIAN_POINT('',(89.363043069405,0.,-239.9999793614));
#252 = SURFACE_CURVE('',#253,(#257,#264),.PCURVE_S1.);
#253 = LINE('',#254,#255);
#254 = CARTESIAN_POINT('',(89.363043069405,0.,-239.9999793614));
#255 = VECTOR('',#256,1.);
#256 = DIRECTION('',(-0.504273129349,0.,0.863544214859));
#257 = PCURVE('',#44,#258);
#258 = DEFINITIONAL_REPRESENTATION('',(#259),#263);
#259 = LINE('',#260,#261);
#260 = CARTESIAN_POINT('',(760.0000206385,1.089363043069E+03));
#261 = VECTOR('',#262,1.);
#262 = DIRECTION('',(0.863544214859,-0.504273129349));
#263 = ( GEOMETRIC_REPRESENTATION_CONTEXT(2) 
PARAMETRIC_REPRESENTATION_CONTEXT() REPRESENTATION_CONTEXT('2D SPACE',''
  ) );
#264 = PCURVE('',#265,#270);
#265 = CONICAL_SURFACE('',#266,89.363043069405,0.528540028738);
#266 = AXIS2_PLACEMENT_3D('',#267,#268,#269);
#267 = CARTESIAN_POINT('',(0.,0.,-239.9999793614));
#268 = DIRECTION('',(-0.,-0.,-1.));
#269 = DIRECTION('',(1.,0.,-0.));
#270 = DEFINITIONAL_REPRESENTATION('',(#271),#275);
#271 = LINE('',#272,#273);
#272 = CARTESIAN_POINT('',(-0.,-0.));
#273 = VECTOR('',#274,1.);
#274 = DIRECTION('',(-0.,-1.));
#275 = ( GEOMETRIC_REPRESENTATION_CONTEXT(2) 
PARAMETRIC_REPRESENTATION_CONTEXT() REPRESENTATION_CONTEXT('2D SPACE',''
  ) );
#276 = ORIENTED_EDGE('',*,*,#277,.F.);
#277 = EDGE_CURVE('',#278,#250,#280,.T.);
#278 = VERTEX_POINT('',#279);
#279 = CARTESIAN_POINT('',(90.376862437726,0.,-241.7082420822));
#280 = SURFACE_CURVE('',#281,(#285,#292),.PCURVE_S1.);
#281 = LINE('',#282,#283);
#282 = CARTESIAN_POINT('',(90.376862437726,0.,-241.7082420822));
#283 = VECTOR('',#284,1.);
#284 = DIRECTION('',(-0.510366929881,0.,0.859956741286));
#285 = PCURVE('',#44,#286);
#286 = DEFINITIONAL_REPRESENTATION('',(#287),#291);
#287 = LINE('',#288,#289);
#288 = CARTESIAN_POINT('',(758.29175791772,1.090376862438E+03));
#289 = VECTOR('',#290,1.);
#290 = DIRECTION('',(0.859956741286,-0.510366929881));
#291 = ( GEOMETRIC_REPRESENTATION_CONTEXT(2) 
PARAMETRIC_REPRESENTATION_CONTEXT() REPRESENTATION_CONTEXT('2D SPACE',''
  ) );
#292 = PCURVE('',#293,#298);
#293 = CONICAL_SURFACE('',#294,90.376862437726,0.535611420393);
#294 = AXIS2_PLACEMENT_3D('',#295,#296,#297);
#295 = CARTESIAN_POINT('',(0.,0.,-241.7082420822));
#296 = DIRECTION('',(-0.,-0.,-1.));
#297 = DIRECTION('',(1.,0.,-0.));
#298 = DEFINITIONAL_REPRESENTATION('',(#299),#303);
#299 = LINE('',#300,#301);
#300 = CARTESIAN_POINT('',(-0.,-0.));
#301 = VECTOR('',#302,1.);
#302 = DIRECTION('',(-0.,-1.));
#303 = ( GEOMETRIC_REPRESENTATION_CONTEXT(2) 
PARAMETRIC_REPRESENTATION_CONTEXT() REPRESENTATION_CONTEXT('2D SPACE',''
  ) );
#304 = ORIENTED_EDGE('',*,*,#305,.F.);
#305 = EDGE_CURVE('',#306,#278,#308,.T.);
#306 = VERTEX_POINT('',#307);
#307 = CARTESIAN_POINT('',(91.395505706808,0.,-243.3970507711));
#308 = SURFACE_CURVE('',#309,(#313,#320),.PCURVE_S1.);
#309 = LINE('',#310,#311);
#310 = CARTESIAN_POINT('',(91.395505706808,0.,-243.3970507711));
#311 = VECTOR('',#312,1.);
#312 = DIRECTION('',(-0.516491965061,0.,0.856292035481));
#313 = PCURVE('',#44,#314);
#314 = DEFINITIONAL_REPRESENTATION('',(#315),#319);
#315 = LINE('',#316,#317);
#316 = CARTESIAN_POINT('',(756.60294922888,1.091395505707E+03));
#317 = VECTOR('',#318,1.);
#318 = DIRECTION('',(0.856292035481,-0.516491965061));
#319 = ( GEOMETRIC_REPRESENTATION_CONTEXT(2) 
PARAMETRIC_REPRESENTATION_CONTEXT() REPRESENTATION_CONTEXT('2D SPACE',''
  ) );
#320 = PCURVE('',#321,#326);
#321 = CONICAL_SURFACE('',#322,91.395505706808,0.542749090944);
#322 = AXIS2_PLACEMENT_3D('',#323,#324,#325);
#323 = CARTESIAN_POINT('',(0.,0.,-243.3970507711));
#324 = DIRECTION('',(-0.,-0.,-1.));
#325 = DIRECTION('',(1.,0.,-0.));
#326 = DEFINITIONAL_REPRESENTATION('',(#327),#331);
#327 = LINE('',#328,#329);
#328 = CARTESIAN_POINT('',(-0.,-0.));
#329 = VECTOR('',#330,1.);
#330 = DIRECTION('',(-0.,-1.));
#331 = ( GEOMETRIC_REPRESENTATION_CONTEXT(2) 
PARAMETRIC_REPRESENTATION_CONTEXT() REPRESENTATION_CONTEXT('2D SPACE',''
  ) );
#332 = ORIENTED_EDGE('',*,*,#333,.F.);
#333 = EDGE_CURVE('',#334,#306,#336,.T.);
#334 = VERTEX_POINT('',#335);
#335 = CARTESIAN_POINT('',(92.264059430675,0.,-244.8138432871));
#336 = SURFACE_CURVE('',#337,(#341,#348),.PCURVE_S1.);
#337 = LINE('',#338,#339);
#338 = CARTESIAN_POINT('',(92.418933508075,0.,-245.0664752519));
#339 = VECTOR('',#340,1.);
#340 = DIRECTION('',(-0.522648237176,0.,0.852548426881));
#341 = PCURVE('',#44,#342);
#342 = DEFINITIONAL_REPRESENTATION('',(#343),#347);
#343 = LINE('',#344,#345);
#344 = CARTESIAN_POINT('',(754.93352474807,1.092418933508E+03));
#345 = VECTOR('',#346,1.);
#346 = DIRECTION('',(0.852548426881,-0.522648237176));
#347 = ( GEOMETRIC_REPRESENTATION_CONTEXT(2) 
PARAMETRIC_REPRESENTATION_CONTEXT() REPRESENTATION_CONTEXT('2D SPACE',''
  ) );
#348 = PCURVE('',#349,#354);
#349 = CONICAL_SURFACE('',#350,92.418933508075,0.549954263828);
#350 = AXIS2_PLACEMENT_3D('',#351,#352,#353);
#351 = CARTESIAN_POINT('',(0.,0.,-245.0664752519));
#352 = DIRECTION('',(-0.,-0.,-1.));
#353 = DIRECTION('',(1.,0.,-0.));
#354 = DEFINITIONAL_REPRESENTATION('',(#355),#359);
#355 = LINE('',#356,#357);
#356 = CARTESIAN_POINT('',(-0.,-0.));
#357 = VECTOR('',#358,1.);
#358 = DIRECTION('',(-0.,-1.));
#359 = ( GEOMETRIC_REPRESENTATION_CONTEXT(2) 
PARAMETRIC_REPRESENTATION_CONTEXT() REPRESENTATION_CONTEXT('2D SPACE',''
  ) );
#360 = ORIENTED_EDGE('',*,*,#361,.F.);
#361 = EDGE_CURVE('',#362,#334,#364,.T.);
#362 = VERTEX_POINT('',#363);
#363 = CARTESIAN_POINT('',(92.264059430675,0.,-249.027762362));
#364 = SURFACE_CURVE('',#365,(#369,#376),.PCURVE_S1.);
#365 = LINE('',#366,#367);
#366 = CARTESIAN_POINT('',(92.264059430675,0.,-255.7646056746));
#367 = VECTOR('',#368,1.);
#368 = DIRECTION('',(0.,0.,1.));
#369 = PCURVE('',#44,#370);
#370 = DEFINITIONAL_REPRESENTATION('',(#371),#375);
#371 = LINE('',#372,#373);
#372 = CARTESIAN_POINT('',(744.23539432538,1.092264059431E+03));
#373 = VECTOR('',#374,1.);
#374 = DIRECTION('',(1.,0.));
#375 = ( GEOMETRIC_REPRESENTATION_CONTEXT(2) 
PARAMETRIC_REPRESENTATION_CONTEXT() REPRESENTATION_CONTEXT('2D SPACE',''
  ) );
#376 = PCURVE('',#377,#382);
#377 = PLANE('',#378);
#378 = AXIS2_PLACEMENT_3D('',#379,#380,#381);
#379 = CARTESIAN_POINT('',(92.264059430675,0.,-255.7646056746));
#380 = DIRECTION('',(1.,0.,-0.));
#381 = DIRECTION('',(0.,0.,1.));
#382 = DEFINITIONAL_REPRESENTATION('',(#383),#387);
#383 = LINE('',#384,#385);
#384 = CARTESIAN_POINT('',(0.,0.));
#385 = VECTOR('',#386,1.);
#386 = DIRECTION('',(1.,0.));
#387 = ( GEOMETRIC_REPRESENTATION_CONTEXT(2) 
PARAMETRIC_REPRESENTATION_CONTEXT() REPRESENTATION_CONTEXT('2D SPACE',''
  ) );
#388 = ORIENTED_EDGE('',*,*,#389,.F.);
#389 = EDGE_CURVE('',#390,#362,#392,.T.);
#390 = VERTEX_POINT('',#391);
#391 = CARTESIAN_POINT('',(91.632792160908,0.,-248.1273340786));
#392 = SURFACE_CURVE('',#393,(#397,#404),.PCURVE_S1.);
#393 = LINE('',#394,#395);
#394 = CARTESIAN_POINT('',(91.632792160908,0.,-248.1273340786));
#395 = VECTOR('',#396,1.);
#396 = DIRECTION('',(0.574052655165,0.,-0.818818385906));
#397 = PCURVE('',#44,#398);
#398 = DEFINITIONAL_REPRESENTATION('',(#399),#403);
#399 = LINE('',#400,#401);
#400 = CARTESIAN_POINT('',(751.87266592137,1.091632792161E+03));
#401 = VECTOR('',#402,1.);
#402 = DIRECTION('',(-0.818818385906,0.574052655165));
#403 = ( GEOMETRIC_REPRESENTATION_CONTEXT(2) 
PARAMETRIC_REPRESENTATION_CONTEXT() REPRESENTATION_CONTEXT('2D SPACE',''
  ) );
#404 = PCURVE('',#405,#410);
#405 = CONICAL_SURFACE('',#406,91.632792160908,0.611446712432);
#406 = AXIS2_PLACEMENT_3D('',#407,#408,#409);
#407 = CARTESIAN_POINT('',(0.,0.,-248.1273340786));
#408 = DIRECTION('',(-0.,-0.,-1.));
#409 = DIRECTION('',(1.,0.,0.));
#410 = DEFINITIONAL_REPRESENTATION('',(#411),#415);
#411 = LINE('',#412,#413);
#412 = CARTESIAN_POINT('',(-0.,0.));
#413 = VECTOR('',#414,1.);
#414 = DIRECTION('',(-0.,1.));
#415 = ( GEOMETRIC_REPRESENTATION_CONTEXT(2) 
PARAMETRIC_REPRESENTATION_CONTEXT() REPRESENTATION_CONTEXT('2D SPACE',''
  ) );
#416 = ORIENTED_EDGE('',*,*,#417,.F.);
#417 = EDGE_CURVE('',#418,#390,#420,.T.);
#418 = VERTEX_POINT('',#419);
#419 = CARTESIAN_POINT('',(90.563076895733,0.,-246.5747988987));
#420 = SURFACE_CURVE('',#421,(#425,#432),.PCURVE_S1.);
#421 = LINE('',#422,#423);
#422 = CARTESIAN_POINT('',(90.563076895733,0.,-246.5747988987));
#423 = VECTOR('',#424,1.);
#424 = DIRECTION('',(0.56737394719,0.,-0.823460262581));
#425 = PCURVE('',#44,#426);
#426 = DEFINITIONAL_REPRESENTATION('',(#427),#431);
#427 = LINE('',#428,#429);
#428 = CARTESIAN_POINT('',(753.42520110123,1.090563076896E+03));
#429 = VECTOR('',#430,1.);
#430 = DIRECTION('',(-0.823460262581,0.56737394719));
#431 = ( GEOMETRIC_REPRESENTATION_CONTEXT(2) 
PARAMETRIC_REPRESENTATION_CONTEXT() REPRESENTATION_CONTEXT('2D SPACE',''
  ) );
#432 = PCURVE('',#433,#438);
#433 = CONICAL_SURFACE('',#434,90.563076895733,0.603313292243);
#434 = AXIS2_PLACEMENT_3D('',#435,#436,#437);
#435 = CARTESIAN_POINT('',(0.,0.,-246.5747988987));
#436 = DIRECTION('',(-0.,-0.,-1.));
#437 = DIRECTION('',(1.,0.,0.));
#438 = DEFINITIONAL_REPRESENTATION('',(#439),#443);
#439 = LINE('',#440,#441);
#440 = CARTESIAN_POINT('',(-0.,0.));
#441 = VECTOR('',#442,1.);
#442 = DIRECTION('',(-0.,1.));
#443 = ( GEOMETRIC_REPRESENTATION_CONTEXT(2) 
PARAMETRIC_REPRESENTATION_CONTEXT() REPRESENTATION_CONTEXT('2D SPACE',''
  ) );
#444 = ORIENTED_EDGE('',*,*,#445,.F.);
#445 = EDGE_CURVE('',#446,#418,#448,.T.);
#446 = VERTEX_POINT('',#447);
#447 = CARTESIAN_POINT('',(89.498592564296,0.,-245.0029250308));
#448 = SURFACE_CURVE('',#449,(#453,#460),.PCURVE_S1.);
#449 = LINE('',#450,#451);
#450 = CARTESIAN_POINT('',(89.498592564296,0.,-245.0029250308));
#451 = VECTOR('',#452,1.);
#452 = DIRECTION('',(0.56072774133,0.,-0.828000241608));
#453 = PCURVE('',#44,#454);
#454 = DEFINITIONAL_REPRESENTATION('',(#455),#459);
#455 = LINE('',#456,#457);
#456 = CARTESIAN_POINT('',(754.99707496916,1.089498592564E+03));
#457 = VECTOR('',#458,1.);
#458 = DIRECTION('',(-0.828000241608,0.56072774133));
#459 = ( GEOMETRIC_REPRESENTATION_CONTEXT(2) 
PARAMETRIC_REPRESENTATION_CONTEXT() REPRESENTATION_CONTEXT('2D SPACE',''
  ) );
#460 = PCURVE('',#461,#466);
#461 = CONICAL_SURFACE('',#462,89.498592564296,0.595264453095);
#462 = AXIS2_PLACEMENT_3D('',#463,#464,#465);
#463 = CARTESIAN_POINT('',(0.,0.,-245.0029250308));
#464 = DIRECTION('',(-0.,-0.,-1.));
#465 = DIRECTION('',(1.,0.,0.));
#466 = DEFINITIONAL_REPRESENTATION('',(#467),#471);
#467 = LINE('',#468,#469);
#468 = CARTESIAN_POINT('',(-0.,0.));
#469 = VECTOR('',#470,1.);
#470 = DIRECTION('',(-0.,1.));
#471 = ( GEOMETRIC_REPRESENTATION_CONTEXT(2) 
PARAMETRIC_REPRESENTATION_CONTEXT() REPRESENTATION_CONTEXT('2D SPACE',''
  ) );
#472 = ORIENTED_EDGE('',*,*,#473,.F.);
#473 = EDGE_CURVE('',#474,#446,#476,.T.);
#474 = VERTEX_POINT('',#475);
#475 = CARTESIAN_POINT('',(88.439364999154,0.,-243.4116572012));
#476 = SURFACE_CURVE('',#477,(#481,#488),.PCURVE_S1.);
#477 = LINE('',#478,#479);
#478 = CARTESIAN_POINT('',(88.439364999154,0.,-243.4116572012));
#479 = VECTOR('',#480,1.);
#480 = DIRECTION('',(0.554114197217,0.,-0.832440662415));
#481 = PCURVE('',#44,#482);
#482 = DEFINITIONAL_REPRESENTATION('',(#483),#487);
#483 = LINE('',#484,#485);
#484 = CARTESIAN_POINT('',(756.58834279879,1.088439364999E+03));
#485 = VECTOR('',#486,1.);
#486 = DIRECTION('',(-0.832440662415,0.554114197217));
#487 = ( GEOMETRIC_REPRESENTATION_CONTEXT(2) 
PARAMETRIC_REPRESENTATION_CONTEXT() REPRESENTATION_CONTEXT('2D SPACE',''
  ) );
#488 = PCURVE('',#489,#494);
#489 = CONICAL_SURFACE('',#490,88.439364999154,0.587298485593);
#490 = AXIS2_PLACEMENT_3D('',#491,#492,#493);
#491 = CARTESIAN_POINT('',(0.,0.,-243.4116572012));
#492 = DIRECTION('',(-0.,-0.,-1.));
#493 = DIRECTION('',(1.,0.,0.));
#494 = DEFINITIONAL_REPRESENTATION('',(#495),#499);
#495 = LINE('',#496,#497);
#496 = CARTESIAN_POINT('',(-0.,0.));
#497 = VECTOR('',#498,1.);
#498 = DIRECTION('',(-0.,1.));
#499 = ( GEOMETRIC_REPRESENTATION_CONTEXT(2) 
PARAMETRIC_REPRESENTATION_CONTEXT() REPRESENTATION_CONTEXT('2D SPACE',''
  ) );
#500 = ORIENTED_EDGE('',*,*,#501,.F.);
#501 = EDGE_CURVE('',#502,#474,#504,.T.);
#502 = VERTEX_POINT('',#503);
#503 = CARTESIAN_POINT('',(87.385420419407,0.,-241.8009360948));
#504 = SURFACE_CURVE('',#505,(#509,#516),.PCURVE_S1.);
#505 = LINE('',#506,#507);
#506 = CARTESIAN_POINT('',(87.385420419407,0.,-241.8009360948));
#507 = VECTOR('',#508,1.);
#508 = DIRECTION('',(0.547533476868,0.,-0.83678377835));
#509 = PCURVE('',#44,#510);
#510 = DEFINITIONAL_REPRESENTATION('',(#511),#515);
#511 = LINE('',#512,#513);
#512 = CARTESIAN_POINT('',(758.19906390512,1.087385420419E+03));
#513 = VECTOR('',#514,1.);
#514 = DIRECTION('',(-0.83678377835,0.547533476868));
#515 = ( GEOMETRIC_REPRESENTATION_CONTEXT(2) 
PARAMETRIC_REPRESENTATION_CONTEXT() REPRESENTATION_CONTEXT('2D SPACE',''
  ) );
#516 = PCURVE('',#517,#522);
#517 = CONICAL_SURFACE('',#518,87.385420419407,0.57941376249);
#518 = AXIS2_PLACEMENT_3D('',#519,#520,#521);
#519 = CARTESIAN_POINT('',(0.,0.,-241.8009360948));
#520 = DIRECTION('',(-0.,-0.,-1.));
#521 = DIRECTION('',(1.,0.,0.));
#522 = DEFINITIONAL_REPRESENTATION('',(#523),#527);
#523 = LINE('',#524,#525);
#524 = CARTESIAN_POINT('',(-0.,0.));
#525 = VECTOR('',#526,1.);
#526 = DIRECTION('',(-0.,1.));
#527 = ( GEOMETRIC_REPRESENTATION_CONTEXT(2) 
PARAMETRIC_REPRESENTATION_CONTEXT() REPRESENTATION_CONTEXT('2D SPACE',''
  ) );
#528 = ORIENTED_EDGE('',*,*,#529,.F.);
#529 = EDGE_CURVE('',#530,#502,#532,.T.);
#530 = VERTEX_POINT('',#531);
#531 = CARTESIAN_POINT('',(86.336785440432,0.,-240.1706984551));
#532 = SURFACE_CURVE('',#533,(#537,#544),.PCURVE_S1.);
#533 = LINE('',#534,#535);
#534 = CARTESIAN_POINT('',(86.336785440432,0.,-240.1706984551));
#535 = VECTOR('',#536,1.);
#536 = DIRECTION('',(0.540985744742,0.,-0.84103176158));
#537 = PCURVE('',#44,#538);
#538 = DEFINITIONAL_REPRESENTATION('',(#539),#543);
#539 = LINE('',#540,#541);
#540 = CARTESIAN_POINT('',(759.82930154482,1.08633678544E+03));
#541 = VECTOR('',#542,1.);
#542 = DIRECTION('',(-0.84103176158,0.540985744742));
#543 = ( GEOMETRIC_REPRESENTATION_CONTEXT(2) 
PARAMETRIC_REPRESENTATION_CONTEXT() REPRESENTATION_CONTEXT('2D SPACE',''
  ) );
#544 = PCURVE('',#545,#550);
#545 = CONICAL_SURFACE('',#546,86.336785440432,0.571608734189);
#546 = AXIS2_PLACEMENT_3D('',#547,#548,#549);
#547 = CARTESIAN_POINT('',(0.,0.,-240.1706984551));
#548 = DIRECTION('',(-0.,-0.,-1.));
#549 = DIRECTION('',(1.,0.,0.));
#550 = DEFINITIONAL_REPRESENTATION('',(#551),#555);
#551 = LINE('',#552,#553);
#552 = CARTESIAN_POINT('',(-0.,0.));
#553 = VECTOR('',#554,1.);
#554 = DIRECTION('',(-0.,1.));
#555 = ( GEOMETRIC_REPRESENTATION_CONTEXT(2) 
PARAMETRIC_REPRESENTATION_CONTEXT() REPRESENTATION_CONTEXT('2D SPACE',''
  ) );
#556 = ORIENTED_EDGE('',*,*,#557,.F.);
#557 = EDGE_CURVE('',#558,#530,#560,.T.);
#558 = VERTEX_POINT('',#559);
#559 = CARTESIAN_POINT('',(85.293487083972,0.,-238.5208771811));
#560 = SURFACE_CURVE('',#561,(#565,#572),.PCURVE_S1.);
#561 = LINE('',#562,#563);
#562 = CARTESIAN_POINT('',(85.293487083972,0.,-238.5208771811));
#563 = VECTOR('',#564,1.);
#564 = DIRECTION('',(0.534471167804,0.,-0.845186707649));
#565 = PCURVE('',#44,#566);
#566 = DEFINITIONAL_REPRESENTATION('',(#567),#571);
#567 = LINE('',#568,#569);
#568 = CARTESIAN_POINT('',(761.47912281884,1.085293487084E+03));
#569 = VECTOR('',#570,1.);
#570 = DIRECTION('',(-0.845186707649,0.534471167804));
#571 = ( GEOMETRIC_REPRESENTATION_CONTEXT(2) 
PARAMETRIC_REPRESENTATION_CONTEXT() REPRESENTATION_CONTEXT('2D SPACE',''
  ) );
#572 = PCURVE('',#573,#578);
#573 = CONICAL_SURFACE('',#574,85.293487083972,0.563881924592);
#574 = AXIS2_PLACEMENT_3D('',#575,#576,#577);
#575 = CARTESIAN_POINT('',(0.,0.,-238.5208771811));
#576 = DIRECTION('',(-0.,-0.,-1.));
#577 = DIRECTION('',(1.,0.,0.));
#578 = DEFINITIONAL_REPRESENTATION('',(#579),#583);
#579 = LINE('',#580,#581);
#580 = CARTESIAN_POINT('',(-0.,0.));
#581 = VECTOR('',#582,1.);
#582 = DIRECTION('',(-0.,1.));
#583 = ( GEOMETRIC_REPRESENTATION_CONTEXT(2) 
PARAMETRIC_REPRESENTATION_CONTEXT() REPRESENTATION_CONTEXT('2D SPACE',''
  ) );
#584 = ORIENTED_EDGE('',*,*,#585,.F.);
#585 = EDGE_CURVE('',#586,#558,#588,.T.);
#586 = VERTEX_POINT('',#587);
#587 = CARTESIAN_POINT('',(84.255552788578,0.,-236.8514014235));
#588 = SURFACE_CURVE('',#589,(#593,#600),.PCURVE_S1.);
#589 = LINE('',#590,#591);
#590 = CARTESIAN_POINT('',(84.255552788578,0.,-236.8514014235));
#591 = VECTOR('',#592,1.);
#592 = DIRECTION('',(0.527989915589,0.,-0.849250639703));
#593 = PCURVE('',#44,#594);
#594 = DEFINITIONAL_REPRESENTATION('',(#595),#599);
#595 = LINE('',#596,#597);
#596 = CARTESIAN_POINT('',(763.14859857644,1.084255552789E+03));
#597 = VECTOR('',#598,1.);
#598 = DIRECTION('',(-0.849250639703,0.527989915589));
#599 = ( GEOMETRIC_REPRESENTATION_CONTEXT(2) 
PARAMETRIC_REPRESENTATION_CONTEXT() REPRESENTATION_CONTEXT('2D SPACE',''
  ) );
#600 = PCURVE('',#601,#606);
#601 = CONICAL_SURFACE('',#602,84.255552788578,0.556231927243);
#602 = AXIS2_PLACEMENT_3D('',#603,#604,#605);
#603 = CARTESIAN_POINT('',(0.,0.,-236.8514014235));
#604 = DIRECTION('',(-0.,-0.,-1.));
#605 = DIRECTION('',(1.,0.,0.));
#606 = DEFINITIONAL_REPRESENTATION('',(#607),#611);
#607 = LINE('',#608,#609);
#608 = CARTESIAN_POINT('',(-0.,0.));
#609 = VECTOR('',#610,1.);
#610 = DIRECTION('',(-0.,1.));
#611 = ( GEOMETRIC_REPRESENTATION_CONTEXT(2) 
PARAMETRIC_REPRESENTATION_CONTEXT() REPRESENTATION_CONTEXT('2D SPACE',''
  ) );
#612 = ORIENTED_EDGE('',*,*,#613,.F.);
#613 = EDGE_CURVE('',#614,#586,#616,.T.);
#614 = VERTEX_POINT('',#615);
#615 = CARTESIAN_POINT('',(83.223010420441,0.,-235.1621966798));
#616 = SURFACE_CURVE('',#617,(#621,#628),.PCURVE_S1.);
#617 = LINE('',#618,#619);
#618 = CARTESIAN_POINT('',(83.223010420441,0.,-235.1621966798));
#619 = VECTOR('',#620,1.);
#620 = DIRECTION('',(0.521542160263,0.,-0.853225512434));
#621 = PCURVE('',#44,#622);
#622 = DEFINITIONAL_REPRESENTATION('',(#623),#627);
#623 = LINE('',#624,#625);
#624 = CARTESIAN_POINT('',(764.83780332015,1.08322301042E+03));
#625 = VECTOR('',#626,1.);
#626 = DIRECTION('',(-0.853225512434,0.521542160263));
#627 = ( GEOMETRIC_REPRESENTATION_CONTEXT(2) 
PARAMETRIC_REPRESENTATION_CONTEXT() REPRESENTATION_CONTEXT('2D SPACE',''
  ) );
#628 = PCURVE('',#629,#634);
#629 = CONICAL_SURFACE('',#630,83.223010420441,0.548657401762);
#630 = AXIS2_PLACEMENT_3D('',#631,#632,#633);
#631 = CARTESIAN_POINT('',(0.,0.,-235.1621966798));
#632 = DIRECTION('',(-0.,-0.,-1.));
#633 = DIRECTION('',(1.,0.,0.));
#634 = DEFINITIONAL_REPRESENTATION('',(#635),#639);
#635 = LINE('',#636,#637);
#636 = CARTESIAN_POINT('',(-0.,0.));
#637 = VECTOR('',#638,1.);
#638 = DIRECTION('',(-0.,1.));
#639 = ( GEOMETRIC_REPRESENTATION_CONTEXT(2) 
PARAMETRIC_REPRESENTATION_CONTEXT() REPRESENTATION_CONTEXT('2D SPACE',''
  ) );
#640 = ORIENTED_EDGE('',*,*,#641,.F.);
#641 = EDGE_CURVE('',#642,#614,#644,.T.);
#642 = VERTEX_POINT('',#643);
#643 = CARTESIAN_POINT('',(82.195888284612,0.,-233.4531848891));
#644 = SURFACE_CURVE('',#645,(#649,#656),.PCURVE_S1.);
#645 = LINE('',#646,#647);
#646 = CARTESIAN_POINT('',(82.195888284612,0.,-233.4531848891));
#647 = VECTOR('',#648,1.);
#648 = DIRECTION('',(0.515128076698,0.,-0.857113215741));
#649 = PCURVE('',#44,#650);
#650 = DEFINITIONAL_REPRESENTATION('',(#651),#655);
#651 = LINE('',#652,#653);
#652 = CARTESIAN_POINT('',(766.54681511086,1.082195888285E+03));
#653 = VECTOR('',#654,1.);
#654 = DIRECTION('',(-0.857113215741,0.515128076698));
#655 = ( GEOMETRIC_REPRESENTATION_CONTEXT(2) 
PARAMETRIC_REPRESENTATION_CONTEXT() REPRESENTATION_CONTEXT('2D SPACE',''
  ) );
#656 = PCURVE('',#657,#662);
#657 = CONICAL_SURFACE('',#658,82.195888284612,0.541157070522);
#658 = AXIS2_PLACEMENT_3D('',#659,#660,#661);
#659 = CARTESIAN_POINT('',(0.,0.,-233.4531848891));
#660 = DIRECTION('',(-0.,-0.,-1.));
#661 = DIRECTION('',(1.,0.,0.));
#662 = DEFINITIONAL_REPRESENTATION('',(#663),#667);
#663 = LINE('',#664,#665);
#664 = CARTESIAN_POINT('',(-0.,0.));
#665 = VECTOR('',#666,1.);
#666 = DIRECTION('',(-0.,1.));
#667 = ( GEOMETRIC_REPRESENTATION_CONTEXT(2) 
PARAMETRIC_REPRESENTATION_CONTEXT() REPRESENTATION_CONTEXT('2D SPACE',''
  ) );
#668 = ORIENTED_EDGE('',*,*,#669,.F.);
#669 = EDGE_CURVE('',#670,#642,#672,.T.);
#670 = VERTEX_POINT('',#671);
#671 = CARTESIAN_POINT('',(81.45533354867,0.,-232.2));
#672 = SURFACE_CURVE('',#673,(#677,#684),.PCURVE_S1.);
#673 = LINE('',#674,#675);
#674 = CARTESIAN_POINT('',(81.17421513665,0.,-231.7242845276));
#675 = VECTOR('',#676,1.);
#676 = DIRECTION('',(0.508747842538,0.,-0.860915578157));
#677 = PCURVE('',#44,#678);
#678 = DEFINITIONAL_REPRESENTATION('',(#679),#683);
#679 = LINE('',#680,#681);
#680 = CARTESIAN_POINT('',(768.27571547233,1.081174215137E+03));
#681 = VECTOR('',#682,1.);
#682 = DIRECTION('',(-0.860915578157,0.508747842538));
#683 = ( GEOMETRIC_REPRESENTATION_CONTEXT(2) 
PARAMETRIC_REPRESENTATION_CONTEXT() REPRESENTATION_CONTEXT('2D SPACE',''
  ) );
#684 = PCURVE('',#685,#690);
#685 = CONICAL_SURFACE('',#686,81.17421513665,0.533729715578);
#686 = AXIS2_PLACEMENT_3D('',#687,#688,#689);
#687 = CARTESIAN_POINT('',(0.,0.,-231.7242845276));
#688 = DIRECTION('',(-0.,-0.,-1.));
#689 = DIRECTION('',(1.,0.,0.));
#690 = DEFINITIONAL_REPRESENTATION('',(#691),#695);
#691 = LINE('',#692,#693);
#692 = CARTESIAN_POINT('',(-0.,0.));
#693 = VECTOR('',#694,1.);
#694 = DIRECTION('',(-0.,1.));
#695 = ( GEOMETRIC_REPRESENTATION_CONTEXT(2) 
PARAMETRIC_REPRESENTATION_CONTEXT() REPRESENTATION_CONTEXT('2D SPACE',''
  ) );
#696 = ORIENTED_EDGE('',*,*,#697,.F.);
#697 = EDGE_CURVE('',#698,#670,#700,.T.);
#698 = VERTEX_POINT('',#699);
#699 = CARTESIAN_POINT('',(83.106420866126,0.,-232.2));
#700 = SURFACE_CURVE('',#701,(#705,#711),.PCURVE_S1.);
#701 = LINE('',#702,#703);
#702 = CARTESIAN_POINT('',(-500.,0.,-232.2));
#703 = VECTOR('',#704,1.);
#704 = DIRECTION('',(-1.,-0.,0.));
#705 = PCURVE('',#44,#706);
#706 = DEFINITIONAL_REPRESENTATION('',(#707),#710);
#707 = B_SPLINE_CURVE_WITH_KNOTS('',1,(#708,#709),.UNSPECIFIED.,.F.,.F.,
  (2,2),(-583.1064208661,-416.8935791338),.PIECEWISE_BEZIER_KNOTS.);
#708 = CARTESIAN_POINT('',(767.8,1.083106420866E+03));
#709 = CARTESIAN_POINT('',(767.8,916.89357913387));
#710 = ( GEOMETRIC_REPRESENTATION_CONTEXT(2) 
PARAMETRIC_REPRESENTATION_CONTEXT() REPRESENTATION_CONTEXT('2D SPACE',''
  ) );
#711 = PCURVE('',#712,#717);
#712 = PLANE('',#713);
#713 = AXIS2_PLACEMENT_3D('',#714,#715,#716);
#714 = CARTESIAN_POINT('',(-4.21224582026E-15,5.03195789711E-15,-232.2)
  );
#715 = DIRECTION('',(0.,0.,1.));
#716 = DIRECTION('',(1.,0.,0.));
#717 = DEFINITIONAL_REPRESENTATION('',(#718),#721);
#718 = B_SPLINE_CURVE_WITH_KNOTS('',1,(#719,#720),.UNSPECIFIED.,.F.,.F.,
  (2,2),(-583.1064208661,-416.8935791338),.PIECEWISE_BEZIER_KNOTS.);
#719 = CARTESIAN_POINT('',(83.106420866126,-5.03195789711E-15));
#720 = CARTESIAN_POINT('',(-83.10642086612,-5.03195789711E-15));
#721 = ( GEOMETRIC_REPRESENTATION_CONTEXT(2) 
PARAMETRIC_REPRESENTATION_CONTEXT() REPRESENTATION_CONTEXT('2D SPACE',''
  ) );
#722 = ORIENTED_EDGE('',*,*,#723,.F.);
#723 = EDGE_CURVE('',#724,#698,#726,.T.);
#724 = VERTEX_POINT('',#725);
#725 = CARTESIAN_POINT('',(83.106420866126,0.,-230.));
#726 = SURFACE_CURVE('',#727,(#731,#738),.PCURVE_S1.);
#727 = LINE('',#728,#729);
#728 = CARTESIAN_POINT('',(83.106420866126,0.,-230.));
#729 = VECTOR('',#730,1.);
#730 = DIRECTION('',(-0.,-0.,-1.));
#731 = PCURVE('',#44,#732);
#732 = DEFINITIONAL_REPRESENTATION('',(#733),#737);
#733 = LINE('',#734,#735);
#734 = CARTESIAN_POINT('',(770.,1.083106420866E+03));
#735 = VECTOR('',#736,1.);
#736 = DIRECTION('',(-1.,0.));
#737 = ( GEOMETRIC_REPRESENTATION_CONTEXT(2) 
PARAMETRIC_REPRESENTATION_CONTEXT() REPRESENTATION_CONTEXT('2D SPACE',''
  ) );
#738 = PCURVE('',#739,#744);
#739 = CYLINDRICAL_SURFACE('',#740,83.106420866126);
#740 = AXIS2_PLACEMENT_3D('',#741,#742,#743);
#741 = CARTESIAN_POINT('',(0.,0.,-230.));
#742 = DIRECTION('',(0.,0.,1.));
#743 = DIRECTION('',(1.,0.,0.));
#744 = DEFINITIONAL_REPRESENTATION('',(#745),#749);
#745 = LINE('',#746,#747);
#746 = CARTESIAN_POINT('',(0.,0.));
#747 = VECTOR('',#748,1.);
#748 = DIRECTION('',(0.,-1.));
#749 = ( GEOMETRIC_REPRESENTATION_CONTEXT(2) 
PARAMETRIC_REPRESENTATION_CONTEXT() REPRESENTATION_CONTEXT('2D SPACE',''
  ) );
#750 = ORIENTED_EDGE('',*,*,#751,.F.);
#751 = EDGE_CURVE('',#24,#724,#752,.T.);
#752 = SURFACE_CURVE('',#753,(#757,#763),.PCURVE_S1.);
#753 = LINE('',#754,#755);
#754 = CARTESIAN_POINT('',(-1.E+03,0.,-230.));
#755 = VECTOR('',#756,1.);
#756 = DIRECTION('',(-1.,-0.,0.));
#757 = PCURVE('',#44,#758);
#758 = DEFINITIONAL_REPRESENTATION('',(#759),#762);
#759 = B_SPLINE_CURVE_WITH_KNOTS('',1,(#760,#761),.UNSPECIFIED.,.F.,.F.,
  (2,2),(-1.083740533762E+03,-916.2594662381),.PIECEWISE_BEZIER_KNOTS.);
#760 = CARTESIAN_POINT('',(770.,1.083740533762E+03));
#761 = CARTESIAN_POINT('',(770.,916.25946623812));
#762 = ( GEOMETRIC_REPRESENTATION_CONTEXT(2) 
PARAMETRIC_REPRESENTATION_CONTEXT() REPRESENTATION_CONTEXT('2D SPACE',''
  ) );
#763 = PCURVE('',#126,#764);
#764 = DEFINITIONAL_REPRESENTATION('',(#765),#768);
#765 = B_SPLINE_CURVE_WITH_KNOTS('',1,(#766,#767),.UNSPECIFIED.,.F.,.F.,
  (2,2),(-1.083740533762E+03,-916.2594662381),.PIECEWISE_BEZIER_KNOTS.);
#766 = CARTESIAN_POINT('',(1.083740533762E+03,1.E+03));
#767 = CARTESIAN_POINT('',(916.25946623812,1.E+03));
#768 = ( GEOMETRIC_REPRESENTATION_CONTEXT(2) 
PARAMETRIC_REPRESENTATION_CONTEXT() REPRESENTATION_CONTEXT('2D SPACE',''
  ) );
#769 = ADVANCED_FACE('',(#770),#126,.T.);
#770 = FACE_BOUND('',#771,.T.);
#771 = EDGE_LOOP('',(#772,#773,#774,#795));
#772 = ORIENTED_EDGE('',*,*,#751,.F.);
#773 = ORIENTED_EDGE('',*,*,#111,.T.);
#774 = ORIENTED_EDGE('',*,*,#775,.F.);
#775 = EDGE_CURVE('',#776,#86,#778,.T.);
#776 = VERTEX_POINT('',#777);
#777 = CARTESIAN_POINT('',(5.088800615115E-15,83.106420866126,-230.));
#778 = SURFACE_CURVE('',#779,(#783,#789),.PCURVE_S1.);
#779 = LINE('',#780,#781);
#780 = CARTESIAN_POINT('',(0.,-1.E+03,-230.));
#781 = VECTOR('',#782,1.);
#782 = DIRECTION('',(-0.,1.,0.));
#783 = PCURVE('',#126,#784);
#784 = DEFINITIONAL_REPRESENTATION('',(#785),#788);
#785 = B_SPLINE_CURVE_WITH_KNOTS('',1,(#786,#787),.UNSPECIFIED.,.F.,.F.,
  (2,2),(1.E+03,1.083740533762E+03),.PIECEWISE_BEZIER_KNOTS.);
#786 = CARTESIAN_POINT('',(1.E+03,1.E+03));
#787 = CARTESIAN_POINT('',(1.E+03,1.083740533762E+03));
#788 = ( GEOMETRIC_REPRESENTATION_CONTEXT(2) 
PARAMETRIC_REPRESENTATION_CONTEXT() REPRESENTATION_CONTEXT('2D SPACE',''
  ) );
#789 = PCURVE('',#100,#790);
#790 = DEFINITIONAL_REPRESENTATION('',(#791),#794);
#791 = B_SPLINE_CURVE_WITH_KNOTS('',1,(#792,#793),.UNSPECIFIED.,.F.,.F.,
  (2,2),(1.E+03,1.083740533762E+03),.PIECEWISE_BEZIER_KNOTS.);
#792 = CARTESIAN_POINT('',(770.,-1.E+03));
#793 = CARTESIAN_POINT('',(770.,-1.083740533762E+03));
#794 = ( GEOMETRIC_REPRESENTATION_CONTEXT(2) 
PARAMETRIC_REPRESENTATION_CONTEXT() REPRESENTATION_CONTEXT('2D SPACE',''
  ) );
#795 = ORIENTED_EDGE('',*,*,#796,.F.);
#796 = EDGE_CURVE('',#724,#776,#797,.T.);
#797 = SURFACE_CURVE('',#798,(#803,#810),.PCURVE_S1.);
#798 = CIRCLE('',#799,83.106420866126);
#799 = AXIS2_PLACEMENT_3D('',#800,#801,#802);
#800 = CARTESIAN_POINT('',(0.,0.,-230.));
#801 = DIRECTION('',(0.,0.,1.));
#802 = DIRECTION('',(1.,0.,0.));
#803 = PCURVE('',#126,#804);
#804 = DEFINITIONAL_REPRESENTATION('',(#805),#809);
#805 = CIRCLE('',#806,83.106420866126);
#806 = AXIS2_PLACEMENT_2D('',#807,#808);
#807 = CARTESIAN_POINT('',(1.E+03,1.E+03));
#808 = DIRECTION('',(1.,0.));
#809 = ( GEOMETRIC_REPRESENTATION_CONTEXT(2) 
PARAMETRIC_REPRESENTATION_CONTEXT() REPRESENTATION_CONTEXT('2D SPACE',''
  ) );
#810 = PCURVE('',#739,#811);
#811 = DEFINITIONAL_REPRESENTATION('',(#812),#816);
#812 = LINE('',#813,#814);
#813 = CARTESIAN_POINT('',(0.,0.));
#814 = VECTOR('',#815,1.);
#815 = DIRECTION('',(1.,0.));
#816 = ( GEOMETRIC_REPRESENTATION_CONTEXT(2) 
PARAMETRIC_REPRESENTATION_CONTEXT() REPRESENTATION_CONTEXT('2D SPACE',''
  ) );
#817 = ADVANCED_FACE('',(#818),#100,.F.);
#818 = FACE_BOUND('',#819,.F.);
#819 = EDGE_LOOP('',(#820,#821,#822,#843,#864,#885,#906,#927,#948,#969,
    #990,#1011,#1032,#1053,#1074,#1095,#1123,#1144,#1165,#1186,#1207,
    #1228,#1249,#1270));
#820 = ORIENTED_EDGE('',*,*,#85,.F.);
#821 = ORIENTED_EDGE('',*,*,#775,.F.);
#822 = ORIENTED_EDGE('',*,*,#823,.F.);
#823 = EDGE_CURVE('',#824,#776,#826,.T.);
#824 = VERTEX_POINT('',#825);
#825 = CARTESIAN_POINT('',(5.088800615115E-15,83.106420866126,-232.2));
#826 = SURFACE_CURVE('',#827,(#831,#837),.PCURVE_S1.);
#827 = LINE('',#828,#829);
#828 = CARTESIAN_POINT('',(0.,83.106420866126,-230.));
#829 = VECTOR('',#830,1.);
#830 = DIRECTION('',(0.,0.,1.));
#831 = PCURVE('',#100,#832);
#832 = DEFINITIONAL_REPRESENTATION('',(#833),#836);
#833 = B_SPLINE_CURVE_WITH_KNOTS('',1,(#834,#835),.UNSPECIFIED.,.F.,.F.,
  (2,2),(-2.2000006,5.999999928008E-07),.PIECEWISE_BEZIER_KNOTS.);
#834 = CARTESIAN_POINT('',(767.7999994,-1.083106420866E+03));
#835 = CARTESIAN_POINT('',(770.0000006,-1.083106420866E+03));
#836 = ( GEOMETRIC_REPRESENTATION_CONTEXT(2) 
PARAMETRIC_REPRESENTATION_CONTEXT() REPRESENTATION_CONTEXT('2D SPACE',''
  ) );
#837 = PCURVE('',#739,#838);
#838 = DEFINITIONAL_REPRESENTATION('',(#839),#842);
#839 = B_SPLINE_CURVE_WITH_KNOTS('',1,(#840,#841),.UNSPECIFIED.,.F.,.F.,
  (2,2),(-2.2000006,5.999999928008E-07),.PIECEWISE_BEZIER_KNOTS.);
#840 = CARTESIAN_POINT('',(1.570796326795,-2.2000006));
#841 = CARTESIAN_POINT('',(1.570796326795,5.999999928008E-07));
#842 = ( GEOMETRIC_REPRESENTATION_CONTEXT(2) 
PARAMETRIC_REPRESENTATION_CONTEXT() REPRESENTATION_CONTEXT('2D SPACE',''
  ) );
#843 = ORIENTED_EDGE('',*,*,#844,.F.);
#844 = EDGE_CURVE('',#845,#824,#847,.T.);
#845 = VERTEX_POINT('',#846);
#846 = CARTESIAN_POINT('',(-1.496310202558E-14,81.45533354867,-232.2));
#847 = SURFACE_CURVE('',#848,(#852,#858),.PCURVE_S1.);
#848 = LINE('',#849,#850);
#849 = CARTESIAN_POINT('',(0.,-500.,-232.2));
#850 = VECTOR('',#851,1.);
#851 = DIRECTION('',(-0.,1.,0.));
#852 = PCURVE('',#100,#853);
#853 = DEFINITIONAL_REPRESENTATION('',(#854),#857);
#854 = B_SPLINE_CURVE_WITH_KNOTS('',1,(#855,#856),.UNSPECIFIED.,.F.,.F.,
  (2,2),(500.,583.10642086612),.PIECEWISE_BEZIER_KNOTS.);
#855 = CARTESIAN_POINT('',(767.8,-1.E+03));
#856 = CARTESIAN_POINT('',(767.8,-1.083106420866E+03));
#857 = ( GEOMETRIC_REPRESENTATION_CONTEXT(2) 
PARAMETRIC_REPRESENTATION_CONTEXT() REPRESENTATION_CONTEXT('2D SPACE',''
  ) );
#858 = PCURVE('',#712,#859);
#859 = DEFINITIONAL_REPRESENTATION('',(#860),#863);
#860 = B_SPLINE_CURVE_WITH_KNOTS('',1,(#861,#862),.UNSPECIFIED.,.F.,.F.,
  (2,2),(500.,583.10642086612),.PIECEWISE_BEZIER_KNOTS.);
#861 = CARTESIAN_POINT('',(4.21224582026E-15,0.));
#862 = CARTESIAN_POINT('',(4.21224582026E-15,83.106420866126));
#863 = ( GEOMETRIC_REPRESENTATION_CONTEXT(2) 
PARAMETRIC_REPRESENTATION_CONTEXT() REPRESENTATION_CONTEXT('2D SPACE',''
  ) );
#864 = ORIENTED_EDGE('',*,*,#865,.T.);
#865 = EDGE_CURVE('',#845,#866,#868,.T.);
#866 = VERTEX_POINT('',#867);
#867 = CARTESIAN_POINT('',(5.033046574541E-15,82.195888284612,
    -233.4531848891));
#868 = SURFACE_CURVE('',#869,(#873,#879),.PCURVE_S1.);
#869 = LINE('',#870,#871);
#870 = CARTESIAN_POINT('',(0.,0.,-94.35928656108));
#871 = VECTOR('',#872,1.);
#872 = DIRECTION('',(-0.,0.508747842538,-0.860915578157));
#873 = PCURVE('',#100,#874);
#874 = DEFINITIONAL_REPRESENTATION('',(#875),#878);
#875 = B_SPLINE_CURVE_WITH_KNOTS('',1,(#876,#877),.UNSPECIFIED.,.F.,.F.,
  (2,2),(160.10944270989,161.56508472745),.PIECEWISE_BEZIER_KNOTS.);
#876 = CARTESIAN_POINT('',(767.8,-1.081455333549E+03));
#877 = CARTESIAN_POINT('',(766.54681511086,-1.082195888285E+03));
#878 = ( GEOMETRIC_REPRESENTATION_CONTEXT(2) 
PARAMETRIC_REPRESENTATION_CONTEXT() REPRESENTATION_CONTEXT('2D SPACE',''
  ) );
#879 = PCURVE('',#685,#880);
#880 = DEFINITIONAL_REPRESENTATION('',(#881),#884);
#881 = B_SPLINE_CURVE_WITH_KNOTS('',1,(#882,#883),.UNSPECIFIED.,.F.,.F.,
  (2,2),(160.10944270989,161.56508472745),.PIECEWISE_BEZIER_KNOTS.);
#882 = CARTESIAN_POINT('',(-1.570796326795,0.475715472338));
#883 = CARTESIAN_POINT('',(-1.570796326795,1.728900361477));
#884 = ( GEOMETRIC_REPRESENTATION_CONTEXT(2) 
PARAMETRIC_REPRESENTATION_CONTEXT() REPRESENTATION_CONTEXT('2D SPACE',''
  ) );
#885 = ORIENTED_EDGE('',*,*,#886,.T.);
#886 = EDGE_CURVE('',#866,#887,#889,.T.);
#887 = VERTEX_POINT('',#888);
#888 = CARTESIAN_POINT('',(5.09593966634E-15,83.223010420441,
    -235.1621966798));
#889 = SURFACE_CURVE('',#890,(#894,#900),.PCURVE_S1.);
#890 = LINE('',#891,#892);
#891 = CARTESIAN_POINT('',(0.,0.,-96.688785286));
#892 = VECTOR('',#893,1.);
#893 = DIRECTION('',(-0.,0.515128076698,-0.857113215741));
#894 = PCURVE('',#100,#895);
#895 = DEFINITIONAL_REPRESENTATION('',(#896),#899);
#896 = B_SPLINE_CURVE_WITH_KNOTS('',1,(#897,#898),.UNSPECIFIED.,.F.,.F.,
  (2,2),(159.56398418722,161.55790022925),.PIECEWISE_BEZIER_KNOTS.);
#897 = CARTESIAN_POINT('',(766.54681511086,-1.082195888285E+03));
#898 = CARTESIAN_POINT('',(764.83780332015,-1.08322301042E+03));
#899 = ( GEOMETRIC_REPRESENTATION_CONTEXT(2) 
PARAMETRIC_REPRESENTATION_CONTEXT() REPRESENTATION_CONTEXT('2D SPACE',''
  ) );
#900 = PCURVE('',#657,#901);
#901 = DEFINITIONAL_REPRESENTATION('',(#902),#905);
#902 = B_SPLINE_CURVE_WITH_KNOTS('',1,(#903,#904),.UNSPECIFIED.,.F.,.F.,
  (2,2),(159.56398418722,161.55790022925),.PIECEWISE_BEZIER_KNOTS.);
#903 = CARTESIAN_POINT('',(-1.570796326795,-4.872124553349E-14));
#904 = CARTESIAN_POINT('',(-1.570796326795,1.709011790702));
#905 = ( GEOMETRIC_REPRESENTATION_CONTEXT(2) 
PARAMETRIC_REPRESENTATION_CONTEXT() REPRESENTATION_CONTEXT('2D SPACE',''
  ) );
#906 = ORIENTED_EDGE('',*,*,#907,.T.);
#907 = EDGE_CURVE('',#887,#908,#910,.T.);
#908 = VERTEX_POINT('',#909);
#909 = CARTESIAN_POINT('',(5.159164651646E-15,84.255552788578,
    -236.8514014235));
#910 = SURFACE_CURVE('',#911,(#915,#921),.PCURVE_S1.);
#911 = LINE('',#912,#913);
#912 = CARTESIAN_POINT('',(0.,0.,-99.01213802208));
#913 = VECTOR('',#914,1.);
#914 = DIRECTION('',(-0.,0.521542160263,-0.853225512434));
#915 = PCURVE('',#100,#916);
#916 = DEFINITIONAL_REPRESENTATION('',(#917),#920);
#917 = B_SPLINE_CURVE_WITH_KNOTS('',1,(#918,#919),.UNSPECIFIED.,.F.,.F.,
  (2,2),(159.57101220445,161.55079916475),.PIECEWISE_BEZIER_KNOTS.);
#918 = CARTESIAN_POINT('',(764.83780332015,-1.08322301042E+03));
#919 = CARTESIAN_POINT('',(763.14859857644,-1.084255552789E+03));
#920 = ( GEOMETRIC_REPRESENTATION_CONTEXT(2) 
PARAMETRIC_REPRESENTATION_CONTEXT() REPRESENTATION_CONTEXT('2D SPACE',''
  ) );
#921 = PCURVE('',#629,#922);
#922 = DEFINITIONAL_REPRESENTATION('',(#923),#926);
#923 = B_SPLINE_CURVE_WITH_KNOTS('',1,(#924,#925),.UNSPECIFIED.,.F.,.F.,
  (2,2),(159.57101220445,161.55079916475),.PIECEWISE_BEZIER_KNOTS.);
#924 = CARTESIAN_POINT('',(-1.570796326795,0.));
#925 = CARTESIAN_POINT('',(-1.570796326795,1.689204743716));
#926 = ( GEOMETRIC_REPRESENTATION_CONTEXT(2) 
PARAMETRIC_REPRESENTATION_CONTEXT() REPRESENTATION_CONTEXT('2D SPACE',''
  ) );
#927 = ORIENTED_EDGE('',*,*,#928,.T.);
#928 = EDGE_CURVE('',#908,#929,#931,.T.);
#929 = VERTEX_POINT('',#930);
#930 = CARTESIAN_POINT('',(5.222719797275E-15,85.293487083972,
    -238.5208771811));
#931 = SURFACE_CURVE('',#932,(#936,#942),.PCURVE_S1.);
#932 = LINE('',#933,#934);
#933 = CARTESIAN_POINT('',(0.,0.,-101.3297181647));
#934 = VECTOR('',#935,1.);
#935 = DIRECTION('',(-0.,0.527989915589,-0.849250639703));
#936 = PCURVE('',#100,#937);
#937 = DEFINITIONAL_REPRESENTATION('',(#938),#941);
#938 = B_SPLINE_CURVE_WITH_KNOTS('',1,(#939,#940),.UNSPECIFIED.,.F.,.F.,
  (2,2),(159.57795840595,161.54378060208),.PIECEWISE_BEZIER_KNOTS.);
#939 = CARTESIAN_POINT('',(763.14859857644,-1.084255552789E+03));
#940 = CARTESIAN_POINT('',(761.47912281884,-1.085293487084E+03));
#941 = ( GEOMETRIC_REPRESENTATION_CONTEXT(2) 
PARAMETRIC_REPRESENTATION_CONTEXT() REPRESENTATION_CONTEXT('2D SPACE',''
  ) );
#942 = PCURVE('',#601,#943);
#943 = DEFINITIONAL_REPRESENTATION('',(#944),#947);
#944 = B_SPLINE_CURVE_WITH_KNOTS('',1,(#945,#946),.UNSPECIFIED.,.F.,.F.,
  (2,2),(159.57795840595,161.54378060208),.PIECEWISE_BEZIER_KNOTS.);
#945 = CARTESIAN_POINT('',(-1.570796326795,-4.827430983047E-14));
#946 = CARTESIAN_POINT('',(-1.570796326795,1.669475757601));
#947 = ( GEOMETRIC_REPRESENTATION_CONTEXT(2) 
PARAMETRIC_REPRESENTATION_CONTEXT() REPRESENTATION_CONTEXT('2D SPACE',''
  ) );
#948 = ORIENTED_EDGE('',*,*,#949,.T.);
#949 = EDGE_CURVE('',#929,#950,#952,.T.);
#950 = VERTEX_POINT('',#951);
#951 = CARTESIAN_POINT('',(5.286603396915E-15,86.336785440432,
    -240.1706984551));
#952 = SURFACE_CURVE('',#953,(#957,#963),.PCURVE_S1.);
#953 = LINE('',#954,#955);
#954 = CARTESIAN_POINT('',(0.,0.,-103.6419054519));
#955 = VECTOR('',#956,1.);
#956 = DIRECTION('',(-0.,0.534471167804,-0.845186707649));
#957 = PCURVE('',#100,#958);
#958 = DEFINITIONAL_REPRESENTATION('',(#959),#962);
#959 = B_SPLINE_CURVE_WITH_KNOTS('',1,(#960,#961),.UNSPECIFIED.,.F.,.F.,
  (2,2),(159.5848236947,161.53684359644),.PIECEWISE_BEZIER_KNOTS.);
#960 = CARTESIAN_POINT('',(761.47912281884,-1.085293487084E+03));
#961 = CARTESIAN_POINT('',(759.82930154482,-1.08633678544E+03));
#962 = ( GEOMETRIC_REPRESENTATION_CONTEXT(2) 
PARAMETRIC_REPRESENTATION_CONTEXT() REPRESENTATION_CONTEXT('2D SPACE',''
  ) );
#963 = PCURVE('',#573,#964);
#964 = DEFINITIONAL_REPRESENTATION('',(#965),#968);
#965 = B_SPLINE_CURVE_WITH_KNOTS('',1,(#966,#967),.UNSPECIFIED.,.F.,.F.,
  (2,2),(159.5848236947,161.53684359644),.PIECEWISE_BEZIER_KNOTS.);
#966 = CARTESIAN_POINT('',(-1.570796326795,0.));
#967 = CARTESIAN_POINT('',(-1.570796326795,1.649821274016));
#968 = ( GEOMETRIC_REPRESENTATION_CONTEXT(2) 
PARAMETRIC_REPRESENTATION_CONTEXT() REPRESENTATION_CONTEXT('2D SPACE',''
  ) );
#969 = ORIENTED_EDGE('',*,*,#970,.T.);
#970 = EDGE_CURVE('',#950,#971,#973,.T.);
#971 = VERTEX_POINT('',#972);
#972 = CARTESIAN_POINT('',(5.350813770439E-15,87.385420419407,
    -241.8009360948));
#973 = SURFACE_CURVE('',#974,(#978,#984),.PCURVE_S1.);
#974 = LINE('',#975,#976);
#975 = CARTESIAN_POINT('',(0.,0.,-105.9490864185));
#976 = VECTOR('',#977,1.);
#977 = DIRECTION('',(-0.,0.540985744742,-0.84103176158));
#978 = PCURVE('',#100,#979);
#979 = DEFINITIONAL_REPRESENTATION('',(#980),#983);
#980 = B_SPLINE_CURVE_WITH_KNOTS('',1,(#981,#982),.UNSPECIFIED.,.F.,.F.,
  (2,2),(159.59160898334,161.52998719232),.PIECEWISE_BEZIER_KNOTS.);
#981 = CARTESIAN_POINT('',(759.82930154482,-1.08633678544E+03));
#982 = CARTESIAN_POINT('',(758.19906390512,-1.087385420419E+03));
#983 = ( GEOMETRIC_REPRESENTATION_CONTEXT(2) 
PARAMETRIC_REPRESENTATION_CONTEXT() REPRESENTATION_CONTEXT('2D SPACE',''
  ) );
#984 = PCURVE('',#545,#985);
#985 = DEFINITIONAL_REPRESENTATION('',(#986),#989);
#986 = B_SPLINE_CURVE_WITH_KNOTS('',1,(#987,#988),.UNSPECIFIED.,.F.,.F.,
  (2,2),(159.59160898334,161.52998719232),.PIECEWISE_BEZIER_KNOTS.);
#987 = CARTESIAN_POINT('',(-1.570796326795,-4.780712069872E-14));
#988 = CARTESIAN_POINT('',(-1.570796326795,1.630237639703));
#989 = ( GEOMETRIC_REPRESENTATION_CONTEXT(2) 
PARAMETRIC_REPRESENTATION_CONTEXT() REPRESENTATION_CONTEXT('2D SPACE',''
  ) );
#990 = ORIENTED_EDGE('',*,*,#991,.T.);
#991 = EDGE_CURVE('',#971,#992,#994,.T.);
#992 = VERTEX_POINT('',#993);
#993 = CARTESIAN_POINT('',(5.415349263242E-15,88.439364999154,
    -243.4116572012));
#994 = SURFACE_CURVE('',#995,(#999,#1005),.PCURVE_S1.);
#995 = LINE('',#996,#997);
#996 = CARTESIAN_POINT('',(0.,0.,-108.2516548901));
#997 = VECTOR('',#998,1.);
#998 = DIRECTION('',(-0.,0.547533476868,-0.83678377835));
#999 = PCURVE('',#100,#1000);
#1000 = DEFINITIONAL_REPRESENTATION('',(#1001),#1004);
#1001 = B_SPLINE_CURVE_WITH_KNOTS('',1,(#1002,#1003),.UNSPECIFIED.,.F.,
  .F.,(2,2),(159.59831519212,161.52321042551),.PIECEWISE_BEZIER_KNOTS.);
#1002 = CARTESIAN_POINT('',(758.19906390512,-1.087385420419E+03));
#1003 = CARTESIAN_POINT('',(756.58834279879,-1.088439364999E+03));
#1004 = ( GEOMETRIC_REPRESENTATION_CONTEXT(2) 
PARAMETRIC_REPRESENTATION_CONTEXT() REPRESENTATION_CONTEXT('2D SPACE',''
  ) );
#1005 = PCURVE('',#517,#1006);
#1006 = DEFINITIONAL_REPRESENTATION('',(#1007),#1010);
#1007 = B_SPLINE_CURVE_WITH_KNOTS('',1,(#1008,#1009),.UNSPECIFIED.,.F.,
  .F.,(2,2),(159.59831519212,161.52321042551),.PIECEWISE_BEZIER_KNOTS.);
#1008 = CARTESIAN_POINT('',(-1.570796326795,2.378282540433E-14));
#1009 = CARTESIAN_POINT('',(-1.570796326795,1.610721106327));
#1010 = ( GEOMETRIC_REPRESENTATION_CONTEXT(2) 
PARAMETRIC_REPRESENTATION_CONTEXT() REPRESENTATION_CONTEXT('2D SPACE',''
  ) );
#1011 = ORIENTED_EDGE('',*,*,#1012,.T.);
#1012 = EDGE_CURVE('',#992,#1013,#1015,.T.);
#1013 = VERTEX_POINT('',#1014);
#1014 = CARTESIAN_POINT('',(5.480208245603E-15,89.498592564296,
    -245.0029250308));
#1015 = SURFACE_CURVE('',#1016,(#1020,#1026),.PCURVE_S1.);
#1016 = LINE('',#1017,#1018);
#1017 = CARTESIAN_POINT('',(0.,0.,-110.55001252));
#1018 = VECTOR('',#1019,1.);
#1019 = DIRECTION('',(-0.,0.554114197217,-0.832440662415));
#1020 = PCURVE('',#100,#1021);
#1021 = DEFINITIONAL_REPRESENTATION('',(#1022),#1025);
#1022 = B_SPLINE_CURVE_WITH_KNOTS('',1,(#1023,#1024),.UNSPECIFIED.,.F.,
  .F.,(2,2),(159.6049432469,161.51651232501),.PIECEWISE_BEZIER_KNOTS.);
#1023 = CARTESIAN_POINT('',(756.58834279879,-1.088439364999E+03));
#1024 = CARTESIAN_POINT('',(754.99707496916,-1.089498592564E+03));
#1025 = ( GEOMETRIC_REPRESENTATION_CONTEXT(2) 
PARAMETRIC_REPRESENTATION_CONTEXT() REPRESENTATION_CONTEXT('2D SPACE',''
  ) );
#1026 = PCURVE('',#489,#1027);
#1027 = DEFINITIONAL_REPRESENTATION('',(#1028),#1031);
#1028 = B_SPLINE_CURVE_WITH_KNOTS('',1,(#1029,#1030),.UNSPECIFIED.,.F.,
  .F.,(2,2),(159.6049432469,161.51651232501),.PIECEWISE_BEZIER_KNOTS.);
#1029 = CARTESIAN_POINT('',(-1.570796326795,0.));
#1030 = CARTESIAN_POINT('',(-1.570796326795,1.591267829634));
#1031 = ( GEOMETRIC_REPRESENTATION_CONTEXT(2) 
PARAMETRIC_REPRESENTATION_CONTEXT() REPRESENTATION_CONTEXT('2D SPACE',''
  ) );
#1032 = ORIENTED_EDGE('',*,*,#1033,.T.);
#1033 = EDGE_CURVE('',#1013,#1034,#1036,.T.);
#1034 = VERTEX_POINT('',#1035);
#1035 = CARTESIAN_POINT('',(5.545389112065E-15,90.563076895733,
    -246.5747988987));
#1036 = SURFACE_CURVE('',#1037,(#1041,#1047),.PCURVE_S1.);
#1037 = LINE('',#1038,#1039);
#1038 = CARTESIAN_POINT('',(0.,0.,-112.8445693713));
#1039 = VECTOR('',#1040,1.);
#1040 = DIRECTION('',(-0.,0.56072774133,-0.828000241608));
#1041 = PCURVE('',#100,#1042);
#1042 = DEFINITIONAL_REPRESENTATION('',(#1043),#1046);
#1043 = B_SPLINE_CURVE_WITH_KNOTS('',1,(#1044,#1045),.UNSPECIFIED.,.F.,
  .F.,(2,2),(159.61149407738,161.50989191464),.PIECEWISE_BEZIER_KNOTS.);
#1044 = CARTESIAN_POINT('',(754.99707496916,-1.089498592564E+03));
#1045 = CARTESIAN_POINT('',(753.42520110123,-1.090563076896E+03));
#1046 = ( GEOMETRIC_REPRESENTATION_CONTEXT(2) 
PARAMETRIC_REPRESENTATION_CONTEXT() REPRESENTATION_CONTEXT('2D SPACE',''
  ) );
#1047 = PCURVE('',#461,#1048);
#1048 = DEFINITIONAL_REPRESENTATION('',(#1049),#1052);
#1049 = B_SPLINE_CURVE_WITH_KNOTS('',1,(#1050,#1051),.UNSPECIFIED.,.F.,
  .F.,(2,2),(159.61149407738,161.50989191464),.PIECEWISE_BEZIER_KNOTS.);
#1050 = CARTESIAN_POINT('',(-1.570796326795,4.706636455058E-14));
#1051 = CARTESIAN_POINT('',(-1.570796326795,1.571873867926));
#1052 = ( GEOMETRIC_REPRESENTATION_CONTEXT(2) 
PARAMETRIC_REPRESENTATION_CONTEXT() REPRESENTATION_CONTEXT('2D SPACE',''
  ) );
#1053 = ORIENTED_EDGE('',*,*,#1054,.T.);
#1054 = EDGE_CURVE('',#1034,#1055,#1057,.T.);
#1055 = VERTEX_POINT('',#1056);
#1056 = CARTESIAN_POINT('',(5.61089028084E-15,91.632792160908,
    -248.1273340786));
#1057 = SURFACE_CURVE('',#1058,(#1062,#1068),.PCURVE_S1.);
#1058 = LINE('',#1059,#1060);
#1059 = CARTESIAN_POINT('',(0.,0.,-115.13574455));
#1060 = VECTOR('',#1061,1.);
#1061 = DIRECTION('',(-0.,0.56737394719,-0.823460262581));
#1062 = PCURVE('',#100,#1063);
#1063 = DEFINITIONAL_REPRESENTATION('',(#1064),#1067);
#1064 = B_SPLINE_CURVE_WITH_KNOTS('',1,(#1065,#1066),.UNSPECIFIED.,.F.,
  .F.,(2,2),(159.61796861539,161.50334821463),.PIECEWISE_BEZIER_KNOTS.);
#1065 = CARTESIAN_POINT('',(753.42520110123,-1.090563076896E+03));
#1066 = CARTESIAN_POINT('',(751.87266592137,-1.091632792161E+03));
#1067 = ( GEOMETRIC_REPRESENTATION_CONTEXT(2) 
PARAMETRIC_REPRESENTATION_CONTEXT() REPRESENTATION_CONTEXT('2D SPACE',''
  ) );
#1068 = PCURVE('',#433,#1069);
#1069 = DEFINITIONAL_REPRESENTATION('',(#1070),#1073);
#1070 = B_SPLINE_CURVE_WITH_KNOTS('',1,(#1071,#1072),.UNSPECIFIED.,.F.,
  .F.,(2,2),(159.61796861539,161.50334821463),.PIECEWISE_BEZIER_KNOTS.);
#1071 = CARTESIAN_POINT('',(-1.570796326795,-4.680829662113E-14));
#1072 = CARTESIAN_POINT('',(-1.570796326795,1.55253517986));
#1073 = ( GEOMETRIC_REPRESENTATION_CONTEXT(2) 
PARAMETRIC_REPRESENTATION_CONTEXT() REPRESENTATION_CONTEXT('2D SPACE',''
  ) );
#1074 = ORIENTED_EDGE('',*,*,#1075,.T.);
#1075 = EDGE_CURVE('',#1055,#1076,#1078,.T.);
#1076 = VERTEX_POINT('',#1077);
#1077 = CARTESIAN_POINT('',(0.,92.414059430675,-249.241719665));
#1078 = SURFACE_CURVE('',#1079,(#1083,#1089),.PCURVE_S1.);
#1079 = LINE('',#1080,#1081);
#1080 = CARTESIAN_POINT('',(0.,0.,-117.4239668907));
#1081 = VECTOR('',#1082,1.);
#1082 = DIRECTION('',(-0.,0.574052655165,-0.818818385906));
#1083 = PCURVE('',#100,#1084);
#1084 = DEFINITIONAL_REPRESENTATION('',(#1085),#1088);
#1085 = B_SPLINE_CURVE_WITH_KNOTS('',1,(#1086,#1087),.UNSPECIFIED.,.F.,
  .F.,(2,2),(159.62436779341,161.49688024296),.PIECEWISE_BEZIER_KNOTS.);
#1086 = CARTESIAN_POINT('',(751.87266592137,-1.091632792161E+03));
#1087 = CARTESIAN_POINT('',(750.33941829984,-1.092707712904E+03));
#1088 = ( GEOMETRIC_REPRESENTATION_CONTEXT(2) 
PARAMETRIC_REPRESENTATION_CONTEXT() REPRESENTATION_CONTEXT('2D SPACE',''
  ) );
#1089 = PCURVE('',#405,#1090);
#1090 = DEFINITIONAL_REPRESENTATION('',(#1091),#1094);
#1091 = B_SPLINE_CURVE_WITH_KNOTS('',1,(#1092,#1093),.UNSPECIFIED.,.F.,
  .F.,(2,2),(159.62436779341,161.49688024296),.PIECEWISE_BEZIER_KNOTS.);
#1092 = CARTESIAN_POINT('',(-1.570796326795,0.));
#1093 = CARTESIAN_POINT('',(-1.570796326795,1.533247621527));
#1094 = ( GEOMETRIC_REPRESENTATION_CONTEXT(2) 
PARAMETRIC_REPRESENTATION_CONTEXT() REPRESENTATION_CONTEXT('2D SPACE',''
  ) );
#1095 = ORIENTED_EDGE('',*,*,#1096,.T.);
#1096 = EDGE_CURVE('',#1076,#1097,#1099,.T.);
#1097 = VERTEX_POINT('',#1098);
#1098 = CARTESIAN_POINT('',(0.,92.414059430675,-245.0585246137));
#1099 = SURFACE_CURVE('',#1100,(#1104,#1111),.PCURVE_S1.);
#1100 = LINE('',#1101,#1102);
#1101 = CARTESIAN_POINT('',(0.,92.414059430675,-255.7646056746));
#1102 = VECTOR('',#1103,1.);
#1103 = DIRECTION('',(0.,0.,1.));
#1104 = PCURVE('',#100,#1105);
#1105 = DEFINITIONAL_REPRESENTATION('',(#1106),#1110);
#1106 = LINE('',#1107,#1108);
#1107 = CARTESIAN_POINT('',(744.23539432538,-1.092414059431E+03));
#1108 = VECTOR('',#1109,1.);
#1109 = DIRECTION('',(1.,0.));
#1110 = ( GEOMETRIC_REPRESENTATION_CONTEXT(2) 
PARAMETRIC_REPRESENTATION_CONTEXT() REPRESENTATION_CONTEXT('2D SPACE',''
  ) );
#1111 = PCURVE('',#1112,#1117);
#1112 = PLANE('',#1113);
#1113 = AXIS2_PLACEMENT_3D('',#1114,#1115,#1116);
#1114 = CARTESIAN_POINT('',(-2.,92.414059430675,-255.7646056746));
#1115 = DIRECTION('',(-0.,1.,0.));
#1116 = DIRECTION('',(0.,0.,1.));
#1117 = DEFINITIONAL_REPRESENTATION('',(#1118),#1122);
#1118 = LINE('',#1119,#1120);
#1119 = CARTESIAN_POINT('',(0.,2.));
#1120 = VECTOR('',#1121,1.);
#1121 = DIRECTION('',(1.,0.));
#1122 = ( GEOMETRIC_REPRESENTATION_CONTEXT(2) 
PARAMETRIC_REPRESENTATION_CONTEXT() REPRESENTATION_CONTEXT('2D SPACE',''
  ) );
#1123 = ORIENTED_EDGE('',*,*,#1124,.F.);
#1124 = EDGE_CURVE('',#1125,#1097,#1127,.T.);
#1125 = VERTEX_POINT('',#1126);
#1126 = CARTESIAN_POINT('',(5.596360676015E-15,91.395505706808,
    -243.3970507711));
#1127 = SURFACE_CURVE('',#1128,(#1132,#1138),.PCURVE_S1.);
#1128 = LINE('',#1129,#1130);
#1129 = CARTESIAN_POINT('',(0.,0.,-94.31189354319));
#1130 = VECTOR('',#1131,1.);
#1131 = DIRECTION('',(-0.,0.522648237176,-0.852548426881));
#1132 = PCURVE('',#100,#1133);
#1133 = DEFINITIONAL_REPRESENTATION('',(#1134),#1137);
#1134 = B_SPLINE_CURVE_WITH_KNOTS('',1,(#1135,#1136),.UNSPECIFIED.,.F.,
  .F.,(2,2),(174.87001620939,176.82817416052),.PIECEWISE_BEZIER_KNOTS.);
#1135 = CARTESIAN_POINT('',(756.60294922888,-1.091395505707E+03));
#1136 = CARTESIAN_POINT('',(754.93352474807,-1.092418933508E+03));
#1137 = ( GEOMETRIC_REPRESENTATION_CONTEXT(2) 
PARAMETRIC_REPRESENTATION_CONTEXT() REPRESENTATION_CONTEXT('2D SPACE',''
  ) );
#1138 = PCURVE('',#349,#1139);
#1139 = DEFINITIONAL_REPRESENTATION('',(#1140),#1143);
#1140 = B_SPLINE_CURVE_WITH_KNOTS('',1,(#1141,#1142),.UNSPECIFIED.,.F.,
  .F.,(2,2),(174.87001620939,176.82817416052),.PIECEWISE_BEZIER_KNOTS.);
#1141 = CARTESIAN_POINT('',(-1.570796326795,-1.669424480813));
#1142 = CARTESIAN_POINT('',(-1.570796326795,0.));
#1143 = ( GEOMETRIC_REPRESENTATION_CONTEXT(2) 
PARAMETRIC_REPRESENTATION_CONTEXT() REPRESENTATION_CONTEXT('2D SPACE',''
  ) );
#1144 = ORIENTED_EDGE('',*,*,#1145,.F.);
#1145 = EDGE_CURVE('',#1146,#1125,#1148,.T.);
#1146 = VERTEX_POINT('',#1147);
#1147 = CARTESIAN_POINT('',(5.533986765067E-15,90.376862437726,
    -241.7082420822));
#1148 = SURFACE_CURVE('',#1149,(#1153,#1159),.PCURVE_S1.);
#1149 = LINE('',#1150,#1151);
#1150 = CARTESIAN_POINT('',(0.,0.,-91.87244069084));
#1151 = VECTOR('',#1152,1.);
#1152 = DIRECTION('',(-0.,0.516491965061,-0.856292035481));
#1153 = PCURVE('',#100,#1154);
#1154 = DEFINITIONAL_REPRESENTATION('',(#1155),#1158);
#1155 = B_SPLINE_CURVE_WITH_KNOTS('',1,(#1156,#1157),.UNSPECIFIED.,.F.,
  .F.,(2,2),(174.98212663783,176.95436113128),.PIECEWISE_BEZIER_KNOTS.);
#1156 = CARTESIAN_POINT('',(758.29175791772,-1.090376862438E+03));
#1157 = CARTESIAN_POINT('',(756.60294922888,-1.091395505707E+03));
#1158 = ( GEOMETRIC_REPRESENTATION_CONTEXT(2) 
PARAMETRIC_REPRESENTATION_CONTEXT() REPRESENTATION_CONTEXT('2D SPACE',''
  ) );
#1159 = PCURVE('',#321,#1160);
#1160 = DEFINITIONAL_REPRESENTATION('',(#1161),#1164);
#1161 = B_SPLINE_CURVE_WITH_KNOTS('',1,(#1162,#1163),.UNSPECIFIED.,.F.,
  .F.,(2,2),(174.98212663783,176.95436113128),.PIECEWISE_BEZIER_KNOTS.);
#1162 = CARTESIAN_POINT('',(-1.570796326795,-1.68880868884));
#1163 = CARTESIAN_POINT('',(-1.570796326795,4.867456684E-14));
#1164 = ( GEOMETRIC_REPRESENTATION_CONTEXT(2) 
PARAMETRIC_REPRESENTATION_CONTEXT() REPRESENTATION_CONTEXT('2D SPACE',''
  ) );
#1165 = ORIENTED_EDGE('',*,*,#1166,.F.);
#1166 = EDGE_CURVE('',#1167,#1146,#1169,.T.);
#1167 = VERTEX_POINT('',#1168);
#1168 = CARTESIAN_POINT('',(5.471908232851E-15,89.363043069405,
    -239.9999793614));
#1169 = SURFACE_CURVE('',#1170,(#1174,#1180),.PCURVE_S1.);
#1170 = LINE('',#1171,#1172);
#1171 = CARTESIAN_POINT('',(0.,0.,-89.42527161675));
#1172 = VECTOR('',#1173,1.);
#1173 = DIRECTION('',(-0.,0.510366929881,-0.859956741286));
#1174 = PCURVE('',#100,#1175);
#1175 = DEFINITIONAL_REPRESENTATION('',(#1176),#1179);
#1176 = B_SPLINE_CURVE_WITH_KNOTS('',1,(#1177,#1178),.UNSPECIFIED.,.F.,
  .F.,(2,2),(175.09567692846,177.08212884955),.PIECEWISE_BEZIER_KNOTS.);
#1177 = CARTESIAN_POINT('',(760.0000206385,-1.089363043069E+03));
#1178 = CARTESIAN_POINT('',(758.29175791772,-1.090376862438E+03));
#1179 = ( GEOMETRIC_REPRESENTATION_CONTEXT(2) 
PARAMETRIC_REPRESENTATION_CONTEXT() REPRESENTATION_CONTEXT('2D SPACE',''
  ) );
#1180 = PCURVE('',#293,#1181);
#1181 = DEFINITIONAL_REPRESENTATION('',(#1182),#1185);
#1182 = B_SPLINE_CURVE_WITH_KNOTS('',1,(#1183,#1184),.UNSPECIFIED.,.F.,
  .F.,(2,2),(175.09567692846,177.08212884955),.PIECEWISE_BEZIER_KNOTS.);
#1183 = CARTESIAN_POINT('',(-1.570796326795,-1.708262720779));
#1184 = CARTESIAN_POINT('',(-1.570796326795,0.));
#1185 = ( GEOMETRIC_REPRESENTATION_CONTEXT(2) 
PARAMETRIC_REPRESENTATION_CONTEXT() REPRESENTATION_CONTEXT('2D SPACE',''
  ) );
#1186 = ORIENTED_EDGE('',*,*,#1187,.F.);
#1187 = EDGE_CURVE('',#1188,#1167,#1190,.T.);
#1188 = VERTEX_POINT('',#1189);
#1189 = CARTESIAN_POINT('',(5.410127491719E-15,88.354086998563,
    -238.2721891475));
#1190 = SURFACE_CURVE('',#1191,(#1195,#1201),.PCURVE_S1.);
#1191 = LINE('',#1192,#1193);
#1192 = CARTESIAN_POINT('',(0.,0.,-86.96993597113));
#1193 = VECTOR('',#1194,1.);
#1194 = DIRECTION('',(-0.,0.504273129349,-0.863544214859));
#1195 = PCURVE('',#100,#1196);
#1196 = DEFINITIONAL_REPRESENTATION('',(#1197),#1200);
#1197 = B_SPLINE_CURVE_WITH_KNOTS('',1,(#1198,#1199),.UNSPECIFIED.,.F.,
  .F.,(2,2),(175.2107773672,177.21159004613),.PIECEWISE_BEZIER_KNOTS.);
#1198 = CARTESIAN_POINT('',(761.72781085241,-1.088354086999E+03));
#1199 = CARTESIAN_POINT('',(760.0000206385,-1.089363043069E+03));
#1200 = ( GEOMETRIC_REPRESENTATION_CONTEXT(2) 
PARAMETRIC_REPRESENTATION_CONTEXT() REPRESENTATION_CONTEXT('2D SPACE',''
  ) );
#1201 = PCURVE('',#265,#1202);
#1202 = DEFINITIONAL_REPRESENTATION('',(#1203),#1206);
#1203 = B_SPLINE_CURVE_WITH_KNOTS('',1,(#1204,#1205),.UNSPECIFIED.,.F.,
  .F.,(2,2),(175.2107773672,177.21159004613),.PIECEWISE_BEZIER_KNOTS.);
#1204 = CARTESIAN_POINT('',(-1.570796326795,-1.727790213904));
#1205 = CARTESIAN_POINT('',(-1.570796326795,0.));
#1206 = ( GEOMETRIC_REPRESENTATION_CONTEXT(2) 
PARAMETRIC_REPRESENTATION_CONTEXT() REPRESENTATION_CONTEXT('2D SPACE',''
  ) );
#1207 = ORIENTED_EDGE('',*,*,#1208,.F.);
#1208 = EDGE_CURVE('',#1209,#1188,#1211,.T.);
#1209 = VERTEX_POINT('',#1210);
#1210 = CARTESIAN_POINT('',(5.348646957736E-15,87.350033682527,
    -236.5247944374));
#1211 = SURFACE_CURVE('',#1212,(#1216,#1222),.PCURVE_S1.);
#1212 = LINE('',#1213,#1214);
#1213 = CARTESIAN_POINT('',(0.,0.,-84.5059879146));
#1214 = VECTOR('',#1215,1.);
#1215 = DIRECTION('',(-0.,0.498210573171,-0.867056067841));
#1216 = PCURVE('',#100,#1217);
#1217 = DEFINITIONAL_REPRESENTATION('',(#1218),#1221);
#1218 = B_SPLINE_CURVE_WITH_KNOTS('',1,(#1219,#1220),.UNSPECIFIED.,.F.,
  .F.,(2,2),(175.3275389691,177.34285813354),.PIECEWISE_BEZIER_KNOTS.);
#1219 = CARTESIAN_POINT('',(763.47520556257,-1.087350033683E+03));
#1220 = CARTESIAN_POINT('',(761.72781085241,-1.088354086999E+03));
#1221 = ( GEOMETRIC_REPRESENTATION_CONTEXT(2) 
PARAMETRIC_REPRESENTATION_CONTEXT() REPRESENTATION_CONTEXT('2D SPACE',''
  ) );
#1222 = PCURVE('',#237,#1223);
#1223 = DEFINITIONAL_REPRESENTATION('',(#1224),#1227);
#1224 = B_SPLINE_CURVE_WITH_KNOTS('',1,(#1225,#1226),.UNSPECIFIED.,.F.,
  .F.,(2,2),(175.3275389691,177.34285813354),.PIECEWISE_BEZIER_KNOTS.);
#1225 = CARTESIAN_POINT('',(-1.570796326795,-1.747394710159));
#1226 = CARTESIAN_POINT('',(-1.570796326795,0.));
#1227 = ( GEOMETRIC_REPRESENTATION_CONTEXT(2) 
PARAMETRIC_REPRESENTATION_CONTEXT() REPRESENTATION_CONTEXT('2D SPACE',''
  ) );
#1228 = ORIENTED_EDGE('',*,*,#1229,.F.);
#1229 = EDGE_CURVE('',#1230,#1209,#1232,.T.);
#1230 = VERTEX_POINT('',#1231);
#1231 = CARTESIAN_POINT('',(5.287469052606E-15,86.350922670714,
    -234.7577147818));
#1232 = SURFACE_CURVE('',#1233,(#1237,#1243),.PCURVE_S1.);
#1233 = LINE('',#1234,#1235);
#1234 = CARTESIAN_POINT('',(0.,0.,-82.0329856058));
#1235 = VECTOR('',#1236,1.);
#1236 = DIRECTION('',(-0.,0.492179282728,-0.870493856184));
#1237 = PCURVE('',#100,#1238);
#1238 = DEFINITIONAL_REPRESENTATION('',(#1239),#1242);
#1239 = B_SPLINE_CURVE_WITH_KNOTS('',1,(#1240,#1241),.UNSPECIFIED.,.F.,
  .F.,(2,2),(175.44607361798,177.47604734275),.PIECEWISE_BEZIER_KNOTS.);
#1240 = CARTESIAN_POINT('',(765.24228521819,-1.086350922671E+03));
#1241 = CARTESIAN_POINT('',(763.47520556256,-1.087350033683E+03));
#1242 = ( GEOMETRIC_REPRESENTATION_CONTEXT(2) 
PARAMETRIC_REPRESENTATION_CONTEXT() REPRESENTATION_CONTEXT('2D SPACE',''
  ) );
#1243 = PCURVE('',#209,#1244);
#1244 = DEFINITIONAL_REPRESENTATION('',(#1245),#1248);
#1245 = B_SPLINE_CURVE_WITH_KNOTS('',1,(#1246,#1247),.UNSPECIFIED.,.F.,
  .F.,(2,2),(175.44607361798,177.47604734275),.PIECEWISE_BEZIER_KNOTS.);
#1246 = CARTESIAN_POINT('',(-1.570796326795,-1.767079655624));
#1247 = CARTESIAN_POINT('',(-1.570796326795,4.948184688281E-14));
#1248 = ( GEOMETRIC_REPRESENTATION_CONTEXT(2) 
PARAMETRIC_REPRESENTATION_CONTEXT() REPRESENTATION_CONTEXT('2D SPACE',''
  ) );
#1249 = ORIENTED_EDGE('',*,*,#1250,.F.);
#1250 = EDGE_CURVE('',#1251,#1230,#1253,.T.);
#1251 = VERTEX_POINT('',#1252);
#1252 = CARTESIAN_POINT('',(5.226596205544E-15,85.356793635238,
    -232.9708663825));
#1253 = SURFACE_CURVE('',#1254,(#1258,#1264),.PCURVE_S1.);
#1254 = LINE('',#1255,#1256);
#1255 = CARTESIAN_POINT('',(0.,0.,-79.55049072282));
#1256 = VECTOR('',#1257,1.);
#1257 = DIRECTION('',(-0.,0.48617929077,-0.873859083163));
#1258 = PCURVE('',#100,#1259);
#1259 = DEFINITIONAL_REPRESENTATION('',(#1260),#1263);
#1260 = B_SPLINE_CURVE_WITH_KNOTS('',1,(#1261,#1262),.UNSPECIFIED.,.F.,
  .F.,(2,2),(175.56649420445,177.61127285782),.PIECEWISE_BEZIER_KNOTS.);
#1261 = CARTESIAN_POINT('',(767.02913361749,-1.085356793635E+03));
#1262 = CARTESIAN_POINT('',(765.24228521819,-1.086350922671E+03));
#1263 = ( GEOMETRIC_REPRESENTATION_CONTEXT(2) 
PARAMETRIC_REPRESENTATION_CONTEXT() REPRESENTATION_CONTEXT('2D SPACE',''
  ) );
#1264 = PCURVE('',#181,#1265);
#1265 = DEFINITIONAL_REPRESENTATION('',(#1266),#1269);
#1266 = B_SPLINE_CURVE_WITH_KNOTS('',1,(#1267,#1268),.UNSPECIFIED.,.F.,
  .F.,(2,2),(175.56649420445,177.61127285782),.PIECEWISE_BEZIER_KNOTS.);
#1267 = CARTESIAN_POINT('',(-1.570796326795,-1.786848399305));
#1268 = CARTESIAN_POINT('',(-1.570796326795,0.));
#1269 = ( GEOMETRIC_REPRESENTATION_CONTEXT(2) 
PARAMETRIC_REPRESENTATION_CONTEXT() REPRESENTATION_CONTEXT('2D SPACE',''
  ) );
#1270 = ORIENTED_EDGE('',*,*,#1271,.F.);
#1271 = EDGE_CURVE('',#57,#1251,#1272,.T.);
#1272 = SURFACE_CURVE('',#1273,(#1277,#1283),.PCURVE_S1.);
#1273 = LINE('',#1274,#1275);
#1274 = CARTESIAN_POINT('',(0.,0.,-77.05806801611));
#1275 = VECTOR('',#1276,1.);
#1276 = DIRECTION('',(-0.,0.480210641147,-0.877153202199));
#1277 = PCURVE('',#100,#1278);
#1278 = DEFINITIONAL_REPRESENTATION('',(#1279),#1282);
#1279 = B_SPLINE_CURVE_WITH_KNOTS('',1,(#1280,#1281),.UNSPECIFIED.,.F.,
  .F.,(2,2),(175.68891476284,177.74865094882),.PIECEWISE_BEZIER_KNOTS.);
#1280 = CARTESIAN_POINT('',(768.83583780871,-1.084367686401E+03));
#1281 = CARTESIAN_POINT('',(767.02913361749,-1.085356793635E+03));
#1282 = ( GEOMETRIC_REPRESENTATION_CONTEXT(2) 
PARAMETRIC_REPRESENTATION_CONTEXT() REPRESENTATION_CONTEXT('2D SPACE',''
  ) );
#1283 = PCURVE('',#73,#1284);
#1284 = DEFINITIONAL_REPRESENTATION('',(#1285),#1288);
#1285 = B_SPLINE_CURVE_WITH_KNOTS('',1,(#1286,#1287),.UNSPECIFIED.,.F.,
  .F.,(2,2),(175.68891476284,177.74865094882),.PIECEWISE_BEZIER_KNOTS.);
#1286 = CARTESIAN_POINT('',(-1.570796326795,-1.806704191219));
#1287 = CARTESIAN_POINT('',(-1.570796326795,4.986038687772E-14));
#1288 = ( GEOMETRIC_REPRESENTATION_CONTEXT(2) 
PARAMETRIC_REPRESENTATION_CONTEXT() REPRESENTATION_CONTEXT('2D SPACE',''
  ) );
#1289 = ADVANCED_FACE('',(#1290),#73,.T.);
#1290 = FACE_BOUND('',#1291,.T.);
#1291 = EDGE_LOOP('',(#1292,#1293,#1315,#1316));
#1292 = ORIENTED_EDGE('',*,*,#142,.F.);
#1293 = ORIENTED_EDGE('',*,*,#1294,.T.);
#1294 = EDGE_CURVE('',#143,#1251,#1295,.T.);
#1295 = SURFACE_CURVE('',#1296,(#1301,#1308),.PCURVE_S1.);
#1296 = CIRCLE('',#1297,85.356793635238);
#1297 = AXIS2_PLACEMENT_3D('',#1298,#1299,#1300);
#1298 = CARTESIAN_POINT('',(0.,0.,-232.9708663825));
#1299 = DIRECTION('',(0.,0.,1.));
#1300 = DIRECTION('',(1.,0.,-0.));
#1301 = PCURVE('',#73,#1302);
#1302 = DEFINITIONAL_REPRESENTATION('',(#1303),#1307);
#1303 = LINE('',#1304,#1305);
#1304 = CARTESIAN_POINT('',(-0.,-0.));
#1305 = VECTOR('',#1306,1.);
#1306 = DIRECTION('',(-1.,-0.));
#1307 = ( GEOMETRIC_REPRESENTATION_CONTEXT(2) 
PARAMETRIC_REPRESENTATION_CONTEXT() REPRESENTATION_CONTEXT('2D SPACE',''
  ) );
#1308 = PCURVE('',#181,#1309);
#1309 = DEFINITIONAL_REPRESENTATION('',(#1310),#1314);
#1310 = LINE('',#1311,#1312);
#1311 = CARTESIAN_POINT('',(-0.,-1.786848399305));
#1312 = VECTOR('',#1313,1.);
#1313 = DIRECTION('',(-1.,-0.));
#1314 = ( GEOMETRIC_REPRESENTATION_CONTEXT(2) 
PARAMETRIC_REPRESENTATION_CONTEXT() REPRESENTATION_CONTEXT('2D SPACE',''
  ) );
#1315 = ORIENTED_EDGE('',*,*,#1271,.F.);
#1316 = ORIENTED_EDGE('',*,*,#56,.F.);
#1317 = ADVANCED_FACE('',(#1318),#739,.F.);
#1318 = FACE_BOUND('',#1319,.F.);
#1319 = EDGE_LOOP('',(#1320,#1321,#1322,#1344));
#1320 = ORIENTED_EDGE('',*,*,#796,.F.);
#1321 = ORIENTED_EDGE('',*,*,#723,.T.);
#1322 = ORIENTED_EDGE('',*,*,#1323,.T.);
#1323 = EDGE_CURVE('',#698,#824,#1324,.T.);
#1324 = SURFACE_CURVE('',#1325,(#1330,#1337),.PCURVE_S1.);
#1325 = CIRCLE('',#1326,83.106420866126);
#1326 = AXIS2_PLACEMENT_3D('',#1327,#1328,#1329);
#1327 = CARTESIAN_POINT('',(0.,0.,-232.2));
#1328 = DIRECTION('',(0.,0.,1.));
#1329 = DIRECTION('',(1.,0.,0.));
#1330 = PCURVE('',#739,#1331);
#1331 = DEFINITIONAL_REPRESENTATION('',(#1332),#1336);
#1332 = LINE('',#1333,#1334);
#1333 = CARTESIAN_POINT('',(0.,-2.2));
#1334 = VECTOR('',#1335,1.);
#1335 = DIRECTION('',(1.,0.));
#1336 = ( GEOMETRIC_REPRESENTATION_CONTEXT(2) 
PARAMETRIC_REPRESENTATION_CONTEXT() REPRESENTATION_CONTEXT('2D SPACE',''
  ) );
#1337 = PCURVE('',#712,#1338);
#1338 = DEFINITIONAL_REPRESENTATION('',(#1339),#1343);
#1339 = CIRCLE('',#1340,83.106420866126);
#1340 = AXIS2_PLACEMENT_2D('',#1341,#1342);
#1341 = CARTESIAN_POINT('',(4.21224582026E-15,-5.03195789711E-15));
#1342 = DIRECTION('',(1.,0.));
#1343 = ( GEOMETRIC_REPRESENTATION_CONTEXT(2) 
PARAMETRIC_REPRESENTATION_CONTEXT() REPRESENTATION_CONTEXT('2D SPACE',''
  ) );
#1344 = ORIENTED_EDGE('',*,*,#823,.T.);
#1345 = ADVANCED_FACE('',(#1346),#712,.T.);
#1346 = FACE_BOUND('',#1347,.T.);
#1347 = EDGE_LOOP('',(#1348,#1349,#1350,#1351));
#1348 = ORIENTED_EDGE('',*,*,#697,.F.);
#1349 = ORIENTED_EDGE('',*,*,#1323,.T.);
#1350 = ORIENTED_EDGE('',*,*,#844,.F.);
#1351 = ORIENTED_EDGE('',*,*,#1352,.T.);
#1352 = EDGE_CURVE('',#845,#670,#1353,.T.);
#1353 = SURFACE_CURVE('',#1354,(#1359,#1370),.PCURVE_S1.);
#1354 = CIRCLE('',#1355,81.45533354867);
#1355 = AXIS2_PLACEMENT_3D('',#1356,#1357,#1358);
#1356 = CARTESIAN_POINT('',(0.,0.,-232.2));
#1357 = DIRECTION('',(0.,0.,-1.));
#1358 = DIRECTION('',(1.,0.,0.));
#1359 = PCURVE('',#712,#1360);
#1360 = DEFINITIONAL_REPRESENTATION('',(#1361),#1369);
#1361 = ( BOUNDED_CURVE() B_SPLINE_CURVE(2,(#1362,#1363,#1364,#1365,
#1366,#1367,#1368),.UNSPECIFIED.,.T.,.F.) B_SPLINE_CURVE_WITH_KNOTS((1,2
    ,2,2,2,1),(-2.094395102393,0.,2.094395102393,4.188790204786,
6.28318530718,8.377580409573),.UNSPECIFIED.) CURVE() 
GEOMETRIC_REPRESENTATION_ITEM() RATIONAL_B_SPLINE_CURVE((1.,0.5,1.,0.5,
1.,0.5,1.)) REPRESENTATION_ITEM('') );
#1362 = CARTESIAN_POINT('',(81.45533354867,-5.03195789711E-15));
#1363 = CARTESIAN_POINT('',(81.45533354867,-141.0847762537));
#1364 = CARTESIAN_POINT('',(-40.72766677433,-70.54238812688));
#1365 = CARTESIAN_POINT('',(-162.9106670973,-2.498276059788E-14));
#1366 = CARTESIAN_POINT('',(-40.72766677433,70.542388126883));
#1367 = CARTESIAN_POINT('',(81.455333548669,141.08477625376));
#1368 = CARTESIAN_POINT('',(81.45533354867,-5.03195789711E-15));
#1369 = ( GEOMETRIC_REPRESENTATION_CONTEXT(2) 
PARAMETRIC_REPRESENTATION_CONTEXT() REPRESENTATION_CONTEXT('2D SPACE',''
  ) );
#1370 = PCURVE('',#685,#1371);
#1371 = DEFINITIONAL_REPRESENTATION('',(#1372),#1376);
#1372 = LINE('',#1373,#1374);
#1373 = CARTESIAN_POINT('',(-6.28318530718,0.475715472338));
#1374 = VECTOR('',#1375,1.);
#1375 = DIRECTION('',(1.,-0.));
#1376 = ( GEOMETRIC_REPRESENTATION_CONTEXT(2) 
PARAMETRIC_REPRESENTATION_CONTEXT() REPRESENTATION_CONTEXT('2D SPACE',''
  ) );
#1377 = ADVANCED_FACE('',(#1378),#685,.F.);
#1378 = FACE_BOUND('',#1379,.T.);
#1379 = EDGE_LOOP('',(#1380,#1381,#1382,#1383));
#1380 = ORIENTED_EDGE('',*,*,#669,.F.);
#1381 = ORIENTED_EDGE('',*,*,#1352,.F.);
#1382 = ORIENTED_EDGE('',*,*,#865,.T.);
#1383 = ORIENTED_EDGE('',*,*,#1384,.F.);
#1384 = EDGE_CURVE('',#642,#866,#1385,.T.);
#1385 = SURFACE_CURVE('',#1386,(#1391,#1398),.PCURVE_S1.);
#1386 = CIRCLE('',#1387,82.195888284612);
#1387 = AXIS2_PLACEMENT_3D('',#1388,#1389,#1390);
#1388 = CARTESIAN_POINT('',(0.,0.,-233.4531848891));
#1389 = DIRECTION('',(0.,0.,1.));
#1390 = DIRECTION('',(1.,0.,-0.));
#1391 = PCURVE('',#685,#1392);
#1392 = DEFINITIONAL_REPRESENTATION('',(#1393),#1397);
#1393 = LINE('',#1394,#1395);
#1394 = CARTESIAN_POINT('',(-0.,1.728900361477));
#1395 = VECTOR('',#1396,1.);
#1396 = DIRECTION('',(-1.,0.));
#1397 = ( GEOMETRIC_REPRESENTATION_CONTEXT(2) 
PARAMETRIC_REPRESENTATION_CONTEXT() REPRESENTATION_CONTEXT('2D SPACE',''
  ) );
#1398 = PCURVE('',#657,#1399);
#1399 = DEFINITIONAL_REPRESENTATION('',(#1400),#1404);
#1400 = LINE('',#1401,#1402);
#1401 = CARTESIAN_POINT('',(-0.,0.));
#1402 = VECTOR('',#1403,1.);
#1403 = DIRECTION('',(-1.,0.));
#1404 = ( GEOMETRIC_REPRESENTATION_CONTEXT(2) 
PARAMETRIC_REPRESENTATION_CONTEXT() REPRESENTATION_CONTEXT('2D SPACE',''
  ) );
#1405 = ADVANCED_FACE('',(#1406),#657,.F.);
#1406 = FACE_BOUND('',#1407,.T.);
#1407 = EDGE_LOOP('',(#1408,#1409,#1410,#1411));
#1408 = ORIENTED_EDGE('',*,*,#641,.F.);
#1409 = ORIENTED_EDGE('',*,*,#1384,.T.);
#1410 = ORIENTED_EDGE('',*,*,#886,.T.);
#1411 = ORIENTED_EDGE('',*,*,#1412,.F.);
#1412 = EDGE_CURVE('',#614,#887,#1413,.T.);
#1413 = SURFACE_CURVE('',#1414,(#1419,#1426),.PCURVE_S1.);
#1414 = CIRCLE('',#1415,83.223010420441);
#1415 = AXIS2_PLACEMENT_3D('',#1416,#1417,#1418);
#1416 = CARTESIAN_POINT('',(0.,0.,-235.1621966798));
#1417 = DIRECTION('',(0.,0.,1.));
#1418 = DIRECTION('',(1.,0.,-0.));
#1419 = PCURVE('',#657,#1420);
#1420 = DEFINITIONAL_REPRESENTATION('',(#1421),#1425);
#1421 = LINE('',#1422,#1423);
#1422 = CARTESIAN_POINT('',(-0.,1.709011790702));
#1423 = VECTOR('',#1424,1.);
#1424 = DIRECTION('',(-1.,0.));
#1425 = ( GEOMETRIC_REPRESENTATION_CONTEXT(2) 
PARAMETRIC_REPRESENTATION_CONTEXT() REPRESENTATION_CONTEXT('2D SPACE',''
  ) );
#1426 = PCURVE('',#629,#1427);
#1427 = DEFINITIONAL_REPRESENTATION('',(#1428),#1432);
#1428 = LINE('',#1429,#1430);
#1429 = CARTESIAN_POINT('',(-0.,0.));
#1430 = VECTOR('',#1431,1.);
#1431 = DIRECTION('',(-1.,0.));
#1432 = ( GEOMETRIC_REPRESENTATION_CONTEXT(2) 
PARAMETRIC_REPRESENTATION_CONTEXT() REPRESENTATION_CONTEXT('2D SPACE',''
  ) );
#1433 = ADVANCED_FACE('',(#1434),#629,.F.);
#1434 = FACE_BOUND('',#1435,.T.);
#1435 = EDGE_LOOP('',(#1436,#1437,#1438,#1439));
#1436 = ORIENTED_EDGE('',*,*,#613,.F.);
#1437 = ORIENTED_EDGE('',*,*,#1412,.T.);
#1438 = ORIENTED_EDGE('',*,*,#907,.T.);
#1439 = ORIENTED_EDGE('',*,*,#1440,.F.);
#1440 = EDGE_CURVE('',#586,#908,#1441,.T.);
#1441 = SURFACE_CURVE('',#1442,(#1447,#1454),.PCURVE_S1.);
#1442 = CIRCLE('',#1443,84.255552788578);
#1443 = AXIS2_PLACEMENT_3D('',#1444,#1445,#1446);
#1444 = CARTESIAN_POINT('',(0.,0.,-236.8514014235));
#1445 = DIRECTION('',(0.,0.,1.));
#1446 = DIRECTION('',(1.,0.,-0.));
#1447 = PCURVE('',#629,#1448);
#1448 = DEFINITIONAL_REPRESENTATION('',(#1449),#1453);
#1449 = LINE('',#1450,#1451);
#1450 = CARTESIAN_POINT('',(-0.,1.689204743716));
#1451 = VECTOR('',#1452,1.);
#1452 = DIRECTION('',(-1.,0.));
#1453 = ( GEOMETRIC_REPRESENTATION_CONTEXT(2) 
PARAMETRIC_REPRESENTATION_CONTEXT() REPRESENTATION_CONTEXT('2D SPACE',''
  ) );
#1454 = PCURVE('',#601,#1455);
#1455 = DEFINITIONAL_REPRESENTATION('',(#1456),#1460);
#1456 = LINE('',#1457,#1458);
#1457 = CARTESIAN_POINT('',(-0.,0.));
#1458 = VECTOR('',#1459,1.);
#1459 = DIRECTION('',(-1.,0.));
#1460 = ( GEOMETRIC_REPRESENTATION_CONTEXT(2) 
PARAMETRIC_REPRESENTATION_CONTEXT() REPRESENTATION_CONTEXT('2D SPACE',''
  ) );
#1461 = ADVANCED_FACE('',(#1462),#601,.F.);
#1462 = FACE_BOUND('',#1463,.T.);
#1463 = EDGE_LOOP('',(#1464,#1465,#1466,#1467));
#1464 = ORIENTED_EDGE('',*,*,#585,.F.);
#1465 = ORIENTED_EDGE('',*,*,#1440,.T.);
#1466 = ORIENTED_EDGE('',*,*,#928,.T.);
#1467 = ORIENTED_EDGE('',*,*,#1468,.F.);
#1468 = EDGE_CURVE('',#558,#929,#1469,.T.);
#1469 = SURFACE_CURVE('',#1470,(#1475,#1482),.PCURVE_S1.);
#1470 = CIRCLE('',#1471,85.293487083972);
#1471 = AXIS2_PLACEMENT_3D('',#1472,#1473,#1474);
#1472 = CARTESIAN_POINT('',(0.,0.,-238.5208771811));
#1473 = DIRECTION('',(0.,0.,1.));
#1474 = DIRECTION('',(1.,0.,-0.));
#1475 = PCURVE('',#601,#1476);
#1476 = DEFINITIONAL_REPRESENTATION('',(#1477),#1481);
#1477 = LINE('',#1478,#1479);
#1478 = CARTESIAN_POINT('',(-0.,1.669475757601));
#1479 = VECTOR('',#1480,1.);
#1480 = DIRECTION('',(-1.,0.));
#1481 = ( GEOMETRIC_REPRESENTATION_CONTEXT(2) 
PARAMETRIC_REPRESENTATION_CONTEXT() REPRESENTATION_CONTEXT('2D SPACE',''
  ) );
#1482 = PCURVE('',#573,#1483);
#1483 = DEFINITIONAL_REPRESENTATION('',(#1484),#1488);
#1484 = LINE('',#1485,#1486);
#1485 = CARTESIAN_POINT('',(-0.,0.));
#1486 = VECTOR('',#1487,1.);
#1487 = DIRECTION('',(-1.,0.));
#1488 = ( GEOMETRIC_REPRESENTATION_CONTEXT(2) 
PARAMETRIC_REPRESENTATION_CONTEXT() REPRESENTATION_CONTEXT('2D SPACE',''
  ) );
#1489 = ADVANCED_FACE('',(#1490),#573,.F.);
#1490 = FACE_BOUND('',#1491,.T.);
#1491 = EDGE_LOOP('',(#1492,#1493,#1494,#1495));
#1492 = ORIENTED_EDGE('',*,*,#557,.F.);
#1493 = ORIENTED_EDGE('',*,*,#1468,.T.);
#1494 = ORIENTED_EDGE('',*,*,#949,.T.);
#1495 = ORIENTED_EDGE('',*,*,#1496,.F.);
#1496 = EDGE_CURVE('',#530,#950,#1497,.T.);
#1497 = SURFACE_CURVE('',#1498,(#1503,#1510),.PCURVE_S1.);
#1498 = CIRCLE('',#1499,86.336785440432);
#1499 = AXIS2_PLACEMENT_3D('',#1500,#1501,#1502);
#1500 = CARTESIAN_POINT('',(0.,0.,-240.1706984551));
#1501 = DIRECTION('',(0.,0.,1.));
#1502 = DIRECTION('',(1.,0.,-0.));
#1503 = PCURVE('',#573,#1504);
#1504 = DEFINITIONAL_REPRESENTATION('',(#1505),#1509);
#1505 = LINE('',#1506,#1507);
#1506 = CARTESIAN_POINT('',(-0.,1.649821274016));
#1507 = VECTOR('',#1508,1.);
#1508 = DIRECTION('',(-1.,0.));
#1509 = ( GEOMETRIC_REPRESENTATION_CONTEXT(2) 
PARAMETRIC_REPRESENTATION_CONTEXT() REPRESENTATION_CONTEXT('2D SPACE',''
  ) );
#1510 = PCURVE('',#545,#1511);
#1511 = DEFINITIONAL_REPRESENTATION('',(#1512),#1516);
#1512 = LINE('',#1513,#1514);
#1513 = CARTESIAN_POINT('',(-0.,0.));
#1514 = VECTOR('',#1515,1.);
#1515 = DIRECTION('',(-1.,0.));
#1516 = ( GEOMETRIC_REPRESENTATION_CONTEXT(2) 
PARAMETRIC_REPRESENTATION_CONTEXT() REPRESENTATION_CONTEXT('2D SPACE',''
  ) );
#1517 = ADVANCED_FACE('',(#1518),#545,.F.);
#1518 = FACE_BOUND('',#1519,.T.);
#1519 = EDGE_LOOP('',(#1520,#1521,#1522,#1523));
#1520 = ORIENTED_EDGE('',*,*,#529,.F.);
#1521 = ORIENTED_EDGE('',*,*,#1496,.T.);
#1522 = ORIENTED_EDGE('',*,*,#970,.T.);
#1523 = ORIENTED_EDGE('',*,*,#1524,.F.);
#1524 = EDGE_CURVE('',#502,#971,#1525,.T.);
#1525 = SURFACE_CURVE('',#1526,(#1531,#1538),.PCURVE_S1.);
#1526 = CIRCLE('',#1527,87.385420419407);
#1527 = AXIS2_PLACEMENT_3D('',#1528,#1529,#1530);
#1528 = CARTESIAN_POINT('',(0.,0.,-241.8009360948));
#1529 = DIRECTION('',(0.,0.,1.));
#1530 = DIRECTION('',(1.,0.,-0.));
#1531 = PCURVE('',#545,#1532);
#1532 = DEFINITIONAL_REPRESENTATION('',(#1533),#1537);
#1533 = LINE('',#1534,#1535);
#1534 = CARTESIAN_POINT('',(-0.,1.630237639703));
#1535 = VECTOR('',#1536,1.);
#1536 = DIRECTION('',(-1.,0.));
#1537 = ( GEOMETRIC_REPRESENTATION_CONTEXT(2) 
PARAMETRIC_REPRESENTATION_CONTEXT() REPRESENTATION_CONTEXT('2D SPACE',''
  ) );
#1538 = PCURVE('',#517,#1539);
#1539 = DEFINITIONAL_REPRESENTATION('',(#1540),#1544);
#1540 = LINE('',#1541,#1542);
#1541 = CARTESIAN_POINT('',(-0.,0.));
#1542 = VECTOR('',#1543,1.);
#1543 = DIRECTION('',(-1.,0.));
#1544 = ( GEOMETRIC_REPRESENTATION_CONTEXT(2) 
PARAMETRIC_REPRESENTATION_CONTEXT() REPRESENTATION_CONTEXT('2D SPACE',''
  ) );
#1545 = ADVANCED_FACE('',(#1546),#517,.F.);
#1546 = FACE_BOUND('',#1547,.T.);
#1547 = EDGE_LOOP('',(#1548,#1549,#1550,#1551));
#1548 = ORIENTED_EDGE('',*,*,#501,.F.);
#1549 = ORIENTED_EDGE('',*,*,#1524,.T.);
#1550 = ORIENTED_EDGE('',*,*,#991,.T.);
#1551 = ORIENTED_EDGE('',*,*,#1552,.F.);
#1552 = EDGE_CURVE('',#474,#992,#1553,.T.);
#1553 = SURFACE_CURVE('',#1554,(#1559,#1566),.PCURVE_S1.);
#1554 = CIRCLE('',#1555,88.439364999154);
#1555 = AXIS2_PLACEMENT_3D('',#1556,#1557,#1558);
#1556 = CARTESIAN_POINT('',(0.,0.,-243.4116572012));
#1557 = DIRECTION('',(0.,0.,1.));
#1558 = DIRECTION('',(1.,0.,-0.));
#1559 = PCURVE('',#517,#1560);
#1560 = DEFINITIONAL_REPRESENTATION('',(#1561),#1565);
#1561 = LINE('',#1562,#1563);
#1562 = CARTESIAN_POINT('',(-0.,1.610721106327));
#1563 = VECTOR('',#1564,1.);
#1564 = DIRECTION('',(-1.,0.));
#1565 = ( GEOMETRIC_REPRESENTATION_CONTEXT(2) 
PARAMETRIC_REPRESENTATION_CONTEXT() REPRESENTATION_CONTEXT('2D SPACE',''
  ) );
#1566 = PCURVE('',#489,#1567);
#1567 = DEFINITIONAL_REPRESENTATION('',(#1568),#1572);
#1568 = LINE('',#1569,#1570);
#1569 = CARTESIAN_POINT('',(-0.,0.));
#1570 = VECTOR('',#1571,1.);
#1571 = DIRECTION('',(-1.,0.));
#1572 = ( GEOMETRIC_REPRESENTATION_CONTEXT(2) 
PARAMETRIC_REPRESENTATION_CONTEXT() REPRESENTATION_CONTEXT('2D SPACE',''
  ) );
#1573 = ADVANCED_FACE('',(#1574),#489,.F.);
#1574 = FACE_BOUND('',#1575,.T.);
#1575 = EDGE_LOOP('',(#1576,#1577,#1578,#1579));
#1576 = ORIENTED_EDGE('',*,*,#473,.F.);
#1577 = ORIENTED_EDGE('',*,*,#1552,.T.);
#1578 = ORIENTED_EDGE('',*,*,#1012,.T.);
#1579 = ORIENTED_EDGE('',*,*,#1580,.F.);
#1580 = EDGE_CURVE('',#446,#1013,#1581,.T.);
#1581 = SURFACE_CURVE('',#1582,(#1587,#1594),.PCURVE_S1.);
#1582 = CIRCLE('',#1583,89.498592564296);
#1583 = AXIS2_PLACEMENT_3D('',#1584,#1585,#1586);
#1584 = CARTESIAN_POINT('',(0.,0.,-245.0029250308));
#1585 = DIRECTION('',(0.,0.,1.));
#1586 = DIRECTION('',(1.,0.,-0.));
#1587 = PCURVE('',#489,#1588);
#1588 = DEFINITIONAL_REPRESENTATION('',(#1589),#1593);
#1589 = LINE('',#1590,#1591);
#1590 = CARTESIAN_POINT('',(-0.,1.591267829634));
#1591 = VECTOR('',#1592,1.);
#1592 = DIRECTION('',(-1.,0.));
#1593 = ( GEOMETRIC_REPRESENTATION_CONTEXT(2) 
PARAMETRIC_REPRESENTATION_CONTEXT() REPRESENTATION_CONTEXT('2D SPACE',''
  ) );
#1594 = PCURVE('',#461,#1595);
#1595 = DEFINITIONAL_REPRESENTATION('',(#1596),#1600);
#1596 = LINE('',#1597,#1598);
#1597 = CARTESIAN_POINT('',(-0.,0.));
#1598 = VECTOR('',#1599,1.);
#1599 = DIRECTION('',(-1.,0.));
#1600 = ( GEOMETRIC_REPRESENTATION_CONTEXT(2) 
PARAMETRIC_REPRESENTATION_CONTEXT() REPRESENTATION_CONTEXT('2D SPACE',''
  ) );
#1601 = ADVANCED_FACE('',(#1602),#461,.F.);
#1602 = FACE_BOUND('',#1603,.T.);
#1603 = EDGE_LOOP('',(#1604,#1605,#1606,#1607));
#1604 = ORIENTED_EDGE('',*,*,#445,.F.);
#1605 = ORIENTED_EDGE('',*,*,#1580,.T.);
#1606 = ORIENTED_EDGE('',*,*,#1033,.T.);
#1607 = ORIENTED_EDGE('',*,*,#1608,.F.);
#1608 = EDGE_CURVE('',#418,#1034,#1609,.T.);
#1609 = SURFACE_CURVE('',#1610,(#1615,#1622),.PCURVE_S1.);
#1610 = CIRCLE('',#1611,90.563076895733);
#1611 = AXIS2_PLACEMENT_3D('',#1612,#1613,#1614);
#1612 = CARTESIAN_POINT('',(0.,0.,-246.5747988987));
#1613 = DIRECTION('',(0.,0.,1.));
#1614 = DIRECTION('',(1.,0.,-0.));
#1615 = PCURVE('',#461,#1616);
#1616 = DEFINITIONAL_REPRESENTATION('',(#1617),#1621);
#1617 = LINE('',#1618,#1619);
#1618 = CARTESIAN_POINT('',(-0.,1.571873867926));
#1619 = VECTOR('',#1620,1.);
#1620 = DIRECTION('',(-1.,0.));
#1621 = ( GEOMETRIC_REPRESENTATION_CONTEXT(2) 
PARAMETRIC_REPRESENTATION_CONTEXT() REPRESENTATION_CONTEXT('2D SPACE',''
  ) );
#1622 = PCURVE('',#433,#1623);
#1623 = DEFINITIONAL_REPRESENTATION('',(#1624),#1628);
#1624 = LINE('',#1625,#1626);
#1625 = CARTESIAN_POINT('',(-0.,0.));
#1626 = VECTOR('',#1627,1.);
#1627 = DIRECTION('',(-1.,0.));
#1628 = ( GEOMETRIC_REPRESENTATION_CONTEXT(2) 
PARAMETRIC_REPRESENTATION_CONTEXT() REPRESENTATION_CONTEXT('2D SPACE',''
  ) );
#1629 = ADVANCED_FACE('',(#1630),#433,.F.);
#1630 = FACE_BOUND('',#1631,.T.);
#1631 = EDGE_LOOP('',(#1632,#1633,#1634,#1635));
#1632 = ORIENTED_EDGE('',*,*,#417,.F.);
#1633 = ORIENTED_EDGE('',*,*,#1608,.T.);
#1634 = ORIENTED_EDGE('',*,*,#1054,.T.);
#1635 = ORIENTED_EDGE('',*,*,#1636,.F.);
#1636 = EDGE_CURVE('',#390,#1055,#1637,.T.);
#1637 = SURFACE_CURVE('',#1638,(#1643,#1650),.PCURVE_S1.);
#1638 = CIRCLE('',#1639,91.632792160908);
#1639 = AXIS2_PLACEMENT_3D('',#1640,#1641,#1642);
#1640 = CARTESIAN_POINT('',(0.,0.,-248.1273340786));
#1641 = DIRECTION('',(0.,0.,1.));
#1642 = DIRECTION('',(1.,0.,-0.));
#1643 = PCURVE('',#433,#1644);
#1644 = DEFINITIONAL_REPRESENTATION('',(#1645),#1649);
#1645 = LINE('',#1646,#1647);
#1646 = CARTESIAN_POINT('',(-0.,1.55253517986));
#1647 = VECTOR('',#1648,1.);
#1648 = DIRECTION('',(-1.,0.));
#1649 = ( GEOMETRIC_REPRESENTATION_CONTEXT(2) 
PARAMETRIC_REPRESENTATION_CONTEXT() REPRESENTATION_CONTEXT('2D SPACE',''
  ) );
#1650 = PCURVE('',#405,#1651);
#1651 = DEFINITIONAL_REPRESENTATION('',(#1652),#1656);
#1652 = LINE('',#1653,#1654);
#1653 = CARTESIAN_POINT('',(-0.,0.));
#1654 = VECTOR('',#1655,1.);
#1655 = DIRECTION('',(-1.,0.));
#1656 = ( GEOMETRIC_REPRESENTATION_CONTEXT(2) 
PARAMETRIC_REPRESENTATION_CONTEXT() REPRESENTATION_CONTEXT('2D SPACE',''
  ) );
#1657 = ADVANCED_FACE('',(#1658),#405,.F.);
#1658 = FACE_BOUND('',#1659,.T.);
#1659 = EDGE_LOOP('',(#1660,#1661,#1662,#1663,#1690,#1719,#1751));
#1660 = ORIENTED_EDGE('',*,*,#389,.F.);
#1661 = ORIENTED_EDGE('',*,*,#1636,.T.);
#1662 = ORIENTED_EDGE('',*,*,#1075,.T.);
#1663 = ORIENTED_EDGE('',*,*,#1664,.T.);
#1664 = EDGE_CURVE('',#1076,#1665,#1667,.T.);
#1665 = VERTEX_POINT('',#1666);
#1666 = CARTESIAN_POINT('',(5.676710193232E-15,92.707712904401,
    -249.6605817001));
#1667 = SURFACE_CURVE('',#1668,(#1672,#1678),.PCURVE_S1.);
#1668 = LINE('',#1669,#1670);
#1669 = CARTESIAN_POINT('',(0.,0.,-117.4239668907));
#1670 = VECTOR('',#1671,1.);
#1671 = DIRECTION('',(-0.,0.574052655165,-0.818818385906));
#1672 = PCURVE('',#405,#1673);
#1673 = DEFINITIONAL_REPRESENTATION('',(#1674),#1677);
#1674 = B_SPLINE_CURVE_WITH_KNOTS('',1,(#1675,#1676),.UNSPECIFIED.,.F.,
  .F.,(2,2),(159.62436779341,161.49688024296),.PIECEWISE_BEZIER_KNOTS.);
#1675 = CARTESIAN_POINT('',(-1.570796326795,0.));
#1676 = CARTESIAN_POINT('',(-1.570796326795,1.533247621527));
#1677 = ( GEOMETRIC_REPRESENTATION_CONTEXT(2) 
PARAMETRIC_REPRESENTATION_CONTEXT() REPRESENTATION_CONTEXT('2D SPACE',''
  ) );
#1678 = PCURVE('',#1679,#1684);
#1679 = PLANE('',#1680);
#1680 = AXIS2_PLACEMENT_3D('',#1681,#1682,#1683);
#1681 = CARTESIAN_POINT('',(0.,92.414059430675,-255.7646056746));
#1682 = DIRECTION('',(1.,0.,-0.));
#1683 = DIRECTION('',(0.,0.,1.));
#1684 = DEFINITIONAL_REPRESENTATION('',(#1685),#1689);
#1685 = LINE('',#1686,#1687);
#1686 = CARTESIAN_POINT('',(138.34063878384,92.414059430675));
#1687 = VECTOR('',#1688,1.);
#1688 = DIRECTION('',(-0.818818385906,-0.574052655165));
#1689 = ( GEOMETRIC_REPRESENTATION_CONTEXT(2) 
PARAMETRIC_REPRESENTATION_CONTEXT() REPRESENTATION_CONTEXT('2D SPACE',''
  ) );
#1690 = ORIENTED_EDGE('',*,*,#1691,.F.);
#1691 = EDGE_CURVE('',#1692,#1665,#1694,.T.);
#1692 = VERTEX_POINT('',#1693);
#1693 = CARTESIAN_POINT('',(92.681605682923,2.2,-249.6605817001));
#1694 = SURFACE_CURVE('',#1695,(#1700,#1707),.PCURVE_S1.);
#1695 = CIRCLE('',#1696,92.707712904401);
#1696 = AXIS2_PLACEMENT_3D('',#1697,#1698,#1699);
#1697 = CARTESIAN_POINT('',(0.,0.,-249.6605817001));
#1698 = DIRECTION('',(0.,0.,1.));
#1699 = DIRECTION('',(1.,0.,-0.));
#1700 = PCURVE('',#405,#1701);
#1701 = DEFINITIONAL_REPRESENTATION('',(#1702),#1706);
#1702 = LINE('',#1703,#1704);
#1703 = CARTESIAN_POINT('',(-0.,1.533247621527));
#1704 = VECTOR('',#1705,1.);
#1705 = DIRECTION('',(-1.,0.));
#1706 = ( GEOMETRIC_REPRESENTATION_CONTEXT(2) 
PARAMETRIC_REPRESENTATION_CONTEXT() REPRESENTATION_CONTEXT('2D SPACE',''
  ) );
#1707 = PCURVE('',#1708,#1713);
#1708 = CONICAL_SURFACE('',#1709,92.707712904401,0.619666510058);
#1709 = AXIS2_PLACEMENT_3D('',#1710,#1711,#1712);
#1710 = CARTESIAN_POINT('',(0.,0.,-249.6605817001));
#1711 = DIRECTION('',(-0.,-0.,-1.));
#1712 = DIRECTION('',(1.,0.,0.));
#1713 = DEFINITIONAL_REPRESENTATION('',(#1714),#1718);
#1714 = LINE('',#1715,#1716);
#1715 = CARTESIAN_POINT('',(-0.,0.));
#1716 = VECTOR('',#1717,1.);
#1717 = DIRECTION('',(-1.,0.));
#1718 = ( GEOMETRIC_REPRESENTATION_CONTEXT(2) 
PARAMETRIC_REPRESENTATION_CONTEXT() REPRESENTATION_CONTEXT('2D SPACE',''
  ) );
#1719 = ORIENTED_EDGE('',*,*,#1720,.T.);
#1720 = EDGE_CURVE('',#1692,#1721,#1723,.T.);
#1721 = VERTEX_POINT('',#1722);
#1722 = CARTESIAN_POINT('',(92.264059430675,2.2,-249.0651697122));
#1723 = SURFACE_CURVE('',#1724,(#1729,#1739),.PCURVE_S1.);
#1724 = HYPERBOLA('',#1725,3.138040444171,2.2);
#1725 = AXIS2_PLACEMENT_3D('',#1726,#1727,#1728);
#1726 = CARTESIAN_POINT('',(0.,2.2,-117.4239668907));
#1727 = DIRECTION('',(0.,1.,0.));
#1728 = DIRECTION('',(0.,0.,-1.));
#1729 = PCURVE('',#405,#1730);
#1730 = DEFINITIONAL_REPRESENTATION('',(#1731),#1738);
#1731 = B_SPLINE_CURVE_WITH_KNOTS('',5,(#1732,#1733,#1734,#1735,#1736,
    #1737),.UNSPECIFIED.,.F.,.F.,(6,6),(-4.43400067831,-4.426991361957),
  .PIECEWISE_BEZIER_KNOTS.);
#1732 = CARTESIAN_POINT('',(-2.373272370521E-02,1.533247621527));
#1733 = CARTESIAN_POINT('',(-2.376599061579E-02,1.347922172));
#1734 = CARTESIAN_POINT('',(-2.379931580453E-02,1.162921565128));
#1735 = CARTESIAN_POINT('',(-2.383269940748E-02,0.978245042148));
#1736 = CARTESIAN_POINT('',(-2.386614156116E-02,0.793891846961));
#1737 = CARTESIAN_POINT('',(-2.389964240257E-02,0.609861226105));
#1738 = ( GEOMETRIC_REPRESENTATION_CONTEXT(2) 
PARAMETRIC_REPRESENTATION_CONTEXT() REPRESENTATION_CONTEXT('2D SPACE',''
  ) );
#1739 = PCURVE('',#1740,#1745);
#1740 = PLANE('',#1741);
#1741 = AXIS2_PLACEMENT_3D('',#1742,#1743,#1744);
#1742 = CARTESIAN_POINT('',(92.264059430675,2.2,-255.7646056746));
#1743 = DIRECTION('',(-0.,1.,0.));
#1744 = DIRECTION('',(0.,0.,1.));
#1745 = DEFINITIONAL_REPRESENTATION('',(#1746),#1750);
#1746 = ( BOUNDED_CURVE() B_SPLINE_CURVE(2,(#1747,#1748,#1749),
.UNSPECIFIED.,.F.,.F.) B_SPLINE_CURVE_WITH_KNOTS((3,3),(-4.43400067831,
-4.426991361957),.PIECEWISE_BEZIER_KNOTS.) CURVE() 
GEOMETRIC_REPRESENTATION_ITEM() RATIONAL_B_SPLINE_CURVE((1.,
1.000006141321,1.)) REPRESENTATION_ITEM('') );
#1747 = CARTESIAN_POINT('',(6.104023974466,0.417546252248));
#1748 = CARTESIAN_POINT('',(6.567335701388,9.263873842679E-02));
#1749 = CARTESIAN_POINT('',(7.027410369888,-0.23));
#1750 = ( GEOMETRIC_REPRESENTATION_CONTEXT(2) 
PARAMETRIC_REPRESENTATION_CONTEXT() REPRESENTATION_CONTEXT('2D SPACE',''
  ) );
#1751 = ORIENTED_EDGE('',*,*,#1752,.F.);
#1752 = EDGE_CURVE('',#362,#1721,#1753,.T.);
#1753 = SURFACE_CURVE('',#1754,(#1759,#1769),.PCURVE_S1.);
#1754 = HYPERBOLA('',#1755,131.60379547131,92.264059430675);
#1755 = AXIS2_PLACEMENT_3D('',#1756,#1757,#1758);
#1756 = CARTESIAN_POINT('',(92.264059430675,0.,-117.4239668907));
#1757 = DIRECTION('',(1.,0.,-0.));
#1758 = DIRECTION('',(-0.,0.,-1.));
#1759 = PCURVE('',#405,#1760);
#1760 = DEFINITIONAL_REPRESENTATION('',(#1761),#1768);
#1761 = B_SPLINE_CURVE_WITH_KNOTS('',5,(#1762,#1763,#1764,#1765,#1766,
    #1767),.UNSPECIFIED.,.F.,.F.,(6,6),(0.,2.622605835954E-02),
  .PIECEWISE_BEZIER_KNOTS.);
#1762 = CARTESIAN_POINT('',(0.,0.900428283459));
#1763 = CARTESIAN_POINT('',(-5.245211671909E-03,0.900428283459));
#1764 = CARTESIAN_POINT('',(-1.049042334382E-02,0.904954178367));
#1765 = CARTESIAN_POINT('',(-1.573533437497E-02,0.914005968192));
#1766 = CARTESIAN_POINT('',(-2.097964412475E-02,0.927584171727));
#1767 = CARTESIAN_POINT('',(-2.622305246908E-02,0.945689826728));
#1768 = ( GEOMETRIC_REPRESENTATION_CONTEXT(2) 
PARAMETRIC_REPRESENTATION_CONTEXT() REPRESENTATION_CONTEXT('2D SPACE',''
  ) );
#1769 = PCURVE('',#377,#1770);
#1770 = DEFINITIONAL_REPRESENTATION('',(#1771),#1775);
#1771 = ( BOUNDED_CURVE() B_SPLINE_CURVE(2,(#1772,#1773,#1774),
.UNSPECIFIED.,.F.,.F.) B_SPLINE_CURVE_WITH_KNOTS((3,3),(0.,
2.622605835954E-02),.PIECEWISE_BEZIER_KNOTS.) CURVE() 
GEOMETRIC_REPRESENTATION_ITEM() RATIONAL_B_SPLINE_CURVE((1.,
1.000085976999,1.)) REPRESENTATION_ITEM('') );
#1772 = CARTESIAN_POINT('',(6.736843312533,0.));
#1773 = CARTESIAN_POINT('',(6.736843312533,-1.209791962492));
#1774 = CARTESIAN_POINT('',(6.691581769265,-2.42));
#1775 = ( GEOMETRIC_REPRESENTATION_CONTEXT(2) 
PARAMETRIC_REPRESENTATION_CONTEXT() REPRESENTATION_CONTEXT('2D SPACE',''
  ) );
#1776 = ADVANCED_FACE('',(#1777),#377,.T.);
#1777 = FACE_BOUND('',#1778,.T.);
#1778 = EDGE_LOOP('',(#1779,#1780,#1781,#1804));
#1779 = ORIENTED_EDGE('',*,*,#361,.F.);
#1780 = ORIENTED_EDGE('',*,*,#1752,.T.);
#1781 = ORIENTED_EDGE('',*,*,#1782,.T.);
#1782 = EDGE_CURVE('',#1721,#1783,#1785,.T.);
#1783 = VERTEX_POINT('',#1784);
#1784 = CARTESIAN_POINT('',(92.264059430675,2.2,-244.8566222899));
#1785 = SURFACE_CURVE('',#1786,(#1790,#1797),.PCURVE_S1.);
#1786 = LINE('',#1787,#1788);
#1787 = CARTESIAN_POINT('',(92.264059430675,2.2,-255.7646056746));
#1788 = VECTOR('',#1789,1.);
#1789 = DIRECTION('',(0.,0.,1.));
#1790 = PCURVE('',#377,#1791);
#1791 = DEFINITIONAL_REPRESENTATION('',(#1792),#1796);
#1792 = LINE('',#1793,#1794);
#1793 = CARTESIAN_POINT('',(0.,-2.2));
#1794 = VECTOR('',#1795,1.);
#1795 = DIRECTION('',(1.,0.));
#1796 = ( GEOMETRIC_REPRESENTATION_CONTEXT(2) 
PARAMETRIC_REPRESENTATION_CONTEXT() REPRESENTATION_CONTEXT('2D SPACE',''
  ) );
#1797 = PCURVE('',#1740,#1798);
#1798 = DEFINITIONAL_REPRESENTATION('',(#1799),#1803);
#1799 = LINE('',#1800,#1801);
#1800 = CARTESIAN_POINT('',(0.,0.));
#1801 = VECTOR('',#1802,1.);
#1802 = DIRECTION('',(1.,0.));
#1803 = ( GEOMETRIC_REPRESENTATION_CONTEXT(2) 
PARAMETRIC_REPRESENTATION_CONTEXT() REPRESENTATION_CONTEXT('2D SPACE',''
  ) );
#1804 = ORIENTED_EDGE('',*,*,#1805,.F.);
#1805 = EDGE_CURVE('',#334,#1783,#1806,.T.);
#1806 = SURFACE_CURVE('',#1807,(#1812,#1819),.PCURVE_S1.);
#1807 = HYPERBOLA('',#1808,150.50194974393,92.264059430675);
#1808 = AXIS2_PLACEMENT_3D('',#1809,#1810,#1811);
#1809 = CARTESIAN_POINT('',(92.264059430675,0.,-94.31189354319));
#1810 = DIRECTION('',(1.,0.,0.));
#1811 = DIRECTION('',(0.,-0.,-1.));
#1812 = PCURVE('',#377,#1813);
#1813 = DEFINITIONAL_REPRESENTATION('',(#1814),#1818);
#1814 = ( BOUNDED_CURVE() B_SPLINE_CURVE(2,(#1815,#1816,#1817),
.UNSPECIFIED.,.F.,.F.) B_SPLINE_CURVE_WITH_KNOTS((3,3),(0.,
2.622605835954E-02),.PIECEWISE_BEZIER_KNOTS.) CURVE() 
GEOMETRIC_REPRESENTATION_ITEM() RATIONAL_B_SPLINE_CURVE((1.,
1.000085976999,1.)) REPRESENTATION_ITEM('') );
#1815 = CARTESIAN_POINT('',(10.950762387481,0.));
#1816 = CARTESIAN_POINT('',(10.950762387481,-1.209791962492));
#1817 = CARTESIAN_POINT('',(10.899001338448,-2.42));
#1818 = ( GEOMETRIC_REPRESENTATION_CONTEXT(2) 
PARAMETRIC_REPRESENTATION_CONTEXT() REPRESENTATION_CONTEXT('2D SPACE',''
  ) );
#1819 = PCURVE('',#349,#1820);
#1820 = DEFINITIONAL_REPRESENTATION('',(#1821),#1828);
#1821 = B_SPLINE_CURVE_WITH_KNOTS('',5,(#1822,#1823,#1824,#1825,#1826,
    #1827),.UNSPECIFIED.,.F.,.F.,(6,6),(0.,2.622605835954E-02),
  .PIECEWISE_BEZIER_KNOTS.);
#1822 = CARTESIAN_POINT('',(0.,-0.252631964789));
#1823 = CARTESIAN_POINT('',(-5.245211671909E-03,-0.252631964789));
#1824 = CARTESIAN_POINT('',(-1.049042334382E-02,-0.247456156557));
#1825 = CARTESIAN_POINT('',(-1.573533437497E-02,-0.237104540083));
#1826 = CARTESIAN_POINT('',(-2.097964412475E-02,-0.221576522075));
#1827 = CARTESIAN_POINT('',(-2.622305246908E-02,-0.200870915756));
#1828 = ( GEOMETRIC_REPRESENTATION_CONTEXT(2) 
PARAMETRIC_REPRESENTATION_CONTEXT() REPRESENTATION_CONTEXT('2D SPACE',''
  ) );
#1829 = ADVANCED_FACE('',(#1830),#349,.T.);
#1830 = FACE_BOUND('',#1831,.T.);
#1831 = EDGE_LOOP('',(#1832,#1854,#1855,#1856,#1883,#1912,#1937));
#1832 = ORIENTED_EDGE('',*,*,#1833,.F.);
#1833 = EDGE_CURVE('',#306,#1125,#1834,.T.);
#1834 = SURFACE_CURVE('',#1835,(#1840,#1847),.PCURVE_S1.);
#1835 = CIRCLE('',#1836,91.395505706808);
#1836 = AXIS2_PLACEMENT_3D('',#1837,#1838,#1839);
#1837 = CARTESIAN_POINT('',(0.,0.,-243.3970507711));
#1838 = DIRECTION('',(0.,0.,1.));
#1839 = DIRECTION('',(1.,0.,-0.));
#1840 = PCURVE('',#349,#1841);
#1841 = DEFINITIONAL_REPRESENTATION('',(#1842),#1846);
#1842 = LINE('',#1843,#1844);
#1843 = CARTESIAN_POINT('',(-0.,-1.669424480813));
#1844 = VECTOR('',#1845,1.);
#1845 = DIRECTION('',(-1.,-0.));
#1846 = ( GEOMETRIC_REPRESENTATION_CONTEXT(2) 
PARAMETRIC_REPRESENTATION_CONTEXT() REPRESENTATION_CONTEXT('2D SPACE',''
  ) );
#1847 = PCURVE('',#321,#1848);
#1848 = DEFINITIONAL_REPRESENTATION('',(#1849),#1853);
#1849 = LINE('',#1850,#1851);
#1850 = CARTESIAN_POINT('',(-0.,-0.));
#1851 = VECTOR('',#1852,1.);
#1852 = DIRECTION('',(-1.,-0.));
#1853 = ( GEOMETRIC_REPRESENTATION_CONTEXT(2) 
PARAMETRIC_REPRESENTATION_CONTEXT() REPRESENTATION_CONTEXT('2D SPACE',''
  ) );
#1854 = ORIENTED_EDGE('',*,*,#333,.F.);
#1855 = ORIENTED_EDGE('',*,*,#1805,.T.);
#1856 = ORIENTED_EDGE('',*,*,#1857,.F.);
#1857 = EDGE_CURVE('',#1858,#1783,#1860,.T.);
#1858 = VERTEX_POINT('',#1859);
#1859 = CARTESIAN_POINT('',(92.392744686852,2.2,-245.0664752519));
#1860 = SURFACE_CURVE('',#1861,(#1866,#1876),.PCURVE_S1.);
#1861 = HYPERBOLA('',#1862,3.588659457212,2.2);
#1862 = AXIS2_PLACEMENT_3D('',#1863,#1864,#1865);
#1863 = CARTESIAN_POINT('',(0.,2.2,-94.31189354319));
#1864 = DIRECTION('',(0.,1.,0.));
#1865 = DIRECTION('',(-0.,0.,-1.));
#1866 = PCURVE('',#349,#1867);
#1867 = DEFINITIONAL_REPRESENTATION('',(#1868),#1875);
#1868 = B_SPLINE_CURVE_WITH_KNOTS('',5,(#1869,#1870,#1871,#1872,#1873,
    #1874),.UNSPECIFIED.,.F.,.F.,(6,6),(-4.430879990542,-4.426991361957)
  ,.PIECEWISE_BEZIER_KNOTS.);
#1869 = CARTESIAN_POINT('',(-2.380689481308E-02,-2.699011606594E-14));
#1870 = CARTESIAN_POINT('',(-2.382540829849E-02,-0.117212491148));
#1871 = CARTESIAN_POINT('',(-2.384393977682E-02,-0.234311001036));
#1872 = CARTESIAN_POINT('',(-2.386248927137E-02,-0.351295677367));
#1873 = CARTESIAN_POINT('',(-2.388105680549E-02,-0.468166667553));
#1874 = CARTESIAN_POINT('',(-2.389964240257E-02,-0.584924118724));
#1875 = ( GEOMETRIC_REPRESENTATION_CONTEXT(2) 
PARAMETRIC_REPRESENTATION_CONTEXT() REPRESENTATION_CONTEXT('2D SPACE',''
  ) );
#1876 = PCURVE('',#1740,#1877);
#1877 = DEFINITIONAL_REPRESENTATION('',(#1878),#1882);
#1878 = ( BOUNDED_CURVE() B_SPLINE_CURVE(2,(#1879,#1880,#1881),
.UNSPECIFIED.,.F.,.F.) B_SPLINE_CURVE_WITH_KNOTS((3,3),(-4.430879990542,
-4.426991361957),.PIECEWISE_BEZIER_KNOTS.) CURVE() 
GEOMETRIC_REPRESENTATION_ITEM() RATIONAL_B_SPLINE_CURVE((1.,
1.00000189018,1.)) REPRESENTATION_ITEM('') );
#1879 = CARTESIAN_POINT('',(10.698130422692,0.128685256177));
#1880 = CARTESIAN_POINT('',(10.991161281309,-5.100597071096E-02));
#1881 = CARTESIAN_POINT('',(11.283054541416,-0.23));
#1882 = ( GEOMETRIC_REPRESENTATION_CONTEXT(2) 
PARAMETRIC_REPRESENTATION_CONTEXT() REPRESENTATION_CONTEXT('2D SPACE',''
  ) );
#1883 = ORIENTED_EDGE('',*,*,#1884,.T.);
#1884 = EDGE_CURVE('',#1858,#1885,#1887,.T.);
#1885 = VERTEX_POINT('',#1886);
#1886 = CARTESIAN_POINT('',(5.659027555064E-15,92.418933508075,
    -245.0664752519));
#1887 = SURFACE_CURVE('',#1888,(#1893,#1900),.PCURVE_S1.);
#1888 = CIRCLE('',#1889,92.418933508075);
#1889 = AXIS2_PLACEMENT_3D('',#1890,#1891,#1892);
#1890 = CARTESIAN_POINT('',(0.,0.,-245.0664752519));
#1891 = DIRECTION('',(0.,0.,1.));
#1892 = DIRECTION('',(1.,0.,-0.));
#1893 = PCURVE('',#349,#1894);
#1894 = DEFINITIONAL_REPRESENTATION('',(#1895),#1899);
#1895 = LINE('',#1896,#1897);
#1896 = CARTESIAN_POINT('',(-0.,-0.));
#1897 = VECTOR('',#1898,1.);
#1898 = DIRECTION('',(-1.,-0.));
#1899 = ( GEOMETRIC_REPRESENTATION_CONTEXT(2) 
PARAMETRIC_REPRESENTATION_CONTEXT() REPRESENTATION_CONTEXT('2D SPACE',''
  ) );
#1900 = PCURVE('',#1901,#1906);
#1901 = CONICAL_SURFACE('',#1902,93.447106467461,0.557228226116);
#1902 = AXIS2_PLACEMENT_3D('',#1903,#1904,#1905);
#1903 = CARTESIAN_POINT('',(0.,0.,-246.7165816158));
#1904 = DIRECTION('',(-0.,-0.,-1.));
#1905 = DIRECTION('',(1.,0.,-0.));
#1906 = DEFINITIONAL_REPRESENTATION('',(#1907),#1911);
#1907 = LINE('',#1908,#1909);
#1908 = CARTESIAN_POINT('',(-0.,-1.650106363937));
#1909 = VECTOR('',#1910,1.);
#1910 = DIRECTION('',(-1.,-0.));
#1911 = ( GEOMETRIC_REPRESENTATION_CONTEXT(2) 
PARAMETRIC_REPRESENTATION_CONTEXT() REPRESENTATION_CONTEXT('2D SPACE',''
  ) );
#1912 = ORIENTED_EDGE('',*,*,#1913,.F.);
#1913 = EDGE_CURVE('',#1097,#1885,#1914,.T.);
#1914 = SURFACE_CURVE('',#1915,(#1919,#1925),.PCURVE_S1.);
#1915 = LINE('',#1916,#1917);
#1916 = CARTESIAN_POINT('',(0.,0.,-94.31189354319));
#1917 = VECTOR('',#1918,1.);
#1918 = DIRECTION('',(-0.,0.522648237176,-0.852548426881));
#1919 = PCURVE('',#349,#1920);
#1920 = DEFINITIONAL_REPRESENTATION('',(#1921),#1924);
#1921 = B_SPLINE_CURVE_WITH_KNOTS('',1,(#1922,#1923),.UNSPECIFIED.,.F.,
  .F.,(2,2),(174.87001620939,176.82817416052),.PIECEWISE_BEZIER_KNOTS.);
#1922 = CARTESIAN_POINT('',(-1.570796326795,-1.669424480813));
#1923 = CARTESIAN_POINT('',(-1.570796326795,0.));
#1924 = ( GEOMETRIC_REPRESENTATION_CONTEXT(2) 
PARAMETRIC_REPRESENTATION_CONTEXT() REPRESENTATION_CONTEXT('2D SPACE',''
  ) );
#1925 = PCURVE('',#1926,#1931);
#1926 = PLANE('',#1927);
#1927 = AXIS2_PLACEMENT_3D('',#1928,#1929,#1930);
#1928 = CARTESIAN_POINT('',(0.,92.414059430675,-255.7646056746));
#1929 = DIRECTION('',(1.,0.,-0.));
#1930 = DIRECTION('',(0.,0.,1.));
#1931 = DEFINITIONAL_REPRESENTATION('',(#1932),#1936);
#1932 = LINE('',#1933,#1934);
#1933 = CARTESIAN_POINT('',(161.45271213141,92.414059430675));
#1934 = VECTOR('',#1935,1.);
#1935 = DIRECTION('',(-0.852548426881,-0.522648237176));
#1936 = ( GEOMETRIC_REPRESENTATION_CONTEXT(2) 
PARAMETRIC_REPRESENTATION_CONTEXT() REPRESENTATION_CONTEXT('2D SPACE',''
  ) );
#1937 = ORIENTED_EDGE('',*,*,#1124,.F.);
#1938 = ADVANCED_FACE('',(#1939),#321,.T.);
#1939 = FACE_BOUND('',#1940,.T.);
#1940 = EDGE_LOOP('',(#1941,#1942,#1943,#1944));
#1941 = ORIENTED_EDGE('',*,*,#305,.F.);
#1942 = ORIENTED_EDGE('',*,*,#1833,.T.);
#1943 = ORIENTED_EDGE('',*,*,#1145,.F.);
#1944 = ORIENTED_EDGE('',*,*,#1945,.F.);
#1945 = EDGE_CURVE('',#278,#1146,#1946,.T.);
#1946 = SURFACE_CURVE('',#1947,(#1952,#1959),.PCURVE_S1.);
#1947 = CIRCLE('',#1948,90.376862437726);
#1948 = AXIS2_PLACEMENT_3D('',#1949,#1950,#1951);
#1949 = CARTESIAN_POINT('',(0.,0.,-241.7082420822));
#1950 = DIRECTION('',(0.,0.,1.));
#1951 = DIRECTION('',(1.,0.,-0.));
#1952 = PCURVE('',#321,#1953);
#1953 = DEFINITIONAL_REPRESENTATION('',(#1954),#1958);
#1954 = LINE('',#1955,#1956);
#1955 = CARTESIAN_POINT('',(-0.,-1.68880868884));
#1956 = VECTOR('',#1957,1.);
#1957 = DIRECTION('',(-1.,-0.));
#1958 = ( GEOMETRIC_REPRESENTATION_CONTEXT(2) 
PARAMETRIC_REPRESENTATION_CONTEXT() REPRESENTATION_CONTEXT('2D SPACE',''
  ) );
#1959 = PCURVE('',#293,#1960);
#1960 = DEFINITIONAL_REPRESENTATION('',(#1961),#1965);
#1961 = LINE('',#1962,#1963);
#1962 = CARTESIAN_POINT('',(-0.,-0.));
#1963 = VECTOR('',#1964,1.);
#1964 = DIRECTION('',(-1.,-0.));
#1965 = ( GEOMETRIC_REPRESENTATION_CONTEXT(2) 
PARAMETRIC_REPRESENTATION_CONTEXT() REPRESENTATION_CONTEXT('2D SPACE',''
  ) );
#1966 = ADVANCED_FACE('',(#1967),#293,.T.);
#1967 = FACE_BOUND('',#1968,.T.);
#1968 = EDGE_LOOP('',(#1969,#1970,#1971,#1972));
#1969 = ORIENTED_EDGE('',*,*,#277,.F.);
#1970 = ORIENTED_EDGE('',*,*,#1945,.T.);
#1971 = ORIENTED_EDGE('',*,*,#1166,.F.);
#1972 = ORIENTED_EDGE('',*,*,#1973,.F.);
#1973 = EDGE_CURVE('',#250,#1167,#1974,.T.);
#1974 = SURFACE_CURVE('',#1975,(#1980,#1987),.PCURVE_S1.);
#1975 = CIRCLE('',#1976,89.363043069405);
#1976 = AXIS2_PLACEMENT_3D('',#1977,#1978,#1979);
#1977 = CARTESIAN_POINT('',(0.,0.,-239.9999793614));
#1978 = DIRECTION('',(0.,0.,1.));
#1979 = DIRECTION('',(1.,0.,-0.));
#1980 = PCURVE('',#293,#1981);
#1981 = DEFINITIONAL_REPRESENTATION('',(#1982),#1986);
#1982 = LINE('',#1983,#1984);
#1983 = CARTESIAN_POINT('',(-0.,-1.708262720779));
#1984 = VECTOR('',#1985,1.);
#1985 = DIRECTION('',(-1.,-0.));
#1986 = ( GEOMETRIC_REPRESENTATION_CONTEXT(2) 
PARAMETRIC_REPRESENTATION_CONTEXT() REPRESENTATION_CONTEXT('2D SPACE',''
  ) );
#1987 = PCURVE('',#265,#1988);
#1988 = DEFINITIONAL_REPRESENTATION('',(#1989),#1993);
#1989 = LINE('',#1990,#1991);
#1990 = CARTESIAN_POINT('',(-0.,-0.));
#1991 = VECTOR('',#1992,1.);
#1992 = DIRECTION('',(-1.,-0.));
#1993 = ( GEOMETRIC_REPRESENTATION_CONTEXT(2) 
PARAMETRIC_REPRESENTATION_CONTEXT() REPRESENTATION_CONTEXT('2D SPACE',''
  ) );
#1994 = ADVANCED_FACE('',(#1995),#265,.T.);
#1995 = FACE_BOUND('',#1996,.T.);
#1996 = EDGE_LOOP('',(#1997,#1998,#1999,#2000));
#1997 = ORIENTED_EDGE('',*,*,#249,.F.);
#1998 = ORIENTED_EDGE('',*,*,#1973,.T.);
#1999 = ORIENTED_EDGE('',*,*,#1187,.F.);
#2000 = ORIENTED_EDGE('',*,*,#2001,.F.);
#2001 = EDGE_CURVE('',#222,#1188,#2002,.T.);
#2002 = SURFACE_CURVE('',#2003,(#2008,#2015),.PCURVE_S1.);
#2003 = CIRCLE('',#2004,88.354086998563);
#2004 = AXIS2_PLACEMENT_3D('',#2005,#2006,#2007);
#2005 = CARTESIAN_POINT('',(0.,0.,-238.2721891475));
#2006 = DIRECTION('',(0.,0.,1.));
#2007 = DIRECTION('',(1.,0.,-0.));
#2008 = PCURVE('',#265,#2009);
#2009 = DEFINITIONAL_REPRESENTATION('',(#2010),#2014);
#2010 = LINE('',#2011,#2012);
#2011 = CARTESIAN_POINT('',(-0.,-1.727790213904));
#2012 = VECTOR('',#2013,1.);
#2013 = DIRECTION('',(-1.,-0.));
#2014 = ( GEOMETRIC_REPRESENTATION_CONTEXT(2) 
PARAMETRIC_REPRESENTATION_CONTEXT() REPRESENTATION_CONTEXT('2D SPACE',''
  ) );
#2015 = PCURVE('',#237,#2016);
#2016 = DEFINITIONAL_REPRESENTATION('',(#2017),#2021);
#2017 = LINE('',#2018,#2019);
#2018 = CARTESIAN_POINT('',(-0.,-0.));
#2019 = VECTOR('',#2020,1.);
#2020 = DIRECTION('',(-1.,-0.));
#2021 = ( GEOMETRIC_REPRESENTATION_CONTEXT(2) 
PARAMETRIC_REPRESENTATION_CONTEXT() REPRESENTATION_CONTEXT('2D SPACE',''
  ) );
#2022 = ADVANCED_FACE('',(#2023),#237,.T.);
#2023 = FACE_BOUND('',#2024,.T.);
#2024 = EDGE_LOOP('',(#2025,#2026,#2027,#2028));
#2025 = ORIENTED_EDGE('',*,*,#221,.F.);
#2026 = ORIENTED_EDGE('',*,*,#2001,.T.);
#2027 = ORIENTED_EDGE('',*,*,#1208,.F.);
#2028 = ORIENTED_EDGE('',*,*,#2029,.F.);
#2029 = EDGE_CURVE('',#194,#1209,#2030,.T.);
#2030 = SURFACE_CURVE('',#2031,(#2036,#2043),.PCURVE_S1.);
#2031 = CIRCLE('',#2032,87.350033682527);
#2032 = AXIS2_PLACEMENT_3D('',#2033,#2034,#2035);
#2033 = CARTESIAN_POINT('',(0.,0.,-236.5247944374));
#2034 = DIRECTION('',(0.,0.,1.));
#2035 = DIRECTION('',(1.,0.,-0.));
#2036 = PCURVE('',#237,#2037);
#2037 = DEFINITIONAL_REPRESENTATION('',(#2038),#2042);
#2038 = LINE('',#2039,#2040);
#2039 = CARTESIAN_POINT('',(-0.,-1.747394710159));
#2040 = VECTOR('',#2041,1.);
#2041 = DIRECTION('',(-1.,-0.));
#2042 = ( GEOMETRIC_REPRESENTATION_CONTEXT(2) 
PARAMETRIC_REPRESENTATION_CONTEXT() REPRESENTATION_CONTEXT('2D SPACE',''
  ) );
#2043 = PCURVE('',#209,#2044);
#2044 = DEFINITIONAL_REPRESENTATION('',(#2045),#2049);
#2045 = LINE('',#2046,#2047);
#2046 = CARTESIAN_POINT('',(-0.,-0.));
#2047 = VECTOR('',#2048,1.);
#2048 = DIRECTION('',(-1.,-0.));
#2049 = ( GEOMETRIC_REPRESENTATION_CONTEXT(2) 
PARAMETRIC_REPRESENTATION_CONTEXT() REPRESENTATION_CONTEXT('2D SPACE',''
  ) );
#2050 = ADVANCED_FACE('',(#2051),#209,.T.);
#2051 = FACE_BOUND('',#2052,.T.);
#2052 = EDGE_LOOP('',(#2053,#2054,#2055,#2056));
#2053 = ORIENTED_EDGE('',*,*,#193,.F.);
#2054 = ORIENTED_EDGE('',*,*,#2029,.T.);
#2055 = ORIENTED_EDGE('',*,*,#1229,.F.);
#2056 = ORIENTED_EDGE('',*,*,#2057,.F.);
#2057 = EDGE_CURVE('',#166,#1230,#2058,.T.);
#2058 = SURFACE_CURVE('',#2059,(#2064,#2071),.PCURVE_S1.);
#2059 = CIRCLE('',#2060,86.350922670714);
#2060 = AXIS2_PLACEMENT_3D('',#2061,#2062,#2063);
#2061 = CARTESIAN_POINT('',(0.,0.,-234.7577147818));
#2062 = DIRECTION('',(0.,0.,1.));
#2063 = DIRECTION('',(1.,0.,-0.));
#2064 = PCURVE('',#209,#2065);
#2065 = DEFINITIONAL_REPRESENTATION('',(#2066),#2070);
#2066 = LINE('',#2067,#2068);
#2067 = CARTESIAN_POINT('',(-0.,-1.767079655624));
#2068 = VECTOR('',#2069,1.);
#2069 = DIRECTION('',(-1.,-0.));
#2070 = ( GEOMETRIC_REPRESENTATION_CONTEXT(2) 
PARAMETRIC_REPRESENTATION_CONTEXT() REPRESENTATION_CONTEXT('2D SPACE',''
  ) );
#2071 = PCURVE('',#181,#2072);
#2072 = DEFINITIONAL_REPRESENTATION('',(#2073),#2077);
#2073 = LINE('',#2074,#2075);
#2074 = CARTESIAN_POINT('',(-0.,-0.));
#2075 = VECTOR('',#2076,1.);
#2076 = DIRECTION('',(-1.,-0.));
#2077 = ( GEOMETRIC_REPRESENTATION_CONTEXT(2) 
PARAMETRIC_REPRESENTATION_CONTEXT() REPRESENTATION_CONTEXT('2D SPACE',''
  ) );
#2078 = ADVANCED_FACE('',(#2079),#181,.T.);
#2079 = FACE_BOUND('',#2080,.T.);
#2080 = EDGE_LOOP('',(#2081,#2082,#2083,#2084));
#2081 = ORIENTED_EDGE('',*,*,#165,.F.);
#2082 = ORIENTED_EDGE('',*,*,#2057,.T.);
#2083 = ORIENTED_EDGE('',*,*,#1250,.F.);
#2084 = ORIENTED_EDGE('',*,*,#1294,.F.);
#2085 = ADVANCED_FACE('',(#2086),#1112,.F.);
#2086 = FACE_BOUND('',#2087,.F.);
#2087 = EDGE_LOOP('',(#2088,#2118,#2146,#2174,#2195,#2196));
#2088 = ORIENTED_EDGE('',*,*,#2089,.F.);
#2089 = EDGE_CURVE('',#2090,#2092,#2094,.T.);
#2090 = VERTEX_POINT('',#2091);
#2091 = CARTESIAN_POINT('',(-2.,92.414059430675,-255.7646056746));
#2092 = VERTEX_POINT('',#2093);
#2093 = CARTESIAN_POINT('',(0.,92.414059430675,-255.7646056746));
#2094 = SURFACE_CURVE('',#2095,(#2099,#2106),.PCURVE_S1.);
#2095 = LINE('',#2096,#2097);
#2096 = CARTESIAN_POINT('',(-2.,92.414059430675,-255.7646056746));
#2097 = VECTOR('',#2098,1.);
#2098 = DIRECTION('',(1.,0.,-0.));
#2099 = PCURVE('',#1112,#2100);
#2100 = DEFINITIONAL_REPRESENTATION('',(#2101),#2105);
#2101 = LINE('',#2102,#2103);
#2102 = CARTESIAN_POINT('',(0.,0.));
#2103 = VECTOR('',#2104,1.);
#2104 = DIRECTION('',(0.,1.));
#2105 = ( GEOMETRIC_REPRESENTATION_CONTEXT(2) 
PARAMETRIC_REPRESENTATION_CONTEXT() REPRESENTATION_CONTEXT('2D SPACE',''
  ) );
#2106 = PCURVE('',#2107,#2112);
#2107 = PLANE('',#2108);
#2108 = AXIS2_PLACEMENT_3D('',#2109,#2110,#2111);
#2109 = CARTESIAN_POINT('',(-2.,92.414059430675,-255.7646056746));
#2110 = DIRECTION('',(0.,0.,1.));
#2111 = DIRECTION('',(1.,0.,-0.));
#2112 = DEFINITIONAL_REPRESENTATION('',(#2113),#2117);
#2113 = LINE('',#2114,#2115);
#2114 = CARTESIAN_POINT('',(0.,0.));
#2115 = VECTOR('',#2116,1.);
#2116 = DIRECTION('',(1.,0.));
#2117 = ( GEOMETRIC_REPRESENTATION_CONTEXT(2) 
PARAMETRIC_REPRESENTATION_CONTEXT() REPRESENTATION_CONTEXT('2D SPACE',''
  ) );
#2118 = ORIENTED_EDGE('',*,*,#2119,.T.);
#2119 = EDGE_CURVE('',#2090,#2120,#2122,.T.);
#2120 = VERTEX_POINT('',#2121);
#2121 = CARTESIAN_POINT('',(-2.,92.414059430675,-241.7646056746));
#2122 = SURFACE_CURVE('',#2123,(#2127,#2134),.PCURVE_S1.);
#2123 = LINE('',#2124,#2125);
#2124 = CARTESIAN_POINT('',(-2.,92.414059430675,-255.7646056746));
#2125 = VECTOR('',#2126,1.);
#2126 = DIRECTION('',(0.,0.,1.));
#2127 = PCURVE('',#1112,#2128);
#2128 = DEFINITIONAL_REPRESENTATION('',(#2129),#2133);
#2129 = LINE('',#2130,#2131);
#2130 = CARTESIAN_POINT('',(0.,0.));
#2131 = VECTOR('',#2132,1.);
#2132 = DIRECTION('',(1.,0.));
#2133 = ( GEOMETRIC_REPRESENTATION_CONTEXT(2) 
PARAMETRIC_REPRESENTATION_CONTEXT() REPRESENTATION_CONTEXT('2D SPACE',''
  ) );
#2134 = PCURVE('',#2135,#2140);
#2135 = PLANE('',#2136);
#2136 = AXIS2_PLACEMENT_3D('',#2137,#2138,#2139);
#2137 = CARTESIAN_POINT('',(-2.,92.414059430675,-255.7646056746));
#2138 = DIRECTION('',(1.,0.,-0.));
#2139 = DIRECTION('',(0.,0.,1.));
#2140 = DEFINITIONAL_REPRESENTATION('',(#2141),#2145);
#2141 = LINE('',#2142,#2143);
#2142 = CARTESIAN_POINT('',(0.,0.));
#2143 = VECTOR('',#2144,1.);
#2144 = DIRECTION('',(1.,0.));
#2145 = ( GEOMETRIC_REPRESENTATION_CONTEXT(2) 
PARAMETRIC_REPRESENTATION_CONTEXT() REPRESENTATION_CONTEXT('2D SPACE',''
  ) );
#2146 = ORIENTED_EDGE('',*,*,#2147,.T.);
#2147 = EDGE_CURVE('',#2120,#2148,#2150,.T.);
#2148 = VERTEX_POINT('',#2149);
#2149 = CARTESIAN_POINT('',(0.,92.414059430675,-241.7646056746));
#2150 = SURFACE_CURVE('',#2151,(#2155,#2162),.PCURVE_S1.);
#2151 = LINE('',#2152,#2153);
#2152 = CARTESIAN_POINT('',(-2.,92.414059430675,-241.7646056746));
#2153 = VECTOR('',#2154,1.);
#2154 = DIRECTION('',(1.,0.,-0.));
#2155 = PCURVE('',#1112,#2156);
#2156 = DEFINITIONAL_REPRESENTATION('',(#2157),#2161);
#2157 = LINE('',#2158,#2159);
#2158 = CARTESIAN_POINT('',(14.,0.));
#2159 = VECTOR('',#2160,1.);
#2160 = DIRECTION('',(0.,1.));
#2161 = ( GEOMETRIC_REPRESENTATION_CONTEXT(2) 
PARAMETRIC_REPRESENTATION_CONTEXT() REPRESENTATION_CONTEXT('2D SPACE',''
  ) );
#2162 = PCURVE('',#2163,#2168);
#2163 = PLANE('',#2164);
#2164 = AXIS2_PLACEMENT_3D('',#2165,#2166,#2167);
#2165 = CARTESIAN_POINT('',(-2.,92.414059430675,-241.7646056746));
#2166 = DIRECTION('',(0.,0.,1.));
#2167 = DIRECTION('',(1.,0.,-0.));
#2168 = DEFINITIONAL_REPRESENTATION('',(#2169),#2173);
#2169 = LINE('',#2170,#2171);
#2170 = CARTESIAN_POINT('',(0.,0.));
#2171 = VECTOR('',#2172,1.);
#2172 = DIRECTION('',(1.,0.));
#2173 = ( GEOMETRIC_REPRESENTATION_CONTEXT(2) 
PARAMETRIC_REPRESENTATION_CONTEXT() REPRESENTATION_CONTEXT('2D SPACE',''
  ) );
#2174 = ORIENTED_EDGE('',*,*,#2175,.F.);
#2175 = EDGE_CURVE('',#1097,#2148,#2176,.T.);
#2176 = SURFACE_CURVE('',#2177,(#2181,#2188),.PCURVE_S1.);
#2177 = LINE('',#2178,#2179);
#2178 = CARTESIAN_POINT('',(0.,92.414059430675,-255.7646056746));
#2179 = VECTOR('',#2180,1.);
#2180 = DIRECTION('',(0.,0.,1.));
#2181 = PCURVE('',#1112,#2182);
#2182 = DEFINITIONAL_REPRESENTATION('',(#2183),#2187);
#2183 = LINE('',#2184,#2185);
#2184 = CARTESIAN_POINT('',(0.,2.));
#2185 = VECTOR('',#2186,1.);
#2186 = DIRECTION('',(1.,0.));
#2187 = ( GEOMETRIC_REPRESENTATION_CONTEXT(2) 
PARAMETRIC_REPRESENTATION_CONTEXT() REPRESENTATION_CONTEXT('2D SPACE',''
  ) );
#2188 = PCURVE('',#1926,#2189);
#2189 = DEFINITIONAL_REPRESENTATION('',(#2190),#2194);
#2190 = LINE('',#2191,#2192);
#2191 = CARTESIAN_POINT('',(0.,0.));
#2192 = VECTOR('',#2193,1.);
#2193 = DIRECTION('',(1.,0.));
#2194 = ( GEOMETRIC_REPRESENTATION_CONTEXT(2) 
PARAMETRIC_REPRESENTATION_CONTEXT() REPRESENTATION_CONTEXT('2D SPACE',''
  ) );
#2195 = ORIENTED_EDGE('',*,*,#1096,.F.);
#2196 = ORIENTED_EDGE('',*,*,#2197,.F.);
#2197 = EDGE_CURVE('',#2092,#1076,#2198,.T.);
#2198 = SURFACE_CURVE('',#2199,(#2203,#2210),.PCURVE_S1.);
#2199 = LINE('',#2200,#2201);
#2200 = CARTESIAN_POINT('',(0.,92.414059430675,-255.7646056746));
#2201 = VECTOR('',#2202,1.);
#2202 = DIRECTION('',(0.,0.,1.));
#2203 = PCURVE('',#1112,#2204);
#2204 = DEFINITIONAL_REPRESENTATION('',(#2205),#2209);
#2205 = LINE('',#2206,#2207);
#2206 = CARTESIAN_POINT('',(0.,2.));
#2207 = VECTOR('',#2208,1.);
#2208 = DIRECTION('',(1.,0.));
#2209 = ( GEOMETRIC_REPRESENTATION_CONTEXT(2) 
PARAMETRIC_REPRESENTATION_CONTEXT() REPRESENTATION_CONTEXT('2D SPACE',''
  ) );
#2210 = PCURVE('',#1679,#2211);
#2211 = DEFINITIONAL_REPRESENTATION('',(#2212),#2216);
#2212 = LINE('',#2213,#2214);
#2213 = CARTESIAN_POINT('',(0.,0.));
#2214 = VECTOR('',#2215,1.);
#2215 = DIRECTION('',(1.,0.));
#2216 = ( GEOMETRIC_REPRESENTATION_CONTEXT(2) 
PARAMETRIC_REPRESENTATION_CONTEXT() REPRESENTATION_CONTEXT('2D SPACE',''
  ) );
#2217 = ADVANCED_FACE('',(#2218),#1740,.F.);
#2218 = FACE_BOUND('',#2219,.F.);
#2219 = EDGE_LOOP('',(#2220,#2250,#2282,#2307,#2308,#2309,#2310,#2337,
    #2369));
#2220 = ORIENTED_EDGE('',*,*,#2221,.F.);
#2221 = EDGE_CURVE('',#2222,#2224,#2226,.T.);
#2222 = VERTEX_POINT('',#2223);
#2223 = CARTESIAN_POINT('',(94.564059430675,2.2,-252.2790158031));
#2224 = VERTEX_POINT('',#2225);
#2225 = CARTESIAN_POINT('',(94.564059430675,2.2,-248.5177736165));
#2226 = SURFACE_CURVE('',#2227,(#2231,#2238),.PCURVE_S1.);
#2227 = LINE('',#2228,#2229);
#2228 = CARTESIAN_POINT('',(94.564059430675,2.2,-255.7646056746));
#2229 = VECTOR('',#2230,1.);
#2230 = DIRECTION('',(0.,0.,1.));
#2231 = PCURVE('',#1740,#2232);
#2232 = DEFINITIONAL_REPRESENTATION('',(#2233),#2237);
#2233 = LINE('',#2234,#2235);
#2234 = CARTESIAN_POINT('',(0.,2.3));
#2235 = VECTOR('',#2236,1.);
#2236 = DIRECTION('',(1.,0.));
#2237 = ( GEOMETRIC_REPRESENTATION_CONTEXT(2) 
PARAMETRIC_REPRESENTATION_CONTEXT() REPRESENTATION_CONTEXT('2D SPACE',''
  ) );
#2238 = PCURVE('',#2239,#2244);
#2239 = PLANE('',#2240);
#2240 = AXIS2_PLACEMENT_3D('',#2241,#2242,#2243);
#2241 = CARTESIAN_POINT('',(94.564059430675,0.,-255.7646056746));
#2242 = DIRECTION('',(1.,0.,-0.));
#2243 = DIRECTION('',(0.,0.,1.));
#2244 = DEFINITIONAL_REPRESENTATION('',(#2245),#2249);
#2245 = LINE('',#2246,#2247);
#2246 = CARTESIAN_POINT('',(0.,-2.2));
#2247 = VECTOR('',#2248,1.);
#2248 = DIRECTION('',(1.,0.));
#2249 = ( GEOMETRIC_REPRESENTATION_CONTEXT(2) 
PARAMETRIC_REPRESENTATION_CONTEXT() REPRESENTATION_CONTEXT('2D SPACE',''
  ) );
#2250 = ORIENTED_EDGE('',*,*,#2251,.T.);
#2251 = EDGE_CURVE('',#2222,#2252,#2254,.T.);
#2252 = VERTEX_POINT('',#2253);
#2253 = CARTESIAN_POINT('',(93.762007562678,2.2,-251.1745886429));
#2254 = SURFACE_CURVE('',#2255,(#2260,#2267),.PCURVE_S1.);
#2255 = HYPERBOLA('',#2256,3.030231490799,2.2);
#2256 = AXIS2_PLACEMENT_3D('',#2257,#2258,#2259);
#2257 = CARTESIAN_POINT('',(0.,2.2,-121.9933215731));
#2258 = DIRECTION('',(0.,1.,0.));
#2259 = DIRECTION('',(0.,0.,-1.));
#2260 = PCURVE('',#1740,#2261);
#2261 = DEFINITIONAL_REPRESENTATION('',(#2262),#2266);
#2262 = ( BOUNDED_CURVE() B_SPLINE_CURVE(2,(#2263,#2264,#2265),
.UNSPECIFIED.,.F.,.F.) B_SPLINE_CURVE_WITH_KNOTS((3,3),(-4.456531191269,
-4.445587164958),.PIECEWISE_BEZIER_KNOTS.) CURVE() 
GEOMETRIC_REPRESENTATION_ITEM() RATIONAL_B_SPLINE_CURVE((1.,
1.000014971501,1.)) REPRESENTATION_ITEM('') );
#2263 = CARTESIAN_POINT('',(3.168878432505,2.53));
#2264 = CARTESIAN_POINT('',(3.88333699634,2.011151161986));
#2265 = CARTESIAN_POINT('',(4.590017031646,1.497948132003));
#2266 = ( GEOMETRIC_REPRESENTATION_CONTEXT(2) 
PARAMETRIC_REPRESENTATION_CONTEXT() REPRESENTATION_CONTEXT('2D SPACE',''
  ) );
#2267 = PCURVE('',#2268,#2273);
#2268 = CONICAL_SURFACE('',#2269,93.787814038838,0.627974573779);
#2269 = AXIS2_PLACEMENT_3D('',#2270,#2271,#2272);
#2270 = CARTESIAN_POINT('',(0.,0.,-251.1745886429));
#2271 = DIRECTION('',(-0.,-0.,-1.));
#2272 = DIRECTION('',(1.,0.,0.));
#2273 = DEFINITIONAL_REPRESENTATION('',(#2274),#2281);
#2274 = B_SPLINE_CURVE_WITH_KNOTS('',5,(#2275,#2276,#2277,#2278,#2279,
    #2280),.UNSPECIFIED.,.F.,.F.,(6,6),(-4.456531191269,-4.445587164958)
  ,.PIECEWISE_BEZIER_KNOTS.);
#2275 = CARTESIAN_POINT('',(-2.320403991797E-02,1.421138599141));
#2276 = CARTESIAN_POINT('',(-2.325482448506E-02,1.135352321216));
#2277 = CARTESIAN_POINT('',(-2.330574796165E-02,0.850348166976));
#2278 = CARTESIAN_POINT('',(-2.335681085409E-02,0.566123283995));
#2279 = CARTESIAN_POINT('',(-2.340801367146E-02,0.28267483546));
#2280 = CARTESIAN_POINT('',(-2.345935692565E-02,0.));
#2281 = ( GEOMETRIC_REPRESENTATION_CONTEXT(2) 
PARAMETRIC_REPRESENTATION_CONTEXT() REPRESENTATION_CONTEXT('2D SPACE',''
  ) );
#2282 = ORIENTED_EDGE('',*,*,#2283,.T.);
#2283 = EDGE_CURVE('',#2252,#1692,#2284,.T.);
#2284 = SURFACE_CURVE('',#2285,(#2290,#2297),.PCURVE_S1.);
#2285 = HYPERBOLA('',#2286,3.083799440631,2.2);
#2286 = AXIS2_PLACEMENT_3D('',#2287,#2288,#2289);
#2287 = CARTESIAN_POINT('',(0.,2.2,-119.7096757016));
#2288 = DIRECTION('',(0.,1.,0.));
#2289 = DIRECTION('',(0.,0.,-1.));
#2290 = PCURVE('',#1740,#2291);
#2291 = DEFINITIONAL_REPRESENTATION('',(#2292),#2296);
#2292 = ( BOUNDED_CURVE() B_SPLINE_CURVE(2,(#2293,#2294,#2295),
.UNSPECIFIED.,.F.,.F.) B_SPLINE_CURVE_WITH_KNOTS((3,3),(-4.445587164958,
-4.43400067831),.PIECEWISE_BEZIER_KNOTS.) CURVE() 
GEOMETRIC_REPRESENTATION_ITEM() RATIONAL_B_SPLINE_CURVE((1.,
1.000016780881,1.)) REPRESENTATION_ITEM('') );
#2293 = CARTESIAN_POINT('',(4.590017031646,1.497948132003));
#2294 = CARTESIAN_POINT('',(5.351407180396,0.954618582783));
#2295 = CARTESIAN_POINT('',(6.104023974466,0.417546252248));
#2296 = ( GEOMETRIC_REPRESENTATION_CONTEXT(2) 
PARAMETRIC_REPRESENTATION_CONTEXT() REPRESENTATION_CONTEXT('2D SPACE',''
  ) );
#2297 = PCURVE('',#1708,#2298);
#2298 = DEFINITIONAL_REPRESENTATION('',(#2299),#2306);
#2299 = B_SPLINE_CURVE_WITH_KNOTS('',5,(#2300,#2301,#2302,#2303,#2304,
    #2305),.UNSPECIFIED.,.F.,.F.,(6,6),(-4.445587164958,-4.43400067831),
  .PIECEWISE_BEZIER_KNOTS.);
#2300 = CARTESIAN_POINT('',(-2.345935692565E-02,1.51400694282));
#2301 = CARTESIAN_POINT('',(-2.351371424464E-02,1.209447476191));
#2302 = CARTESIAN_POINT('',(-2.35682289729E-02,0.90577044592));
#2303 = CARTESIAN_POINT('',(-2.362290171785E-02,0.602972444832));
#2304 = CARTESIAN_POINT('',(-2.367773309046E-02,0.301050085497));
#2305 = CARTESIAN_POINT('',(-2.373272370521E-02,-2.555410971614E-14));
#2306 = ( GEOMETRIC_REPRESENTATION_CONTEXT(2) 
PARAMETRIC_REPRESENTATION_CONTEXT() REPRESENTATION_CONTEXT('2D SPACE',''
  ) );
#2307 = ORIENTED_EDGE('',*,*,#1720,.T.);
#2308 = ORIENTED_EDGE('',*,*,#1782,.T.);
#2309 = ORIENTED_EDGE('',*,*,#1857,.F.);
#2310 = ORIENTED_EDGE('',*,*,#2311,.F.);
#2311 = EDGE_CURVE('',#2312,#1858,#2314,.T.);
#2312 = VERTEX_POINT('',#2313);
#2313 = CARTESIAN_POINT('',(93.42120587501,2.2,-246.7165816158));
#2314 = SURFACE_CURVE('',#2315,(#2320,#2327),.PCURVE_S1.);
#2315 = HYPERBOLA('',#2316,3.530761986607,2.2);
#2316 = AXIS2_PLACEMENT_3D('',#2317,#2318,#2319);
#2317 = CARTESIAN_POINT('',(0.,2.2,-96.74408558233));
#2318 = DIRECTION('',(0.,1.,0.));
#2319 = DIRECTION('',(-0.,0.,-1.));
#2320 = PCURVE('',#1740,#2321);
#2321 = DEFINITIONAL_REPRESENTATION('',(#2322),#2326);
#2322 = ( BOUNDED_CURVE() B_SPLINE_CURVE(2,(#2323,#2324,#2325),
.UNSPECIFIED.,.F.,.F.) B_SPLINE_CURVE_WITH_KNOTS((3,3),(-4.441946796344,
-4.430879990542),.PIECEWISE_BEZIER_KNOTS.) CURVE() 
GEOMETRIC_REPRESENTATION_ITEM() RATIONAL_B_SPLINE_CURVE((1.,
1.000015309313,1.)) REPRESENTATION_ITEM('') );
#2323 = CARTESIAN_POINT('',(9.048024058755,1.157146444335));
#2324 = CARTESIAN_POINT('',(9.877643825597,0.640071231671));
#2325 = CARTESIAN_POINT('',(10.698130422692,0.128685256177));
#2326 = ( GEOMETRIC_REPRESENTATION_CONTEXT(2) 
PARAMETRIC_REPRESENTATION_CONTEXT() REPRESENTATION_CONTEXT('2D SPACE',''
  ) );
#2327 = PCURVE('',#1901,#2328);
#2328 = DEFINITIONAL_REPRESENTATION('',(#2329),#2336);
#2329 = B_SPLINE_CURVE_WITH_KNOTS('',5,(#2330,#2331,#2332,#2333,#2334,
    #2335),.UNSPECIFIED.,.F.,.F.,(6,6),(-4.441946796344,-4.430879990542)
  ,.PIECEWISE_BEZIER_KNOTS.);
#2330 = CARTESIAN_POINT('',(-2.354490537584E-02,-1.27566778143E-14));
#2331 = CARTESIAN_POINT('',(-2.359701394011E-02,-0.33185129363));
#2332 = CARTESIAN_POINT('',(-2.364926663326E-02,-0.662784199256));
#2333 = CARTESIAN_POINT('',(-2.370166398652E-02,-0.992802103814));
#2334 = CARTESIAN_POINT('',(-2.375420653409E-02,-1.321908375491));
#2335 = CARTESIAN_POINT('',(-2.380689481308E-02,-1.650106363937));
#2336 = ( GEOMETRIC_REPRESENTATION_CONTEXT(2) 
PARAMETRIC_REPRESENTATION_CONTEXT() REPRESENTATION_CONTEXT('2D SPACE',''
  ) );
#2337 = ORIENTED_EDGE('',*,*,#2338,.F.);
#2338 = EDGE_CURVE('',#2339,#2312,#2341,.T.);
#2339 = VERTEX_POINT('',#2340);
#2340 = CARTESIAN_POINT('',(94.454367806982,2.2,-248.347432125));
#2341 = SURFACE_CURVE('',#2342,(#2347,#2354),.PCURVE_S1.);
#2342 = HYPERBOLA('',#2343,3.473661630918,2.2);
#2343 = AXIS2_PLACEMENT_3D('',#2344,#2345,#2346);
#2344 = CARTESIAN_POINT('',(0.,2.2,-99.16947786297));
#2345 = DIRECTION('',(0.,1.,0.));
#2346 = DIRECTION('',(-0.,0.,-1.));
#2347 = PCURVE('',#1740,#2348);
#2348 = DEFINITIONAL_REPRESENTATION('',(#2349),#2353);
#2349 = ( BOUNDED_CURVE() B_SPLINE_CURVE(2,(#2350,#2351,#2352),
.UNSPECIFIED.,.F.,.F.) B_SPLINE_CURVE_WITH_KNOTS((3,3),(-4.452942255616,
-4.441946796344),.PIECEWISE_BEZIER_KNOTS.) CURVE() 
GEOMETRIC_REPRESENTATION_ITEM() RATIONAL_B_SPLINE_CURVE((1.,
1.000015112554,1.)) REPRESENTATION_ITEM('') );
#2350 = CARTESIAN_POINT('',(7.417173549613,2.190308376307));
#2351 = CARTESIAN_POINT('',(8.237082975887,1.670888194998));
#2352 = CARTESIAN_POINT('',(9.048024058755,1.157146444335));
#2353 = ( GEOMETRIC_REPRESENTATION_CONTEXT(2) 
PARAMETRIC_REPRESENTATION_CONTEXT() REPRESENTATION_CONTEXT('2D SPACE',''
  ) );
#2354 = PCURVE('',#2355,#2360);
#2355 = CONICAL_SURFACE('',#2356,94.479985170493,0.564572331912);
#2356 = AXIS2_PLACEMENT_3D('',#2357,#2358,#2359);
#2357 = CARTESIAN_POINT('',(0.,0.,-248.347432125));
#2358 = DIRECTION('',(-0.,-0.,-1.));
#2359 = DIRECTION('',(1.,0.,-0.));
#2360 = DEFINITIONAL_REPRESENTATION('',(#2361),#2368);
#2361 = B_SPLINE_CURVE_WITH_KNOTS('',5,(#2362,#2363,#2364,#2365,#2366,
    #2367),.UNSPECIFIED.,.F.,.F.,(6,6),(-4.452942255616,-4.441946796344)
  ,.PIECEWISE_BEZIER_KNOTS.);
#2362 = CARTESIAN_POINT('',(-2.328745981559E-02,8.01260578415E-14));
#2363 = CARTESIAN_POINT('',(-2.333866645021E-02,-0.327967074742));
#2364 = CARTESIAN_POINT('',(-2.339001380678E-02,-0.655032367821));
#2365 = CARTESIAN_POINT('',(-2.344150240065E-02,-0.981199183509));
#2366 = CARTESIAN_POINT('',(-2.349313275E-02,-1.306470807906));
#2367 = CARTESIAN_POINT('',(-2.354490537584E-02,-1.630850509142));
#2368 = ( GEOMETRIC_REPRESENTATION_CONTEXT(2) 
PARAMETRIC_REPRESENTATION_CONTEXT() REPRESENTATION_CONTEXT('2D SPACE',''
  ) );
#2369 = ORIENTED_EDGE('',*,*,#2370,.F.);
#2370 = EDGE_CURVE('',#2224,#2339,#2371,.T.);
#2371 = SURFACE_CURVE('',#2372,(#2377,#2384),.PCURVE_S1.);
#2372 = HYPERBOLA('',#2373,3.41733296336,2.2);
#2373 = AXIS2_PLACEMENT_3D('',#2374,#2375,#2376);
#2374 = CARTESIAN_POINT('',(0.,2.2,-101.5885377155));
#2375 = DIRECTION('',(0.,1.,0.));
#2376 = DIRECTION('',(-0.,0.,-1.));
#2377 = PCURVE('',#1740,#2378);
#2378 = DEFINITIONAL_REPRESENTATION('',(#2379),#2383);
#2379 = ( BOUNDED_CURVE() B_SPLINE_CURVE(2,(#2380,#2381,#2382),
.UNSPECIFIED.,.F.,.F.) B_SPLINE_CURVE_WITH_KNOTS((3,3),(-4.456531191269,
-4.452942255616),.PIECEWISE_BEZIER_KNOTS.) CURVE() 
GEOMETRIC_REPRESENTATION_ITEM() RATIONAL_B_SPLINE_CURVE((1.,
1.000001610058,1.)) REPRESENTATION_ITEM('') );
#2380 = CARTESIAN_POINT('',(6.889661840642,2.53));
#2381 = CARTESIAN_POINT('',(7.153891123923,2.359849487979));
#2382 = CARTESIAN_POINT('',(7.417173549613,2.190308376307));
#2383 = ( GEOMETRIC_REPRESENTATION_CONTEXT(2) 
PARAMETRIC_REPRESENTATION_CONTEXT() REPRESENTATION_CONTEXT('2D SPACE',''
  ) );
#2384 = PCURVE('',#2385,#2390);
#2385 = CONICAL_SURFACE('',#2386,95.517530125875,0.571988006034);
#2386 = AXIS2_PLACEMENT_3D('',#2387,#2388,#2389);
#2387 = CARTESIAN_POINT('',(0.,0.,-249.9590851145));
#2388 = DIRECTION('',(-0.,-0.,-1.));
#2389 = DIRECTION('',(1.,0.,-0.));
#2390 = DEFINITIONAL_REPRESENTATION('',(#2391),#2398);
#2391 = B_SPLINE_CURVE_WITH_KNOTS('',5,(#2392,#2393,#2394,#2395,#2396,
    #2397),.UNSPECIFIED.,.F.,.F.,(6,6),(-4.456531191269,-4.452942255616)
  ,.PIECEWISE_BEZIER_KNOTS.);
#2392 = CARTESIAN_POINT('',(-2.320403991797E-02,-1.084141280572));
#2393 = CARTESIAN_POINT('',(-2.322069398461E-02,-1.18983310733));
#2394 = CARTESIAN_POINT('',(-2.323736298982E-02,-1.295430078261));
#2395 = CARTESIAN_POINT('',(-2.325404695145E-02,-1.400932306811));
#2396 = CARTESIAN_POINT('',(-2.327074588741E-02,-1.506339906226));
#2397 = CARTESIAN_POINT('',(-2.328745981559E-02,-1.611652989543));
#2398 = ( GEOMETRIC_REPRESENTATION_CONTEXT(2) 
PARAMETRIC_REPRESENTATION_CONTEXT() REPRESENTATION_CONTEXT('2D SPACE',''
  ) );
#2399 = ADVANCED_FACE('',(#2400),#1708,.F.);
#2400 = FACE_BOUND('',#2401,.T.);
#2401 = EDGE_LOOP('',(#2402,#2403,#2404,#2426));
#2402 = ORIENTED_EDGE('',*,*,#2283,.T.);
#2403 = ORIENTED_EDGE('',*,*,#1691,.T.);
#2404 = ORIENTED_EDGE('',*,*,#2405,.T.);
#2405 = EDGE_CURVE('',#1665,#2406,#2408,.T.);
#2406 = VERTEX_POINT('',#2407);
#2407 = CARTESIAN_POINT('',(5.742847313085E-15,93.787814038838,
    -251.1745886429));
#2408 = SURFACE_CURVE('',#2409,(#2413,#2419),.PCURVE_S1.);
#2409 = LINE('',#2410,#2411);
#2410 = CARTESIAN_POINT('',(0.,0.,-119.7096757016));
#2411 = VECTOR('',#2412,1.);
#2412 = DIRECTION('',(-0.,0.580763707953,-0.814072180783));
#2413 = PCURVE('',#1708,#2414);
#2414 = DEFINITIONAL_REPRESENTATION('',(#2415),#2418);
#2415 = B_SPLINE_CURVE_WITH_KNOTS('',1,(#2416,#2417),.UNSPECIFIED.,.F.,
  .F.,(2,2),(159.63069254315,161.49048701661),.PIECEWISE_BEZIER_KNOTS.);
#2416 = CARTESIAN_POINT('',(-1.570796326795,0.));
#2417 = CARTESIAN_POINT('',(-1.570796326795,1.51400694282));
#2418 = ( GEOMETRIC_REPRESENTATION_CONTEXT(2) 
PARAMETRIC_REPRESENTATION_CONTEXT() REPRESENTATION_CONTEXT('2D SPACE',''
  ) );
#2419 = PCURVE('',#1679,#2420);
#2420 = DEFINITIONAL_REPRESENTATION('',(#2421),#2425);
#2421 = LINE('',#2422,#2423);
#2422 = CARTESIAN_POINT('',(136.054929973,92.414059430675));
#2423 = VECTOR('',#2424,1.);
#2424 = DIRECTION('',(-0.814072180783,-0.580763707953));
#2425 = ( GEOMETRIC_REPRESENTATION_CONTEXT(2) 
PARAMETRIC_REPRESENTATION_CONTEXT() REPRESENTATION_CONTEXT('2D SPACE',''
  ) );
#2426 = ORIENTED_EDGE('',*,*,#2427,.F.);
#2427 = EDGE_CURVE('',#2252,#2406,#2428,.T.);
#2428 = SURFACE_CURVE('',#2429,(#2434,#2441),.PCURVE_S1.);
#2429 = CIRCLE('',#2430,93.787814038838);
#2430 = AXIS2_PLACEMENT_3D('',#2431,#2432,#2433);
#2431 = CARTESIAN_POINT('',(0.,0.,-251.1745886429));
#2432 = DIRECTION('',(0.,0.,1.));
#2433 = DIRECTION('',(1.,0.,-0.));
#2434 = PCURVE('',#1708,#2435);
#2435 = DEFINITIONAL_REPRESENTATION('',(#2436),#2440);
#2436 = LINE('',#2437,#2438);
#2437 = CARTESIAN_POINT('',(-0.,1.51400694282));
#2438 = VECTOR('',#2439,1.);
#2439 = DIRECTION('',(-1.,0.));
#2440 = ( GEOMETRIC_REPRESENTATION_CONTEXT(2) 
PARAMETRIC_REPRESENTATION_CONTEXT() REPRESENTATION_CONTEXT('2D SPACE',''
  ) );
#2441 = PCURVE('',#2268,#2442);
#2442 = DEFINITIONAL_REPRESENTATION('',(#2443),#2447);
#2443 = LINE('',#2444,#2445);
#2444 = CARTESIAN_POINT('',(-0.,0.));
#2445 = VECTOR('',#2446,1.);
#2446 = DIRECTION('',(-1.,0.));
#2447 = ( GEOMETRIC_REPRESENTATION_CONTEXT(2) 
PARAMETRIC_REPRESENTATION_CONTEXT() REPRESENTATION_CONTEXT('2D SPACE',''
  ) );
#2448 = ADVANCED_FACE('',(#2449),#1679,.T.);
#2449 = FACE_BOUND('',#2450,.T.);
#2450 = EDGE_LOOP('',(#2451,#2452,#2475,#2503,#2523,#2524));
#2451 = ORIENTED_EDGE('',*,*,#2197,.F.);
#2452 = ORIENTED_EDGE('',*,*,#2453,.T.);
#2453 = EDGE_CURVE('',#2092,#2454,#2456,.T.);
#2454 = VERTEX_POINT('',#2455);
#2455 = CARTESIAN_POINT('',(0.,94.414059430675,-255.7646056746));
#2456 = SURFACE_CURVE('',#2457,(#2461,#2468),.PCURVE_S1.);
#2457 = LINE('',#2458,#2459);
#2458 = CARTESIAN_POINT('',(0.,92.414059430675,-255.7646056746));
#2459 = VECTOR('',#2460,1.);
#2460 = DIRECTION('',(-0.,1.,0.));
#2461 = PCURVE('',#1679,#2462);
#2462 = DEFINITIONAL_REPRESENTATION('',(#2463),#2467);
#2463 = LINE('',#2464,#2465);
#2464 = CARTESIAN_POINT('',(0.,0.));
#2465 = VECTOR('',#2466,1.);
#2466 = DIRECTION('',(0.,-1.));
#2467 = ( GEOMETRIC_REPRESENTATION_CONTEXT(2) 
PARAMETRIC_REPRESENTATION_CONTEXT() REPRESENTATION_CONTEXT('2D SPACE',''
  ) );
#2468 = PCURVE('',#2107,#2469);
#2469 = DEFINITIONAL_REPRESENTATION('',(#2470),#2474);
#2470 = LINE('',#2471,#2472);
#2471 = CARTESIAN_POINT('',(2.,0.));
#2472 = VECTOR('',#2473,1.);
#2473 = DIRECTION('',(0.,1.));
#2474 = ( GEOMETRIC_REPRESENTATION_CONTEXT(2) 
PARAMETRIC_REPRESENTATION_CONTEXT() REPRESENTATION_CONTEXT('2D SPACE',''
  ) );
#2475 = ORIENTED_EDGE('',*,*,#2476,.T.);
#2476 = EDGE_CURVE('',#2454,#2477,#2479,.T.);
#2477 = VERTEX_POINT('',#2478);
#2478 = CARTESIAN_POINT('',(0.,94.414059430675,-252.0371652372));
#2479 = SURFACE_CURVE('',#2480,(#2484,#2491),.PCURVE_S1.);
#2480 = LINE('',#2481,#2482);
#2481 = CARTESIAN_POINT('',(0.,94.414059430675,-255.7646056746));
#2482 = VECTOR('',#2483,1.);
#2483 = DIRECTION('',(0.,0.,1.));
#2484 = PCURVE('',#1679,#2485);
#2485 = DEFINITIONAL_REPRESENTATION('',(#2486),#2490);
#2486 = LINE('',#2487,#2488);
#2487 = CARTESIAN_POINT('',(0.,-2.));
#2488 = VECTOR('',#2489,1.);
#2489 = DIRECTION('',(1.,0.));
#2490 = ( GEOMETRIC_REPRESENTATION_CONTEXT(2) 
PARAMETRIC_REPRESENTATION_CONTEXT() REPRESENTATION_CONTEXT('2D SPACE',''
  ) );
#2491 = PCURVE('',#2492,#2497);
#2492 = PLANE('',#2493);
#2493 = AXIS2_PLACEMENT_3D('',#2494,#2495,#2496);
#2494 = CARTESIAN_POINT('',(-2.,94.414059430675,-255.7646056746));
#2495 = DIRECTION('',(-0.,1.,0.));
#2496 = DIRECTION('',(0.,0.,1.));
#2497 = DEFINITIONAL_REPRESENTATION('',(#2498),#2502);
#2498 = LINE('',#2499,#2500);
#2499 = CARTESIAN_POINT('',(0.,2.));
#2500 = VECTOR('',#2501,1.);
#2501 = DIRECTION('',(1.,0.));
#2502 = ( GEOMETRIC_REPRESENTATION_CONTEXT(2) 
PARAMETRIC_REPRESENTATION_CONTEXT() REPRESENTATION_CONTEXT('2D SPACE',''
  ) );
#2503 = ORIENTED_EDGE('',*,*,#2504,.F.);
#2504 = EDGE_CURVE('',#2406,#2477,#2505,.T.);
#2505 = SURFACE_CURVE('',#2506,(#2510,#2517),.PCURVE_S1.);
#2506 = LINE('',#2507,#2508);
#2507 = CARTESIAN_POINT('',(0.,0.,-121.9933215731));
#2508 = VECTOR('',#2509,1.);
#2509 = DIRECTION('',(-0.,0.58750695052,-0.809219119331));
#2510 = PCURVE('',#1679,#2511);
#2511 = DEFINITIONAL_REPRESENTATION('',(#2512),#2516);
#2512 = LINE('',#2513,#2514);
#2513 = CARTESIAN_POINT('',(133.77128410148,92.414059430675));
#2514 = VECTOR('',#2515,1.);
#2515 = DIRECTION('',(-0.809219119331,-0.58750695052));
#2516 = ( GEOMETRIC_REPRESENTATION_CONTEXT(2) 
PARAMETRIC_REPRESENTATION_CONTEXT() REPRESENTATION_CONTEXT('2D SPACE',''
  ) );
#2517 = PCURVE('',#2268,#2518);
#2518 = DEFINITIONAL_REPRESENTATION('',(#2519),#2522);
#2519 = B_SPLINE_CURVE_WITH_KNOTS('',1,(#2520,#2521),.UNSPECIFIED.,.F.,
  .F.,(2,2),(159.6369437942,161.48416755268),.PIECEWISE_BEZIER_KNOTS.);
#2520 = CARTESIAN_POINT('',(-1.570796326795,-4.599878135031E-14));
#2521 = CARTESIAN_POINT('',(-1.570796326795,1.494808783046));
#2522 = ( GEOMETRIC_REPRESENTATION_CONTEXT(2) 
PARAMETRIC_REPRESENTATION_CONTEXT() REPRESENTATION_CONTEXT('2D SPACE',''
  ) );
#2523 = ORIENTED_EDGE('',*,*,#2405,.F.);
#2524 = ORIENTED_EDGE('',*,*,#1664,.F.);
#2525 = ADVANCED_FACE('',(#2526),#1926,.T.);
#2526 = FACE_BOUND('',#2527,.T.);
#2527 = EDGE_LOOP('',(#2528,#2529,#2530,#2552,#2574,#2597));
#2528 = ORIENTED_EDGE('',*,*,#2175,.F.);
#2529 = ORIENTED_EDGE('',*,*,#1913,.T.);
#2530 = ORIENTED_EDGE('',*,*,#2531,.T.);
#2531 = EDGE_CURVE('',#1885,#2532,#2534,.T.);
#2532 = VERTEX_POINT('',#2533);
#2533 = CARTESIAN_POINT('',(5.721984991248E-15,93.447106467461,
    -246.7165816158));
#2534 = SURFACE_CURVE('',#2535,(#2539,#2546),.PCURVE_S1.);
#2535 = LINE('',#2536,#2537);
#2536 = CARTESIAN_POINT('',(0.,0.,-96.74408558233));
#2537 = VECTOR('',#2538,1.);
#2538 = DIRECTION('',(-0.,0.528835760859,-0.848724182545));
#2539 = PCURVE('',#1926,#2540);
#2540 = DEFINITIONAL_REPRESENTATION('',(#2541),#2545);
#2541 = LINE('',#2542,#2543);
#2542 = CARTESIAN_POINT('',(159.02052009228,92.414059430675));
#2543 = VECTOR('',#2544,1.);
#2544 = DIRECTION('',(-0.848724182545,-0.528835760859));
#2545 = ( GEOMETRIC_REPRESENTATION_CONTEXT(2) 
PARAMETRIC_REPRESENTATION_CONTEXT() REPRESENTATION_CONTEXT('2D SPACE',''
  ) );
#2546 = PCURVE('',#1901,#2547);
#2547 = DEFINITIONAL_REPRESENTATION('',(#2548),#2551);
#2548 = B_SPLINE_CURVE_WITH_KNOTS('',1,(#2549,#2550),.UNSPECIFIED.,.F.,
  .F.,(2,2),(174.75923594496,176.70345574908),.PIECEWISE_BEZIER_KNOTS.);
#2549 = CARTESIAN_POINT('',(-1.570796326795,-1.650106363937));
#2550 = CARTESIAN_POINT('',(-1.570796326795,0.));
#2551 = ( GEOMETRIC_REPRESENTATION_CONTEXT(2) 
PARAMETRIC_REPRESENTATION_CONTEXT() REPRESENTATION_CONTEXT('2D SPACE',''
  ) );
#2552 = ORIENTED_EDGE('',*,*,#2553,.T.);
#2553 = EDGE_CURVE('',#2532,#2554,#2556,.T.);
#2554 = VERTEX_POINT('',#2555);
#2555 = CARTESIAN_POINT('',(0.,94.414059430675,-248.2433395282));
#2556 = SURFACE_CURVE('',#2557,(#2561,#2568),.PCURVE_S1.);
#2557 = LINE('',#2558,#2559);
#2558 = CARTESIAN_POINT('',(0.,0.,-99.16947786297));
#2559 = VECTOR('',#2560,1.);
#2560 = DIRECTION('',(-0.,0.535054563467,-0.844817503437));
#2561 = PCURVE('',#1926,#2562);
#2562 = DEFINITIONAL_REPRESENTATION('',(#2563),#2567);
#2563 = LINE('',#2564,#2565);
#2564 = CARTESIAN_POINT('',(156.59512781164,92.414059430675));
#2565 = VECTOR('',#2566,1.);
#2566 = DIRECTION('',(-0.844817503437,-0.535054563467));
#2567 = ( GEOMETRIC_REPRESENTATION_CONTEXT(2) 
PARAMETRIC_REPRESENTATION_CONTEXT() REPRESENTATION_CONTEXT('2D SPACE',''
  ) );
#2568 = PCURVE('',#2355,#2569);
#2569 = DEFINITIONAL_REPRESENTATION('',(#2570),#2573);
#2570 = B_SPLINE_CURVE_WITH_KNOTS('',1,(#2571,#2572),.UNSPECIFIED.,.F.,
  .F.,(2,2),(174.64967659004,176.58009410922),.PIECEWISE_BEZIER_KNOTS.);
#2571 = CARTESIAN_POINT('',(-1.570796326795,-1.630850509142));
#2572 = CARTESIAN_POINT('',(-1.570796326795,-2.401115760441E-14));
#2573 = ( GEOMETRIC_REPRESENTATION_CONTEXT(2) 
PARAMETRIC_REPRESENTATION_CONTEXT() REPRESENTATION_CONTEXT('2D SPACE',''
  ) );
#2574 = ORIENTED_EDGE('',*,*,#2575,.T.);
#2575 = EDGE_CURVE('',#2554,#2576,#2578,.T.);
#2576 = VERTEX_POINT('',#2577);
#2577 = CARTESIAN_POINT('',(0.,94.414059430675,-241.7646056746));
#2578 = SURFACE_CURVE('',#2579,(#2583,#2590),.PCURVE_S1.);
#2579 = LINE('',#2580,#2581);
#2580 = CARTESIAN_POINT('',(0.,94.414059430675,-255.7646056746));
#2581 = VECTOR('',#2582,1.);
#2582 = DIRECTION('',(0.,0.,1.));
#2583 = PCURVE('',#1926,#2584);
#2584 = DEFINITIONAL_REPRESENTATION('',(#2585),#2589);
#2585 = LINE('',#2586,#2587);
#2586 = CARTESIAN_POINT('',(0.,-2.));
#2587 = VECTOR('',#2588,1.);
#2588 = DIRECTION('',(1.,0.));
#2589 = ( GEOMETRIC_REPRESENTATION_CONTEXT(2) 
PARAMETRIC_REPRESENTATION_CONTEXT() REPRESENTATION_CONTEXT('2D SPACE',''
  ) );
#2590 = PCURVE('',#2492,#2591);
#2591 = DEFINITIONAL_REPRESENTATION('',(#2592),#2596);
#2592 = LINE('',#2593,#2594);
#2593 = CARTESIAN_POINT('',(0.,2.));
#2594 = VECTOR('',#2595,1.);
#2595 = DIRECTION('',(1.,0.));
#2596 = ( GEOMETRIC_REPRESENTATION_CONTEXT(2) 
PARAMETRIC_REPRESENTATION_CONTEXT() REPRESENTATION_CONTEXT('2D SPACE',''
  ) );
#2597 = ORIENTED_EDGE('',*,*,#2598,.F.);
#2598 = EDGE_CURVE('',#2148,#2576,#2599,.T.);
#2599 = SURFACE_CURVE('',#2600,(#2604,#2611),.PCURVE_S1.);
#2600 = LINE('',#2601,#2602);
#2601 = CARTESIAN_POINT('',(0.,92.414059430675,-241.7646056746));
#2602 = VECTOR('',#2603,1.);
#2603 = DIRECTION('',(-0.,1.,0.));
#2604 = PCURVE('',#1926,#2605);
#2605 = DEFINITIONAL_REPRESENTATION('',(#2606),#2610);
#2606 = LINE('',#2607,#2608);
#2607 = CARTESIAN_POINT('',(14.,0.));
#2608 = VECTOR('',#2609,1.);
#2609 = DIRECTION('',(0.,-1.));
#2610 = ( GEOMETRIC_REPRESENTATION_CONTEXT(2) 
PARAMETRIC_REPRESENTATION_CONTEXT() REPRESENTATION_CONTEXT('2D SPACE',''
  ) );
#2611 = PCURVE('',#2163,#2612);
#2612 = DEFINITIONAL_REPRESENTATION('',(#2613),#2617);
#2613 = LINE('',#2614,#2615);
#2614 = CARTESIAN_POINT('',(2.,0.));
#2615 = VECTOR('',#2616,1.);
#2616 = DIRECTION('',(0.,1.));
#2617 = ( GEOMETRIC_REPRESENTATION_CONTEXT(2) 
PARAMETRIC_REPRESENTATION_CONTEXT() REPRESENTATION_CONTEXT('2D SPACE',''
  ) );
#2618 = ADVANCED_FACE('',(#2619),#1901,.T.);
#2619 = FACE_BOUND('',#2620,.T.);
#2620 = EDGE_LOOP('',(#2621,#2622,#2644,#2645));
#2621 = ORIENTED_EDGE('',*,*,#2311,.F.);
#2622 = ORIENTED_EDGE('',*,*,#2623,.T.);
#2623 = EDGE_CURVE('',#2312,#2532,#2624,.T.);
#2624 = SURFACE_CURVE('',#2625,(#2630,#2637),.PCURVE_S1.);
#2625 = CIRCLE('',#2626,93.447106467461);
#2626 = AXIS2_PLACEMENT_3D('',#2627,#2628,#2629);
#2627 = CARTESIAN_POINT('',(0.,0.,-246.7165816158));
#2628 = DIRECTION('',(0.,0.,1.));
#2629 = DIRECTION('',(1.,0.,-0.));
#2630 = PCURVE('',#1901,#2631);
#2631 = DEFINITIONAL_REPRESENTATION('',(#2632),#2636);
#2632 = LINE('',#2633,#2634);
#2633 = CARTESIAN_POINT('',(-0.,-0.));
#2634 = VECTOR('',#2635,1.);
#2635 = DIRECTION('',(-1.,-0.));
#2636 = ( GEOMETRIC_REPRESENTATION_CONTEXT(2) 
PARAMETRIC_REPRESENTATION_CONTEXT() REPRESENTATION_CONTEXT('2D SPACE',''
  ) );
#2637 = PCURVE('',#2355,#2638);
#2638 = DEFINITIONAL_REPRESENTATION('',(#2639),#2643);
#2639 = LINE('',#2640,#2641);
#2640 = CARTESIAN_POINT('',(-0.,-1.630850509142));
#2641 = VECTOR('',#2642,1.);
#2642 = DIRECTION('',(-1.,-0.));
#2643 = ( GEOMETRIC_REPRESENTATION_CONTEXT(2) 
PARAMETRIC_REPRESENTATION_CONTEXT() REPRESENTATION_CONTEXT('2D SPACE',''
  ) );
#2644 = ORIENTED_EDGE('',*,*,#2531,.F.);
#2645 = ORIENTED_EDGE('',*,*,#1884,.F.);
#2646 = ADVANCED_FACE('',(#2647),#2107,.F.);
#2647 = FACE_BOUND('',#2648,.F.);
#2648 = EDGE_LOOP('',(#2649,#2672,#2673,#2674));
#2649 = ORIENTED_EDGE('',*,*,#2650,.F.);
#2650 = EDGE_CURVE('',#2090,#2651,#2653,.T.);
#2651 = VERTEX_POINT('',#2652);
#2652 = CARTESIAN_POINT('',(-2.,94.414059430675,-255.7646056746));
#2653 = SURFACE_CURVE('',#2654,(#2658,#2665),.PCURVE_S1.);
#2654 = LINE('',#2655,#2656);
#2655 = CARTESIAN_POINT('',(-2.,92.414059430675,-255.7646056746));
#2656 = VECTOR('',#2657,1.);
#2657 = DIRECTION('',(-0.,1.,0.));
#2658 = PCURVE('',#2107,#2659);
#2659 = DEFINITIONAL_REPRESENTATION('',(#2660),#2664);
#2660 = LINE('',#2661,#2662);
#2661 = CARTESIAN_POINT('',(0.,0.));
#2662 = VECTOR('',#2663,1.);
#2663 = DIRECTION('',(0.,1.));
#2664 = ( GEOMETRIC_REPRESENTATION_CONTEXT(2) 
PARAMETRIC_REPRESENTATION_CONTEXT() REPRESENTATION_CONTEXT('2D SPACE',''
  ) );
#2665 = PCURVE('',#2135,#2666);
#2666 = DEFINITIONAL_REPRESENTATION('',(#2667),#2671);
#2667 = LINE('',#2668,#2669);
#2668 = CARTESIAN_POINT('',(0.,0.));
#2669 = VECTOR('',#2670,1.);
#2670 = DIRECTION('',(0.,-1.));
#2671 = ( GEOMETRIC_REPRESENTATION_CONTEXT(2) 
PARAMETRIC_REPRESENTATION_CONTEXT() REPRESENTATION_CONTEXT('2D SPACE',''
  ) );
#2672 = ORIENTED_EDGE('',*,*,#2089,.T.);
#2673 = ORIENTED_EDGE('',*,*,#2453,.T.);
#2674 = ORIENTED_EDGE('',*,*,#2675,.F.);
#2675 = EDGE_CURVE('',#2651,#2454,#2676,.T.);
#2676 = SURFACE_CURVE('',#2677,(#2681,#2688),.PCURVE_S1.);
#2677 = LINE('',#2678,#2679);
#2678 = CARTESIAN_POINT('',(-2.,94.414059430675,-255.7646056746));
#2679 = VECTOR('',#2680,1.);
#2680 = DIRECTION('',(1.,0.,-0.));
#2681 = PCURVE('',#2107,#2682);
#2682 = DEFINITIONAL_REPRESENTATION('',(#2683),#2687);
#2683 = LINE('',#2684,#2685);
#2684 = CARTESIAN_POINT('',(0.,2.));
#2685 = VECTOR('',#2686,1.);
#2686 = DIRECTION('',(1.,0.));
#2687 = ( GEOMETRIC_REPRESENTATION_CONTEXT(2) 
PARAMETRIC_REPRESENTATION_CONTEXT() REPRESENTATION_CONTEXT('2D SPACE',''
  ) );
#2688 = PCURVE('',#2492,#2689);
#2689 = DEFINITIONAL_REPRESENTATION('',(#2690),#2694);
#2690 = LINE('',#2691,#2692);
#2691 = CARTESIAN_POINT('',(0.,0.));
#2692 = VECTOR('',#2693,1.);
#2693 = DIRECTION('',(0.,1.));
#2694 = ( GEOMETRIC_REPRESENTATION_CONTEXT(2) 
PARAMETRIC_REPRESENTATION_CONTEXT() REPRESENTATION_CONTEXT('2D SPACE',''
  ) );
#2695 = ADVANCED_FACE('',(#2696),#2163,.T.);
#2696 = FACE_BOUND('',#2697,.T.);
#2697 = EDGE_LOOP('',(#2698,#2721,#2722,#2723));
#2698 = ORIENTED_EDGE('',*,*,#2699,.F.);
#2699 = EDGE_CURVE('',#2120,#2700,#2702,.T.);
#2700 = VERTEX_POINT('',#2701);
#2701 = CARTESIAN_POINT('',(-2.,94.414059430675,-241.7646056746));
#2702 = SURFACE_CURVE('',#2703,(#2707,#2714),.PCURVE_S1.);
#2703 = LINE('',#2704,#2705);
#2704 = CARTESIAN_POINT('',(-2.,92.414059430675,-241.7646056746));
#2705 = VECTOR('',#2706,1.);
#2706 = DIRECTION('',(-0.,1.,0.));
#2707 = PCURVE('',#2163,#2708);
#2708 = DEFINITIONAL_REPRESENTATION('',(#2709),#2713);
#2709 = LINE('',#2710,#2711);
#2710 = CARTESIAN_POINT('',(0.,0.));
#2711 = VECTOR('',#2712,1.);
#2712 = DIRECTION('',(0.,1.));
#2713 = ( GEOMETRIC_REPRESENTATION_CONTEXT(2) 
PARAMETRIC_REPRESENTATION_CONTEXT() REPRESENTATION_CONTEXT('2D SPACE',''
  ) );
#2714 = PCURVE('',#2135,#2715);
#2715 = DEFINITIONAL_REPRESENTATION('',(#2716),#2720);
#2716 = LINE('',#2717,#2718);
#2717 = CARTESIAN_POINT('',(14.,0.));
#2718 = VECTOR('',#2719,1.);
#2719 = DIRECTION('',(0.,-1.));
#2720 = ( GEOMETRIC_REPRESENTATION_CONTEXT(2) 
PARAMETRIC_REPRESENTATION_CONTEXT() REPRESENTATION_CONTEXT('2D SPACE',''
  ) );
#2721 = ORIENTED_EDGE('',*,*,#2147,.T.);
#2722 = ORIENTED_EDGE('',*,*,#2598,.T.);
#2723 = ORIENTED_EDGE('',*,*,#2724,.F.);
#2724 = EDGE_CURVE('',#2700,#2576,#2725,.T.);
#2725 = SURFACE_CURVE('',#2726,(#2730,#2737),.PCURVE_S1.);
#2726 = LINE('',#2727,#2728);
#2727 = CARTESIAN_POINT('',(-2.,94.414059430675,-241.7646056746));
#2728 = VECTOR('',#2729,1.);
#2729 = DIRECTION('',(1.,0.,-0.));
#2730 = PCURVE('',#2163,#2731);
#2731 = DEFINITIONAL_REPRESENTATION('',(#2732),#2736);
#2732 = LINE('',#2733,#2734);
#2733 = CARTESIAN_POINT('',(0.,2.));
#2734 = VECTOR('',#2735,1.);
#2735 = DIRECTION('',(1.,0.));
#2736 = ( GEOMETRIC_REPRESENTATION_CONTEXT(2) 
PARAMETRIC_REPRESENTATION_CONTEXT() REPRESENTATION_CONTEXT('2D SPACE',''
  ) );
#2737 = PCURVE('',#2492,#2738);
#2738 = DEFINITIONAL_REPRESENTATION('',(#2739),#2743);
#2739 = LINE('',#2740,#2741);
#2740 = CARTESIAN_POINT('',(14.,0.));
#2741 = VECTOR('',#2742,1.);
#2742 = DIRECTION('',(0.,1.));
#2743 = ( GEOMETRIC_REPRESENTATION_CONTEXT(2) 
PARAMETRIC_REPRESENTATION_CONTEXT() REPRESENTATION_CONTEXT('2D SPACE',''
  ) );
#2744 = ADVANCED_FACE('',(#2745),#2135,.F.);
#2745 = FACE_BOUND('',#2746,.F.);
#2746 = EDGE_LOOP('',(#2747,#2748,#2749,#2770));
#2747 = ORIENTED_EDGE('',*,*,#2119,.F.);
#2748 = ORIENTED_EDGE('',*,*,#2650,.T.);
#2749 = ORIENTED_EDGE('',*,*,#2750,.T.);
#2750 = EDGE_CURVE('',#2651,#2700,#2751,.T.);
#2751 = SURFACE_CURVE('',#2752,(#2756,#2763),.PCURVE_S1.);
#2752 = LINE('',#2753,#2754);
#2753 = CARTESIAN_POINT('',(-2.,94.414059430675,-255.7646056746));
#2754 = VECTOR('',#2755,1.);
#2755 = DIRECTION('',(0.,0.,1.));
#2756 = PCURVE('',#2135,#2757);
#2757 = DEFINITIONAL_REPRESENTATION('',(#2758),#2762);
#2758 = LINE('',#2759,#2760);
#2759 = CARTESIAN_POINT('',(0.,-2.));
#2760 = VECTOR('',#2761,1.);
#2761 = DIRECTION('',(1.,0.));
#2762 = ( GEOMETRIC_REPRESENTATION_CONTEXT(2) 
PARAMETRIC_REPRESENTATION_CONTEXT() REPRESENTATION_CONTEXT('2D SPACE',''
  ) );
#2763 = PCURVE('',#2492,#2764);
#2764 = DEFINITIONAL_REPRESENTATION('',(#2765),#2769);
#2765 = LINE('',#2766,#2767);
#2766 = CARTESIAN_POINT('',(0.,0.));
#2767 = VECTOR('',#2768,1.);
#2768 = DIRECTION('',(1.,0.));
#2769 = ( GEOMETRIC_REPRESENTATION_CONTEXT(2) 
PARAMETRIC_REPRESENTATION_CONTEXT() REPRESENTATION_CONTEXT('2D SPACE',''
  ) );
#2770 = ORIENTED_EDGE('',*,*,#2699,.F.);
#2771 = ADVANCED_FACE('',(#2772),#2239,.F.);
#2772 = FACE_BOUND('',#2773,.F.);
#2773 = EDGE_LOOP('',(#2774,#2804,#2829,#2830));
#2774 = ORIENTED_EDGE('',*,*,#2775,.F.);
#2775 = EDGE_CURVE('',#2776,#2778,#2780,.T.);
#2776 = VERTEX_POINT('',#2777);
#2777 = CARTESIAN_POINT('',(94.564059430675,0.,-252.2437719297));
#2778 = VERTEX_POINT('',#2779);
#2779 = CARTESIAN_POINT('',(94.564059430675,0.,-248.4780274616));
#2780 = SURFACE_CURVE('',#2781,(#2785,#2792),.PCURVE_S1.);
#2781 = LINE('',#2782,#2783);
#2782 = CARTESIAN_POINT('',(94.564059430675,0.,-255.7646056746));
#2783 = VECTOR('',#2784,1.);
#2784 = DIRECTION('',(0.,0.,1.));
#2785 = PCURVE('',#2239,#2786);
#2786 = DEFINITIONAL_REPRESENTATION('',(#2787),#2791);
#2787 = LINE('',#2788,#2789);
#2788 = CARTESIAN_POINT('',(0.,0.));
#2789 = VECTOR('',#2790,1.);
#2790 = DIRECTION('',(1.,0.));
#2791 = ( GEOMETRIC_REPRESENTATION_CONTEXT(2) 
PARAMETRIC_REPRESENTATION_CONTEXT() REPRESENTATION_CONTEXT('2D SPACE',''
  ) );
#2792 = PCURVE('',#2793,#2798);
#2793 = PLANE('',#2794);
#2794 = AXIS2_PLACEMENT_3D('',#2795,#2796,#2797);
#2795 = CARTESIAN_POINT('',(-1.E+03,0.,-1.E+03));
#2796 = DIRECTION('',(-0.,1.,0.));
#2797 = DIRECTION('',(0.,0.,1.));
#2798 = DEFINITIONAL_REPRESENTATION('',(#2799),#2803);
#2799 = LINE('',#2800,#2801);
#2800 = CARTESIAN_POINT('',(744.23539432538,1.094564059431E+03));
#2801 = VECTOR('',#2802,1.);
#2802 = DIRECTION('',(1.,0.));
#2803 = ( GEOMETRIC_REPRESENTATION_CONTEXT(2) 
PARAMETRIC_REPRESENTATION_CONTEXT() REPRESENTATION_CONTEXT('2D SPACE',''
  ) );
#2804 = ORIENTED_EDGE('',*,*,#2805,.T.);
#2805 = EDGE_CURVE('',#2776,#2222,#2806,.T.);
#2806 = SURFACE_CURVE('',#2807,(#2812,#2819),.PCURVE_S1.);
#2807 = HYPERBOLA('',#2808,130.25045035663,94.564059430675);
#2808 = AXIS2_PLACEMENT_3D('',#2809,#2810,#2811);
#2809 = CARTESIAN_POINT('',(94.564059430675,0.,-121.9933215731));
#2810 = DIRECTION('',(1.,0.,-0.));
#2811 = DIRECTION('',(-0.,0.,-1.));
#2812 = PCURVE('',#2239,#2813);
#2813 = DEFINITIONAL_REPRESENTATION('',(#2814),#2818);
#2814 = ( BOUNDED_CURVE() B_SPLINE_CURVE(2,(#2815,#2816,#2817),
.UNSPECIFIED.,.F.,.F.) B_SPLINE_CURVE_WITH_KNOTS((3,3),(0.,
2.55883254932E-02),.PIECEWISE_BEZIER_KNOTS.) CURVE() 
GEOMETRIC_REPRESENTATION_ITEM() RATIONAL_B_SPLINE_CURVE((1.,
1.000081846417,1.)) REPRESENTATION_ITEM('') );
#2815 = CARTESIAN_POINT('',(3.520833744859,0.));
#2816 = CARTESIAN_POINT('',(3.520833744859,-1.209801955986));
#2817 = CARTESIAN_POINT('',(3.478189869296,-2.42));
#2818 = ( GEOMETRIC_REPRESENTATION_CONTEXT(2) 
PARAMETRIC_REPRESENTATION_CONTEXT() REPRESENTATION_CONTEXT('2D SPACE',''
  ) );
#2819 = PCURVE('',#2268,#2820);
#2820 = DEFINITIONAL_REPRESENTATION('',(#2821),#2828);
#2821 = B_SPLINE_CURVE_WITH_KNOTS('',5,(#2822,#2823,#2824,#2825,#2826,
    #2827),.UNSPECIFIED.,.F.,.F.,(6,6),(0.,2.55883254932E-02),
  .PIECEWISE_BEZIER_KNOTS.);
#2822 = CARTESIAN_POINT('',(0.,1.069183286787));
#2823 = CARTESIAN_POINT('',(-5.117665098639E-03,1.069183286787));
#2824 = CARTESIAN_POINT('',(-1.023533019728E-02,1.07344744167));
#2825 = CARTESIAN_POINT('',(-1.535271605801E-02,1.081975751442));
#2826 = CARTESIAN_POINT('',(-2.046954344303E-02,1.094768681415));
#2827 = CARTESIAN_POINT('',(-2.558553357129E-02,1.11182716235));
#2828 = ( GEOMETRIC_REPRESENTATION_CONTEXT(2) 
PARAMETRIC_REPRESENTATION_CONTEXT() REPRESENTATION_CONTEXT('2D SPACE',''
  ) );
#2829 = ORIENTED_EDGE('',*,*,#2221,.T.);
#2830 = ORIENTED_EDGE('',*,*,#2831,.F.);
#2831 = EDGE_CURVE('',#2778,#2224,#2832,.T.);
#2832 = SURFACE_CURVE('',#2833,(#2838,#2845),.PCURVE_S1.);
#2833 = HYPERBOLA('',#2834,146.88948974615,94.564059430675);
#2834 = AXIS2_PLACEMENT_3D('',#2835,#2836,#2837);
#2835 = CARTESIAN_POINT('',(94.564059430675,0.,-101.5885377155));
#2836 = DIRECTION('',(1.,0.,0.));
#2837 = DIRECTION('',(0.,-0.,-1.));
#2838 = PCURVE('',#2239,#2839);
#2839 = DEFINITIONAL_REPRESENTATION('',(#2840),#2844);
#2840 = ( BOUNDED_CURVE() B_SPLINE_CURVE(2,(#2841,#2842,#2843),
.UNSPECIFIED.,.F.,.F.) B_SPLINE_CURVE_WITH_KNOTS((3,3),(0.,
2.55883254932E-02),.PIECEWISE_BEZIER_KNOTS.) CURVE() 
GEOMETRIC_REPRESENTATION_ITEM() RATIONAL_B_SPLINE_CURVE((1.,
1.000081846417,1.)) REPRESENTATION_ITEM('') );
#2841 = CARTESIAN_POINT('',(7.286578212935,0.));
#2842 = CARTESIAN_POINT('',(7.286578212935,-1.209801955986));
#2843 = CARTESIAN_POINT('',(7.238486731446,-2.42));
#2844 = ( GEOMETRIC_REPRESENTATION_CONTEXT(2) 
PARAMETRIC_REPRESENTATION_CONTEXT() REPRESENTATION_CONTEXT('2D SPACE',''
  ) );
#2845 = PCURVE('',#2385,#2846);
#2846 = DEFINITIONAL_REPRESENTATION('',(#2847),#2854);
#2847 = B_SPLINE_CURVE_WITH_KNOTS('',5,(#2848,#2849,#2850,#2851,#2852,
    #2853),.UNSPECIFIED.,.F.,.F.,(6,6),(0.,2.55883254932E-02),
  .PIECEWISE_BEZIER_KNOTS.);
#2848 = CARTESIAN_POINT('',(0.,-1.481057652865));
#2849 = CARTESIAN_POINT('',(-5.117665098639E-03,-1.481057652865));
#2850 = CARTESIAN_POINT('',(-1.023533019728E-02,-1.476248767113));
#2851 = CARTESIAN_POINT('',(-1.535271605801E-02,-1.466630995601));
#2852 = CARTESIAN_POINT('',(-2.046954344303E-02,-1.452203813577));
#2853 = CARTESIAN_POINT('',(-2.558553357129E-02,-1.432966171376));
#2854 = ( GEOMETRIC_REPRESENTATION_CONTEXT(2) 
PARAMETRIC_REPRESENTATION_CONTEXT() REPRESENTATION_CONTEXT('2D SPACE',''
  ) );
#2855 = ADVANCED_FACE('',(#2856),#2385,.T.);
#2856 = FACE_BOUND('',#2857,.T.);
#2857 = EDGE_LOOP('',(#2858,#2881,#2910,#2936,#2958,#2959));
#2858 = ORIENTED_EDGE('',*,*,#2859,.F.);
#2859 = EDGE_CURVE('',#2860,#2778,#2862,.T.);
#2860 = VERTEX_POINT('',#2861);
#2861 = CARTESIAN_POINT('',(95.517530125875,0.,-249.9590851145));
#2862 = SURFACE_CURVE('',#2863,(#2867,#2874),.PCURVE_S1.);
#2863 = LINE('',#2864,#2865);
#2864 = CARTESIAN_POINT('',(95.517530125875,0.,-249.9590851145));
#2865 = VECTOR('',#2866,1.);
#2866 = DIRECTION('',(-0.541304685492,0.,0.840826520433));
#2867 = PCURVE('',#2385,#2868);
#2868 = DEFINITIONAL_REPRESENTATION('',(#2869),#2873);
#2869 = LINE('',#2870,#2871);
#2870 = CARTESIAN_POINT('',(-0.,-0.));
#2871 = VECTOR('',#2872,1.);
#2872 = DIRECTION('',(-0.,-1.));
#2873 = ( GEOMETRIC_REPRESENTATION_CONTEXT(2) 
PARAMETRIC_REPRESENTATION_CONTEXT() REPRESENTATION_CONTEXT('2D SPACE',''
  ) );
#2874 = PCURVE('',#2793,#2875);
#2875 = DEFINITIONAL_REPRESENTATION('',(#2876),#2880);
#2876 = LINE('',#2877,#2878);
#2877 = CARTESIAN_POINT('',(750.04091488545,1.095517530126E+03));
#2878 = VECTOR('',#2879,1.);
#2879 = DIRECTION('',(0.840826520433,-0.541304685492));
#2880 = ( GEOMETRIC_REPRESENTATION_CONTEXT(2) 
PARAMETRIC_REPRESENTATION_CONTEXT() REPRESENTATION_CONTEXT('2D SPACE',''
  ) );
#2881 = ORIENTED_EDGE('',*,*,#2882,.T.);
#2882 = EDGE_CURVE('',#2860,#2883,#2885,.T.);
#2883 = VERTEX_POINT('',#2884);
#2884 = CARTESIAN_POINT('',(5.848761876556E-15,95.517530125875,
    -249.9590851145));
#2885 = SURFACE_CURVE('',#2886,(#2891,#2898),.PCURVE_S1.);
#2886 = CIRCLE('',#2887,95.517530125875);
#2887 = AXIS2_PLACEMENT_3D('',#2888,#2889,#2890);
#2888 = CARTESIAN_POINT('',(0.,0.,-249.9590851145));
#2889 = DIRECTION('',(0.,0.,1.));
#2890 = DIRECTION('',(1.,0.,-0.));
#2891 = PCURVE('',#2385,#2892);
#2892 = DEFINITIONAL_REPRESENTATION('',(#2893),#2897);
#2893 = LINE('',#2894,#2895);
#2894 = CARTESIAN_POINT('',(-0.,-0.));
#2895 = VECTOR('',#2896,1.);
#2896 = DIRECTION('',(-1.,-0.));
#2897 = ( GEOMETRIC_REPRESENTATION_CONTEXT(2) 
PARAMETRIC_REPRESENTATION_CONTEXT() REPRESENTATION_CONTEXT('2D SPACE',''
  ) );
#2898 = PCURVE('',#2899,#2904);
#2899 = CONICAL_SURFACE('',#2900,96.559701727422,0.579476747969);
#2900 = AXIS2_PLACEMENT_3D('',#2901,#2902,#2903);
#2901 = CARTESIAN_POINT('',(0.,0.,-251.5515948927));
#2902 = DIRECTION('',(-0.,-0.,-1.));
#2903 = DIRECTION('',(1.,0.,-0.));
#2904 = DEFINITIONAL_REPRESENTATION('',(#2905),#2909);
#2905 = LINE('',#2906,#2907);
#2906 = CARTESIAN_POINT('',(-0.,-1.592509778238));
#2907 = VECTOR('',#2908,1.);
#2908 = DIRECTION('',(-1.,-0.));
#2909 = ( GEOMETRIC_REPRESENTATION_CONTEXT(2) 
PARAMETRIC_REPRESENTATION_CONTEXT() REPRESENTATION_CONTEXT('2D SPACE',''
  ) );
#2910 = ORIENTED_EDGE('',*,*,#2911,.F.);
#2911 = EDGE_CURVE('',#2912,#2883,#2914,.T.);
#2912 = VERTEX_POINT('',#2913);
#2913 = CARTESIAN_POINT('',(5.785230571127E-15,94.479985170493,
    -248.347432125));
#2914 = SURFACE_CURVE('',#2915,(#2919,#2925),.PCURVE_S1.);
#2915 = LINE('',#2916,#2917);
#2916 = CARTESIAN_POINT('',(0.,0.,-101.5885377155));
#2917 = VECTOR('',#2918,1.);
#2918 = DIRECTION('',(-0.,0.541304685492,-0.840826520433));
#2919 = PCURVE('',#2385,#2920);
#2920 = DEFINITIONAL_REPRESENTATION('',(#2921),#2924);
#2921 = B_SPLINE_CURVE_WITH_KNOTS('',1,(#2922,#2923),.UNSPECIFIED.,.F.,
  .F.,(2,2),(174.54122918699,176.45797770809),.PIECEWISE_BEZIER_KNOTS.);
#2922 = CARTESIAN_POINT('',(-1.570796326795,-1.611652989543));
#2923 = CARTESIAN_POINT('',(-1.570796326795,0.));
#2924 = ( GEOMETRIC_REPRESENTATION_CONTEXT(2) 
PARAMETRIC_REPRESENTATION_CONTEXT() REPRESENTATION_CONTEXT('2D SPACE',''
  ) );
#2925 = PCURVE('',#2926,#2931);
#2926 = PLANE('',#2927);
#2927 = AXIS2_PLACEMENT_3D('',#2928,#2929,#2930);
#2928 = CARTESIAN_POINT('',(0.,-1.E+03,-1.E+03));
#2929 = DIRECTION('',(1.,0.,-0.));
#2930 = DIRECTION('',(0.,0.,1.));
#2931 = DEFINITIONAL_REPRESENTATION('',(#2932),#2935);
#2932 = B_SPLINE_CURVE_WITH_KNOTS('',1,(#2933,#2934),.UNSPECIFIED.,.F.,
  .F.,(2,2),(174.54122918699,176.45797770809),.PIECEWISE_BEZIER_KNOTS.);
#2933 = CARTESIAN_POINT('',(751.65256787499,-1.09447998517E+03));
#2934 = CARTESIAN_POINT('',(750.04091488545,-1.095517530126E+03));
#2935 = ( GEOMETRIC_REPRESENTATION_CONTEXT(2) 
PARAMETRIC_REPRESENTATION_CONTEXT() REPRESENTATION_CONTEXT('2D SPACE',''
  ) );
#2936 = ORIENTED_EDGE('',*,*,#2937,.F.);
#2937 = EDGE_CURVE('',#2339,#2912,#2938,.T.);
#2938 = SURFACE_CURVE('',#2939,(#2944,#2951),.PCURVE_S1.);
#2939 = CIRCLE('',#2940,94.479985170493);
#2940 = AXIS2_PLACEMENT_3D('',#2941,#2942,#2943);
#2941 = CARTESIAN_POINT('',(0.,0.,-248.347432125));
#2942 = DIRECTION('',(0.,0.,1.));
#2943 = DIRECTION('',(1.,0.,-0.));
#2944 = PCURVE('',#2385,#2945);
#2945 = DEFINITIONAL_REPRESENTATION('',(#2946),#2950);
#2946 = LINE('',#2947,#2948);
#2947 = CARTESIAN_POINT('',(-0.,-1.611652989543));
#2948 = VECTOR('',#2949,1.);
#2949 = DIRECTION('',(-1.,-0.));
#2950 = ( GEOMETRIC_REPRESENTATION_CONTEXT(2) 
PARAMETRIC_REPRESENTATION_CONTEXT() REPRESENTATION_CONTEXT('2D SPACE',''
  ) );
#2951 = PCURVE('',#2355,#2952);
#2952 = DEFINITIONAL_REPRESENTATION('',(#2953),#2957);
#2953 = LINE('',#2954,#2955);
#2954 = CARTESIAN_POINT('',(-0.,-0.));
#2955 = VECTOR('',#2956,1.);
#2956 = DIRECTION('',(-1.,-0.));
#2957 = ( GEOMETRIC_REPRESENTATION_CONTEXT(2) 
PARAMETRIC_REPRESENTATION_CONTEXT() REPRESENTATION_CONTEXT('2D SPACE',''
  ) );
#2958 = ORIENTED_EDGE('',*,*,#2370,.F.);
#2959 = ORIENTED_EDGE('',*,*,#2831,.F.);
#2960 = ADVANCED_FACE('',(#2961),#2355,.T.);
#2961 = FACE_BOUND('',#2962,.T.);
#2962 = EDGE_LOOP('',(#2963,#2964,#2965,#2984,#2985));
#2963 = ORIENTED_EDGE('',*,*,#2338,.F.);
#2964 = ORIENTED_EDGE('',*,*,#2937,.T.);
#2965 = ORIENTED_EDGE('',*,*,#2966,.F.);
#2966 = EDGE_CURVE('',#2554,#2912,#2967,.T.);
#2967 = SURFACE_CURVE('',#2968,(#2972,#2978),.PCURVE_S1.);
#2968 = LINE('',#2969,#2970);
#2969 = CARTESIAN_POINT('',(0.,0.,-99.16947786297));
#2970 = VECTOR('',#2971,1.);
#2971 = DIRECTION('',(-0.,0.535054563467,-0.844817503437));
#2972 = PCURVE('',#2355,#2973);
#2973 = DEFINITIONAL_REPRESENTATION('',(#2974),#2977);
#2974 = B_SPLINE_CURVE_WITH_KNOTS('',1,(#2975,#2976),.UNSPECIFIED.,.F.,
  .F.,(2,2),(174.64967659004,176.58009410922),.PIECEWISE_BEZIER_KNOTS.);
#2975 = CARTESIAN_POINT('',(-1.570796326795,-1.630850509142));
#2976 = CARTESIAN_POINT('',(-1.570796326795,-2.401115760441E-14));
#2977 = ( GEOMETRIC_REPRESENTATION_CONTEXT(2) 
PARAMETRIC_REPRESENTATION_CONTEXT() REPRESENTATION_CONTEXT('2D SPACE',''
  ) );
#2978 = PCURVE('',#2926,#2979);
#2979 = DEFINITIONAL_REPRESENTATION('',(#2980),#2983);
#2980 = B_SPLINE_CURVE_WITH_KNOTS('',1,(#2981,#2982),.UNSPECIFIED.,.F.,
  .F.,(2,2),(174.64967659004,176.58009410922),.PIECEWISE_BEZIER_KNOTS.);
#2981 = CARTESIAN_POINT('',(753.28341838413,-1.093447106467E+03));
#2982 = CARTESIAN_POINT('',(751.65256787499,-1.09447998517E+03));
#2983 = ( GEOMETRIC_REPRESENTATION_CONTEXT(2) 
PARAMETRIC_REPRESENTATION_CONTEXT() REPRESENTATION_CONTEXT('2D SPACE',''
  ) );
#2984 = ORIENTED_EDGE('',*,*,#2553,.F.);
#2985 = ORIENTED_EDGE('',*,*,#2623,.F.);
#2986 = ADVANCED_FACE('',(#2987),#2268,.F.);
#2987 = FACE_BOUND('',#2988,.T.);
#2988 = EDGE_LOOP('',(#2989,#3020,#3041,#3042,#3043,#3044,#3045));
#2989 = ORIENTED_EDGE('',*,*,#2990,.F.);
#2990 = EDGE_CURVE('',#2991,#2993,#2995,.T.);
#2991 = VERTEX_POINT('',#2992);
#2992 = CARTESIAN_POINT('',(94.873070836112,0.,-252.669397426));
#2993 = VERTEX_POINT('',#2994);
#2994 = CARTESIAN_POINT('',(5.809300126236E-15,94.873070836112,
    -252.669397426));
#2995 = SURFACE_CURVE('',#2996,(#3001,#3008),.PCURVE_S1.);
#2996 = CIRCLE('',#2997,94.873070836112);
#2997 = AXIS2_PLACEMENT_3D('',#2998,#2999,#3000);
#2998 = CARTESIAN_POINT('',(0.,0.,-252.669397426));
#2999 = DIRECTION('',(0.,0.,1.));
#3000 = DIRECTION('',(1.,0.,-0.));
#3001 = PCURVE('',#2268,#3002);
#3002 = DEFINITIONAL_REPRESENTATION('',(#3003),#3007);
#3003 = LINE('',#3004,#3005);
#3004 = CARTESIAN_POINT('',(-0.,1.494808783046));
#3005 = VECTOR('',#3006,1.);
#3006 = DIRECTION('',(-1.,0.));
#3007 = ( GEOMETRIC_REPRESENTATION_CONTEXT(2) 
PARAMETRIC_REPRESENTATION_CONTEXT() REPRESENTATION_CONTEXT('2D SPACE',''
  ) );
#3008 = PCURVE('',#3009,#3014);
#3009 = CONICAL_SURFACE('',#3010,94.873070836112,0.636372890228);
#3010 = AXIS2_PLACEMENT_3D('',#3011,#3012,#3013);
#3011 = CARTESIAN_POINT('',(0.,0.,-252.669397426));
#3012 = DIRECTION('',(-0.,-0.,-1.));
#3013 = DIRECTION('',(1.,0.,0.));
#3014 = DEFINITIONAL_REPRESENTATION('',(#3015),#3019);
#3015 = LINE('',#3016,#3017);
#3016 = CARTESIAN_POINT('',(-0.,0.));
#3017 = VECTOR('',#3018,1.);
#3018 = DIRECTION('',(-1.,0.));
#3019 = ( GEOMETRIC_REPRESENTATION_CONTEXT(2) 
PARAMETRIC_REPRESENTATION_CONTEXT() REPRESENTATION_CONTEXT('2D SPACE',''
  ) );
#3020 = ORIENTED_EDGE('',*,*,#3021,.F.);
#3021 = EDGE_CURVE('',#2776,#2991,#3022,.T.);
#3022 = SURFACE_CURVE('',#3023,(#3027,#3034),.PCURVE_S1.);
#3023 = LINE('',#3024,#3025);
#3024 = CARTESIAN_POINT('',(93.787814038838,0.,-251.1745886429));
#3025 = VECTOR('',#3026,1.);
#3026 = DIRECTION('',(0.58750695052,0.,-0.809219119331));
#3027 = PCURVE('',#2268,#3028);
#3028 = DEFINITIONAL_REPRESENTATION('',(#3029),#3033);
#3029 = LINE('',#3030,#3031);
#3030 = CARTESIAN_POINT('',(-0.,0.));
#3031 = VECTOR('',#3032,1.);
#3032 = DIRECTION('',(-0.,1.));
#3033 = ( GEOMETRIC_REPRESENTATION_CONTEXT(2) 
PARAMETRIC_REPRESENTATION_CONTEXT() REPRESENTATION_CONTEXT('2D SPACE',''
  ) );
#3034 = PCURVE('',#2793,#3035);
#3035 = DEFINITIONAL_REPRESENTATION('',(#3036),#3040);
#3036 = LINE('',#3037,#3038);
#3037 = CARTESIAN_POINT('',(748.82541135702,1.093787814039E+03));
#3038 = VECTOR('',#3039,1.);
#3039 = DIRECTION('',(-0.809219119331,0.58750695052));
#3040 = ( GEOMETRIC_REPRESENTATION_CONTEXT(2) 
PARAMETRIC_REPRESENTATION_CONTEXT() REPRESENTATION_CONTEXT('2D SPACE',''
  ) );
#3041 = ORIENTED_EDGE('',*,*,#2805,.T.);
#3042 = ORIENTED_EDGE('',*,*,#2251,.T.);
#3043 = ORIENTED_EDGE('',*,*,#2427,.T.);
#3044 = ORIENTED_EDGE('',*,*,#2504,.T.);
#3045 = ORIENTED_EDGE('',*,*,#3046,.T.);
#3046 = EDGE_CURVE('',#2477,#2993,#3047,.T.);
#3047 = SURFACE_CURVE('',#3048,(#3052,#3058),.PCURVE_S1.);
#3048 = LINE('',#3049,#3050);
#3049 = CARTESIAN_POINT('',(0.,0.,-121.9933215731));
#3050 = VECTOR('',#3051,1.);
#3051 = DIRECTION('',(-0.,0.58750695052,-0.809219119331));
#3052 = PCURVE('',#2268,#3053);
#3053 = DEFINITIONAL_REPRESENTATION('',(#3054),#3057);
#3054 = B_SPLINE_CURVE_WITH_KNOTS('',1,(#3055,#3056),.UNSPECIFIED.,.F.,
  .F.,(2,2),(159.6369437942,161.48416755268),.PIECEWISE_BEZIER_KNOTS.);
#3055 = CARTESIAN_POINT('',(-1.570796326795,-4.599878135031E-14));
#3056 = CARTESIAN_POINT('',(-1.570796326795,1.494808783046));
#3057 = ( GEOMETRIC_REPRESENTATION_CONTEXT(2) 
PARAMETRIC_REPRESENTATION_CONTEXT() REPRESENTATION_CONTEXT('2D SPACE',''
  ) );
#3058 = PCURVE('',#2926,#3059);
#3059 = DEFINITIONAL_REPRESENTATION('',(#3060),#3063);
#3060 = B_SPLINE_CURVE_WITH_KNOTS('',1,(#3061,#3062),.UNSPECIFIED.,.F.,
  .F.,(2,2),(159.6369437942,161.48416755268),.PIECEWISE_BEZIER_KNOTS.);
#3061 = CARTESIAN_POINT('',(748.82541135702,-1.093787814039E+03));
#3062 = CARTESIAN_POINT('',(747.33060257398,-1.094873070836E+03));
#3063 = ( GEOMETRIC_REPRESENTATION_CONTEXT(2) 
PARAMETRIC_REPRESENTATION_CONTEXT() REPRESENTATION_CONTEXT('2D SPACE',''
  ) );
#3064 = ADVANCED_FACE('',(#3065),#2492,.T.);
#3065 = FACE_BOUND('',#3066,.T.);
#3066 = EDGE_LOOP('',(#3067,#3068,#3069,#3070,#3071,#3092));
#3067 = ORIENTED_EDGE('',*,*,#2675,.F.);
#3068 = ORIENTED_EDGE('',*,*,#2750,.T.);
#3069 = ORIENTED_EDGE('',*,*,#2724,.T.);
#3070 = ORIENTED_EDGE('',*,*,#2575,.F.);
#3071 = ORIENTED_EDGE('',*,*,#3072,.F.);
#3072 = EDGE_CURVE('',#2477,#2554,#3073,.T.);
#3073 = SURFACE_CURVE('',#3074,(#3078,#3085),.PCURVE_S1.);
#3074 = LINE('',#3075,#3076);
#3075 = CARTESIAN_POINT('',(0.,94.414059430675,-255.7646056746));
#3076 = VECTOR('',#3077,1.);
#3077 = DIRECTION('',(0.,0.,1.));
#3078 = PCURVE('',#2492,#3079);
#3079 = DEFINITIONAL_REPRESENTATION('',(#3080),#3084);
#3080 = LINE('',#3081,#3082);
#3081 = CARTESIAN_POINT('',(0.,2.));
#3082 = VECTOR('',#3083,1.);
#3083 = DIRECTION('',(1.,0.));
#3084 = ( GEOMETRIC_REPRESENTATION_CONTEXT(2) 
PARAMETRIC_REPRESENTATION_CONTEXT() REPRESENTATION_CONTEXT('2D SPACE',''
  ) );
#3085 = PCURVE('',#2926,#3086);
#3086 = DEFINITIONAL_REPRESENTATION('',(#3087),#3091);
#3087 = LINE('',#3088,#3089);
#3088 = CARTESIAN_POINT('',(744.23539432538,-1.094414059431E+03));
#3089 = VECTOR('',#3090,1.);
#3090 = DIRECTION('',(1.,0.));
#3091 = ( GEOMETRIC_REPRESENTATION_CONTEXT(2) 
PARAMETRIC_REPRESENTATION_CONTEXT() REPRESENTATION_CONTEXT('2D SPACE',''
  ) );
#3092 = ORIENTED_EDGE('',*,*,#2476,.F.);
#3093 = ADVANCED_FACE('',(#3094),#2793,.F.);
#3094 = FACE_BOUND('',#3095,.F.);
#3095 = EDGE_LOOP('',(#3096,#3097,#3098,#3099,#3122,#3150,#3178,#3206,
    #3234,#3262,#3290,#3318,#3346,#3374,#3402,#3430,#3458,#3486,#3514,
    #3542,#3570,#3598,#3626,#3654));
#3096 = ORIENTED_EDGE('',*,*,#3021,.F.);
#3097 = ORIENTED_EDGE('',*,*,#2775,.T.);
#3098 = ORIENTED_EDGE('',*,*,#2859,.F.);
#3099 = ORIENTED_EDGE('',*,*,#3100,.F.);
#3100 = EDGE_CURVE('',#3101,#2860,#3103,.T.);
#3101 = VERTEX_POINT('',#3102);
#3102 = CARTESIAN_POINT('',(96.559701727422,0.,-251.5515948927));
#3103 = SURFACE_CURVE('',#3104,(#3108,#3115),.PCURVE_S1.);
#3104 = LINE('',#3105,#3106);
#3105 = CARTESIAN_POINT('',(96.559701727422,0.,-251.5515948927));
#3106 = VECTOR('',#3107,1.);
#3107 = DIRECTION('',(-0.547586181009,0.,0.836749290031));
#3108 = PCURVE('',#2793,#3109);
#3109 = DEFINITIONAL_REPRESENTATION('',(#3110),#3114);
#3110 = LINE('',#3111,#3112);
#3111 = CARTESIAN_POINT('',(748.44840510721,1.096559701727E+03));
#3112 = VECTOR('',#3113,1.);
#3113 = DIRECTION('',(0.836749290031,-0.547586181009));
#3114 = ( GEOMETRIC_REPRESENTATION_CONTEXT(2) 
PARAMETRIC_REPRESENTATION_CONTEXT() REPRESENTATION_CONTEXT('2D SPACE',''
  ) );
#3115 = PCURVE('',#2899,#3116);
#3116 = DEFINITIONAL_REPRESENTATION('',(#3117),#3121);
#3117 = LINE('',#3118,#3119);
#3118 = CARTESIAN_POINT('',(-0.,-0.));
#3119 = VECTOR('',#3120,1.);
#3120 = DIRECTION('',(-0.,-1.));
#3121 = ( GEOMETRIC_REPRESENTATION_CONTEXT(2) 
PARAMETRIC_REPRESENTATION_CONTEXT() REPRESENTATION_CONTEXT('2D SPACE',''
  ) );
#3122 = ORIENTED_EDGE('',*,*,#3123,.F.);
#3123 = EDGE_CURVE('',#3124,#3101,#3126,.T.);
#3124 = VERTEX_POINT('',#3125);
#3125 = CARTESIAN_POINT('',(97.606460214109,0.,-253.1250116381));
#3126 = SURFACE_CURVE('',#3127,(#3131,#3138),.PCURVE_S1.);
#3127 = LINE('',#3128,#3129);
#3128 = CARTESIAN_POINT('',(97.606460214109,0.,-253.1250116381));
#3129 = VECTOR('',#3130,1.);
#3130 = DIRECTION('',(-0.553899118153,0.,0.832583789723));
#3131 = PCURVE('',#2793,#3132);
#3132 = DEFINITIONAL_REPRESENTATION('',(#3133),#3137);
#3133 = LINE('',#3134,#3135);
#3134 = CARTESIAN_POINT('',(746.8749883618,1.097606460214E+03));
#3135 = VECTOR('',#3136,1.);
#3136 = DIRECTION('',(0.832583789723,-0.553899118153));
#3137 = ( GEOMETRIC_REPRESENTATION_CONTEXT(2) 
PARAMETRIC_REPRESENTATION_CONTEXT() REPRESENTATION_CONTEXT('2D SPACE',''
  ) );
#3138 = PCURVE('',#3139,#3144);
#3139 = CONICAL_SURFACE('',#3140,97.606460214109,0.587040136158);
#3140 = AXIS2_PLACEMENT_3D('',#3141,#3142,#3143);
#3141 = CARTESIAN_POINT('',(0.,0.,-253.1250116381));
#3142 = DIRECTION('',(-0.,-0.,-1.));
#3143 = DIRECTION('',(1.,0.,-0.));
#3144 = DEFINITIONAL_REPRESENTATION('',(#3145),#3149);
#3145 = LINE('',#3146,#3147);
#3146 = CARTESIAN_POINT('',(-0.,-0.));
#3147 = VECTOR('',#3148,1.);
#3148 = DIRECTION('',(-0.,-1.));
#3149 = ( GEOMETRIC_REPRESENTATION_CONTEXT(2) 
PARAMETRIC_REPRESENTATION_CONTEXT() REPRESENTATION_CONTEXT('2D SPACE',''
  ) );
#3150 = ORIENTED_EDGE('',*,*,#3151,.F.);
#3151 = EDGE_CURVE('',#3152,#3124,#3154,.T.);
#3152 = VERTEX_POINT('',#3153);
#3153 = CARTESIAN_POINT('',(98.657765628016,0.,-254.6793812929));
#3154 = SURFACE_CURVE('',#3155,(#3159,#3166),.PCURVE_S1.);
#3155 = LINE('',#3156,#3157);
#3156 = CARTESIAN_POINT('',(98.657765628016,0.,-254.6793812929));
#3157 = VECTOR('',#3158,1.);
#3158 = DIRECTION('',(-0.560243579639,0.,0.828327913011));
#3159 = PCURVE('',#2793,#3160);
#3160 = DEFINITIONAL_REPRESENTATION('',(#3161),#3165);
#3161 = LINE('',#3162,#3163);
#3162 = CARTESIAN_POINT('',(745.32061870709,1.098657765628E+03));
#3163 = VECTOR('',#3164,1.);
#3164 = DIRECTION('',(0.828327913011,-0.560243579639));
#3165 = ( GEOMETRIC_REPRESENTATION_CONTEXT(2) 
PARAMETRIC_REPRESENTATION_CONTEXT() REPRESENTATION_CONTEXT('2D SPACE',''
  ) );
#3166 = PCURVE('',#3167,#3172);
#3167 = CONICAL_SURFACE('',#3168,98.657765628016,0.594679832619);
#3168 = AXIS2_PLACEMENT_3D('',#3169,#3170,#3171);
#3169 = CARTESIAN_POINT('',(0.,0.,-254.6793812929));
#3170 = DIRECTION('',(-0.,-0.,-1.));
#3171 = DIRECTION('',(1.,0.,-0.));
#3172 = DEFINITIONAL_REPRESENTATION('',(#3173),#3177);
#3173 = LINE('',#3174,#3175);
#3174 = CARTESIAN_POINT('',(-0.,-0.));
#3175 = VECTOR('',#3176,1.);
#3176 = DIRECTION('',(-0.,-1.));
#3177 = ( GEOMETRIC_REPRESENTATION_CONTEXT(2) 
PARAMETRIC_REPRESENTATION_CONTEXT() REPRESENTATION_CONTEXT('2D SPACE',''
  ) );
#3178 = ORIENTED_EDGE('',*,*,#3179,.F.);
#3179 = EDGE_CURVE('',#3180,#3152,#3182,.T.);
#3180 = VERTEX_POINT('',#3181);
#3181 = CARTESIAN_POINT('',(99.713577769914,0.,-256.2147454517));
#3182 = SURFACE_CURVE('',#3183,(#3187,#3194),.PCURVE_S1.);
#3183 = LINE('',#3184,#3185);
#3184 = CARTESIAN_POINT('',(99.713577769914,0.,-256.2147454517));
#3185 = VECTOR('',#3186,1.);
#3186 = DIRECTION('',(-0.566619663329,0.,0.823979464021));
#3187 = PCURVE('',#2793,#3188);
#3188 = DEFINITIONAL_REPRESENTATION('',(#3189),#3193);
#3189 = LINE('',#3190,#3191);
#3190 = CARTESIAN_POINT('',(743.78525454821,1.09971357777E+03));
#3191 = VECTOR('',#3192,1.);
#3192 = DIRECTION('',(0.823979464021,-0.566619663329));
#3193 = ( GEOMETRIC_REPRESENTATION_CONTEXT(2) 
PARAMETRIC_REPRESENTATION_CONTEXT() REPRESENTATION_CONTEXT('2D SPACE',''
  ) );
#3194 = PCURVE('',#3195,#3200);
#3195 = CONICAL_SURFACE('',#3196,99.713577769914,0.602397587959);
#3196 = AXIS2_PLACEMENT_3D('',#3197,#3198,#3199);
#3197 = CARTESIAN_POINT('',(0.,0.,-256.2147454517));
#3198 = DIRECTION('',(-0.,-0.,-1.));
#3199 = DIRECTION('',(1.,0.,-0.));
#3200 = DEFINITIONAL_REPRESENTATION('',(#3201),#3205);
#3201 = LINE('',#3202,#3203);
#3202 = CARTESIAN_POINT('',(-0.,-0.));
#3203 = VECTOR('',#3204,1.);
#3204 = DIRECTION('',(-0.,-1.));
#3205 = ( GEOMETRIC_REPRESENTATION_CONTEXT(2) 
PARAMETRIC_REPRESENTATION_CONTEXT() REPRESENTATION_CONTEXT('2D SPACE',''
  ) );
#3206 = ORIENTED_EDGE('',*,*,#3207,.F.);
#3207 = EDGE_CURVE('',#3208,#3180,#3210,.T.);
#3208 = VERTEX_POINT('',#3209);
#3209 = CARTESIAN_POINT('',(100.77385615221,0.,-257.7311412463));
#3210 = SURFACE_CURVE('',#3211,(#3215,#3222),.PCURVE_S1.);
#3211 = LINE('',#3212,#3213);
#3212 = CARTESIAN_POINT('',(100.77385615221,0.,-257.7311412463));
#3213 = VECTOR('',#3214,1.);
#3214 = DIRECTION('',(-0.57302748284,0.,0.81953615168));
#3215 = PCURVE('',#2793,#3216);
#3216 = DEFINITIONAL_REPRESENTATION('',(#3217),#3221);
#3217 = LINE('',#3218,#3219);
#3218 = CARTESIAN_POINT('',(742.26885875367,1.100773856152E+03));
#3219 = VECTOR('',#3220,1.);
#3220 = DIRECTION('',(0.81953615168,-0.57302748284));
#3221 = ( GEOMETRIC_REPRESENTATION_CONTEXT(2) 
PARAMETRIC_REPRESENTATION_CONTEXT() REPRESENTATION_CONTEXT('2D SPACE',''
  ) );
#3222 = PCURVE('',#3223,#3228);
#3223 = CONICAL_SURFACE('',#3224,100.77385615221,0.610195246808);
#3224 = AXIS2_PLACEMENT_3D('',#3225,#3226,#3227);
#3225 = CARTESIAN_POINT('',(0.,0.,-257.7311412463));
#3226 = DIRECTION('',(-0.,-0.,-1.));
#3227 = DIRECTION('',(1.,0.,-0.));
#3228 = DEFINITIONAL_REPRESENTATION('',(#3229),#3233);
#3229 = LINE('',#3230,#3231);
#3230 = CARTESIAN_POINT('',(-0.,-0.));
#3231 = VECTOR('',#3232,1.);
#3232 = DIRECTION('',(-0.,-1.));
#3233 = ( GEOMETRIC_REPRESENTATION_CONTEXT(2) 
PARAMETRIC_REPRESENTATION_CONTEXT() REPRESENTATION_CONTEXT('2D SPACE',''
  ) );
#3234 = ORIENTED_EDGE('',*,*,#3235,.F.);
#3235 = EDGE_CURVE('',#3236,#3208,#3238,.T.);
#3236 = VERTEX_POINT('',#3237);
#3237 = CARTESIAN_POINT('',(101.83855994893,0.,-259.2286012226));
#3238 = SURFACE_CURVE('',#3239,(#3243,#3250),.PCURVE_S1.);
#3239 = LINE('',#3240,#3241);
#3240 = CARTESIAN_POINT('',(101.83855994893,0.,-259.2286012226));
#3241 = VECTOR('',#3242,1.);
#3242 = DIRECTION('',(-0.5794671682,0.,0.81499558341));
#3243 = PCURVE('',#2793,#3244);
#3244 = DEFINITIONAL_REPRESENTATION('',(#3245),#3249);
#3245 = LINE('',#3246,#3247);
#3246 = CARTESIAN_POINT('',(740.77139877735,1.101838559949E+03));
#3247 = VECTOR('',#3248,1.);
#3248 = DIRECTION('',(0.81499558341,-0.5794671682));
#3249 = ( GEOMETRIC_REPRESENTATION_CONTEXT(2) 
PARAMETRIC_REPRESENTATION_CONTEXT() REPRESENTATION_CONTEXT('2D SPACE',''
  ) );
#3250 = PCURVE('',#3251,#3256);
#3251 = CONICAL_SURFACE('',#3252,101.83855994893,0.618074753708);
#3252 = AXIS2_PLACEMENT_3D('',#3253,#3254,#3255);
#3253 = CARTESIAN_POINT('',(0.,0.,-259.2286012226));
#3254 = DIRECTION('',(-0.,-0.,-1.));
#3255 = DIRECTION('',(1.,0.,-0.));
#3256 = DEFINITIONAL_REPRESENTATION('',(#3257),#3261);
#3257 = LINE('',#3258,#3259);
#3258 = CARTESIAN_POINT('',(-0.,-0.));
#3259 = VECTOR('',#3260,1.);
#3260 = DIRECTION('',(-0.,-1.));
#3261 = ( GEOMETRIC_REPRESENTATION_CONTEXT(2) 
PARAMETRIC_REPRESENTATION_CONTEXT() REPRESENTATION_CONTEXT('2D SPACE',''
  ) );
#3262 = ORIENTED_EDGE('',*,*,#3263,.F.);
#3263 = EDGE_CURVE('',#3264,#3236,#3266,.T.);
#3264 = VERTEX_POINT('',#3265);
#3265 = CARTESIAN_POINT('',(102.9076479424,0.,-260.7071532124));
#3266 = SURFACE_CURVE('',#3267,(#3271,#3278),.PCURVE_S1.);
#3267 = LINE('',#3268,#3269);
#3268 = CARTESIAN_POINT('',(102.9076479424,0.,-260.7071532124));
#3269 = VECTOR('',#3270,1.);
#3270 = DIRECTION('',(-0.585938866572,0.,0.810355258291));
#3271 = PCURVE('',#2793,#3272);
#3272 = DEFINITIONAL_REPRESENTATION('',(#3273),#3277);
#3273 = LINE('',#3274,#3275);
#3274 = CARTESIAN_POINT('',(739.29284678753,1.102907647942E+03));
#3275 = VECTOR('',#3276,1.);
#3276 = DIRECTION('',(0.810355258291,-0.585938866572));
#3277 = ( GEOMETRIC_REPRESENTATION_CONTEXT(2) 
PARAMETRIC_REPRESENTATION_CONTEXT() REPRESENTATION_CONTEXT('2D SPACE',''
  ) );
#3278 = PCURVE('',#3279,#3284);
#3279 = CONICAL_SURFACE('',#3280,102.9076479424,0.626038159522);
#3280 = AXIS2_PLACEMENT_3D('',#3281,#3282,#3283);
#3281 = CARTESIAN_POINT('',(0.,0.,-260.7071532124));
#3282 = DIRECTION('',(-0.,-0.,-1.));
#3283 = DIRECTION('',(1.,0.,-0.));
#3284 = DEFINITIONAL_REPRESENTATION('',(#3285),#3289);
#3285 = LINE('',#3286,#3287);
#3286 = CARTESIAN_POINT('',(-0.,-0.));
#3287 = VECTOR('',#3288,1.);
#3288 = DIRECTION('',(-0.,-1.));
#3289 = ( GEOMETRIC_REPRESENTATION_CONTEXT(2) 
PARAMETRIC_REPRESENTATION_CONTEXT() REPRESENTATION_CONTEXT('2D SPACE',''
  ) );
#3290 = ORIENTED_EDGE('',*,*,#3291,.F.);
#3291 = EDGE_CURVE('',#3292,#3264,#3294,.T.);
#3292 = VERTEX_POINT('',#3293);
#3293 = CARTESIAN_POINT('',(103.98107846621,0.,-262.1668201964));
#3294 = SURFACE_CURVE('',#3295,(#3299,#3306),.PCURVE_S1.);
#3295 = LINE('',#3296,#3297);
#3296 = CARTESIAN_POINT('',(103.98107846621,0.,-262.1668201964));
#3297 = VECTOR('',#3298,1.);
#3298 = DIRECTION('',(-0.592442743023,0.,0.805612559634));
#3299 = PCURVE('',#2793,#3300);
#3300 = DEFINITIONAL_REPRESENTATION('',(#3301),#3305);
#3301 = LINE('',#3302,#3303);
#3302 = CARTESIAN_POINT('',(737.83317980357,1.103981078466E+03));
#3303 = VECTOR('',#3304,1.);
#3304 = DIRECTION('',(0.805612559634,-0.592442743023));
#3305 = ( GEOMETRIC_REPRESENTATION_CONTEXT(2) 
PARAMETRIC_REPRESENTATION_CONTEXT() REPRESENTATION_CONTEXT('2D SPACE',''
  ) );
#3306 = PCURVE('',#3307,#3312);
#3307 = CONICAL_SURFACE('',#3308,103.98107846621,0.634087628404);
#3308 = AXIS2_PLACEMENT_3D('',#3309,#3310,#3311);
#3309 = CARTESIAN_POINT('',(0.,0.,-262.1668201964));
#3310 = DIRECTION('',(-0.,-0.,-1.));
#3311 = DIRECTION('',(1.,0.,-0.));
#3312 = DEFINITIONAL_REPRESENTATION('',(#3313),#3317);
#3313 = LINE('',#3314,#3315);
#3314 = CARTESIAN_POINT('',(-0.,-0.));
#3315 = VECTOR('',#3316,1.);
#3316 = DIRECTION('',(-0.,-1.));
#3317 = ( GEOMETRIC_REPRESENTATION_CONTEXT(2) 
PARAMETRIC_REPRESENTATION_CONTEXT() REPRESENTATION_CONTEXT('2D SPACE',''
  ) );
#3318 = ORIENTED_EDGE('',*,*,#3319,.F.);
#3319 = EDGE_CURVE('',#3320,#3292,#3322,.T.);
#3320 = VERTEX_POINT('',#3321);
#3321 = CARTESIAN_POINT('',(105.05880934404,0.,-263.6076201584));
#3322 = SURFACE_CURVE('',#3323,(#3327,#3334),.PCURVE_S1.);
#3323 = LINE('',#3324,#3325);
#3324 = CARTESIAN_POINT('',(105.05880934404,0.,-263.6076201584));
#3325 = VECTOR('',#3326,1.);
#3326 = DIRECTION('',(-0.598978981368,0.,0.800764746901));
#3327 = PCURVE('',#2793,#3328);
#3328 = DEFINITIONAL_REPRESENTATION('',(#3329),#3333);
#3329 = LINE('',#3330,#3331);
#3330 = CARTESIAN_POINT('',(736.39237984154,1.105058809344E+03));
#3331 = VECTOR('',#3332,1.);
#3332 = DIRECTION('',(0.800764746901,-0.598978981368));
#3333 = ( GEOMETRIC_REPRESENTATION_CONTEXT(2) 
PARAMETRIC_REPRESENTATION_CONTEXT() REPRESENTATION_CONTEXT('2D SPACE',''
  ) );
#3334 = PCURVE('',#3335,#3340);
#3335 = CONICAL_SURFACE('',#3336,105.05880934404,0.642225445401);
#3336 = AXIS2_PLACEMENT_3D('',#3337,#3338,#3339);
#3337 = CARTESIAN_POINT('',(0.,0.,-263.6076201584));
#3338 = DIRECTION('',(-0.,-0.,-1.));
#3339 = DIRECTION('',(1.,0.,-0.));
#3340 = DEFINITIONAL_REPRESENTATION('',(#3341),#3345);
#3341 = LINE('',#3342,#3343);
#3342 = CARTESIAN_POINT('',(-0.,-0.));
#3343 = VECTOR('',#3344,1.);
#3344 = DIRECTION('',(-0.,-1.));
#3345 = ( GEOMETRIC_REPRESENTATION_CONTEXT(2) 
PARAMETRIC_REPRESENTATION_CONTEXT() REPRESENTATION_CONTEXT('2D SPACE',''
  ) );
#3346 = ORIENTED_EDGE('',*,*,#3347,.F.);
#3347 = EDGE_CURVE('',#3348,#3320,#3350,.T.);
#3348 = VERTEX_POINT('',#3349);
#3349 = CARTESIAN_POINT('',(105.29257450327,0.,-263.914833577));
#3350 = SURFACE_CURVE('',#3351,(#3355,#3362),.PCURVE_S1.);
#3351 = LINE('',#3352,#3353);
#3352 = CARTESIAN_POINT('',(106.14079782382,0.,-265.0295659303));
#3353 = VECTOR('',#3354,1.);
#3354 = DIRECTION('',(-0.60554778509,0.,0.795808946904));
#3355 = PCURVE('',#2793,#3356);
#3356 = DEFINITIONAL_REPRESENTATION('',(#3357),#3361);
#3357 = LINE('',#3358,#3359);
#3358 = CARTESIAN_POINT('',(734.97043406969,1.106140797824E+03));
#3359 = VECTOR('',#3360,1.);
#3360 = DIRECTION('',(0.795808946904,-0.60554778509));
#3361 = ( GEOMETRIC_REPRESENTATION_CONTEXT(2) 
PARAMETRIC_REPRESENTATION_CONTEXT() REPRESENTATION_CONTEXT('2D SPACE',''
  ) );
#3362 = PCURVE('',#3363,#3368);
#3363 = CONICAL_SURFACE('',#3364,106.14079782382,0.650454024743);
#3364 = AXIS2_PLACEMENT_3D('',#3365,#3366,#3367);
#3365 = CARTESIAN_POINT('',(0.,0.,-265.0295659303));
#3366 = DIRECTION('',(-0.,-0.,-1.));
#3367 = DIRECTION('',(1.,0.,-0.));
#3368 = DEFINITIONAL_REPRESENTATION('',(#3369),#3373);
#3369 = LINE('',#3370,#3371);
#3370 = CARTESIAN_POINT('',(-0.,-0.));
#3371 = VECTOR('',#3372,1.);
#3372 = DIRECTION('',(-0.,-1.));
#3373 = ( GEOMETRIC_REPRESENTATION_CONTEXT(2) 
PARAMETRIC_REPRESENTATION_CONTEXT() REPRESENTATION_CONTEXT('2D SPACE',''
  ) );
#3374 = ORIENTED_EDGE('',*,*,#3375,.F.);
#3375 = EDGE_CURVE('',#3376,#3348,#3378,.T.);
#3376 = VERTEX_POINT('',#3377);
#3377 = CARTESIAN_POINT('',(105.29257450327,0.,-265.7505205932));
#3378 = SURFACE_CURVE('',#3379,(#3383,#3390),.PCURVE_S1.);
#3379 = LINE('',#3380,#3381);
#3380 = CARTESIAN_POINT('',(105.29257450327,0.,-273.2938170238));
#3381 = VECTOR('',#3382,1.);
#3382 = DIRECTION('',(0.,0.,1.));
#3383 = PCURVE('',#2793,#3384);
#3384 = DEFINITIONAL_REPRESENTATION('',(#3385),#3389);
#3385 = LINE('',#3386,#3387);
#3386 = CARTESIAN_POINT('',(726.70618297614,1.105292574503E+03));
#3387 = VECTOR('',#3388,1.);
#3388 = DIRECTION('',(1.,0.));
#3389 = ( GEOMETRIC_REPRESENTATION_CONTEXT(2) 
PARAMETRIC_REPRESENTATION_CONTEXT() REPRESENTATION_CONTEXT('2D SPACE',''
  ) );
#3390 = PCURVE('',#3391,#3396);
#3391 = PLANE('',#3392);
#3392 = AXIS2_PLACEMENT_3D('',#3393,#3394,#3395);
#3393 = CARTESIAN_POINT('',(105.29257450327,0.,-273.2938170238));
#3394 = DIRECTION('',(1.,0.,-0.));
#3395 = DIRECTION('',(0.,0.,1.));
#3396 = DEFINITIONAL_REPRESENTATION('',(#3397),#3401);
#3397 = LINE('',#3398,#3399);
#3398 = CARTESIAN_POINT('',(0.,0.));
#3399 = VECTOR('',#3400,1.);
#3400 = DIRECTION('',(1.,0.));
#3401 = ( GEOMETRIC_REPRESENTATION_CONTEXT(2) 
PARAMETRIC_REPRESENTATION_CONTEXT() REPRESENTATION_CONTEXT('2D SPACE',''
  ) );
#3402 = ORIENTED_EDGE('',*,*,#3403,.F.);
#3403 = EDGE_CURVE('',#3404,#3376,#3406,.T.);
#3404 = VERTEX_POINT('',#3405);
#3405 = CARTESIAN_POINT('',(104.86847406383,0.,-265.2634554849));
#3406 = SURFACE_CURVE('',#3407,(#3411,#3418),.PCURVE_S1.);
#3407 = LINE('',#3408,#3409);
#3408 = CARTESIAN_POINT('',(104.86847406383,0.,-265.2634554849));
#3409 = VECTOR('',#3410,1.);
#3410 = DIRECTION('',(0.656677230936,0.,-0.754171740634));
#3411 = PCURVE('',#2793,#3412);
#3412 = DEFINITIONAL_REPRESENTATION('',(#3413),#3417);
#3413 = LINE('',#3414,#3415);
#3414 = CARTESIAN_POINT('',(734.73654451504,1.104868474064E+03));
#3415 = VECTOR('',#3416,1.);
#3416 = DIRECTION('',(-0.754171740634,0.656677230936));
#3417 = ( GEOMETRIC_REPRESENTATION_CONTEXT(2) 
PARAMETRIC_REPRESENTATION_CONTEXT() REPRESENTATION_CONTEXT('2D SPACE',''
  ) );
#3418 = PCURVE('',#3419,#3424);
#3419 = CONICAL_SURFACE('',#3420,104.86847406383,0.716404410859);
#3420 = AXIS2_PLACEMENT_3D('',#3421,#3422,#3423);
#3421 = CARTESIAN_POINT('',(0.,0.,-265.2634554849));
#3422 = DIRECTION('',(-0.,-0.,-1.));
#3423 = DIRECTION('',(1.,0.,0.));
#3424 = DEFINITIONAL_REPRESENTATION('',(#3425),#3429);
#3425 = LINE('',#3426,#3427);
#3426 = CARTESIAN_POINT('',(-0.,0.));
#3427 = VECTOR('',#3428,1.);
#3428 = DIRECTION('',(-0.,1.));
#3429 = ( GEOMETRIC_REPRESENTATION_CONTEXT(2) 
PARAMETRIC_REPRESENTATION_CONTEXT() REPRESENTATION_CONTEXT('2D SPACE',''
  ) );
#3430 = ORIENTED_EDGE('',*,*,#3431,.F.);
#3431 = EDGE_CURVE('',#3432,#3404,#3434,.T.);
#3432 = VERTEX_POINT('',#3433);
#3433 = CARTESIAN_POINT('',(103.7378737816,0.,-263.940299224));
#3434 = SURFACE_CURVE('',#3435,(#3439,#3446),.PCURVE_S1.);
#3435 = LINE('',#3436,#3437);
#3436 = CARTESIAN_POINT('',(103.7378737816,0.,-263.940299224));
#3437 = VECTOR('',#3438,1.);
#3438 = DIRECTION('',(0.649620153075,0.,-0.760258940572));
#3439 = PCURVE('',#2793,#3440);
#3440 = DEFINITIONAL_REPRESENTATION('',(#3441),#3445);
#3441 = LINE('',#3442,#3443);
#3442 = CARTESIAN_POINT('',(736.05970077598,1.103737873782E+03));
#3443 = VECTOR('',#3444,1.);
#3444 = DIRECTION('',(-0.760258940572,0.649620153075));
#3445 = ( GEOMETRIC_REPRESENTATION_CONTEXT(2) 
PARAMETRIC_REPRESENTATION_CONTEXT() REPRESENTATION_CONTEXT('2D SPACE',''
  ) );
#3446 = PCURVE('',#3447,#3452);
#3447 = CONICAL_SURFACE('',#3448,103.7378737816,0.707084701652);
#3448 = AXIS2_PLACEMENT_3D('',#3449,#3450,#3451);
#3449 = CARTESIAN_POINT('',(0.,0.,-263.940299224));
#3450 = DIRECTION('',(-0.,-0.,-1.));
#3451 = DIRECTION('',(1.,0.,0.));
#3452 = DEFINITIONAL_REPRESENTATION('',(#3453),#3457);
#3453 = LINE('',#3454,#3455);
#3454 = CARTESIAN_POINT('',(-0.,0.));
#3455 = VECTOR('',#3456,1.);
#3456 = DIRECTION('',(-0.,1.));
#3457 = ( GEOMETRIC_REPRESENTATION_CONTEXT(2) 
PARAMETRIC_REPRESENTATION_CONTEXT() REPRESENTATION_CONTEXT('2D SPACE',''
  ) );
#3458 = ORIENTED_EDGE('',*,*,#3459,.F.);
#3459 = EDGE_CURVE('',#3460,#3432,#3462,.T.);
#3460 = VERTEX_POINT('',#3461);
#3461 = CARTESIAN_POINT('',(102.61222146141,0.,-262.598109723));
#3462 = SURFACE_CURVE('',#3463,(#3467,#3474),.PCURVE_S1.);
#3463 = LINE('',#3464,#3465);
#3464 = CARTESIAN_POINT('',(102.61222146141,0.,-262.598109723));
#3465 = VECTOR('',#3466,1.);
#3466 = DIRECTION('',(0.642593828843,0.,-0.766207002795));
#3467 = PCURVE('',#2793,#3468);
#3468 = DEFINITIONAL_REPRESENTATION('',(#3469),#3473);
#3469 = LINE('',#3470,#3471);
#3470 = CARTESIAN_POINT('',(737.40189027693,1.102612221461E+03));
#3471 = VECTOR('',#3472,1.);
#3472 = DIRECTION('',(-0.766207002795,0.642593828843));
#3473 = ( GEOMETRIC_REPRESENTATION_CONTEXT(2) 
PARAMETRIC_REPRESENTATION_CONTEXT() REPRESENTATION_CONTEXT('2D SPACE',''
  ) );
#3474 = PCURVE('',#3475,#3480);
#3475 = CONICAL_SURFACE('',#3476,102.61222146141,0.697878764711);
#3476 = AXIS2_PLACEMENT_3D('',#3477,#3478,#3479);
#3477 = CARTESIAN_POINT('',(0.,0.,-262.598109723));
#3478 = DIRECTION('',(-0.,-0.,-1.));
#3479 = DIRECTION('',(1.,0.,0.));
#3480 = DEFINITIONAL_REPRESENTATION('',(#3481),#3485);
#3481 = LINE('',#3482,#3483);
#3482 = CARTESIAN_POINT('',(-0.,0.));
#3483 = VECTOR('',#3484,1.);
#3484 = DIRECTION('',(-0.,1.));
#3485 = ( GEOMETRIC_REPRESENTATION_CONTEXT(2) 
PARAMETRIC_REPRESENTATION_CONTEXT() REPRESENTATION_CONTEXT('2D SPACE',''
  ) );
#3486 = ORIENTED_EDGE('',*,*,#3487,.F.);
#3487 = EDGE_CURVE('',#3488,#3460,#3490,.T.);
#3488 = VERTEX_POINT('',#3489);
#3489 = CARTESIAN_POINT('',(101.49153894908,0.,-261.2368898413));
#3490 = SURFACE_CURVE('',#3491,(#3495,#3502),.PCURVE_S1.);
#3491 = LINE('',#3492,#3493);
#3492 = CARTESIAN_POINT('',(101.49153894908,0.,-261.2368898413));
#3493 = VECTOR('',#3494,1.);
#3494 = DIRECTION('',(0.635598393184,0.,-0.772019871883));
#3495 = PCURVE('',#2793,#3496);
#3496 = DEFINITIONAL_REPRESENTATION('',(#3497),#3501);
#3497 = LINE('',#3498,#3499);
#3498 = CARTESIAN_POINT('',(738.76311015864,1.101491538949E+03));
#3499 = VECTOR('',#3500,1.);
#3500 = DIRECTION('',(-0.772019871883,0.635598393184));
#3501 = ( GEOMETRIC_REPRESENTATION_CONTEXT(2) 
PARAMETRIC_REPRESENTATION_CONTEXT() REPRESENTATION_CONTEXT('2D SPACE',''
  ) );
#3502 = PCURVE('',#3503,#3508);
#3503 = CONICAL_SURFACE('',#3504,101.49153894908,0.688783373714);
#3504 = AXIS2_PLACEMENT_3D('',#3505,#3506,#3507);
#3505 = CARTESIAN_POINT('',(0.,0.,-261.2368898413));
#3506 = DIRECTION('',(-0.,-0.,-1.));
#3507 = DIRECTION('',(1.,0.,0.));
#3508 = DEFINITIONAL_REPRESENTATION('',(#3509),#3513);
#3509 = LINE('',#3510,#3511);
#3510 = CARTESIAN_POINT('',(-0.,0.));
#3511 = VECTOR('',#3512,1.);
#3512 = DIRECTION('',(-0.,1.));
#3513 = ( GEOMETRIC_REPRESENTATION_CONTEXT(2) 
PARAMETRIC_REPRESENTATION_CONTEXT() REPRESENTATION_CONTEXT('2D SPACE',''
  ) );
#3514 = ORIENTED_EDGE('',*,*,#3515,.F.);
#3515 = EDGE_CURVE('',#3516,#3488,#3518,.T.);
#3516 = VERTEX_POINT('',#3517);
#3517 = CARTESIAN_POINT('',(100.37584838241,0.,-259.8566367364));
#3518 = SURFACE_CURVE('',#3519,(#3523,#3530),.PCURVE_S1.);
#3519 = LINE('',#3520,#3521);
#3520 = CARTESIAN_POINT('',(100.37584838241,0.,-259.8566367364));
#3521 = VECTOR('',#3522,1.);
#3522 = DIRECTION('',(0.628633982859,0.,-0.777701302298));
#3523 = PCURVE('',#2793,#3524);
#3524 = DEFINITIONAL_REPRESENTATION('',(#3525),#3529);
#3525 = LINE('',#3526,#3527);
#3526 = CARTESIAN_POINT('',(740.14336326351,1.100375848382E+03));
#3527 = VECTOR('',#3528,1.);
#3528 = DIRECTION('',(-0.777701302298,0.628633982859));
#3529 = ( GEOMETRIC_REPRESENTATION_CONTEXT(2) 
PARAMETRIC_REPRESENTATION_CONTEXT() REPRESENTATION_CONTEXT('2D SPACE',''
  ) );
#3530 = PCURVE('',#3531,#3536);
#3531 = CONICAL_SURFACE('',#3532,100.37584838241,0.679795481494);
#3532 = AXIS2_PLACEMENT_3D('',#3533,#3534,#3535);
#3533 = CARTESIAN_POINT('',(0.,0.,-259.8566367364));
#3534 = DIRECTION('',(-0.,-0.,-1.));
#3535 = DIRECTION('',(1.,0.,0.));
#3536 = DEFINITIONAL_REPRESENTATION('',(#3537),#3541);
#3537 = LINE('',#3538,#3539);
#3538 = CARTESIAN_POINT('',(-0.,0.));
#3539 = VECTOR('',#3540,1.);
#3540 = DIRECTION('',(-0.,1.));
#3541 = ( GEOMETRIC_REPRESENTATION_CONTEXT(2) 
PARAMETRIC_REPRESENTATION_CONTEXT() REPRESENTATION_CONTEXT('2D SPACE',''
  ) );
#3542 = ORIENTED_EDGE('',*,*,#3543,.F.);
#3543 = EDGE_CURVE('',#3544,#3516,#3546,.T.);
#3544 = VERTEX_POINT('',#3545);
#3545 = CARTESIAN_POINT('',(99.26517219766,0.,-258.457342057));
#3546 = SURFACE_CURVE('',#3547,(#3551,#3558),.PCURVE_S1.);
#3547 = LINE('',#3548,#3549);
#3548 = CARTESIAN_POINT('',(99.26517219766,0.,-258.457342057));
#3549 = VECTOR('',#3550,1.);
#3550 = DIRECTION('',(0.621700736483,0.,-0.783254871837));
#3551 = PCURVE('',#2793,#3552);
#3552 = DEFINITIONAL_REPRESENTATION('',(#3553),#3557);
#3553 = LINE('',#3554,#3555);
#3554 = CARTESIAN_POINT('',(741.54265794291,1.099265172198E+03));
#3555 = VECTOR('',#3556,1.);
#3556 = DIRECTION('',(-0.783254871837,0.621700736483));
#3557 = ( GEOMETRIC_REPRESENTATION_CONTEXT(2) 
PARAMETRIC_REPRESENTATION_CONTEXT() REPRESENTATION_CONTEXT('2D SPACE',''
  ) );
#3558 = PCURVE('',#3559,#3564);
#3559 = CONICAL_SURFACE('',#3560,99.26517219766,0.670912207387);
#3560 = AXIS2_PLACEMENT_3D('',#3561,#3562,#3563);
#3561 = CARTESIAN_POINT('',(0.,0.,-258.457342057));
#3562 = DIRECTION('',(-0.,-0.,-1.));
#3563 = DIRECTION('',(1.,0.,0.));
#3564 = DEFINITIONAL_REPRESENTATION('',(#3565),#3569);
#3565 = LINE('',#3566,#3567);
#3566 = CARTESIAN_POINT('',(-0.,0.));
#3567 = VECTOR('',#3568,1.);
#3568 = DIRECTION('',(-0.,1.));
#3569 = ( GEOMETRIC_REPRESENTATION_CONTEXT(2) 
PARAMETRIC_REPRESENTATION_CONTEXT() REPRESENTATION_CONTEXT('2D SPACE',''
  ) );
#3570 = ORIENTED_EDGE('',*,*,#3571,.F.);
#3571 = EDGE_CURVE('',#3572,#3544,#3574,.T.);
#3572 = VERTEX_POINT('',#3573);
#3573 = CARTESIAN_POINT('',(98.159533136378,0.,-257.0389921215));
#3574 = SURFACE_CURVE('',#3575,(#3579,#3586),.PCURVE_S1.);
#3575 = LINE('',#3576,#3577);
#3576 = CARTESIAN_POINT('',(98.159533136378,0.,-257.0389921215));
#3577 = VECTOR('',#3578,1.);
#3578 = DIRECTION('',(0.61479879457,0.,-0.788683993875));
#3579 = PCURVE('',#2793,#3580);
#3580 = DEFINITIONAL_REPRESENTATION('',(#3581),#3585);
#3581 = LINE('',#3582,#3583);
#3582 = CARTESIAN_POINT('',(742.96100787843,1.098159533136E+03));
#3583 = VECTOR('',#3584,1.);
#3584 = DIRECTION('',(-0.788683993875,0.61479879457));
#3585 = ( GEOMETRIC_REPRESENTATION_CONTEXT(2) 
PARAMETRIC_REPRESENTATION_CONTEXT() REPRESENTATION_CONTEXT('2D SPACE',''
  ) );
#3586 = PCURVE('',#3587,#3592);
#3587 = CONICAL_SURFACE('',#3588,98.159533136378,0.66213082573);
#3588 = AXIS2_PLACEMENT_3D('',#3589,#3590,#3591);
#3589 = CARTESIAN_POINT('',(0.,0.,-257.0389921215));
#3590 = DIRECTION('',(-0.,-0.,-1.));
#3591 = DIRECTION('',(1.,0.,0.));
#3592 = DEFINITIONAL_REPRESENTATION('',(#3593),#3597);
#3593 = LINE('',#3594,#3595);
#3594 = CARTESIAN_POINT('',(-0.,0.));
#3595 = VECTOR('',#3596,1.);
#3596 = DIRECTION('',(-0.,1.));
#3597 = ( GEOMETRIC_REPRESENTATION_CONTEXT(2) 
PARAMETRIC_REPRESENTATION_CONTEXT() REPRESENTATION_CONTEXT('2D SPACE',''
  ) );
#3598 = ORIENTED_EDGE('',*,*,#3599,.F.);
#3599 = EDGE_CURVE('',#3600,#3572,#3602,.T.);
#3600 = VERTEX_POINT('',#3601);
#3601 = CARTESIAN_POINT('',(97.058954252363,0.,-255.6015680844));
#3602 = SURFACE_CURVE('',#3603,(#3607,#3614),.PCURVE_S1.);
#3603 = LINE('',#3604,#3605);
#3604 = CARTESIAN_POINT('',(97.058954252363,0.,-255.6015680844));
#3605 = VECTOR('',#3606,1.);
#3606 = DIRECTION('',(0.60792829957,0.,-0.793991928537));
#3607 = PCURVE('',#2793,#3608);
#3608 = DEFINITIONAL_REPRESENTATION('',(#3609),#3613);
#3609 = LINE('',#3610,#3611);
#3610 = CARTESIAN_POINT('',(744.39843191551,1.097058954252E+03));
#3611 = VECTOR('',#3612,1.);
#3612 = DIRECTION('',(-0.793991928537,0.60792829957));
#3613 = ( GEOMETRIC_REPRESENTATION_CONTEXT(2) 
PARAMETRIC_REPRESENTATION_CONTEXT() REPRESENTATION_CONTEXT('2D SPACE',''
  ) );
#3614 = PCURVE('',#3615,#3620);
#3615 = CONICAL_SURFACE('',#3616,97.058954252363,0.653448755389);
#3616 = AXIS2_PLACEMENT_3D('',#3617,#3618,#3619);
#3617 = CARTESIAN_POINT('',(0.,0.,-255.6015680844));
#3618 = DIRECTION('',(-0.,-0.,-1.));
#3619 = DIRECTION('',(1.,0.,0.));
#3620 = DEFINITIONAL_REPRESENTATION('',(#3621),#3625);
#3621 = LINE('',#3622,#3623);
#3622 = CARTESIAN_POINT('',(-0.,0.));
#3623 = VECTOR('',#3624,1.);
#3624 = DIRECTION('',(-0.,1.));
#3625 = ( GEOMETRIC_REPRESENTATION_CONTEXT(2) 
PARAMETRIC_REPRESENTATION_CONTEXT() REPRESENTATION_CONTEXT('2D SPACE',''
  ) );
#3626 = ORIENTED_EDGE('',*,*,#3627,.F.);
#3627 = EDGE_CURVE('',#3628,#3600,#3630,.T.);
#3628 = VERTEX_POINT('',#3629);
#3629 = CARTESIAN_POINT('',(95.963458918881,0.,-254.1450460917));
#3630 = SURFACE_CURVE('',#3631,(#3635,#3642),.PCURVE_S1.);
#3631 = LINE('',#3632,#3633);
#3632 = CARTESIAN_POINT('',(95.963458918881,0.,-254.1450460917));
#3633 = VECTOR('',#3634,1.);
#3634 = DIRECTION('',(0.601089395914,0.,-0.799181792911));
#3635 = PCURVE('',#2793,#3636);
#3636 = DEFINITIONAL_REPRESENTATION('',(#3637),#3641);
#3637 = LINE('',#3638,#3639);
#3638 = CARTESIAN_POINT('',(745.85495390823,1.095963458919E+03));
#3639 = VECTOR('',#3640,1.);
#3640 = DIRECTION('',(-0.799181792911,0.601089395914));
#3641 = ( GEOMETRIC_REPRESENTATION_CONTEXT(2) 
PARAMETRIC_REPRESENTATION_CONTEXT() REPRESENTATION_CONTEXT('2D SPACE',''
  ) );
#3642 = PCURVE('',#3643,#3648);
#3643 = CONICAL_SURFACE('',#3644,95.963458918881,0.644863550199);
#3644 = AXIS2_PLACEMENT_3D('',#3645,#3646,#3647);
#3645 = CARTESIAN_POINT('',(0.,0.,-254.1450460917));
#3646 = DIRECTION('',(-0.,-0.,-1.));
#3647 = DIRECTION('',(1.,0.,0.));
#3648 = DEFINITIONAL_REPRESENTATION('',(#3649),#3653);
#3649 = LINE('',#3650,#3651);
#3650 = CARTESIAN_POINT('',(-0.,0.));
#3651 = VECTOR('',#3652,1.);
#3652 = DIRECTION('',(-0.,1.));
#3653 = ( GEOMETRIC_REPRESENTATION_CONTEXT(2) 
PARAMETRIC_REPRESENTATION_CONTEXT() REPRESENTATION_CONTEXT('2D SPACE',''
  ) );
#3654 = ORIENTED_EDGE('',*,*,#3655,.F.);
#3655 = EDGE_CURVE('',#2991,#3628,#3656,.T.);
#3656 = SURFACE_CURVE('',#3657,(#3661,#3668),.PCURVE_S1.);
#3657 = LINE('',#3658,#3659);
#3658 = CARTESIAN_POINT('',(94.873070836112,0.,-252.669397426));
#3659 = VECTOR('',#3660,1.);
#3660 = DIRECTION('',(0.594282230055,0.,-0.804256570406));
#3661 = PCURVE('',#2793,#3662);
#3662 = DEFINITIONAL_REPRESENTATION('',(#3663),#3667);
#3663 = LINE('',#3664,#3665);
#3664 = CARTESIAN_POINT('',(747.33060257398,1.094873070836E+03));
#3665 = VECTOR('',#3666,1.);
#3666 = DIRECTION('',(-0.804256570406,0.594282230055));
#3667 = ( GEOMETRIC_REPRESENTATION_CONTEXT(2) 
PARAMETRIC_REPRESENTATION_CONTEXT() REPRESENTATION_CONTEXT('2D SPACE',''
  ) );
#3668 = PCURVE('',#3009,#3669);
#3669 = DEFINITIONAL_REPRESENTATION('',(#3670),#3674);
#3670 = LINE('',#3671,#3672);
#3671 = CARTESIAN_POINT('',(-0.,0.));
#3672 = VECTOR('',#3673,1.);
#3673 = DIRECTION('',(-0.,1.));
#3674 = ( GEOMETRIC_REPRESENTATION_CONTEXT(2) 
PARAMETRIC_REPRESENTATION_CONTEXT() REPRESENTATION_CONTEXT('2D SPACE',''
  ) );
#3675 = ADVANCED_FACE('',(#3676),#2926,.F.);
#3676 = FACE_BOUND('',#3677,.F.);
#3677 = EDGE_LOOP('',(#3678,#3679,#3680,#3681,#3702,#3723,#3744,#3765,
    #3786,#3807,#3828,#3849,#3870,#3891,#3919,#3940,#3961,#3982,#4003,
    #4024,#4045,#4066,#4087,#4108,#4127));
#3678 = ORIENTED_EDGE('',*,*,#2966,.F.);
#3679 = ORIENTED_EDGE('',*,*,#3072,.F.);
#3680 = ORIENTED_EDGE('',*,*,#3046,.T.);
#3681 = ORIENTED_EDGE('',*,*,#3682,.T.);
#3682 = EDGE_CURVE('',#2993,#3683,#3685,.T.);
#3683 = VERTEX_POINT('',#3684);
#3684 = CARTESIAN_POINT('',(5.876067140006E-15,95.963458918881,
    -254.1450460917));
#3685 = SURFACE_CURVE('',#3686,(#3690,#3696),.PCURVE_S1.);
#3686 = LINE('',#3687,#3688);
#3687 = CARTESIAN_POINT('',(0.,0.,-124.2753672571));
#3688 = VECTOR('',#3689,1.);
#3689 = DIRECTION('',(-0.,0.594282230055,-0.804256570406));
#3690 = PCURVE('',#2926,#3691);
#3691 = DEFINITIONAL_REPRESENTATION('',(#3692),#3695);
#3692 = B_SPLINE_CURVE_WITH_KNOTS('',1,(#3693,#3694),.UNSPECIFIED.,.F.,
  .F.,(2,2),(159.64312247287,161.47792086936),.PIECEWISE_BEZIER_KNOTS.);
#3693 = CARTESIAN_POINT('',(747.33060257398,-1.094873070836E+03));
#3694 = CARTESIAN_POINT('',(745.85495390823,-1.095963458919E+03));
#3695 = ( GEOMETRIC_REPRESENTATION_CONTEXT(2) 
PARAMETRIC_REPRESENTATION_CONTEXT() REPRESENTATION_CONTEXT('2D SPACE',''
  ) );
#3696 = PCURVE('',#3009,#3697);
#3697 = DEFINITIONAL_REPRESENTATION('',(#3698),#3701);
#3698 = B_SPLINE_CURVE_WITH_KNOTS('',1,(#3699,#3700),.UNSPECIFIED.,.F.,
  .F.,(2,2),(159.64312247287,161.47792086936),.PIECEWISE_BEZIER_KNOTS.);
#3699 = CARTESIAN_POINT('',(-1.570796326795,0.));
#3700 = CARTESIAN_POINT('',(-1.570796326795,1.475648665751));
#3701 = ( GEOMETRIC_REPRESENTATION_CONTEXT(2) 
PARAMETRIC_REPRESENTATION_CONTEXT() REPRESENTATION_CONTEXT('2D SPACE',''
  ) );
#3702 = ORIENTED_EDGE('',*,*,#3703,.T.);
#3703 = EDGE_CURVE('',#3683,#3704,#3706,.T.);
#3704 = VERTEX_POINT('',#3705);
#3705 = CARTESIAN_POINT('',(5.943146882687E-15,97.058954252363,
    -255.6015680844));
#3706 = SURFACE_CURVE('',#3707,(#3711,#3717),.PCURVE_S1.);
#3707 = LINE('',#3708,#3709);
#3708 = CARTESIAN_POINT('',(0.,0.,-126.5562886222));
#3709 = VECTOR('',#3710,1.);
#3710 = DIRECTION('',(-0.,0.601089395914,-0.799181792911));
#3711 = PCURVE('',#2926,#3712);
#3712 = DEFINITIONAL_REPRESENTATION('',(#3713),#3716);
#3713 = B_SPLINE_CURVE_WITH_KNOTS('',1,(#3714,#3715),.UNSPECIFIED.,.F.,
  .F.,(2,2),(159.64922950107,161.47174598685),.PIECEWISE_BEZIER_KNOTS.);
#3714 = CARTESIAN_POINT('',(745.85495390823,-1.095963458919E+03));
#3715 = CARTESIAN_POINT('',(744.39843191551,-1.097058954252E+03));
#3716 = ( GEOMETRIC_REPRESENTATION_CONTEXT(2) 
PARAMETRIC_REPRESENTATION_CONTEXT() REPRESENTATION_CONTEXT('2D SPACE',''
  ) );
#3717 = PCURVE('',#3643,#3718);
#3718 = DEFINITIONAL_REPRESENTATION('',(#3719),#3722);
#3719 = B_SPLINE_CURVE_WITH_KNOTS('',1,(#3720,#3721),.UNSPECIFIED.,.F.,
  .F.,(2,2),(159.64922950107,161.47174598685),.PIECEWISE_BEZIER_KNOTS.);
#3720 = CARTESIAN_POINT('',(-1.570796326795,-4.542822540036E-14));
#3721 = CARTESIAN_POINT('',(-1.570796326795,1.456521992717));
#3722 = ( GEOMETRIC_REPRESENTATION_CONTEXT(2) 
PARAMETRIC_REPRESENTATION_CONTEXT() REPRESENTATION_CONTEXT('2D SPACE',''
  ) );
#3723 = ORIENTED_EDGE('',*,*,#3724,.T.);
#3724 = EDGE_CURVE('',#3704,#3725,#3727,.T.);
#3725 = VERTEX_POINT('',#3726);
#3726 = CARTESIAN_POINT('',(6.010537903063E-15,98.159533136378,
    -257.0389921215));
#3727 = SURFACE_CURVE('',#3728,(#3732,#3738),.PCURVE_S1.);
#3728 = LINE('',#3729,#3730);
#3729 = CARTESIAN_POINT('',(0.,0.,-128.8365756946));
#3730 = VECTOR('',#3731,1.);
#3731 = DIRECTION('',(-0.,0.60792829957,-0.793991928537));
#3732 = PCURVE('',#2926,#3733);
#3733 = DEFINITIONAL_REPRESENTATION('',(#3734),#3737);
#3734 = B_SPLINE_CURVE_WITH_KNOTS('',1,(#3735,#3736),.UNSPECIFIED.,.F.,
  .F.,(2,2),(159.65526579523,161.46564192806),.PIECEWISE_BEZIER_KNOTS.);
#3735 = CARTESIAN_POINT('',(744.39843191551,-1.097058954252E+03));
#3736 = CARTESIAN_POINT('',(742.96100787843,-1.098159533136E+03));
#3737 = ( GEOMETRIC_REPRESENTATION_CONTEXT(2) 
PARAMETRIC_REPRESENTATION_CONTEXT() REPRESENTATION_CONTEXT('2D SPACE',''
  ) );
#3738 = PCURVE('',#3615,#3739);
#3739 = DEFINITIONAL_REPRESENTATION('',(#3740),#3743);
#3740 = B_SPLINE_CURVE_WITH_KNOTS('',1,(#3741,#3742),.UNSPECIFIED.,.F.,
  .F.,(2,2),(159.65526579523,161.46564192806),.PIECEWISE_BEZIER_KNOTS.);
#3741 = CARTESIAN_POINT('',(-1.570796326795,0.));
#3742 = CARTESIAN_POINT('',(-1.570796326795,1.437424037083));
#3743 = ( GEOMETRIC_REPRESENTATION_CONTEXT(2) 
PARAMETRIC_REPRESENTATION_CONTEXT() REPRESENTATION_CONTEXT('2D SPACE',''
  ) );
#3744 = ORIENTED_EDGE('',*,*,#3745,.T.);
#3745 = EDGE_CURVE('',#3725,#3746,#3748,.T.);
#3746 = VERTEX_POINT('',#3747);
#3747 = CARTESIAN_POINT('',(6.078238769934E-15,99.26517219766,
    -258.457342057));
#3748 = SURFACE_CURVE('',#3749,(#3753,#3759),.PCURVE_S1.);
#3749 = LINE('',#3750,#3751);
#3750 = CARTESIAN_POINT('',(0.,0.,-131.1167337914));
#3751 = VECTOR('',#3752,1.);
#3752 = DIRECTION('',(-0.,0.61479879457,-0.788683993875));
#3753 = PCURVE('',#2926,#3754);
#3754 = DEFINITIONAL_REPRESENTATION('',(#3755),#3758);
#3755 = B_SPLINE_CURVE_WITH_KNOTS('',1,(#3756,#3757),.UNSPECIFIED.,.F.,
  .F.,(2,2),(159.6612322654,161.45960771936),.PIECEWISE_BEZIER_KNOTS.);
#3756 = CARTESIAN_POINT('',(742.96100787843,-1.098159533136E+03));
#3757 = CARTESIAN_POINT('',(741.54265794291,-1.099265172198E+03));
#3758 = ( GEOMETRIC_REPRESENTATION_CONTEXT(2) 
PARAMETRIC_REPRESENTATION_CONTEXT() REPRESENTATION_CONTEXT('2D SPACE',''
  ) );
#3759 = PCURVE('',#3587,#3760);
#3760 = DEFINITIONAL_REPRESENTATION('',(#3761),#3764);
#3761 = B_SPLINE_CURVE_WITH_KNOTS('',1,(#3762,#3763),.UNSPECIFIED.,.F.,
  .F.,(2,2),(159.6612322654,161.45960771936),.PIECEWISE_BEZIER_KNOTS.);
#3762 = CARTESIAN_POINT('',(-1.570796326795,0.));
#3763 = CARTESIAN_POINT('',(-1.570796326795,1.41834993552));
#3764 = ( GEOMETRIC_REPRESENTATION_CONTEXT(2) 
PARAMETRIC_REPRESENTATION_CONTEXT() REPRESENTATION_CONTEXT('2D SPACE',''
  ) );
#3765 = ORIENTED_EDGE('',*,*,#3766,.T.);
#3766 = EDGE_CURVE('',#3746,#3767,#3769,.T.);
#3767 = VERTEX_POINT('',#3768);
#3768 = CARTESIAN_POINT('',(6.146248071661E-15,100.37584838241,
    -259.8566367364));
#3769 = SURFACE_CURVE('',#3770,(#3774,#3780),.PCURVE_S1.);
#3770 = LINE('',#3771,#3772);
#3771 = CARTESIAN_POINT('',(0.,0.,-133.3972847578));
#3772 = VECTOR('',#3773,1.);
#3773 = DIRECTION('',(-0.,0.621700736483,-0.783254871837));
#3774 = PCURVE('',#2926,#3775);
#3775 = DEFINITIONAL_REPRESENTATION('',(#3776),#3779);
#3776 = B_SPLINE_CURVE_WITH_KNOTS('',1,(#3777,#3778),.UNSPECIFIED.,.F.,
  .F.,(2,2),(159.66712981426,161.45364239109),.PIECEWISE_BEZIER_KNOTS.);
#3777 = CARTESIAN_POINT('',(741.54265794291,-1.099265172198E+03));
#3778 = CARTESIAN_POINT('',(740.14336326351,-1.100375848382E+03));
#3779 = ( GEOMETRIC_REPRESENTATION_CONTEXT(2) 
PARAMETRIC_REPRESENTATION_CONTEXT() REPRESENTATION_CONTEXT('2D SPACE',''
  ) );
#3780 = PCURVE('',#3559,#3781);
#3781 = DEFINITIONAL_REPRESENTATION('',(#3782),#3785);
#3782 = B_SPLINE_CURVE_WITH_KNOTS('',1,(#3783,#3784),.UNSPECIFIED.,.F.,
  .F.,(2,2),(159.66712981426,161.45364239109),.PIECEWISE_BEZIER_KNOTS.);
#3783 = CARTESIAN_POINT('',(-1.570796326795,0.));
#3784 = CARTESIAN_POINT('',(-1.570796326795,1.3992946794));
#3785 = ( GEOMETRIC_REPRESENTATION_CONTEXT(2) 
PARAMETRIC_REPRESENTATION_CONTEXT() REPRESENTATION_CONTEXT('2D SPACE',''
  ) );
#3786 = ORIENTED_EDGE('',*,*,#3787,.T.);
#3787 = EDGE_CURVE('',#3767,#3788,#3790,.T.);
#3788 = VERTEX_POINT('',#3789);
#3789 = CARTESIAN_POINT('',(6.214564415727E-15,101.49153894908,
    -261.2368898413));
#3790 = SURFACE_CURVE('',#3791,(#3795,#3801),.PCURVE_S1.);
#3791 = LINE('',#3792,#3793);
#3792 = CARTESIAN_POINT('',(0.,0.,-135.6787683189));
#3793 = VECTOR('',#3794,1.);
#3794 = DIRECTION('',(-0.,0.628633982859,-0.777701302298));
#3795 = PCURVE('',#2926,#3796);
#3796 = DEFINITIONAL_REPRESENTATION('',(#3797),#3800);
#3797 = B_SPLINE_CURVE_WITH_KNOTS('',1,(#3798,#3799),.UNSPECIFIED.,.F.,
  .F.,(2,2),(159.67295933632,161.44774497804),.PIECEWISE_BEZIER_KNOTS.);
#3798 = CARTESIAN_POINT('',(740.14336326351,-1.100375848382E+03));
#3799 = CARTESIAN_POINT('',(738.76311015864,-1.101491538949E+03));
#3800 = ( GEOMETRIC_REPRESENTATION_CONTEXT(2) 
PARAMETRIC_REPRESENTATION_CONTEXT() REPRESENTATION_CONTEXT('2D SPACE',''
  ) );
#3801 = PCURVE('',#3531,#3802);
#3802 = DEFINITIONAL_REPRESENTATION('',(#3803),#3806);
#3803 = B_SPLINE_CURVE_WITH_KNOTS('',1,(#3804,#3805),.UNSPECIFIED.,.F.,
  .F.,(2,2),(159.67295933632,161.44774497804),.PIECEWISE_BEZIER_KNOTS.);
#3804 = CARTESIAN_POINT('',(-1.570796326795,2.210360043755E-14));
#3805 = CARTESIAN_POINT('',(-1.570796326795,1.380253104866));
#3806 = ( GEOMETRIC_REPRESENTATION_CONTEXT(2) 
PARAMETRIC_REPRESENTATION_CONTEXT() REPRESENTATION_CONTEXT('2D SPACE',''
  ) );
#3807 = ORIENTED_EDGE('',*,*,#3808,.T.);
#3808 = EDGE_CURVE('',#3788,#3809,#3811,.T.);
#3809 = VERTEX_POINT('',#3810);
#3810 = CARTESIAN_POINT('',(6.283186428306E-15,102.61222146141,
    -262.598109723));
#3811 = SURFACE_CURVE('',#3812,(#3816,#3822),.PCURVE_S1.);
#3812 = LINE('',#3813,#3814);
#3813 = CARTESIAN_POINT('',(0.,0.,-137.9617435589));
#3814 = VECTOR('',#3815,1.);
#3815 = DIRECTION('',(-0.,0.635598393184,-0.772019871883));
#3816 = PCURVE('',#2926,#3817);
#3817 = DEFINITIONAL_REPRESENTATION('',(#3818),#3821);
#3818 = B_SPLINE_CURVE_WITH_KNOTS('',1,(#3819,#3820),.UNSPECIFIED.,.F.,
  .F.,(2,2),(159.67872171707,161.44191451985),.PIECEWISE_BEZIER_KNOTS.);
#3819 = CARTESIAN_POINT('',(738.76311015864,-1.101491538949E+03));
#3820 = CARTESIAN_POINT('',(737.40189027693,-1.102612221461E+03));
#3821 = ( GEOMETRIC_REPRESENTATION_CONTEXT(2) 
PARAMETRIC_REPRESENTATION_CONTEXT() REPRESENTATION_CONTEXT('2D SPACE',''
  ) );
#3822 = PCURVE('',#3503,#3823);
#3823 = DEFINITIONAL_REPRESENTATION('',(#3824),#3827);
#3824 = B_SPLINE_CURVE_WITH_KNOTS('',1,(#3825,#3826),.UNSPECIFIED.,.F.,
  .F.,(2,2),(159.67872171707,161.44191451985),.PIECEWISE_BEZIER_KNOTS.);
#3825 = CARTESIAN_POINT('',(-1.570796326795,2.194212447314E-14));
#3826 = CARTESIAN_POINT('',(-1.570796326795,1.361219881711));
#3827 = ( GEOMETRIC_REPRESENTATION_CONTEXT(2) 
PARAMETRIC_REPRESENTATION_CONTEXT() REPRESENTATION_CONTEXT('2D SPACE',''
  ) );
#3828 = ORIENTED_EDGE('',*,*,#3829,.T.);
#3829 = EDGE_CURVE('',#3809,#3830,#3832,.T.);
#3830 = VERTEX_POINT('',#3831);
#3831 = CARTESIAN_POINT('',(6.35211275385E-15,103.7378737816,
    -263.940299224));
#3832 = SURFACE_CURVE('',#3833,(#3837,#3843),.PCURVE_S1.);
#3833 = LINE('',#3834,#3835);
#3834 = CARTESIAN_POINT('',(0.,0.,-140.2467905426));
#3835 = VECTOR('',#3836,1.);
#3836 = DIRECTION('',(-0.,0.642593828843,-0.766207002795));
#3837 = PCURVE('',#2926,#3838);
#3838 = DEFINITIONAL_REPRESENTATION('',(#3839),#3842);
#3839 = B_SPLINE_CURVE_WITH_KNOTS('',1,(#3840,#3841),.UNSPECIFIED.,.F.,
  .F.,(2,2),(159.68441783225,161.43615006133),.PIECEWISE_BEZIER_KNOTS.);
#3840 = CARTESIAN_POINT('',(737.40189027693,-1.102612221461E+03));
#3841 = CARTESIAN_POINT('',(736.05970077598,-1.103737873782E+03));
#3842 = ( GEOMETRIC_REPRESENTATION_CONTEXT(2) 
PARAMETRIC_REPRESENTATION_CONTEXT() REPRESENTATION_CONTEXT('2D SPACE',''
  ) );
#3843 = PCURVE('',#3475,#3844);
#3844 = DEFINITIONAL_REPRESENTATION('',(#3845),#3848);
#3845 = B_SPLINE_CURVE_WITH_KNOTS('',1,(#3846,#3847),.UNSPECIFIED.,.F.,
  .F.,(2,2),(159.68441783225,161.43615006133),.PIECEWISE_BEZIER_KNOTS.);
#3846 = CARTESIAN_POINT('',(-1.570796326795,0.));
#3847 = CARTESIAN_POINT('',(-1.570796326795,1.342189500948));
#3848 = ( GEOMETRIC_REPRESENTATION_CONTEXT(2) 
PARAMETRIC_REPRESENTATION_CONTEXT() REPRESENTATION_CONTEXT('2D SPACE',''
  ) );
#3849 = ORIENTED_EDGE('',*,*,#3850,.T.);
#3850 = EDGE_CURVE('',#3830,#3851,#3853,.T.);
#3851 = VERTEX_POINT('',#3852);
#3852 = CARTESIAN_POINT('',(6.421342054687E-15,104.86847406383,
    -265.2634554849));
#3853 = SURFACE_CURVE('',#3854,(#3858,#3864),.PCURVE_S1.);
#3854 = LINE('',#3855,#3856);
#3855 = CARTESIAN_POINT('',(0.,0.,-142.5345120957));
#3856 = VECTOR('',#3857,1.);
#3857 = DIRECTION('',(-0.,0.649620153075,-0.760258940572));
#3858 = PCURVE('',#2926,#3859);
#3859 = DEFINITIONAL_REPRESENTATION('',(#3860),#3863);
#3860 = B_SPLINE_CURVE_WITH_KNOTS('',1,(#3861,#3862),.UNSPECIFIED.,.F.,
  .F.,(2,2),(159.69004854702,161.43045065259),.PIECEWISE_BEZIER_KNOTS.);
#3861 = CARTESIAN_POINT('',(736.05970077598,-1.103737873782E+03));
#3862 = CARTESIAN_POINT('',(734.73654451504,-1.104868474064E+03));
#3863 = ( GEOMETRIC_REPRESENTATION_CONTEXT(2) 
PARAMETRIC_REPRESENTATION_CONTEXT() REPRESENTATION_CONTEXT('2D SPACE',''
  ) );
#3864 = PCURVE('',#3447,#3865);
#3865 = DEFINITIONAL_REPRESENTATION('',(#3866),#3869);
#3866 = B_SPLINE_CURVE_WITH_KNOTS('',1,(#3867,#3868),.UNSPECIFIED.,.F.,
  .F.,(2,2),(159.69004854702,161.43045065259),.PIECEWISE_BEZIER_KNOTS.);
#3867 = CARTESIAN_POINT('',(-1.570796326795,0.));
#3868 = CARTESIAN_POINT('',(-1.570796326795,1.323156260947));
#3869 = ( GEOMETRIC_REPRESENTATION_CONTEXT(2) 
PARAMETRIC_REPRESENTATION_CONTEXT() REPRESENTATION_CONTEXT('2D SPACE',''
  ) );
#3870 = ORIENTED_EDGE('',*,*,#3871,.T.);
#3871 = EDGE_CURVE('',#3851,#3872,#3874,.T.);
#3872 = VERTEX_POINT('',#3873);
#3873 = CARTESIAN_POINT('',(0.,105.44257450327,-265.9227905544));
#3874 = SURFACE_CURVE('',#3875,(#3879,#3885),.PCURVE_S1.);
#3875 = LINE('',#3876,#3877);
#3876 = CARTESIAN_POINT('',(0.,0.,-144.8255357635));
#3877 = VECTOR('',#3878,1.);
#3878 = DIRECTION('',(-0.,0.656677230936,-0.754171740634));
#3879 = PCURVE('',#2926,#3880);
#3880 = DEFINITIONAL_REPRESENTATION('',(#3881),#3884);
#3881 = B_SPLINE_CURVE_WITH_KNOTS('',1,(#3882,#3883),.UNSPECIFIED.,.F.,
  .F.,(2,2),(159.69561471529,161.4248153492),.PIECEWISE_BEZIER_KNOTS.);
#3882 = CARTESIAN_POINT('',(734.73654451504,-1.104868474064E+03));
#3883 = CARTESIAN_POINT('',(733.43243026306,-1.106004000748E+03));
#3884 = ( GEOMETRIC_REPRESENTATION_CONTEXT(2) 
PARAMETRIC_REPRESENTATION_CONTEXT() REPRESENTATION_CONTEXT('2D SPACE',''
  ) );
#3885 = PCURVE('',#3419,#3886);
#3886 = DEFINITIONAL_REPRESENTATION('',(#3887),#3890);
#3887 = B_SPLINE_CURVE_WITH_KNOTS('',1,(#3888,#3889),.UNSPECIFIED.,.F.,
  .F.,(2,2),(159.69561471529,161.4248153492),.PIECEWISE_BEZIER_KNOTS.);
#3888 = CARTESIAN_POINT('',(-1.570796326795,0.));
#3889 = CARTESIAN_POINT('',(-1.570796326795,1.304114251975));
#3890 = ( GEOMETRIC_REPRESENTATION_CONTEXT(2) 
PARAMETRIC_REPRESENTATION_CONTEXT() REPRESENTATION_CONTEXT('2D SPACE',''
  ) );
#3891 = ORIENTED_EDGE('',*,*,#3892,.T.);
#3892 = EDGE_CURVE('',#3872,#3893,#3895,.T.);
#3893 = VERTEX_POINT('',#3894);
#3894 = CARTESIAN_POINT('',(0.,105.44257450327,-264.1119630934));
#3895 = SURFACE_CURVE('',#3896,(#3900,#3907),.PCURVE_S1.);
#3896 = LINE('',#3897,#3898);
#3897 = CARTESIAN_POINT('',(0.,105.44257450327,-273.2938170238));
#3898 = VECTOR('',#3899,1.);
#3899 = DIRECTION('',(0.,0.,1.));
#3900 = PCURVE('',#2926,#3901);
#3901 = DEFINITIONAL_REPRESENTATION('',(#3902),#3906);
#3902 = LINE('',#3903,#3904);
#3903 = CARTESIAN_POINT('',(726.70618297614,-1.105442574503E+03));
#3904 = VECTOR('',#3905,1.);
#3905 = DIRECTION('',(1.,0.));
#3906 = ( GEOMETRIC_REPRESENTATION_CONTEXT(2) 
PARAMETRIC_REPRESENTATION_CONTEXT() REPRESENTATION_CONTEXT('2D SPACE',''
  ) );
#3907 = PCURVE('',#3908,#3913);
#3908 = PLANE('',#3909);
#3909 = AXIS2_PLACEMENT_3D('',#3910,#3911,#3912);
#3910 = CARTESIAN_POINT('',(-2.,105.44257450327,-273.2938170238));
#3911 = DIRECTION('',(-0.,1.,0.));
#3912 = DIRECTION('',(0.,0.,1.));
#3913 = DEFINITIONAL_REPRESENTATION('',(#3914),#3918);
#3914 = LINE('',#3915,#3916);
#3915 = CARTESIAN_POINT('',(0.,2.));
#3916 = VECTOR('',#3917,1.);
#3917 = DIRECTION('',(1.,0.));
#3918 = ( GEOMETRIC_REPRESENTATION_CONTEXT(2) 
PARAMETRIC_REPRESENTATION_CONTEXT() REPRESENTATION_CONTEXT('2D SPACE',''
  ) );
#3919 = ORIENTED_EDGE('',*,*,#3920,.F.);
#3920 = EDGE_CURVE('',#3921,#3893,#3923,.T.);
#3921 = VERTEX_POINT('',#3922);
#3922 = CARTESIAN_POINT('',(6.432996729271E-15,105.05880934404,
    -263.6076201584));
#3923 = SURFACE_CURVE('',#3924,(#3928,#3934),.PCURVE_S1.);
#3924 = LINE('',#3925,#3926);
#3925 = CARTESIAN_POINT('',(0.,0.,-125.5396716236));
#3926 = VECTOR('',#3927,1.);
#3927 = DIRECTION('',(-0.,0.60554778509,-0.795808946904));
#3928 = PCURVE('',#2926,#3929);
#3929 = DEFINITIONAL_REPRESENTATION('',(#3930),#3933);
#3930 = B_SPLINE_CURVE_WITH_KNOTS('',1,(#3931,#3932),.UNSPECIFIED.,.F.,
  .F.,(2,2),(173.49383802718,175.28063092185),.PIECEWISE_BEZIER_KNOTS.);
#3931 = CARTESIAN_POINT('',(736.39237984154,-1.105058809344E+03));
#3932 = CARTESIAN_POINT('',(734.97043406969,-1.106140797824E+03));
#3933 = ( GEOMETRIC_REPRESENTATION_CONTEXT(2) 
PARAMETRIC_REPRESENTATION_CONTEXT() REPRESENTATION_CONTEXT('2D SPACE',''
  ) );
#3934 = PCURVE('',#3363,#3935);
#3935 = DEFINITIONAL_REPRESENTATION('',(#3936),#3939);
#3936 = B_SPLINE_CURVE_WITH_KNOTS('',1,(#3937,#3938),.UNSPECIFIED.,.F.,
  .F.,(2,2),(173.49383802718,175.28063092185),.PIECEWISE_BEZIER_KNOTS.);
#3937 = CARTESIAN_POINT('',(-1.570796326795,-1.421945771848));
#3938 = CARTESIAN_POINT('',(-1.570796326795,0.));
#3939 = ( GEOMETRIC_REPRESENTATION_CONTEXT(2) 
PARAMETRIC_REPRESENTATION_CONTEXT() REPRESENTATION_CONTEXT('2D SPACE',''
  ) );
#3940 = ORIENTED_EDGE('',*,*,#3941,.F.);
#3941 = EDGE_CURVE('',#3942,#3921,#3944,.T.);
#3942 = VERTEX_POINT('',#3943);
#3943 = CARTESIAN_POINT('',(6.367004745777E-15,103.98107846621,
    -262.1668201964));
#3944 = SURFACE_CURVE('',#3945,(#3949,#3955),.PCURVE_S1.);
#3945 = LINE('',#3946,#3947);
#3946 = CARTESIAN_POINT('',(0.,0.,-123.1562963373));
#3947 = VECTOR('',#3948,1.);
#3948 = DIRECTION('',(-0.,0.598978981368,-0.800764746901));
#3949 = PCURVE('',#2926,#3950);
#3950 = DEFINITIONAL_REPRESENTATION('',(#3951),#3954);
#3951 = B_SPLINE_CURVE_WITH_KNOTS('',1,(#3952,#3953),.UNSPECIFIED.,.F.,
  .F.,(2,2),(173.59720741579,175.39648737611),.PIECEWISE_BEZIER_KNOTS.);
#3952 = CARTESIAN_POINT('',(737.83317980357,-1.103981078466E+03));
#3953 = CARTESIAN_POINT('',(736.39237984154,-1.105058809344E+03));
#3954 = ( GEOMETRIC_REPRESENTATION_CONTEXT(2) 
PARAMETRIC_REPRESENTATION_CONTEXT() REPRESENTATION_CONTEXT('2D SPACE',''
  ) );
#3955 = PCURVE('',#3335,#3956);
#3956 = DEFINITIONAL_REPRESENTATION('',(#3957),#3960);
#3957 = B_SPLINE_CURVE_WITH_KNOTS('',1,(#3958,#3959),.UNSPECIFIED.,.F.,
  .F.,(2,2),(173.59720741579,175.39648737611),.PIECEWISE_BEZIER_KNOTS.);
#3958 = CARTESIAN_POINT('',(-1.570796326795,-1.440799962029));
#3959 = CARTESIAN_POINT('',(-1.570796326795,-2.275910295853E-14));
#3960 = ( GEOMETRIC_REPRESENTATION_CONTEXT(2) 
PARAMETRIC_REPRESENTATION_CONTEXT() REPRESENTATION_CONTEXT('2D SPACE',''
  ) );
#3961 = ORIENTED_EDGE('',*,*,#3962,.F.);
#3962 = EDGE_CURVE('',#3963,#3942,#3965,.T.);
#3963 = VERTEX_POINT('',#3964);
#3964 = CARTESIAN_POINT('',(6.301276083022E-15,102.9076479424,
    -260.7071532124));
#3965 = SURFACE_CURVE('',#3966,(#3970,#3976),.PCURVE_S1.);
#3966 = LINE('',#3967,#3968);
#3967 = CARTESIAN_POINT('',(0.,0.,-120.7717845355));
#3968 = VECTOR('',#3969,1.);
#3969 = DIRECTION('',(-0.,0.592442743023,-0.805612559634));
#3970 = PCURVE('',#2926,#3971);
#3971 = DEFINITIONAL_REPRESENTATION('',(#3972),#3975);
#3972 = B_SPLINE_CURVE_WITH_KNOTS('',1,(#3973,#3974),.UNSPECIFIED.,.F.,
  .F.,(2,2),(173.70057976808,175.51245194721),.PIECEWISE_BEZIER_KNOTS.);
#3973 = CARTESIAN_POINT('',(739.29284678753,-1.102907647942E+03));
#3974 = CARTESIAN_POINT('',(737.83317980357,-1.103981078466E+03));
#3975 = ( GEOMETRIC_REPRESENTATION_CONTEXT(2) 
PARAMETRIC_REPRESENTATION_CONTEXT() REPRESENTATION_CONTEXT('2D SPACE',''
  ) );
#3976 = PCURVE('',#3307,#3977);
#3977 = DEFINITIONAL_REPRESENTATION('',(#3978),#3981);
#3978 = B_SPLINE_CURVE_WITH_KNOTS('',1,(#3979,#3980),.UNSPECIFIED.,.F.,
  .F.,(2,2),(173.70057976808,175.51245194721),.PIECEWISE_BEZIER_KNOTS.);
#3979 = CARTESIAN_POINT('',(-1.570796326795,-1.459666983957));
#3980 = CARTESIAN_POINT('',(-1.570796326795,-2.28968860834E-14));
#3981 = ( GEOMETRIC_REPRESENTATION_CONTEXT(2) 
PARAMETRIC_REPRESENTATION_CONTEXT() REPRESENTATION_CONTEXT('2D SPACE',''
  ) );
#3982 = ORIENTED_EDGE('',*,*,#3983,.F.);
#3983 = EDGE_CURVE('',#3984,#3963,#3986,.T.);
#3984 = VERTEX_POINT('',#3985);
#3985 = CARTESIAN_POINT('',(6.235813323562E-15,101.83855994893,
    -259.2286012226));
#3986 = SURFACE_CURVE('',#3987,(#3991,#3997),.PCURVE_S1.);
#3987 = LINE('',#3988,#3989);
#3988 = CARTESIAN_POINT('',(0.,0.,-118.385558954));
#3989 = VECTOR('',#3990,1.);
#3990 = DIRECTION('',(-0.,0.585938866572,-0.810355258291));
#3991 = PCURVE('',#2926,#3992);
#3992 = DEFINITIONAL_REPRESENTATION('',(#3993),#3996);
#3993 = B_SPLINE_CURVE_WITH_KNOTS('',1,(#3994,#3995),.UNSPECIFIED.,.F.,
  .F.,(2,2),(173.80407028587,175.62864287264),.PIECEWISE_BEZIER_KNOTS.);
#3994 = CARTESIAN_POINT('',(740.77139877735,-1.101838559949E+03));
#3995 = CARTESIAN_POINT('',(739.29284678753,-1.102907647942E+03));
#3996 = ( GEOMETRIC_REPRESENTATION_CONTEXT(2) 
PARAMETRIC_REPRESENTATION_CONTEXT() REPRESENTATION_CONTEXT('2D SPACE',''
  ) );
#3997 = PCURVE('',#3279,#3998);
#3998 = DEFINITIONAL_REPRESENTATION('',(#3999),#4002);
#3999 = B_SPLINE_CURVE_WITH_KNOTS('',1,(#4000,#4001),.UNSPECIFIED.,.F.,
  .F.,(2,2),(173.80407028587,175.62864287264),.PIECEWISE_BEZIER_KNOTS.);
#4000 = CARTESIAN_POINT('',(-1.570796326795,-1.478551989823));
#4001 = CARTESIAN_POINT('',(-1.570796326795,0.));
#4002 = ( GEOMETRIC_REPRESENTATION_CONTEXT(2) 
PARAMETRIC_REPRESENTATION_CONTEXT() REPRESENTATION_CONTEXT('2D SPACE',''
  ) );
#4003 = ORIENTED_EDGE('',*,*,#4004,.F.);
#4004 = EDGE_CURVE('',#4005,#3984,#4007,.T.);
#4005 = VERTEX_POINT('',#4006);
#4006 = CARTESIAN_POINT('',(6.170619018727E-15,100.77385615221,
    -257.7311412463));
#4007 = SURFACE_CURVE('',#4008,(#4012,#4018),.PCURVE_S1.);
#4008 = LINE('',#4009,#4010);
#4009 = CARTESIAN_POINT('',(0.,0.,-115.9970582915));
#4010 = VECTOR('',#4011,1.);
#4011 = DIRECTION('',(-0.,0.5794671682,-0.81499558341));
#4012 = PCURVE('',#2926,#4013);
#4013 = DEFINITIONAL_REPRESENTATION('',(#4014),#4017);
#4014 = B_SPLINE_CURVE_WITH_KNOTS('',1,(#4015,#4016),.UNSPECIFIED.,.F.,
  .F.,(2,2),(173.90779267995,175.74517684104),.PIECEWISE_BEZIER_KNOTS.);
#4015 = CARTESIAN_POINT('',(742.26885875367,-1.100773856152E+03));
#4016 = CARTESIAN_POINT('',(740.77139877735,-1.101838559949E+03));
#4017 = ( GEOMETRIC_REPRESENTATION_CONTEXT(2) 
PARAMETRIC_REPRESENTATION_CONTEXT() REPRESENTATION_CONTEXT('2D SPACE',''
  ) );
#4018 = PCURVE('',#3251,#4019);
#4019 = DEFINITIONAL_REPRESENTATION('',(#4020),#4023);
#4020 = B_SPLINE_CURVE_WITH_KNOTS('',1,(#4021,#4022),.UNSPECIFIED.,.F.,
  .F.,(2,2),(173.90779267995,175.74517684104),.PIECEWISE_BEZIER_KNOTS.);
#4021 = CARTESIAN_POINT('',(-1.570796326795,-1.497459976315));
#4022 = CARTESIAN_POINT('',(-1.570796326795,2.316356765874E-14));
#4023 = ( GEOMETRIC_REPRESENTATION_CONTEXT(2) 
PARAMETRIC_REPRESENTATION_CONTEXT() REPRESENTATION_CONTEXT('2D SPACE',''
  ) );
#4024 = ORIENTED_EDGE('',*,*,#4025,.F.);
#4025 = EDGE_CURVE('',#4026,#4005,#4028,.T.);
#4026 = VERTEX_POINT('',#4027);
#4027 = CARTESIAN_POINT('',(6.105695692373E-15,99.713577769914,
    -256.2147454517));
#4028 = SURFACE_CURVE('',#4029,(#4033,#4039),.PCURVE_S1.);
#4029 = LINE('',#4030,#4031);
#4030 = CARTESIAN_POINT('',(0.,0.,-113.6057358614));
#4031 = VECTOR('',#4032,1.);
#4032 = DIRECTION('',(-0.,0.57302748284,-0.81953615168));
#4033 = PCURVE('',#2926,#4034);
#4034 = DEFINITIONAL_REPRESENTATION('',(#4035),#4038);
#4035 = B_SPLINE_CURVE_WITH_KNOTS('',1,(#4036,#4037),.UNSPECIFIED.,.F.,
  .F.,(2,2),(174.011859389,175.86216921541),.PIECEWISE_BEZIER_KNOTS.);
#4036 = CARTESIAN_POINT('',(743.78525454821,-1.09971357777E+03));
#4037 = CARTESIAN_POINT('',(742.26885875367,-1.100773856152E+03));
#4038 = ( GEOMETRIC_REPRESENTATION_CONTEXT(2) 
PARAMETRIC_REPRESENTATION_CONTEXT() REPRESENTATION_CONTEXT('2D SPACE',''
  ) );
#4039 = PCURVE('',#3223,#4040);
#4040 = DEFINITIONAL_REPRESENTATION('',(#4041),#4044);
#4041 = B_SPLINE_CURVE_WITH_KNOTS('',1,(#4042,#4043),.UNSPECIFIED.,.F.,
  .F.,(2,2),(174.011859389,175.86216921541),.PIECEWISE_BEZIER_KNOTS.);
#4042 = CARTESIAN_POINT('',(-1.570796326795,-1.516395794546));
#4043 = CARTESIAN_POINT('',(-1.570796326795,0.));
#4044 = ( GEOMETRIC_REPRESENTATION_CONTEXT(2) 
PARAMETRIC_REPRESENTATION_CONTEXT() REPRESENTATION_CONTEXT('2D SPACE',''
  ) );
#4045 = ORIENTED_EDGE('',*,*,#4046,.F.);
#4046 = EDGE_CURVE('',#4047,#4026,#4049,.T.);
#4047 = VERTEX_POINT('',#4048);
#4048 = CARTESIAN_POINT('',(6.041045844369E-15,98.657765628016,
    -254.6793812929));
#4049 = SURFACE_CURVE('',#4050,(#4054,#4060),.PCURVE_S1.);
#4050 = LINE('',#4051,#4052);
#4051 = CARTESIAN_POINT('',(0.,0.,-111.2110583511));
#4052 = VECTOR('',#4053,1.);
#4053 = DIRECTION('',(-0.,0.566619663329,-0.823979464021));
#4054 = PCURVE('',#2926,#4055);
#4055 = DEFINITIONAL_REPRESENTATION('',(#4056),#4059);
#4056 = B_SPLINE_CURVE_WITH_KNOTS('',1,(#4057,#4058),.UNSPECIFIED.,.F.,
  .F.,(2,2),(174.11638178656,175.97973424364),.PIECEWISE_BEZIER_KNOTS.);
#4057 = CARTESIAN_POINT('',(745.32061870709,-1.098657765628E+03));
#4058 = CARTESIAN_POINT('',(743.78525454821,-1.09971357777E+03));
#4059 = ( GEOMETRIC_REPRESENTATION_CONTEXT(2) 
PARAMETRIC_REPRESENTATION_CONTEXT() REPRESENTATION_CONTEXT('2D SPACE',''
  ) );
#4060 = PCURVE('',#3195,#4061);
#4061 = DEFINITIONAL_REPRESENTATION('',(#4062),#4065);
#4062 = B_SPLINE_CURVE_WITH_KNOTS('',1,(#4063,#4064),.UNSPECIFIED.,.F.,
  .F.,(2,2),(174.11638178656,175.97973424364),.PIECEWISE_BEZIER_KNOTS.);
#4063 = CARTESIAN_POINT('',(-1.570796326795,-1.535364158873));
#4064 = CARTESIAN_POINT('',(-1.570796326795,0.));
#4065 = ( GEOMETRIC_REPRESENTATION_CONTEXT(2) 
PARAMETRIC_REPRESENTATION_CONTEXT() REPRESENTATION_CONTEXT('2D SPACE',''
  ) );
#4066 = ORIENTED_EDGE('',*,*,#4067,.F.);
#4067 = EDGE_CURVE('',#4068,#4047,#4070,.T.);
#4068 = VERTEX_POINT('',#4069);
#4069 = CARTESIAN_POINT('',(5.976671953866E-15,97.606460214109,
    -253.1250116381));
#4070 = SURFACE_CURVE('',#4071,(#4075,#4081),.PCURVE_S1.);
#4071 = LINE('',#4072,#4073);
#4072 = CARTESIAN_POINT('',(0.,0.,-108.8125046788));
#4073 = VECTOR('',#4074,1.);
#4074 = DIRECTION('',(-0.,0.560243579639,-0.828327913011));
#4075 = PCURVE('',#2926,#4076);
#4076 = DEFINITIONAL_REPRESENTATION('',(#4077),#4080);
#4077 = B_SPLINE_CURVE_WITH_KNOTS('',1,(#4078,#4079),.UNSPECIFIED.,.F.,
  .F.,(2,2),(174.22147037723,176.09798525775),.PIECEWISE_BEZIER_KNOTS.);
#4078 = CARTESIAN_POINT('',(746.8749883618,-1.097606460214E+03));
#4079 = CARTESIAN_POINT('',(745.32061870709,-1.098657765628E+03));
#4080 = ( GEOMETRIC_REPRESENTATION_CONTEXT(2) 
PARAMETRIC_REPRESENTATION_CONTEXT() REPRESENTATION_CONTEXT('2D SPACE',''
  ) );
#4081 = PCURVE('',#3167,#4082);
#4082 = DEFINITIONAL_REPRESENTATION('',(#4083),#4086);
#4083 = B_SPLINE_CURVE_WITH_KNOTS('',1,(#4084,#4085),.UNSPECIFIED.,.F.,
  .F.,(2,2),(174.22147037723,176.09798525775),.PIECEWISE_BEZIER_KNOTS.);
#4084 = CARTESIAN_POINT('',(-1.570796326795,-1.554369654713));
#4085 = CARTESIAN_POINT('',(-1.570796326795,-2.354249525669E-14));
#4086 = ( GEOMETRIC_REPRESENTATION_CONTEXT(2) 
PARAMETRIC_REPRESENTATION_CONTEXT() REPRESENTATION_CONTEXT('2D SPACE',''
  ) );
#4087 = ORIENTED_EDGE('',*,*,#4088,.F.);
#4088 = EDGE_CURVE('',#4089,#4068,#4091,.T.);
#4089 = VERTEX_POINT('',#4090);
#4090 = CARTESIAN_POINT('',(5.912576482356E-15,96.559701727422,
    -251.5515948927));
#4091 = SURFACE_CURVE('',#4092,(#4096,#4102),.PCURVE_S1.);
#4092 = LINE('',#4093,#4094);
#4093 = CARTESIAN_POINT('',(0.,0.,-106.4095649382));
#4094 = VECTOR('',#4095,1.);
#4095 = DIRECTION('',(-0.,0.553899118153,-0.832583789723));
#4096 = PCURVE('',#2926,#4097);
#4097 = DEFINITIONAL_REPRESENTATION('',(#4098),#4101);
#4098 = B_SPLINE_CURVE_WITH_KNOTS('',1,(#4099,#4100),.UNSPECIFIED.,.F.,
  .F.,(2,2),(174.32723498358,176.21703486299),.PIECEWISE_BEZIER_KNOTS.);
#4099 = CARTESIAN_POINT('',(748.44840510721,-1.096559701727E+03));
#4100 = CARTESIAN_POINT('',(746.8749883618,-1.097606460214E+03));
#4101 = ( GEOMETRIC_REPRESENTATION_CONTEXT(2) 
PARAMETRIC_REPRESENTATION_CONTEXT() REPRESENTATION_CONTEXT('2D SPACE',''
  ) );
#4102 = PCURVE('',#3139,#4103);
#4103 = DEFINITIONAL_REPRESENTATION('',(#4104),#4107);
#4104 = B_SPLINE_CURVE_WITH_KNOTS('',1,(#4105,#4106),.UNSPECIFIED.,.F.,
  .F.,(2,2),(174.32723498358,176.21703486299),.PIECEWISE_BEZIER_KNOTS.);
#4105 = CARTESIAN_POINT('',(-1.570796326795,-1.573416745412));
#4106 = CARTESIAN_POINT('',(-1.570796326795,0.));
#4107 = ( GEOMETRIC_REPRESENTATION_CONTEXT(2) 
PARAMETRIC_REPRESENTATION_CONTEXT() REPRESENTATION_CONTEXT('2D SPACE',''
  ) );
#4108 = ORIENTED_EDGE('',*,*,#4109,.F.);
#4109 = EDGE_CURVE('',#2883,#4089,#4110,.T.);
#4110 = SURFACE_CURVE('',#4111,(#4115,#4121),.PCURVE_S1.);
#4111 = LINE('',#4112,#4113);
#4112 = CARTESIAN_POINT('',(0.,0.,-104.0017394214));
#4113 = VECTOR('',#4114,1.);
#4114 = DIRECTION('',(-0.,0.547586181009,-0.836749290031));
#4115 = PCURVE('',#2926,#4116);
#4116 = DEFINITIONAL_REPRESENTATION('',(#4117),#4120);
#4117 = B_SPLINE_CURVE_WITH_KNOTS('',1,(#4118,#4119),.UNSPECIFIED.,.F.,
  .F.,(2,2),(174.4337849246,176.33699511816),.PIECEWISE_BEZIER_KNOTS.);
#4118 = CARTESIAN_POINT('',(750.04091488545,-1.095517530126E+03));
#4119 = CARTESIAN_POINT('',(748.44840510721,-1.096559701727E+03));
#4120 = ( GEOMETRIC_REPRESENTATION_CONTEXT(2) 
PARAMETRIC_REPRESENTATION_CONTEXT() REPRESENTATION_CONTEXT('2D SPACE',''
  ) );
#4121 = PCURVE('',#2899,#4122);
#4122 = DEFINITIONAL_REPRESENTATION('',(#4123),#4126);
#4123 = B_SPLINE_CURVE_WITH_KNOTS('',1,(#4124,#4125),.UNSPECIFIED.,.F.,
  .F.,(2,2),(174.4337849246,176.33699511816),.PIECEWISE_BEZIER_KNOTS.);
#4124 = CARTESIAN_POINT('',(-1.570796326795,-1.592509778238));
#4125 = CARTESIAN_POINT('',(-1.570796326795,0.));
#4126 = ( GEOMETRIC_REPRESENTATION_CONTEXT(2) 
PARAMETRIC_REPRESENTATION_CONTEXT() REPRESENTATION_CONTEXT('2D SPACE',''
  ) );
#4127 = ORIENTED_EDGE('',*,*,#2911,.F.);
#4128 = ADVANCED_FACE('',(#4129),#2899,.T.);
#4129 = FACE_BOUND('',#4130,.T.);
#4130 = EDGE_LOOP('',(#4131,#4132,#4154,#4155));
#4131 = ORIENTED_EDGE('',*,*,#3100,.F.);
#4132 = ORIENTED_EDGE('',*,*,#4133,.T.);
#4133 = EDGE_CURVE('',#3101,#4089,#4134,.T.);
#4134 = SURFACE_CURVE('',#4135,(#4140,#4147),.PCURVE_S1.);
#4135 = CIRCLE('',#4136,96.559701727422);
#4136 = AXIS2_PLACEMENT_3D('',#4137,#4138,#4139);
#4137 = CARTESIAN_POINT('',(0.,0.,-251.5515948927));
#4138 = DIRECTION('',(0.,0.,1.));
#4139 = DIRECTION('',(1.,0.,-0.));
#4140 = PCURVE('',#2899,#4141);
#4141 = DEFINITIONAL_REPRESENTATION('',(#4142),#4146);
#4142 = LINE('',#4143,#4144);
#4143 = CARTESIAN_POINT('',(-0.,-0.));
#4144 = VECTOR('',#4145,1.);
#4145 = DIRECTION('',(-1.,-0.));
#4146 = ( GEOMETRIC_REPRESENTATION_CONTEXT(2) 
PARAMETRIC_REPRESENTATION_CONTEXT() REPRESENTATION_CONTEXT('2D SPACE',''
  ) );
#4147 = PCURVE('',#3139,#4148);
#4148 = DEFINITIONAL_REPRESENTATION('',(#4149),#4153);
#4149 = LINE('',#4150,#4151);
#4150 = CARTESIAN_POINT('',(-0.,-1.573416745412));
#4151 = VECTOR('',#4152,1.);
#4152 = DIRECTION('',(-1.,-0.));
#4153 = ( GEOMETRIC_REPRESENTATION_CONTEXT(2) 
PARAMETRIC_REPRESENTATION_CONTEXT() REPRESENTATION_CONTEXT('2D SPACE',''
  ) );
#4154 = ORIENTED_EDGE('',*,*,#4109,.F.);
#4155 = ORIENTED_EDGE('',*,*,#2882,.F.);
#4156 = ADVANCED_FACE('',(#4157),#3009,.F.);
#4157 = FACE_BOUND('',#4158,.T.);
#4158 = EDGE_LOOP('',(#4159,#4160,#4161,#4162));
#4159 = ORIENTED_EDGE('',*,*,#3655,.F.);
#4160 = ORIENTED_EDGE('',*,*,#2990,.T.);
#4161 = ORIENTED_EDGE('',*,*,#3682,.T.);
#4162 = ORIENTED_EDGE('',*,*,#4163,.F.);
#4163 = EDGE_CURVE('',#3628,#3683,#4164,.T.);
#4164 = SURFACE_CURVE('',#4165,(#4170,#4177),.PCURVE_S1.);
#4165 = CIRCLE('',#4166,95.963458918881);
#4166 = AXIS2_PLACEMENT_3D('',#4167,#4168,#4169);
#4167 = CARTESIAN_POINT('',(0.,0.,-254.1450460917));
#4168 = DIRECTION('',(0.,0.,1.));
#4169 = DIRECTION('',(1.,0.,-0.));
#4170 = PCURVE('',#3009,#4171);
#4171 = DEFINITIONAL_REPRESENTATION('',(#4172),#4176);
#4172 = LINE('',#4173,#4174);
#4173 = CARTESIAN_POINT('',(-0.,1.475648665751));
#4174 = VECTOR('',#4175,1.);
#4175 = DIRECTION('',(-1.,0.));
#4176 = ( GEOMETRIC_REPRESENTATION_CONTEXT(2) 
PARAMETRIC_REPRESENTATION_CONTEXT() REPRESENTATION_CONTEXT('2D SPACE',''
  ) );
#4177 = PCURVE('',#3643,#4178);
#4178 = DEFINITIONAL_REPRESENTATION('',(#4179),#4183);
#4179 = LINE('',#4180,#4181);
#4180 = CARTESIAN_POINT('',(-0.,0.));
#4181 = VECTOR('',#4182,1.);
#4182 = DIRECTION('',(-1.,0.));
#4183 = ( GEOMETRIC_REPRESENTATION_CONTEXT(2) 
PARAMETRIC_REPRESENTATION_CONTEXT() REPRESENTATION_CONTEXT('2D SPACE',''
  ) );
#4184 = ADVANCED_FACE('',(#4185),#3643,.F.);
#4185 = FACE_BOUND('',#4186,.T.);
#4186 = EDGE_LOOP('',(#4187,#4188,#4189,#4190));
#4187 = ORIENTED_EDGE('',*,*,#3627,.F.);
#4188 = ORIENTED_EDGE('',*,*,#4163,.T.);
#4189 = ORIENTED_EDGE('',*,*,#3703,.T.);
#4190 = ORIENTED_EDGE('',*,*,#4191,.F.);
#4191 = EDGE_CURVE('',#3600,#3704,#4192,.T.);
#4192 = SURFACE_CURVE('',#4193,(#4198,#4205),.PCURVE_S1.);
#4193 = CIRCLE('',#4194,97.058954252363);
#4194 = AXIS2_PLACEMENT_3D('',#4195,#4196,#4197);
#4195 = CARTESIAN_POINT('',(0.,0.,-255.6015680844));
#4196 = DIRECTION('',(0.,0.,1.));
#4197 = DIRECTION('',(1.,0.,-0.));
#4198 = PCURVE('',#3643,#4199);
#4199 = DEFINITIONAL_REPRESENTATION('',(#4200),#4204);
#4200 = LINE('',#4201,#4202);
#4201 = CARTESIAN_POINT('',(-0.,1.456521992717));
#4202 = VECTOR('',#4203,1.);
#4203 = DIRECTION('',(-1.,0.));
#4204 = ( GEOMETRIC_REPRESENTATION_CONTEXT(2) 
PARAMETRIC_REPRESENTATION_CONTEXT() REPRESENTATION_CONTEXT('2D SPACE',''
  ) );
#4205 = PCURVE('',#3615,#4206);
#4206 = DEFINITIONAL_REPRESENTATION('',(#4207),#4211);
#4207 = LINE('',#4208,#4209);
#4208 = CARTESIAN_POINT('',(-0.,0.));
#4209 = VECTOR('',#4210,1.);
#4210 = DIRECTION('',(-1.,0.));
#4211 = ( GEOMETRIC_REPRESENTATION_CONTEXT(2) 
PARAMETRIC_REPRESENTATION_CONTEXT() REPRESENTATION_CONTEXT('2D SPACE',''
  ) );
#4212 = ADVANCED_FACE('',(#4213),#3615,.F.);
#4213 = FACE_BOUND('',#4214,.T.);
#4214 = EDGE_LOOP('',(#4215,#4216,#4217,#4218));
#4215 = ORIENTED_EDGE('',*,*,#3599,.F.);
#4216 = ORIENTED_EDGE('',*,*,#4191,.T.);
#4217 = ORIENTED_EDGE('',*,*,#3724,.T.);
#4218 = ORIENTED_EDGE('',*,*,#4219,.F.);
#4219 = EDGE_CURVE('',#3572,#3725,#4220,.T.);
#4220 = SURFACE_CURVE('',#4221,(#4226,#4233),.PCURVE_S1.);
#4221 = CIRCLE('',#4222,98.159533136378);
#4222 = AXIS2_PLACEMENT_3D('',#4223,#4224,#4225);
#4223 = CARTESIAN_POINT('',(0.,0.,-257.0389921215));
#4224 = DIRECTION('',(0.,0.,1.));
#4225 = DIRECTION('',(1.,0.,-0.));
#4226 = PCURVE('',#3615,#4227);
#4227 = DEFINITIONAL_REPRESENTATION('',(#4228),#4232);
#4228 = LINE('',#4229,#4230);
#4229 = CARTESIAN_POINT('',(-0.,1.437424037083));
#4230 = VECTOR('',#4231,1.);
#4231 = DIRECTION('',(-1.,0.));
#4232 = ( GEOMETRIC_REPRESENTATION_CONTEXT(2) 
PARAMETRIC_REPRESENTATION_CONTEXT() REPRESENTATION_CONTEXT('2D SPACE',''
  ) );
#4233 = PCURVE('',#3587,#4234);
#4234 = DEFINITIONAL_REPRESENTATION('',(#4235),#4239);
#4235 = LINE('',#4236,#4237);
#4236 = CARTESIAN_POINT('',(-0.,0.));
#4237 = VECTOR('',#4238,1.);
#4238 = DIRECTION('',(-1.,0.));
#4239 = ( GEOMETRIC_REPRESENTATION_CONTEXT(2) 
PARAMETRIC_REPRESENTATION_CONTEXT() REPRESENTATION_CONTEXT('2D SPACE',''
  ) );
#4240 = ADVANCED_FACE('',(#4241),#3587,.F.);
#4241 = FACE_BOUND('',#4242,.T.);
#4242 = EDGE_LOOP('',(#4243,#4244,#4245,#4246));
#4243 = ORIENTED_EDGE('',*,*,#3571,.F.);
#4244 = ORIENTED_EDGE('',*,*,#4219,.T.);
#4245 = ORIENTED_EDGE('',*,*,#3745,.T.);
#4246 = ORIENTED_EDGE('',*,*,#4247,.F.);
#4247 = EDGE_CURVE('',#3544,#3746,#4248,.T.);
#4248 = SURFACE_CURVE('',#4249,(#4254,#4261),.PCURVE_S1.);
#4249 = CIRCLE('',#4250,99.26517219766);
#4250 = AXIS2_PLACEMENT_3D('',#4251,#4252,#4253);
#4251 = CARTESIAN_POINT('',(0.,0.,-258.457342057));
#4252 = DIRECTION('',(0.,0.,1.));
#4253 = DIRECTION('',(1.,0.,-0.));
#4254 = PCURVE('',#3587,#4255);
#4255 = DEFINITIONAL_REPRESENTATION('',(#4256),#4260);
#4256 = LINE('',#4257,#4258);
#4257 = CARTESIAN_POINT('',(-0.,1.41834993552));
#4258 = VECTOR('',#4259,1.);
#4259 = DIRECTION('',(-1.,0.));
#4260 = ( GEOMETRIC_REPRESENTATION_CONTEXT(2) 
PARAMETRIC_REPRESENTATION_CONTEXT() REPRESENTATION_CONTEXT('2D SPACE',''
  ) );
#4261 = PCURVE('',#3559,#4262);
#4262 = DEFINITIONAL_REPRESENTATION('',(#4263),#4267);
#4263 = LINE('',#4264,#4265);
#4264 = CARTESIAN_POINT('',(-0.,0.));
#4265 = VECTOR('',#4266,1.);
#4266 = DIRECTION('',(-1.,0.));
#4267 = ( GEOMETRIC_REPRESENTATION_CONTEXT(2) 
PARAMETRIC_REPRESENTATION_CONTEXT() REPRESENTATION_CONTEXT('2D SPACE',''
  ) );
#4268 = ADVANCED_FACE('',(#4269),#3559,.F.);
#4269 = FACE_BOUND('',#4270,.T.);
#4270 = EDGE_LOOP('',(#4271,#4272,#4273,#4274));
#4271 = ORIENTED_EDGE('',*,*,#3543,.F.);
#4272 = ORIENTED_EDGE('',*,*,#4247,.T.);
#4273 = ORIENTED_EDGE('',*,*,#3766,.T.);
#4274 = ORIENTED_EDGE('',*,*,#4275,.F.);
#4275 = EDGE_CURVE('',#3516,#3767,#4276,.T.);
#4276 = SURFACE_CURVE('',#4277,(#4282,#4289),.PCURVE_S1.);
#4277 = CIRCLE('',#4278,100.37584838241);
#4278 = AXIS2_PLACEMENT_3D('',#4279,#4280,#4281);
#4279 = CARTESIAN_POINT('',(0.,0.,-259.8566367364));
#4280 = DIRECTION('',(0.,0.,1.));
#4281 = DIRECTION('',(1.,0.,-0.));
#4282 = PCURVE('',#3559,#4283);
#4283 = DEFINITIONAL_REPRESENTATION('',(#4284),#4288);
#4284 = LINE('',#4285,#4286);
#4285 = CARTESIAN_POINT('',(-0.,1.3992946794));
#4286 = VECTOR('',#4287,1.);
#4287 = DIRECTION('',(-1.,0.));
#4288 = ( GEOMETRIC_REPRESENTATION_CONTEXT(2) 
PARAMETRIC_REPRESENTATION_CONTEXT() REPRESENTATION_CONTEXT('2D SPACE',''
  ) );
#4289 = PCURVE('',#3531,#4290);
#4290 = DEFINITIONAL_REPRESENTATION('',(#4291),#4295);
#4291 = LINE('',#4292,#4293);
#4292 = CARTESIAN_POINT('',(-0.,0.));
#4293 = VECTOR('',#4294,1.);
#4294 = DIRECTION('',(-1.,0.));
#4295 = ( GEOMETRIC_REPRESENTATION_CONTEXT(2) 
PARAMETRIC_REPRESENTATION_CONTEXT() REPRESENTATION_CONTEXT('2D SPACE',''
  ) );
#4296 = ADVANCED_FACE('',(#4297),#3531,.F.);
#4297 = FACE_BOUND('',#4298,.T.);
#4298 = EDGE_LOOP('',(#4299,#4300,#4301,#4302));
#4299 = ORIENTED_EDGE('',*,*,#3515,.F.);
#4300 = ORIENTED_EDGE('',*,*,#4275,.T.);
#4301 = ORIENTED_EDGE('',*,*,#3787,.T.);
#4302 = ORIENTED_EDGE('',*,*,#4303,.F.);
#4303 = EDGE_CURVE('',#3488,#3788,#4304,.T.);
#4304 = SURFACE_CURVE('',#4305,(#4310,#4317),.PCURVE_S1.);
#4305 = CIRCLE('',#4306,101.49153894908);
#4306 = AXIS2_PLACEMENT_3D('',#4307,#4308,#4309);
#4307 = CARTESIAN_POINT('',(0.,0.,-261.2368898413));
#4308 = DIRECTION('',(0.,0.,1.));
#4309 = DIRECTION('',(1.,0.,-0.));
#4310 = PCURVE('',#3531,#4311);
#4311 = DEFINITIONAL_REPRESENTATION('',(#4312),#4316);
#4312 = LINE('',#4313,#4314);
#4313 = CARTESIAN_POINT('',(-0.,1.380253104866));
#4314 = VECTOR('',#4315,1.);
#4315 = DIRECTION('',(-1.,0.));
#4316 = ( GEOMETRIC_REPRESENTATION_CONTEXT(2) 
PARAMETRIC_REPRESENTATION_CONTEXT() REPRESENTATION_CONTEXT('2D SPACE',''
  ) );
#4317 = PCURVE('',#3503,#4318);
#4318 = DEFINITIONAL_REPRESENTATION('',(#4319),#4323);
#4319 = LINE('',#4320,#4321);
#4320 = CARTESIAN_POINT('',(-0.,0.));
#4321 = VECTOR('',#4322,1.);
#4322 = DIRECTION('',(-1.,0.));
#4323 = ( GEOMETRIC_REPRESENTATION_CONTEXT(2) 
PARAMETRIC_REPRESENTATION_CONTEXT() REPRESENTATION_CONTEXT('2D SPACE',''
  ) );
#4324 = ADVANCED_FACE('',(#4325),#3503,.F.);
#4325 = FACE_BOUND('',#4326,.T.);
#4326 = EDGE_LOOP('',(#4327,#4328,#4329,#4330));
#4327 = ORIENTED_EDGE('',*,*,#3487,.F.);
#4328 = ORIENTED_EDGE('',*,*,#4303,.T.);
#4329 = ORIENTED_EDGE('',*,*,#3808,.T.);
#4330 = ORIENTED_EDGE('',*,*,#4331,.F.);
#4331 = EDGE_CURVE('',#3460,#3809,#4332,.T.);
#4332 = SURFACE_CURVE('',#4333,(#4338,#4345),.PCURVE_S1.);
#4333 = CIRCLE('',#4334,102.61222146141);
#4334 = AXIS2_PLACEMENT_3D('',#4335,#4336,#4337);
#4335 = CARTESIAN_POINT('',(0.,0.,-262.598109723));
#4336 = DIRECTION('',(0.,0.,1.));
#4337 = DIRECTION('',(1.,0.,-0.));
#4338 = PCURVE('',#3503,#4339);
#4339 = DEFINITIONAL_REPRESENTATION('',(#4340),#4344);
#4340 = LINE('',#4341,#4342);
#4341 = CARTESIAN_POINT('',(-0.,1.361219881711));
#4342 = VECTOR('',#4343,1.);
#4343 = DIRECTION('',(-1.,0.));
#4344 = ( GEOMETRIC_REPRESENTATION_CONTEXT(2) 
PARAMETRIC_REPRESENTATION_CONTEXT() REPRESENTATION_CONTEXT('2D SPACE',''
  ) );
#4345 = PCURVE('',#3475,#4346);
#4346 = DEFINITIONAL_REPRESENTATION('',(#4347),#4351);
#4347 = LINE('',#4348,#4349);
#4348 = CARTESIAN_POINT('',(-0.,0.));
#4349 = VECTOR('',#4350,1.);
#4350 = DIRECTION('',(-1.,0.));
#4351 = ( GEOMETRIC_REPRESENTATION_CONTEXT(2) 
PARAMETRIC_REPRESENTATION_CONTEXT() REPRESENTATION_CONTEXT('2D SPACE',''
  ) );
#4352 = ADVANCED_FACE('',(#4353),#3475,.F.);
#4353 = FACE_BOUND('',#4354,.T.);
#4354 = EDGE_LOOP('',(#4355,#4356,#4357,#4358));
#4355 = ORIENTED_EDGE('',*,*,#3459,.F.);
#4356 = ORIENTED_EDGE('',*,*,#4331,.T.);
#4357 = ORIENTED_EDGE('',*,*,#3829,.T.);
#4358 = ORIENTED_EDGE('',*,*,#4359,.F.);
#4359 = EDGE_CURVE('',#3432,#3830,#4360,.T.);
#4360 = SURFACE_CURVE('',#4361,(#4366,#4373),.PCURVE_S1.);
#4361 = CIRCLE('',#4362,103.7378737816);
#4362 = AXIS2_PLACEMENT_3D('',#4363,#4364,#4365);
#4363 = CARTESIAN_POINT('',(0.,0.,-263.940299224));
#4364 = DIRECTION('',(0.,0.,1.));
#4365 = DIRECTION('',(1.,0.,-0.));
#4366 = PCURVE('',#3475,#4367);
#4367 = DEFINITIONAL_REPRESENTATION('',(#4368),#4372);
#4368 = LINE('',#4369,#4370);
#4369 = CARTESIAN_POINT('',(-0.,1.342189500948));
#4370 = VECTOR('',#4371,1.);
#4371 = DIRECTION('',(-1.,0.));
#4372 = ( GEOMETRIC_REPRESENTATION_CONTEXT(2) 
PARAMETRIC_REPRESENTATION_CONTEXT() REPRESENTATION_CONTEXT('2D SPACE',''
  ) );
#4373 = PCURVE('',#3447,#4374);
#4374 = DEFINITIONAL_REPRESENTATION('',(#4375),#4379);
#4375 = LINE('',#4376,#4377);
#4376 = CARTESIAN_POINT('',(-0.,0.));
#4377 = VECTOR('',#4378,1.);
#4378 = DIRECTION('',(-1.,0.));
#4379 = ( GEOMETRIC_REPRESENTATION_CONTEXT(2) 
PARAMETRIC_REPRESENTATION_CONTEXT() REPRESENTATION_CONTEXT('2D SPACE',''
  ) );
#4380 = ADVANCED_FACE('',(#4381),#3447,.F.);
#4381 = FACE_BOUND('',#4382,.T.);
#4382 = EDGE_LOOP('',(#4383,#4384,#4385,#4386));
#4383 = ORIENTED_EDGE('',*,*,#3431,.F.);
#4384 = ORIENTED_EDGE('',*,*,#4359,.T.);
#4385 = ORIENTED_EDGE('',*,*,#3850,.T.);
#4386 = ORIENTED_EDGE('',*,*,#4387,.F.);
#4387 = EDGE_CURVE('',#3404,#3851,#4388,.T.);
#4388 = SURFACE_CURVE('',#4389,(#4394,#4401),.PCURVE_S1.);
#4389 = CIRCLE('',#4390,104.86847406383);
#4390 = AXIS2_PLACEMENT_3D('',#4391,#4392,#4393);
#4391 = CARTESIAN_POINT('',(0.,0.,-265.2634554849));
#4392 = DIRECTION('',(0.,0.,1.));
#4393 = DIRECTION('',(1.,0.,-0.));
#4394 = PCURVE('',#3447,#4395);
#4395 = DEFINITIONAL_REPRESENTATION('',(#4396),#4400);
#4396 = LINE('',#4397,#4398);
#4397 = CARTESIAN_POINT('',(-0.,1.323156260947));
#4398 = VECTOR('',#4399,1.);
#4399 = DIRECTION('',(-1.,0.));
#4400 = ( GEOMETRIC_REPRESENTATION_CONTEXT(2) 
PARAMETRIC_REPRESENTATION_CONTEXT() REPRESENTATION_CONTEXT('2D SPACE',''
  ) );
#4401 = PCURVE('',#3419,#4402);
#4402 = DEFINITIONAL_REPRESENTATION('',(#4403),#4407);
#4403 = LINE('',#4404,#4405);
#4404 = CARTESIAN_POINT('',(-0.,0.));
#4405 = VECTOR('',#4406,1.);
#4406 = DIRECTION('',(-1.,0.));
#4407 = ( GEOMETRIC_REPRESENTATION_CONTEXT(2) 
PARAMETRIC_REPRESENTATION_CONTEXT() REPRESENTATION_CONTEXT('2D SPACE',''
  ) );
#4408 = ADVANCED_FACE('',(#4409),#3419,.F.);
#4409 = FACE_BOUND('',#4410,.T.);
#4410 = EDGE_LOOP('',(#4411,#4412,#4413,#4414,#4441,#4470,#4502));
#4411 = ORIENTED_EDGE('',*,*,#3403,.F.);
#4412 = ORIENTED_EDGE('',*,*,#4387,.T.);
#4413 = ORIENTED_EDGE('',*,*,#3871,.T.);
#4414 = ORIENTED_EDGE('',*,*,#4415,.T.);
#4415 = EDGE_CURVE('',#3872,#4416,#4418,.T.);
#4416 = VERTEX_POINT('',#4417);
#4417 = CARTESIAN_POINT('',(6.490873010633E-15,106.00400074784,
    -266.5675697369));
#4418 = SURFACE_CURVE('',#4419,(#4423,#4429),.PCURVE_S1.);
#4419 = LINE('',#4420,#4421);
#4420 = CARTESIAN_POINT('',(0.,0.,-144.8255357635));
#4421 = VECTOR('',#4422,1.);
#4422 = DIRECTION('',(-0.,0.656677230936,-0.754171740634));
#4423 = PCURVE('',#3419,#4424);
#4424 = DEFINITIONAL_REPRESENTATION('',(#4425),#4428);
#4425 = B_SPLINE_CURVE_WITH_KNOTS('',1,(#4426,#4427),.UNSPECIFIED.,.F.,
  .F.,(2,2),(159.69561471529,161.4248153492),.PIECEWISE_BEZIER_KNOTS.);
#4426 = CARTESIAN_POINT('',(-1.570796326795,0.));
#4427 = CARTESIAN_POINT('',(-1.570796326795,1.304114251975));
#4428 = ( GEOMETRIC_REPRESENTATION_CONTEXT(2) 
PARAMETRIC_REPRESENTATION_CONTEXT() REPRESENTATION_CONTEXT('2D SPACE',''
  ) );
#4429 = PCURVE('',#4430,#4435);
#4430 = PLANE('',#4431);
#4431 = AXIS2_PLACEMENT_3D('',#4432,#4433,#4434);
#4432 = CARTESIAN_POINT('',(0.,105.44257450327,-273.2938170238));
#4433 = DIRECTION('',(1.,0.,-0.));
#4434 = DIRECTION('',(0.,0.,1.));
#4435 = DEFINITIONAL_REPRESENTATION('',(#4436),#4440);
#4436 = LINE('',#4437,#4438);
#4437 = CARTESIAN_POINT('',(128.46828126029,105.44257450327));
#4438 = VECTOR('',#4439,1.);
#4439 = DIRECTION('',(-0.754171740634,-0.656677230936));
#4440 = ( GEOMETRIC_REPRESENTATION_CONTEXT(2) 
PARAMETRIC_REPRESENTATION_CONTEXT() REPRESENTATION_CONTEXT('2D SPACE',''
  ) );
#4441 = ORIENTED_EDGE('',*,*,#4442,.F.);
#4442 = EDGE_CURVE('',#4443,#4416,#4445,.T.);
#4443 = VERTEX_POINT('',#4444);
#4444 = CARTESIAN_POINT('',(105.98116896198,2.2,-266.5675697369));
#4445 = SURFACE_CURVE('',#4446,(#4451,#4458),.PCURVE_S1.);
#4446 = CIRCLE('',#4447,106.00400074784);
#4447 = AXIS2_PLACEMENT_3D('',#4448,#4449,#4450);
#4448 = CARTESIAN_POINT('',(0.,0.,-266.5675697369));
#4449 = DIRECTION('',(0.,0.,1.));
#4450 = DIRECTION('',(1.,0.,-0.));
#4451 = PCURVE('',#3419,#4452);
#4452 = DEFINITIONAL_REPRESENTATION('',(#4453),#4457);
#4453 = LINE('',#4454,#4455);
#4454 = CARTESIAN_POINT('',(-0.,1.304114251975));
#4455 = VECTOR('',#4456,1.);
#4456 = DIRECTION('',(-1.,0.));
#4457 = ( GEOMETRIC_REPRESENTATION_CONTEXT(2) 
PARAMETRIC_REPRESENTATION_CONTEXT() REPRESENTATION_CONTEXT('2D SPACE',''
  ) );
#4458 = PCURVE('',#4459,#4464);
#4459 = CONICAL_SURFACE('',#4460,106.00400074784,0.725841311754);
#4460 = AXIS2_PLACEMENT_3D('',#4461,#4462,#4463);
#4461 = CARTESIAN_POINT('',(0.,0.,-266.5675697369));
#4462 = DIRECTION('',(-0.,-0.,-1.));
#4463 = DIRECTION('',(1.,0.,0.));
#4464 = DEFINITIONAL_REPRESENTATION('',(#4465),#4469);
#4465 = LINE('',#4466,#4467);
#4466 = CARTESIAN_POINT('',(-0.,0.));
#4467 = VECTOR('',#4468,1.);
#4468 = DIRECTION('',(-1.,0.));
#4469 = ( GEOMETRIC_REPRESENTATION_CONTEXT(2) 
PARAMETRIC_REPRESENTATION_CONTEXT() REPRESENTATION_CONTEXT('2D SPACE',''
  ) );
#4470 = ORIENTED_EDGE('',*,*,#4471,.T.);
#4471 = EDGE_CURVE('',#4443,#4472,#4474,.T.);
#4472 = VERTEX_POINT('',#4473);
#4473 = CARTESIAN_POINT('',(105.29257450327,2.2,-265.7769135792));
#4474 = SURFACE_CURVE('',#4475,(#4480,#4490),.PCURVE_S1.);
#4475 = HYPERBOLA('',#4476,2.526626097618,2.2);
#4476 = AXIS2_PLACEMENT_3D('',#4477,#4478,#4479);
#4477 = CARTESIAN_POINT('',(0.,2.2,-144.8255357635));
#4478 = DIRECTION('',(0.,1.,0.));
#4479 = DIRECTION('',(0.,0.,-1.));
#4480 = PCURVE('',#3419,#4481);
#4481 = DEFINITIONAL_REPRESENTATION('',(#4482),#4489);
#4482 = B_SPLINE_CURVE_WITH_KNOTS('',5,(#4483,#4484,#4485,#4486,#4487,
    #4488),.UNSPECIFIED.,.F.,.F.,(6,6),(-4.568058957662,-4.559355542349)
  ,.PIECEWISE_BEZIER_KNOTS.);
#4483 = CARTESIAN_POINT('',(-2.075542383191E-02,1.304114251975));
#4484 = CARTESIAN_POINT('',(-2.079154985272E-02,1.09224559883));
#4485 = CARTESIAN_POINT('',(-2.082775446155E-02,0.880838040219));
#4486 = CARTESIAN_POINT('',(-2.086403788623E-02,0.66989023873));
#4487 = CARTESIAN_POINT('',(-2.090040035561E-02,0.459400862774));
#4488 = CARTESIAN_POINT('',(-2.093684209952E-02,0.249368586531));
#4489 = ( GEOMETRIC_REPRESENTATION_CONTEXT(2) 
PARAMETRIC_REPRESENTATION_CONTEXT() REPRESENTATION_CONTEXT('2D SPACE',''
  ) );
#4490 = PCURVE('',#4491,#4496);
#4491 = PLANE('',#4492);
#4492 = AXIS2_PLACEMENT_3D('',#4493,#4494,#4495);
#4493 = CARTESIAN_POINT('',(105.29257450327,2.2,-273.2938170238));
#4494 = DIRECTION('',(-0.,1.,0.));
#4495 = DIRECTION('',(0.,0.,1.));
#4496 = DEFINITIONAL_REPRESENTATION('',(#4497),#4501);
#4497 = ( BOUNDED_CURVE() B_SPLINE_CURVE(2,(#4498,#4499,#4500),
.UNSPECIFIED.,.F.,.F.) B_SPLINE_CURVE_WITH_KNOTS((3,3),(-4.568058957662,
-4.559355542349),.PIECEWISE_BEZIER_KNOTS.) CURVE() 
GEOMETRIC_REPRESENTATION_ITEM() RATIONAL_B_SPLINE_CURVE((1.,
1.000009468695,1.)) REPRESENTATION_ITEM('') );
#4498 = CARTESIAN_POINT('',(6.726247286917,0.688594458708));
#4499 = CARTESIAN_POINT('',(7.255915576277,0.227298948959));
#4500 = CARTESIAN_POINT('',(7.78099295236,-0.23));
#4501 = ( GEOMETRIC_REPRESENTATION_CONTEXT(2) 
PARAMETRIC_REPRESENTATION_CONTEXT() REPRESENTATION_CONTEXT('2D SPACE',''
  ) );
#4502 = ORIENTED_EDGE('',*,*,#4503,.F.);
#4503 = EDGE_CURVE('',#3376,#4472,#4504,.T.);
#4504 = SURFACE_CURVE('',#4505,(#4510,#4520),.PCURVE_S1.);
#4505 = HYPERBOLA('',#4506,120.92498482971,105.29257450327);
#4506 = AXIS2_PLACEMENT_3D('',#4507,#4508,#4509);
#4507 = CARTESIAN_POINT('',(105.29257450327,0.,-144.8255357635));
#4508 = DIRECTION('',(1.,0.,-0.));
#4509 = DIRECTION('',(-0.,0.,-1.));
#4510 = PCURVE('',#3419,#4511);
#4511 = DEFINITIONAL_REPRESENTATION('',(#4512),#4519);
#4512 = B_SPLINE_CURVE_WITH_KNOTS('',5,(#4513,#4514,#4515,#4516,#4517,
    #4518),.UNSPECIFIED.,.F.,.F.,(6,6),(0.,2.298155404884E-02),
  .PIECEWISE_BEZIER_KNOTS.);
#4513 = CARTESIAN_POINT('',(0.,0.487065108314));
#4514 = CARTESIAN_POINT('',(-4.596310809768E-03,0.487065108314));
#4515 = CARTESIAN_POINT('',(-9.192621619539E-03,0.490258445894));
#4516 = CARTESIAN_POINT('',(-1.378873013347E-02,0.496645121057));
#4517 = CARTESIAN_POINT('',(-1.838443405577E-02,0.506225414886));
#4518 = CARTESIAN_POINT('',(-2.297953135761E-02,0.518999889615));
#4519 = ( GEOMETRIC_REPRESENTATION_CONTEXT(2) 
PARAMETRIC_REPRESENTATION_CONTEXT() REPRESENTATION_CONTEXT('2D SPACE',''
  ) );
#4520 = PCURVE('',#3391,#4521);
#4521 = DEFINITIONAL_REPRESENTATION('',(#4522),#4526);
#4522 = ( BOUNDED_CURVE() B_SPLINE_CURVE(2,(#4523,#4524,#4525),
.UNSPECIFIED.,.F.,.F.) B_SPLINE_CURVE_WITH_KNOTS((3,3),(0.,
2.298155404884E-02),.PIECEWISE_BEZIER_KNOTS.) CURVE() 
GEOMETRIC_REPRESENTATION_ITEM() RATIONAL_B_SPLINE_CURVE((1.,
1.000066019705,1.)) REPRESENTATION_ITEM('') );
#4523 = CARTESIAN_POINT('',(7.543296430577,0.));
#4524 = CARTESIAN_POINT('',(7.543296430577,-1.209840248134));
#4525 = CARTESIAN_POINT('',(7.511361649276,-2.42));
#4526 = ( GEOMETRIC_REPRESENTATION_CONTEXT(2) 
PARAMETRIC_REPRESENTATION_CONTEXT() REPRESENTATION_CONTEXT('2D SPACE',''
  ) );
#4527 = ADVANCED_FACE('',(#4528),#3391,.T.);
#4528 = FACE_BOUND('',#4529,.T.);
#4529 = EDGE_LOOP('',(#4530,#4531,#4532,#4555));
#4530 = ORIENTED_EDGE('',*,*,#3375,.F.);
#4531 = ORIENTED_EDGE('',*,*,#4503,.T.);
#4532 = ORIENTED_EDGE('',*,*,#4533,.T.);
#4533 = EDGE_CURVE('',#4472,#4534,#4536,.T.);
#4534 = VERTEX_POINT('',#4535);
#4535 = CARTESIAN_POINT('',(105.29257450327,2.2,-263.945035224));
#4536 = SURFACE_CURVE('',#4537,(#4541,#4548),.PCURVE_S1.);
#4537 = LINE('',#4538,#4539);
#4538 = CARTESIAN_POINT('',(105.29257450327,2.2,-273.2938170238));
#4539 = VECTOR('',#4540,1.);
#4540 = DIRECTION('',(0.,0.,1.));
#4541 = PCURVE('',#3391,#4542);
#4542 = DEFINITIONAL_REPRESENTATION('',(#4543),#4547);
#4543 = LINE('',#4544,#4545);
#4544 = CARTESIAN_POINT('',(0.,-2.2));
#4545 = VECTOR('',#4546,1.);
#4546 = DIRECTION('',(1.,0.));
#4547 = ( GEOMETRIC_REPRESENTATION_CONTEXT(2) 
PARAMETRIC_REPRESENTATION_CONTEXT() REPRESENTATION_CONTEXT('2D SPACE',''
  ) );
#4548 = PCURVE('',#4491,#4549);
#4549 = DEFINITIONAL_REPRESENTATION('',(#4550),#4554);
#4550 = LINE('',#4551,#4552);
#4551 = CARTESIAN_POINT('',(0.,0.));
#4552 = VECTOR('',#4553,1.);
#4553 = DIRECTION('',(1.,0.));
#4554 = ( GEOMETRIC_REPRESENTATION_CONTEXT(2) 
PARAMETRIC_REPRESENTATION_CONTEXT() REPRESENTATION_CONTEXT('2D SPACE',''
  ) );
#4555 = ORIENTED_EDGE('',*,*,#4556,.F.);
#4556 = EDGE_CURVE('',#3348,#4534,#4557,.T.);
#4557 = SURFACE_CURVE('',#4558,(#4563,#4570),.PCURVE_S1.);
#4558 = HYPERBOLA('',#4559,138.37516195343,105.29257450327);
#4559 = AXIS2_PLACEMENT_3D('',#4560,#4561,#4562);
#4560 = CARTESIAN_POINT('',(105.29257450327,0.,-125.5396716236));
#4561 = DIRECTION('',(1.,0.,0.));
#4562 = DIRECTION('',(0.,-0.,-1.));
#4563 = PCURVE('',#3391,#4564);
#4564 = DEFINITIONAL_REPRESENTATION('',(#4565),#4569);
#4565 = ( BOUNDED_CURVE() B_SPLINE_CURVE(2,(#4566,#4567,#4568),
.UNSPECIFIED.,.F.,.F.) B_SPLINE_CURVE_WITH_KNOTS((3,3),(0.,
2.298155404884E-02),.PIECEWISE_BEZIER_KNOTS.) CURVE() 
GEOMETRIC_REPRESENTATION_ITEM() RATIONAL_B_SPLINE_CURVE((1.,
1.000066019705,1.)) REPRESENTATION_ITEM('') );
#4566 = CARTESIAN_POINT('',(9.378983446782,0.));
#4567 = CARTESIAN_POINT('',(9.378983446782,-1.209840248134));
#4568 = CARTESIAN_POINT('',(9.342440291199,-2.42));
#4569 = ( GEOMETRIC_REPRESENTATION_CONTEXT(2) 
PARAMETRIC_REPRESENTATION_CONTEXT() REPRESENTATION_CONTEXT('2D SPACE',''
  ) );
#4570 = PCURVE('',#3363,#4571);
#4571 = DEFINITIONAL_REPRESENTATION('',(#4572),#4579);
#4572 = B_SPLINE_CURVE_WITH_KNOTS('',5,(#4573,#4574,#4575,#4576,#4577,
    #4578),.UNSPECIFIED.,.F.,.F.,(6,6),(0.,2.298155404884E-02),
  .PIECEWISE_BEZIER_KNOTS.);
#4573 = CARTESIAN_POINT('',(0.,-1.114732353232));
#4574 = CARTESIAN_POINT('',(-4.596310809768E-03,-1.114732353232));
#4575 = CARTESIAN_POINT('',(-9.192621619539E-03,-1.111078198507));
#4576 = CARTESIAN_POINT('',(-1.378873013347E-02,-1.103769889051));
#4577 = CARTESIAN_POINT('',(-1.838443405577E-02,-1.092807103222));
#4578 = CARTESIAN_POINT('',(-2.297953135761E-02,-1.07818919765));
#4579 = ( GEOMETRIC_REPRESENTATION_CONTEXT(2) 
PARAMETRIC_REPRESENTATION_CONTEXT() REPRESENTATION_CONTEXT('2D SPACE',''
  ) );
#4580 = ADVANCED_FACE('',(#4581),#3363,.T.);
#4581 = FACE_BOUND('',#4582,.T.);
#4582 = EDGE_LOOP('',(#4583,#4605,#4606,#4607,#4634,#4663,#4688));
#4583 = ORIENTED_EDGE('',*,*,#4584,.F.);
#4584 = EDGE_CURVE('',#3320,#3921,#4585,.T.);
#4585 = SURFACE_CURVE('',#4586,(#4591,#4598),.PCURVE_S1.);
#4586 = CIRCLE('',#4587,105.05880934404);
#4587 = AXIS2_PLACEMENT_3D('',#4588,#4589,#4590);
#4588 = CARTESIAN_POINT('',(0.,0.,-263.6076201584));
#4589 = DIRECTION('',(0.,0.,1.));
#4590 = DIRECTION('',(1.,0.,-0.));
#4591 = PCURVE('',#3363,#4592);
#4592 = DEFINITIONAL_REPRESENTATION('',(#4593),#4597);
#4593 = LINE('',#4594,#4595);
#4594 = CARTESIAN_POINT('',(-0.,-1.421945771848));
#4595 = VECTOR('',#4596,1.);
#4596 = DIRECTION('',(-1.,-0.));
#4597 = ( GEOMETRIC_REPRESENTATION_CONTEXT(2) 
PARAMETRIC_REPRESENTATION_CONTEXT() REPRESENTATION_CONTEXT('2D SPACE',''
  ) );
#4598 = PCURVE('',#3335,#4599);
#4599 = DEFINITIONAL_REPRESENTATION('',(#4600),#4604);
#4600 = LINE('',#4601,#4602);
#4601 = CARTESIAN_POINT('',(-0.,-0.));
#4602 = VECTOR('',#4603,1.);
#4603 = DIRECTION('',(-1.,-0.));
#4604 = ( GEOMETRIC_REPRESENTATION_CONTEXT(2) 
PARAMETRIC_REPRESENTATION_CONTEXT() REPRESENTATION_CONTEXT('2D SPACE',''
  ) );
#4605 = ORIENTED_EDGE('',*,*,#3347,.F.);
#4606 = ORIENTED_EDGE('',*,*,#4556,.T.);
#4607 = ORIENTED_EDGE('',*,*,#4608,.F.);
#4608 = EDGE_CURVE('',#4609,#4534,#4611,.T.);
#4609 = VERTEX_POINT('',#4610);
#4610 = CARTESIAN_POINT('',(106.1179954705,2.2,-265.0295659303));
#4611 = SURFACE_CURVE('',#4612,(#4617,#4627),.PCURVE_S1.);
#4612 = HYPERBOLA('',#4613,2.891232907294,2.2);
#4613 = AXIS2_PLACEMENT_3D('',#4614,#4615,#4616);
#4614 = CARTESIAN_POINT('',(0.,2.2,-125.5396716236));
#4615 = DIRECTION('',(0.,1.,0.));
#4616 = DIRECTION('',(-0.,0.,-1.));
#4617 = PCURVE('',#3363,#4618);
#4618 = DEFINITIONAL_REPRESENTATION('',(#4619),#4626);
#4619 = B_SPLINE_CURVE_WITH_KNOTS('',5,(#4620,#4621,#4622,#4623,#4624,
    #4625),.UNSPECIFIED.,.F.,.F.,(6,6),(-4.569348892918,-4.559355542349)
  ,.PIECEWISE_BEZIER_KNOTS.);
#4620 = CARTESIAN_POINT('',(-2.072866985662E-02,-6.848215792167E-15));
#4621 = CARTESIAN_POINT('',(-2.077009666271E-02,-0.278734389201));
#4622 = CARTESIAN_POINT('',(-2.081162694472E-02,-0.556772256152));
#4623 = CARTESIAN_POINT('',(-2.085326104711E-02,-0.834115920549));
#4624 = CARTESIAN_POINT('',(-2.089499931607E-02,-1.110767690499));
#4625 = CARTESIAN_POINT('',(-2.093684209952E-02,-1.386729862628));
#4626 = ( GEOMETRIC_REPRESENTATION_CONTEXT(2) 
PARAMETRIC_REPRESENTATION_CONTEXT() REPRESENTATION_CONTEXT('2D SPACE',''
  ) );
#4627 = PCURVE('',#4491,#4628);
#4628 = DEFINITIONAL_REPRESENTATION('',(#4629),#4633);
#4629 = ( BOUNDED_CURVE() B_SPLINE_CURVE(2,(#4630,#4631,#4632),
.UNSPECIFIED.,.F.,.F.) B_SPLINE_CURVE_WITH_KNOTS((3,3),(-4.569348892918,
-4.559355542349),.PIECEWISE_BEZIER_KNOTS.) CURVE() 
GEOMETRIC_REPRESENTATION_ITEM() RATIONAL_B_SPLINE_CURVE((1.,
1.000012483408,1.)) REPRESENTATION_ITEM('') );
#4630 = CARTESIAN_POINT('',(8.26425109355,0.825420967231));
#4631 = CARTESIAN_POINT('',(8.961081267364,0.29507427978));
#4632 = CARTESIAN_POINT('',(9.650980956178,-0.23));
#4633 = ( GEOMETRIC_REPRESENTATION_CONTEXT(2) 
PARAMETRIC_REPRESENTATION_CONTEXT() REPRESENTATION_CONTEXT('2D SPACE',''
  ) );
#4634 = ORIENTED_EDGE('',*,*,#4635,.T.);
#4635 = EDGE_CURVE('',#4609,#4636,#4638,.T.);
#4636 = VERTEX_POINT('',#4637);
#4637 = CARTESIAN_POINT('',(6.499249415695E-15,106.14079782382,
    -265.0295659303));
#4638 = SURFACE_CURVE('',#4639,(#4644,#4651),.PCURVE_S1.);
#4639 = CIRCLE('',#4640,106.14079782382);
#4640 = AXIS2_PLACEMENT_3D('',#4641,#4642,#4643);
#4641 = CARTESIAN_POINT('',(0.,0.,-265.0295659303));
#4642 = DIRECTION('',(0.,0.,1.));
#4643 = DIRECTION('',(1.,0.,-0.));
#4644 = PCURVE('',#3363,#4645);
#4645 = DEFINITIONAL_REPRESENTATION('',(#4646),#4650);
#4646 = LINE('',#4647,#4648);
#4647 = CARTESIAN_POINT('',(-0.,-0.));
#4648 = VECTOR('',#4649,1.);
#4649 = DIRECTION('',(-1.,-0.));
#4650 = ( GEOMETRIC_REPRESENTATION_CONTEXT(2) 
PARAMETRIC_REPRESENTATION_CONTEXT() REPRESENTATION_CONTEXT('2D SPACE',''
  ) );
#4651 = PCURVE('',#4652,#4657);
#4652 = CONICAL_SURFACE('',#4653,107.22700050672,0.658775918919);
#4653 = AXIS2_PLACEMENT_3D('',#4654,#4655,#4656);
#4654 = CARTESIAN_POINT('',(0.,0.,-266.4326650249));
#4655 = DIRECTION('',(-0.,-0.,-1.));
#4656 = DIRECTION('',(1.,0.,-0.));
#4657 = DEFINITIONAL_REPRESENTATION('',(#4658),#4662);
#4658 = LINE('',#4659,#4660);
#4659 = CARTESIAN_POINT('',(-0.,-1.403099094616));
#4660 = VECTOR('',#4661,1.);
#4661 = DIRECTION('',(-1.,-0.));
#4662 = ( GEOMETRIC_REPRESENTATION_CONTEXT(2) 
PARAMETRIC_REPRESENTATION_CONTEXT() REPRESENTATION_CONTEXT('2D SPACE',''
  ) );
#4663 = ORIENTED_EDGE('',*,*,#4664,.F.);
#4664 = EDGE_CURVE('',#3893,#4636,#4665,.T.);
#4665 = SURFACE_CURVE('',#4666,(#4670,#4676),.PCURVE_S1.);
#4666 = LINE('',#4667,#4668);
#4667 = CARTESIAN_POINT('',(0.,0.,-125.5396716236));
#4668 = VECTOR('',#4669,1.);
#4669 = DIRECTION('',(-0.,0.60554778509,-0.795808946904));
#4670 = PCURVE('',#3363,#4671);
#4671 = DEFINITIONAL_REPRESENTATION('',(#4672),#4675);
#4672 = B_SPLINE_CURVE_WITH_KNOTS('',1,(#4673,#4674),.UNSPECIFIED.,.F.,
  .F.,(2,2),(173.49383802718,175.28063092185),.PIECEWISE_BEZIER_KNOTS.);
#4673 = CARTESIAN_POINT('',(-1.570796326795,-1.421945771848));
#4674 = CARTESIAN_POINT('',(-1.570796326795,0.));
#4675 = ( GEOMETRIC_REPRESENTATION_CONTEXT(2) 
PARAMETRIC_REPRESENTATION_CONTEXT() REPRESENTATION_CONTEXT('2D SPACE',''
  ) );
#4676 = PCURVE('',#4677,#4682);
#4677 = PLANE('',#4678);
#4678 = AXIS2_PLACEMENT_3D('',#4679,#4680,#4681);
#4679 = CARTESIAN_POINT('',(0.,105.44257450327,-273.2938170238));
#4680 = DIRECTION('',(1.,0.,-0.));
#4681 = DIRECTION('',(0.,0.,1.));
#4682 = DEFINITIONAL_REPRESENTATION('',(#4683),#4687);
#4683 = LINE('',#4684,#4685);
#4684 = CARTESIAN_POINT('',(147.75414540021,105.44257450327));
#4685 = VECTOR('',#4686,1.);
#4686 = DIRECTION('',(-0.795808946904,-0.60554778509));
#4687 = ( GEOMETRIC_REPRESENTATION_CONTEXT(2) 
PARAMETRIC_REPRESENTATION_CONTEXT() REPRESENTATION_CONTEXT('2D SPACE',''
  ) );
#4688 = ORIENTED_EDGE('',*,*,#3920,.F.);
#4689 = ADVANCED_FACE('',(#4690),#3335,.T.);
#4690 = FACE_BOUND('',#4691,.T.);
#4691 = EDGE_LOOP('',(#4692,#4693,#4694,#4695));
#4692 = ORIENTED_EDGE('',*,*,#3319,.F.);
#4693 = ORIENTED_EDGE('',*,*,#4584,.T.);
#4694 = ORIENTED_EDGE('',*,*,#3941,.F.);
#4695 = ORIENTED_EDGE('',*,*,#4696,.F.);
#4696 = EDGE_CURVE('',#3292,#3942,#4697,.T.);
#4697 = SURFACE_CURVE('',#4698,(#4703,#4710),.PCURVE_S1.);
#4698 = CIRCLE('',#4699,103.98107846621);
#4699 = AXIS2_PLACEMENT_3D('',#4700,#4701,#4702);
#4700 = CARTESIAN_POINT('',(0.,0.,-262.1668201964));
#4701 = DIRECTION('',(0.,0.,1.));
#4702 = DIRECTION('',(1.,0.,-0.));
#4703 = PCURVE('',#3335,#4704);
#4704 = DEFINITIONAL_REPRESENTATION('',(#4705),#4709);
#4705 = LINE('',#4706,#4707);
#4706 = CARTESIAN_POINT('',(-0.,-1.440799962029));
#4707 = VECTOR('',#4708,1.);
#4708 = DIRECTION('',(-1.,-0.));
#4709 = ( GEOMETRIC_REPRESENTATION_CONTEXT(2) 
PARAMETRIC_REPRESENTATION_CONTEXT() REPRESENTATION_CONTEXT('2D SPACE',''
  ) );
#4710 = PCURVE('',#3307,#4711);
#4711 = DEFINITIONAL_REPRESENTATION('',(#4712),#4716);
#4712 = LINE('',#4713,#4714);
#4713 = CARTESIAN_POINT('',(-0.,-0.));
#4714 = VECTOR('',#4715,1.);
#4715 = DIRECTION('',(-1.,-0.));
#4716 = ( GEOMETRIC_REPRESENTATION_CONTEXT(2) 
PARAMETRIC_REPRESENTATION_CONTEXT() REPRESENTATION_CONTEXT('2D SPACE',''
  ) );
#4717 = ADVANCED_FACE('',(#4718),#3307,.T.);
#4718 = FACE_BOUND('',#4719,.T.);
#4719 = EDGE_LOOP('',(#4720,#4721,#4722,#4723));
#4720 = ORIENTED_EDGE('',*,*,#3291,.F.);
#4721 = ORIENTED_EDGE('',*,*,#4696,.T.);
#4722 = ORIENTED_EDGE('',*,*,#3962,.F.);
#4723 = ORIENTED_EDGE('',*,*,#4724,.F.);
#4724 = EDGE_CURVE('',#3264,#3963,#4725,.T.);
#4725 = SURFACE_CURVE('',#4726,(#4731,#4738),.PCURVE_S1.);
#4726 = CIRCLE('',#4727,102.9076479424);
#4727 = AXIS2_PLACEMENT_3D('',#4728,#4729,#4730);
#4728 = CARTESIAN_POINT('',(0.,0.,-260.7071532124));
#4729 = DIRECTION('',(0.,0.,1.));
#4730 = DIRECTION('',(1.,0.,-0.));
#4731 = PCURVE('',#3307,#4732);
#4732 = DEFINITIONAL_REPRESENTATION('',(#4733),#4737);
#4733 = LINE('',#4734,#4735);
#4734 = CARTESIAN_POINT('',(-0.,-1.459666983957));
#4735 = VECTOR('',#4736,1.);
#4736 = DIRECTION('',(-1.,-0.));
#4737 = ( GEOMETRIC_REPRESENTATION_CONTEXT(2) 
PARAMETRIC_REPRESENTATION_CONTEXT() REPRESENTATION_CONTEXT('2D SPACE',''
  ) );
#4738 = PCURVE('',#3279,#4739);
#4739 = DEFINITIONAL_REPRESENTATION('',(#4740),#4744);
#4740 = LINE('',#4741,#4742);
#4741 = CARTESIAN_POINT('',(-0.,-0.));
#4742 = VECTOR('',#4743,1.);
#4743 = DIRECTION('',(-1.,-0.));
#4744 = ( GEOMETRIC_REPRESENTATION_CONTEXT(2) 
PARAMETRIC_REPRESENTATION_CONTEXT() REPRESENTATION_CONTEXT('2D SPACE',''
  ) );
#4745 = ADVANCED_FACE('',(#4746),#3279,.T.);
#4746 = FACE_BOUND('',#4747,.T.);
#4747 = EDGE_LOOP('',(#4748,#4749,#4750,#4751));
#4748 = ORIENTED_EDGE('',*,*,#3263,.F.);
#4749 = ORIENTED_EDGE('',*,*,#4724,.T.);
#4750 = ORIENTED_EDGE('',*,*,#3983,.F.);
#4751 = ORIENTED_EDGE('',*,*,#4752,.F.);
#4752 = EDGE_CURVE('',#3236,#3984,#4753,.T.);
#4753 = SURFACE_CURVE('',#4754,(#4759,#4766),.PCURVE_S1.);
#4754 = CIRCLE('',#4755,101.83855994893);
#4755 = AXIS2_PLACEMENT_3D('',#4756,#4757,#4758);
#4756 = CARTESIAN_POINT('',(0.,0.,-259.2286012226));
#4757 = DIRECTION('',(0.,0.,1.));
#4758 = DIRECTION('',(1.,0.,-0.));
#4759 = PCURVE('',#3279,#4760);
#4760 = DEFINITIONAL_REPRESENTATION('',(#4761),#4765);
#4761 = LINE('',#4762,#4763);
#4762 = CARTESIAN_POINT('',(-0.,-1.478551989823));
#4763 = VECTOR('',#4764,1.);
#4764 = DIRECTION('',(-1.,-0.));
#4765 = ( GEOMETRIC_REPRESENTATION_CONTEXT(2) 
PARAMETRIC_REPRESENTATION_CONTEXT() REPRESENTATION_CONTEXT('2D SPACE',''
  ) );
#4766 = PCURVE('',#3251,#4767);
#4767 = DEFINITIONAL_REPRESENTATION('',(#4768),#4772);
#4768 = LINE('',#4769,#4770);
#4769 = CARTESIAN_POINT('',(-0.,-0.));
#4770 = VECTOR('',#4771,1.);
#4771 = DIRECTION('',(-1.,-0.));
#4772 = ( GEOMETRIC_REPRESENTATION_CONTEXT(2) 
PARAMETRIC_REPRESENTATION_CONTEXT() REPRESENTATION_CONTEXT('2D SPACE',''
  ) );
#4773 = ADVANCED_FACE('',(#4774),#3251,.T.);
#4774 = FACE_BOUND('',#4775,.T.);
#4775 = EDGE_LOOP('',(#4776,#4777,#4778,#4779));
#4776 = ORIENTED_EDGE('',*,*,#3235,.F.);
#4777 = ORIENTED_EDGE('',*,*,#4752,.T.);
#4778 = ORIENTED_EDGE('',*,*,#4004,.F.);
#4779 = ORIENTED_EDGE('',*,*,#4780,.F.);
#4780 = EDGE_CURVE('',#3208,#4005,#4781,.T.);
#4781 = SURFACE_CURVE('',#4782,(#4787,#4794),.PCURVE_S1.);
#4782 = CIRCLE('',#4783,100.77385615221);
#4783 = AXIS2_PLACEMENT_3D('',#4784,#4785,#4786);
#4784 = CARTESIAN_POINT('',(0.,0.,-257.7311412463));
#4785 = DIRECTION('',(0.,0.,1.));
#4786 = DIRECTION('',(1.,0.,-0.));
#4787 = PCURVE('',#3251,#4788);
#4788 = DEFINITIONAL_REPRESENTATION('',(#4789),#4793);
#4789 = LINE('',#4790,#4791);
#4790 = CARTESIAN_POINT('',(-0.,-1.497459976315));
#4791 = VECTOR('',#4792,1.);
#4792 = DIRECTION('',(-1.,-0.));
#4793 = ( GEOMETRIC_REPRESENTATION_CONTEXT(2) 
PARAMETRIC_REPRESENTATION_CONTEXT() REPRESENTATION_CONTEXT('2D SPACE',''
  ) );
#4794 = PCURVE('',#3223,#4795);
#4795 = DEFINITIONAL_REPRESENTATION('',(#4796),#4800);
#4796 = LINE('',#4797,#4798);
#4797 = CARTESIAN_POINT('',(-0.,-0.));
#4798 = VECTOR('',#4799,1.);
#4799 = DIRECTION('',(-1.,-0.));
#4800 = ( GEOMETRIC_REPRESENTATION_CONTEXT(2) 
PARAMETRIC_REPRESENTATION_CONTEXT() REPRESENTATION_CONTEXT('2D SPACE',''
  ) );
#4801 = ADVANCED_FACE('',(#4802),#3223,.T.);
#4802 = FACE_BOUND('',#4803,.T.);
#4803 = EDGE_LOOP('',(#4804,#4805,#4806,#4807));
#4804 = ORIENTED_EDGE('',*,*,#3207,.F.);
#4805 = ORIENTED_EDGE('',*,*,#4780,.T.);
#4806 = ORIENTED_EDGE('',*,*,#4025,.F.);
#4807 = ORIENTED_EDGE('',*,*,#4808,.F.);
#4808 = EDGE_CURVE('',#3180,#4026,#4809,.T.);
#4809 = SURFACE_CURVE('',#4810,(#4815,#4822),.PCURVE_S1.);
#4810 = CIRCLE('',#4811,99.713577769914);
#4811 = AXIS2_PLACEMENT_3D('',#4812,#4813,#4814);
#4812 = CARTESIAN_POINT('',(0.,0.,-256.2147454517));
#4813 = DIRECTION('',(0.,0.,1.));
#4814 = DIRECTION('',(1.,0.,-0.));
#4815 = PCURVE('',#3223,#4816);
#4816 = DEFINITIONAL_REPRESENTATION('',(#4817),#4821);
#4817 = LINE('',#4818,#4819);
#4818 = CARTESIAN_POINT('',(-0.,-1.516395794546));
#4819 = VECTOR('',#4820,1.);
#4820 = DIRECTION('',(-1.,-0.));
#4821 = ( GEOMETRIC_REPRESENTATION_CONTEXT(2) 
PARAMETRIC_REPRESENTATION_CONTEXT() REPRESENTATION_CONTEXT('2D SPACE',''
  ) );
#4822 = PCURVE('',#3195,#4823);
#4823 = DEFINITIONAL_REPRESENTATION('',(#4824),#4828);
#4824 = LINE('',#4825,#4826);
#4825 = CARTESIAN_POINT('',(-0.,-0.));
#4826 = VECTOR('',#4827,1.);
#4827 = DIRECTION('',(-1.,-0.));
#4828 = ( GEOMETRIC_REPRESENTATION_CONTEXT(2) 
PARAMETRIC_REPRESENTATION_CONTEXT() REPRESENTATION_CONTEXT('2D SPACE',''
  ) );
#4829 = ADVANCED_FACE('',(#4830),#3195,.T.);
#4830 = FACE_BOUND('',#4831,.T.);
#4831 = EDGE_LOOP('',(#4832,#4833,#4834,#4835));
#4832 = ORIENTED_EDGE('',*,*,#3179,.F.);
#4833 = ORIENTED_EDGE('',*,*,#4808,.T.);
#4834 = ORIENTED_EDGE('',*,*,#4046,.F.);
#4835 = ORIENTED_EDGE('',*,*,#4836,.F.);
#4836 = EDGE_CURVE('',#3152,#4047,#4837,.T.);
#4837 = SURFACE_CURVE('',#4838,(#4843,#4850),.PCURVE_S1.);
#4838 = CIRCLE('',#4839,98.657765628016);
#4839 = AXIS2_PLACEMENT_3D('',#4840,#4841,#4842);
#4840 = CARTESIAN_POINT('',(0.,0.,-254.6793812929));
#4841 = DIRECTION('',(0.,0.,1.));
#4842 = DIRECTION('',(1.,0.,-0.));
#4843 = PCURVE('',#3195,#4844);
#4844 = DEFINITIONAL_REPRESENTATION('',(#4845),#4849);
#4845 = LINE('',#4846,#4847);
#4846 = CARTESIAN_POINT('',(-0.,-1.535364158873));
#4847 = VECTOR('',#4848,1.);
#4848 = DIRECTION('',(-1.,-0.));
#4849 = ( GEOMETRIC_REPRESENTATION_CONTEXT(2) 
PARAMETRIC_REPRESENTATION_CONTEXT() REPRESENTATION_CONTEXT('2D SPACE',''
  ) );
#4850 = PCURVE('',#3167,#4851);
#4851 = DEFINITIONAL_REPRESENTATION('',(#4852),#4856);
#4852 = LINE('',#4853,#4854);
#4853 = CARTESIAN_POINT('',(-0.,-0.));
#4854 = VECTOR('',#4855,1.);
#4855 = DIRECTION('',(-1.,-0.));
#4856 = ( GEOMETRIC_REPRESENTATION_CONTEXT(2) 
PARAMETRIC_REPRESENTATION_CONTEXT() REPRESENTATION_CONTEXT('2D SPACE',''
  ) );
#4857 = ADVANCED_FACE('',(#4858),#3167,.T.);
#4858 = FACE_BOUND('',#4859,.T.);
#4859 = EDGE_LOOP('',(#4860,#4861,#4862,#4863));
#4860 = ORIENTED_EDGE('',*,*,#3151,.F.);
#4861 = ORIENTED_EDGE('',*,*,#4836,.T.);
#4862 = ORIENTED_EDGE('',*,*,#4067,.F.);
#4863 = ORIENTED_EDGE('',*,*,#4864,.F.);
#4864 = EDGE_CURVE('',#3124,#4068,#4865,.T.);
#4865 = SURFACE_CURVE('',#4866,(#4871,#4878),.PCURVE_S1.);
#4866 = CIRCLE('',#4867,97.606460214109);
#4867 = AXIS2_PLACEMENT_3D('',#4868,#4869,#4870);
#4868 = CARTESIAN_POINT('',(0.,0.,-253.1250116381));
#4869 = DIRECTION('',(0.,0.,1.));
#4870 = DIRECTION('',(1.,0.,-0.));
#4871 = PCURVE('',#3167,#4872);
#4872 = DEFINITIONAL_REPRESENTATION('',(#4873),#4877);
#4873 = LINE('',#4874,#4875);
#4874 = CARTESIAN_POINT('',(-0.,-1.554369654713));
#4875 = VECTOR('',#4876,1.);
#4876 = DIRECTION('',(-1.,-0.));
#4877 = ( GEOMETRIC_REPRESENTATION_CONTEXT(2) 
PARAMETRIC_REPRESENTATION_CONTEXT() REPRESENTATION_CONTEXT('2D SPACE',''
  ) );
#4878 = PCURVE('',#3139,#4879);
#4879 = DEFINITIONAL_REPRESENTATION('',(#4880),#4884);
#4880 = LINE('',#4881,#4882);
#4881 = CARTESIAN_POINT('',(-0.,-0.));
#4882 = VECTOR('',#4883,1.);
#4883 = DIRECTION('',(-1.,-0.));
#4884 = ( GEOMETRIC_REPRESENTATION_CONTEXT(2) 
PARAMETRIC_REPRESENTATION_CONTEXT() REPRESENTATION_CONTEXT('2D SPACE',''
  ) );
#4885 = ADVANCED_FACE('',(#4886),#3139,.T.);
#4886 = FACE_BOUND('',#4887,.T.);
#4887 = EDGE_LOOP('',(#4888,#4889,#4890,#4891));
#4888 = ORIENTED_EDGE('',*,*,#3123,.F.);
#4889 = ORIENTED_EDGE('',*,*,#4864,.T.);
#4890 = ORIENTED_EDGE('',*,*,#4088,.F.);
#4891 = ORIENTED_EDGE('',*,*,#4133,.F.);
#4892 = ADVANCED_FACE('',(#4893),#3908,.F.);
#4893 = FACE_BOUND('',#4894,.F.);
#4894 = EDGE_LOOP('',(#4895,#4925,#4953,#4981,#5002,#5003));
#4895 = ORIENTED_EDGE('',*,*,#4896,.F.);
#4896 = EDGE_CURVE('',#4897,#4899,#4901,.T.);
#4897 = VERTEX_POINT('',#4898);
#4898 = CARTESIAN_POINT('',(-2.,105.44257450327,-273.2938170238));
#4899 = VERTEX_POINT('',#4900);
#4900 = CARTESIAN_POINT('',(0.,105.44257450327,-273.2938170238));
#4901 = SURFACE_CURVE('',#4902,(#4906,#4913),.PCURVE_S1.);
#4902 = LINE('',#4903,#4904);
#4903 = CARTESIAN_POINT('',(-2.,105.44257450327,-273.2938170238));
#4904 = VECTOR('',#4905,1.);
#4905 = DIRECTION('',(1.,0.,-0.));
#4906 = PCURVE('',#3908,#4907);
#4907 = DEFINITIONAL_REPRESENTATION('',(#4908),#4912);
#4908 = LINE('',#4909,#4910);
#4909 = CARTESIAN_POINT('',(0.,0.));
#4910 = VECTOR('',#4911,1.);
#4911 = DIRECTION('',(0.,1.));
#4912 = ( GEOMETRIC_REPRESENTATION_CONTEXT(2) 
PARAMETRIC_REPRESENTATION_CONTEXT() REPRESENTATION_CONTEXT('2D SPACE',''
  ) );
#4913 = PCURVE('',#4914,#4919);
#4914 = PLANE('',#4915);
#4915 = AXIS2_PLACEMENT_3D('',#4916,#4917,#4918);
#4916 = CARTESIAN_POINT('',(-2.,105.44257450327,-273.2938170238));
#4917 = DIRECTION('',(0.,0.,1.));
#4918 = DIRECTION('',(1.,0.,-0.));
#4919 = DEFINITIONAL_REPRESENTATION('',(#4920),#4924);
#4920 = LINE('',#4921,#4922);
#4921 = CARTESIAN_POINT('',(0.,0.));
#4922 = VECTOR('',#4923,1.);
#4923 = DIRECTION('',(1.,0.));
#4924 = ( GEOMETRIC_REPRESENTATION_CONTEXT(2) 
PARAMETRIC_REPRESENTATION_CONTEXT() REPRESENTATION_CONTEXT('2D SPACE',''
  ) );
#4925 = ORIENTED_EDGE('',*,*,#4926,.T.);
#4926 = EDGE_CURVE('',#4897,#4927,#4929,.T.);
#4927 = VERTEX_POINT('',#4928);
#4928 = CARTESIAN_POINT('',(-2.,105.44257450327,-259.2938170238));
#4929 = SURFACE_CURVE('',#4930,(#4934,#4941),.PCURVE_S1.);
#4930 = LINE('',#4931,#4932);
#4931 = CARTESIAN_POINT('',(-2.,105.44257450327,-273.2938170238));
#4932 = VECTOR('',#4933,1.);
#4933 = DIRECTION('',(0.,0.,1.));
#4934 = PCURVE('',#3908,#4935);
#4935 = DEFINITIONAL_REPRESENTATION('',(#4936),#4940);
#4936 = LINE('',#4937,#4938);
#4937 = CARTESIAN_POINT('',(0.,0.));
#4938 = VECTOR('',#4939,1.);
#4939 = DIRECTION('',(1.,0.));
#4940 = ( GEOMETRIC_REPRESENTATION_CONTEXT(2) 
PARAMETRIC_REPRESENTATION_CONTEXT() REPRESENTATION_CONTEXT('2D SPACE',''
  ) );
#4941 = PCURVE('',#4942,#4947);
#4942 = PLANE('',#4943);
#4943 = AXIS2_PLACEMENT_3D('',#4944,#4945,#4946);
#4944 = CARTESIAN_POINT('',(-2.,105.44257450327,-273.2938170238));
#4945 = DIRECTION('',(1.,0.,-0.));
#4946 = DIRECTION('',(0.,0.,1.));
#4947 = DEFINITIONAL_REPRESENTATION('',(#4948),#4952);
#4948 = LINE('',#4949,#4950);
#4949 = CARTESIAN_POINT('',(0.,0.));
#4950 = VECTOR('',#4951,1.);
#4951 = DIRECTION('',(1.,0.));
#4952 = ( GEOMETRIC_REPRESENTATION_CONTEXT(2) 
PARAMETRIC_REPRESENTATION_CONTEXT() REPRESENTATION_CONTEXT('2D SPACE',''
  ) );
#4953 = ORIENTED_EDGE('',*,*,#4954,.T.);
#4954 = EDGE_CURVE('',#4927,#4955,#4957,.T.);
#4955 = VERTEX_POINT('',#4956);
#4956 = CARTESIAN_POINT('',(0.,105.44257450327,-259.2938170238));
#4957 = SURFACE_CURVE('',#4958,(#4962,#4969),.PCURVE_S1.);
#4958 = LINE('',#4959,#4960);
#4959 = CARTESIAN_POINT('',(-2.,105.44257450327,-259.2938170238));
#4960 = VECTOR('',#4961,1.);
#4961 = DIRECTION('',(1.,0.,-0.));
#4962 = PCURVE('',#3908,#4963);
#4963 = DEFINITIONAL_REPRESENTATION('',(#4964),#4968);
#4964 = LINE('',#4965,#4966);
#4965 = CARTESIAN_POINT('',(14.,0.));
#4966 = VECTOR('',#4967,1.);
#4967 = DIRECTION('',(0.,1.));
#4968 = ( GEOMETRIC_REPRESENTATION_CONTEXT(2) 
PARAMETRIC_REPRESENTATION_CONTEXT() REPRESENTATION_CONTEXT('2D SPACE',''
  ) );
#4969 = PCURVE('',#4970,#4975);
#4970 = PLANE('',#4971);
#4971 = AXIS2_PLACEMENT_3D('',#4972,#4973,#4974);
#4972 = CARTESIAN_POINT('',(-2.,105.44257450327,-259.2938170238));
#4973 = DIRECTION('',(0.,0.,1.));
#4974 = DIRECTION('',(1.,0.,-0.));
#4975 = DEFINITIONAL_REPRESENTATION('',(#4976),#4980);
#4976 = LINE('',#4977,#4978);
#4977 = CARTESIAN_POINT('',(0.,0.));
#4978 = VECTOR('',#4979,1.);
#4979 = DIRECTION('',(1.,0.));
#4980 = ( GEOMETRIC_REPRESENTATION_CONTEXT(2) 
PARAMETRIC_REPRESENTATION_CONTEXT() REPRESENTATION_CONTEXT('2D SPACE',''
  ) );
#4981 = ORIENTED_EDGE('',*,*,#4982,.F.);
#4982 = EDGE_CURVE('',#3893,#4955,#4983,.T.);
#4983 = SURFACE_CURVE('',#4984,(#4988,#4995),.PCURVE_S1.);
#4984 = LINE('',#4985,#4986);
#4985 = CARTESIAN_POINT('',(0.,105.44257450327,-273.2938170238));
#4986 = VECTOR('',#4987,1.);
#4987 = DIRECTION('',(0.,0.,1.));
#4988 = PCURVE('',#3908,#4989);
#4989 = DEFINITIONAL_REPRESENTATION('',(#4990),#4994);
#4990 = LINE('',#4991,#4992);
#4991 = CARTESIAN_POINT('',(0.,2.));
#4992 = VECTOR('',#4993,1.);
#4993 = DIRECTION('',(1.,0.));
#4994 = ( GEOMETRIC_REPRESENTATION_CONTEXT(2) 
PARAMETRIC_REPRESENTATION_CONTEXT() REPRESENTATION_CONTEXT('2D SPACE',''
  ) );
#4995 = PCURVE('',#4677,#4996);
#4996 = DEFINITIONAL_REPRESENTATION('',(#4997),#5001);
#4997 = LINE('',#4998,#4999);
#4998 = CARTESIAN_POINT('',(0.,0.));
#4999 = VECTOR('',#5000,1.);
#5000 = DIRECTION('',(1.,0.));
#5001 = ( GEOMETRIC_REPRESENTATION_CONTEXT(2) 
PARAMETRIC_REPRESENTATION_CONTEXT() REPRESENTATION_CONTEXT('2D SPACE',''
  ) );
#5002 = ORIENTED_EDGE('',*,*,#3892,.F.);
#5003 = ORIENTED_EDGE('',*,*,#5004,.F.);
#5004 = EDGE_CURVE('',#4899,#3872,#5005,.T.);
#5005 = SURFACE_CURVE('',#5006,(#5010,#5017),.PCURVE_S1.);
#5006 = LINE('',#5007,#5008);
#5007 = CARTESIAN_POINT('',(0.,105.44257450327,-273.2938170238));
#5008 = VECTOR('',#5009,1.);
#5009 = DIRECTION('',(0.,0.,1.));
#5010 = PCURVE('',#3908,#5011);
#5011 = DEFINITIONAL_REPRESENTATION('',(#5012),#5016);
#5012 = LINE('',#5013,#5014);
#5013 = CARTESIAN_POINT('',(0.,2.));
#5014 = VECTOR('',#5015,1.);
#5015 = DIRECTION('',(1.,0.));
#5016 = ( GEOMETRIC_REPRESENTATION_CONTEXT(2) 
PARAMETRIC_REPRESENTATION_CONTEXT() REPRESENTATION_CONTEXT('2D SPACE',''
  ) );
#5017 = PCURVE('',#4430,#5018);
#5018 = DEFINITIONAL_REPRESENTATION('',(#5019),#5023);
#5019 = LINE('',#5020,#5021);
#5020 = CARTESIAN_POINT('',(0.,0.));
#5021 = VECTOR('',#5022,1.);
#5022 = DIRECTION('',(1.,0.));
#5023 = ( GEOMETRIC_REPRESENTATION_CONTEXT(2) 
PARAMETRIC_REPRESENTATION_CONTEXT() REPRESENTATION_CONTEXT('2D SPACE',''
  ) );
#5024 = ADVANCED_FACE('',(#5025),#4491,.F.);
#5025 = FACE_BOUND('',#5026,.F.);
#5026 = EDGE_LOOP('',(#5027,#5057,#5089,#5114,#5115,#5116,#5117,#5144));
#5027 = ORIENTED_EDGE('',*,*,#5028,.F.);
#5028 = EDGE_CURVE('',#5029,#5031,#5033,.T.);
#5029 = VERTEX_POINT('',#5030);
#5030 = CARTESIAN_POINT('',(107.59257450327,2.2,-268.3728417232));
#5031 = VERTEX_POINT('',#5032);
#5032 = CARTESIAN_POINT('',(107.59257450327,2.2,-266.9253214796));
#5033 = SURFACE_CURVE('',#5034,(#5038,#5045),.PCURVE_S1.);
#5034 = LINE('',#5035,#5036);
#5035 = CARTESIAN_POINT('',(107.59257450327,2.2,-273.2938170238));
#5036 = VECTOR('',#5037,1.);
#5037 = DIRECTION('',(0.,0.,1.));
#5038 = PCURVE('',#4491,#5039);
#5039 = DEFINITIONAL_REPRESENTATION('',(#5040),#5044);
#5040 = LINE('',#5041,#5042);
#5041 = CARTESIAN_POINT('',(0.,2.3));
#5042 = VECTOR('',#5043,1.);
#5043 = DIRECTION('',(1.,0.));
#5044 = ( GEOMETRIC_REPRESENTATION_CONTEXT(2) 
PARAMETRIC_REPRESENTATION_CONTEXT() REPRESENTATION_CONTEXT('2D SPACE',''
  ) );
#5045 = PCURVE('',#5046,#5051);
#5046 = PLANE('',#5047);
#5047 = AXIS2_PLACEMENT_3D('',#5048,#5049,#5050);
#5048 = CARTESIAN_POINT('',(107.59257450327,0.,-273.2938170238));
#5049 = DIRECTION('',(1.,0.,-0.));
#5050 = DIRECTION('',(0.,0.,1.));
#5051 = DEFINITIONAL_REPRESENTATION('',(#5052),#5056);
#5052 = LINE('',#5053,#5054);
#5053 = CARTESIAN_POINT('',(0.,-2.2));
#5054 = VECTOR('',#5055,1.);
#5055 = DIRECTION('',(1.,0.));
#5056 = ( GEOMETRIC_REPRESENTATION_CONTEXT(2) 
PARAMETRIC_REPRESENTATION_CONTEXT() REPRESENTATION_CONTEXT('2D SPACE',''
  ) );
#5057 = ORIENTED_EDGE('',*,*,#5058,.T.);
#5058 = EDGE_CURVE('',#5029,#5059,#5061,.T.);
#5059 = VERTEX_POINT('',#5060);
#5060 = CARTESIAN_POINT('',(107.12184383707,2.2,-267.8526270759));
#5061 = SURFACE_CURVE('',#5062,(#5067,#5074),.PCURVE_S1.);
#5062 = HYPERBOLA('',#5063,2.431778052076,2.2);
#5063 = AXIS2_PLACEMENT_3D('',#5064,#5065,#5066);
#5064 = CARTESIAN_POINT('',(0.,2.2,-149.4201364013));
#5065 = DIRECTION('',(0.,1.,0.));
#5066 = DIRECTION('',(0.,0.,-1.));
#5067 = PCURVE('',#4491,#5068);
#5068 = DEFINITIONAL_REPRESENTATION('',(#5069),#5073);
#5069 = ( BOUNDED_CURVE() B_SPLINE_CURVE(2,(#5070,#5071,#5072),
.UNSPECIFIED.,.F.,.F.) B_SPLINE_CURVE_WITH_KNOTS((3,3),(-4.585280931165,
-4.578762163376),.PIECEWISE_BEZIER_KNOTS.) CURVE() 
GEOMETRIC_REPRESENTATION_ITEM() RATIONAL_B_SPLINE_CURVE((1.,
1.000005311796,1.)) REPRESENTATION_ITEM('') );
#5070 = CARTESIAN_POINT('',(4.666796975989,2.53));
#5071 = CARTESIAN_POINT('',(5.055255743882,2.17849293501));
#5072 = CARTESIAN_POINT('',(5.44118994795,1.8292693338));
#5073 = ( GEOMETRIC_REPRESENTATION_CONTEXT(2) 
PARAMETRIC_REPRESENTATION_CONTEXT() REPRESENTATION_CONTEXT('2D SPACE',''
  ) );
#5074 = PCURVE('',#5075,#5080);
#5075 = CONICAL_SURFACE('',#5076,107.14443255276,0.735399032262);
#5076 = AXIS2_PLACEMENT_3D('',#5077,#5078,#5079);
#5077 = CARTESIAN_POINT('',(0.,0.,-267.8526270759));
#5078 = DIRECTION('',(-0.,-0.,-1.));
#5079 = DIRECTION('',(1.,0.,0.));
#5080 = DEFINITIONAL_REPRESENTATION('',(#5081),#5088);
#5081 = B_SPLINE_CURVE_WITH_KNOTS('',5,(#5082,#5083,#5084,#5085,#5086,
    #5087),.UNSPECIFIED.,.F.,.F.,(6,6),(-4.585280931165,-4.578762163376)
  ,.PIECEWISE_BEZIER_KNOTS.);
#5082 = CARTESIAN_POINT('',(-2.040105966639E-02,0.774392971961));
#5083 = CARTESIAN_POINT('',(-2.042765577553E-02,0.619008914561));
#5084 = CARTESIAN_POINT('',(-2.045429521911E-02,0.463878138014));
#5085 = CARTESIAN_POINT('',(-2.048097809124E-02,0.309000092075));
#5086 = CARTESIAN_POINT('',(-2.050770448633E-02,0.154374228294));
#5087 = CARTESIAN_POINT('',(-2.05344744991E-02,5.246888979595E-14));
#5088 = ( GEOMETRIC_REPRESENTATION_CONTEXT(2) 
PARAMETRIC_REPRESENTATION_CONTEXT() REPRESENTATION_CONTEXT('2D SPACE',''
  ) );
#5089 = ORIENTED_EDGE('',*,*,#5090,.T.);
#5090 = EDGE_CURVE('',#5059,#4443,#5091,.T.);
#5091 = SURFACE_CURVE('',#5092,(#5097,#5104),.PCURVE_S1.);
#5092 = HYPERBOLA('',#5093,2.478996230651,2.2);
#5093 = AXIS2_PLACEMENT_3D('',#5094,#5095,#5096);
#5094 = CARTESIAN_POINT('',(0.,2.2,-147.1205159697));
#5095 = DIRECTION('',(0.,1.,0.));
#5096 = DIRECTION('',(0.,0.,-1.));
#5097 = PCURVE('',#4491,#5098);
#5098 = DEFINITIONAL_REPRESENTATION('',(#5099),#5103);
#5099 = ( BOUNDED_CURVE() B_SPLINE_CURVE(2,(#5100,#5101,#5102),
.UNSPECIFIED.,.F.,.F.) B_SPLINE_CURVE_WITH_KNOTS((3,3),(-4.578762163376,
-4.568058957662),.PIECEWISE_BEZIER_KNOTS.) CURVE() 
GEOMETRIC_REPRESENTATION_ITEM() RATIONAL_B_SPLINE_CURVE((1.,
1.000014319861,1.)) REPRESENTATION_ITEM('') );
#5100 = CARTESIAN_POINT('',(5.441189947951,1.8292693338));
#5101 = CARTESIAN_POINT('',(6.087157875754,1.255880356334));
#5102 = CARTESIAN_POINT('',(6.726247286917,0.688594458708));
#5103 = ( GEOMETRIC_REPRESENTATION_CONTEXT(2) 
PARAMETRIC_REPRESENTATION_CONTEXT() REPRESENTATION_CONTEXT('2D SPACE',''
  ) );
#5104 = PCURVE('',#4459,#5105);
#5105 = DEFINITIONAL_REPRESENTATION('',(#5106),#5113);
#5106 = B_SPLINE_CURVE_WITH_KNOTS('',5,(#5107,#5108,#5109,#5110,#5111,
    #5112),.UNSPECIFIED.,.F.,.F.,(6,6),(-4.578762163376,-4.568058957662)
  ,.PIECEWISE_BEZIER_KNOTS.);
#5107 = CARTESIAN_POINT('',(-2.05344744991E-02,1.285057338966));
#5108 = CARTESIAN_POINT('',(-2.057842835094E-02,1.026667701143));
#5109 = CARTESIAN_POINT('',(-2.062249978977E-02,0.768969608477));
#5110 = CARTESIAN_POINT('',(-2.066668923483E-02,0.511960594239));
#5111 = CARTESIAN_POINT('',(-2.071099710762E-02,0.2556382049));
#5112 = CARTESIAN_POINT('',(-2.075542383191E-02,-3.885420551244E-14));
#5113 = ( GEOMETRIC_REPRESENTATION_CONTEXT(2) 
PARAMETRIC_REPRESENTATION_CONTEXT() REPRESENTATION_CONTEXT('2D SPACE',''
  ) );
#5114 = ORIENTED_EDGE('',*,*,#4471,.T.);
#5115 = ORIENTED_EDGE('',*,*,#4533,.T.);
#5116 = ORIENTED_EDGE('',*,*,#4608,.F.);
#5117 = ORIENTED_EDGE('',*,*,#5118,.F.);
#5118 = EDGE_CURVE('',#5119,#4609,#5121,.T.);
#5119 = VERTEX_POINT('',#5120);
#5120 = CARTESIAN_POINT('',(107.20442918866,2.2,-266.4326650249));
#5121 = SURFACE_CURVE('',#5122,(#5127,#5134),.PCURVE_S1.);
#5122 = HYPERBOLA('',#5123,2.841843476141,2.2);
#5123 = AXIS2_PLACEMENT_3D('',#5124,#5125,#5126);
#5124 = CARTESIAN_POINT('',(0.,2.2,-127.9225050902));
#5125 = DIRECTION('',(0.,1.,0.));
#5126 = DIRECTION('',(-0.,0.,-1.));
#5127 = PCURVE('',#4491,#5128);
#5128 = DEFINITIONAL_REPRESENTATION('',(#5129),#5133);
#5129 = ( BOUNDED_CURVE() B_SPLINE_CURVE(2,(#5130,#5131,#5132),
.UNSPECIFIED.,.F.,.F.) B_SPLINE_CURVE_WITH_KNOTS((3,3),(-4.579532651817,
-4.569348892918),.PIECEWISE_BEZIER_KNOTS.) CURVE() 
GEOMETRIC_REPRESENTATION_ITEM() RATIONAL_B_SPLINE_CURVE((1.,
1.000012963646,1.)) REPRESENTATION_ITEM('') );
#5130 = CARTESIAN_POINT('',(6.861151998933,1.911854685395));
#5131 = CARTESIAN_POINT('',(7.566274480894,1.365872443653));
#5132 = CARTESIAN_POINT('',(8.26425109355,0.825420967231));
#5133 = ( GEOMETRIC_REPRESENTATION_CONTEXT(2) 
PARAMETRIC_REPRESENTATION_CONTEXT() REPRESENTATION_CONTEXT('2D SPACE',''
  ) );
#5134 = PCURVE('',#4652,#5135);
#5135 = DEFINITIONAL_REPRESENTATION('',(#5136),#5143);
#5136 = B_SPLINE_CURVE_WITH_KNOTS('',5,(#5137,#5138,#5139,#5140,#5141,
    #5142),.UNSPECIFIED.,.F.,.F.,(6,6),(-4.579532651817,-4.569348892918)
  ,.PIECEWISE_BEZIER_KNOTS.);
#5137 = CARTESIAN_POINT('',(-2.051866012762E-02,0.));
#5138 = CARTESIAN_POINT('',(-2.056044861274E-02,-0.282051430364));
#5139 = CARTESIAN_POINT('',(-2.060234346644E-02,-0.563384623597));
#5140 = CARTESIAN_POINT('',(-2.064434504955E-02,-0.844002017305));
#5141 = CARTESIAN_POINT('',(-2.068645372476E-02,-1.123906036678));
#5142 = CARTESIAN_POINT('',(-2.072866985662E-02,-1.403099094616));
#5143 = ( GEOMETRIC_REPRESENTATION_CONTEXT(2) 
PARAMETRIC_REPRESENTATION_CONTEXT() REPRESENTATION_CONTEXT('2D SPACE',''
  ) );
#5144 = ORIENTED_EDGE('',*,*,#5145,.F.);
#5145 = EDGE_CURVE('',#5031,#5119,#5146,.T.);
#5146 = SURFACE_CURVE('',#5147,(#5152,#5159),.PCURVE_S1.);
#5147 = HYPERBOLA('',#5148,2.792952881376,2.2);
#5148 = AXIS2_PLACEMENT_3D('',#5149,#5150,#5151);
#5149 = CARTESIAN_POINT('',(0.,2.2,-130.3054104674));
#5150 = DIRECTION('',(0.,1.,0.));
#5151 = DIRECTION('',(-0.,0.,-1.));
#5152 = PCURVE('',#4491,#5153);
#5153 = DEFINITIONAL_REPRESENTATION('',(#5154),#5158);
#5154 = ( BOUNDED_CURVE() B_SPLINE_CURVE(2,(#5155,#5156,#5157),
.UNSPECIFIED.,.F.,.F.) B_SPLINE_CURVE_WITH_KNOTS((3,3),(-4.585280931165,
-4.579532651817),.PIECEWISE_BEZIER_KNOTS.) CURVE() 
GEOMETRIC_REPRESENTATION_ITEM() RATIONAL_B_SPLINE_CURVE((1.,
1.000004130342,1.)) REPRESENTATION_ITEM('') );
#5155 = CARTESIAN_POINT('',(6.076565907152,2.53));
#5156 = CARTESIAN_POINT('',(6.469986690974,2.220039213075));
#5157 = CARTESIAN_POINT('',(6.861151998933,1.911854685395));
#5158 = ( GEOMETRIC_REPRESENTATION_CONTEXT(2) 
PARAMETRIC_REPRESENTATION_CONTEXT() REPRESENTATION_CONTEXT('2D SPACE',''
  ) );
#5159 = PCURVE('',#5160,#5165);
#5160 = CONICAL_SURFACE('',#5161,108.31737327019,0.667193828607);
#5161 = AXIS2_PLACEMENT_3D('',#5162,#5163,#5164);
#5162 = CARTESIAN_POINT('',(0.,0.,-267.8169194574));
#5163 = DIRECTION('',(-0.,-0.,-1.));
#5164 = DIRECTION('',(1.,0.,-0.));
#5165 = DEFINITIONAL_REPRESENTATION('',(#5166),#5173);
#5166 = B_SPLINE_CURVE_WITH_KNOTS('',5,(#5167,#5168,#5169,#5170,#5171,
    #5172),.UNSPECIFIED.,.F.,.F.,(6,6),(-4.585280931165,-4.579532651817)
  ,.PIECEWISE_BEZIER_KNOTS.);
#5167 = CARTESIAN_POINT('',(-2.040105966639E-02,-0.599668340721));
#5168 = CARTESIAN_POINT('',(-2.042451223746E-02,-0.757037087573));
#5169 = CARTESIAN_POINT('',(-2.04479985045E-02,-0.914179637475));
#5170 = CARTESIAN_POINT('',(-2.047151853204E-02,-1.071096423751));
#5171 = CARTESIAN_POINT('',(-2.049507238478E-02,-1.22778787848));
#5172 = CARTESIAN_POINT('',(-2.051866012762E-02,-1.384254432503));
#5173 = ( GEOMETRIC_REPRESENTATION_CONTEXT(2) 
PARAMETRIC_REPRESENTATION_CONTEXT() REPRESENTATION_CONTEXT('2D SPACE',''
  ) );
#5174 = ADVANCED_FACE('',(#5175),#4459,.F.);
#5175 = FACE_BOUND('',#5176,.T.);
#5176 = EDGE_LOOP('',(#5177,#5178,#5179,#5201));
#5177 = ORIENTED_EDGE('',*,*,#5090,.T.);
#5178 = ORIENTED_EDGE('',*,*,#4442,.T.);
#5179 = ORIENTED_EDGE('',*,*,#5180,.T.);
#5180 = EDGE_CURVE('',#4416,#5181,#5183,.T.);
#5181 = VERTEX_POINT('',#5182);
#5182 = CARTESIAN_POINT('',(6.56070431861E-15,107.14443255276,
    -267.8526270759));
#5183 = SURFACE_CURVE('',#5184,(#5188,#5194),.PCURVE_S1.);
#5184 = LINE('',#5185,#5186);
#5185 = CARTESIAN_POINT('',(0.,0.,-147.1205159697));
#5186 = VECTOR('',#5187,1.);
#5187 = DIRECTION('',(-0.,0.663764929265,-0.747941253494));
#5188 = PCURVE('',#4459,#5189);
#5189 = DEFINITIONAL_REPRESENTATION('',(#5190),#5193);
#5190 = B_SPLINE_CURVE_WITH_KNOTS('',1,(#5191,#5192),.UNSPECIFIED.,.F.,
  .F.,(2,2),(159.70111717896,161.41924321221),.PIECEWISE_BEZIER_KNOTS.);
#5191 = CARTESIAN_POINT('',(-1.570796326795,0.));
#5192 = CARTESIAN_POINT('',(-1.570796326795,1.285057338966));
#5193 = ( GEOMETRIC_REPRESENTATION_CONTEXT(2) 
PARAMETRIC_REPRESENTATION_CONTEXT() REPRESENTATION_CONTEXT('2D SPACE',''
  ) );
#5194 = PCURVE('',#4430,#5195);
#5195 = DEFINITIONAL_REPRESENTATION('',(#5196),#5200);
#5196 = LINE('',#5197,#5198);
#5197 = CARTESIAN_POINT('',(126.1733010541,105.44257450327));
#5198 = VECTOR('',#5199,1.);
#5199 = DIRECTION('',(-0.747941253494,-0.663764929265));
#5200 = ( GEOMETRIC_REPRESENTATION_CONTEXT(2) 
PARAMETRIC_REPRESENTATION_CONTEXT() REPRESENTATION_CONTEXT('2D SPACE',''
  ) );
#5201 = ORIENTED_EDGE('',*,*,#5202,.F.);
#5202 = EDGE_CURVE('',#5059,#5181,#5203,.T.);
#5203 = SURFACE_CURVE('',#5204,(#5209,#5216),.PCURVE_S1.);
#5204 = CIRCLE('',#5205,107.14443255276);
#5205 = AXIS2_PLACEMENT_3D('',#5206,#5207,#5208);
#5206 = CARTESIAN_POINT('',(0.,0.,-267.8526270759));
#5207 = DIRECTION('',(0.,0.,1.));
#5208 = DIRECTION('',(1.,0.,-0.));
#5209 = PCURVE('',#4459,#5210);
#5210 = DEFINITIONAL_REPRESENTATION('',(#5211),#5215);
#5211 = LINE('',#5212,#5213);
#5212 = CARTESIAN_POINT('',(-0.,1.285057338966));
#5213 = VECTOR('',#5214,1.);
#5214 = DIRECTION('',(-1.,0.));
#5215 = ( GEOMETRIC_REPRESENTATION_CONTEXT(2) 
PARAMETRIC_REPRESENTATION_CONTEXT() REPRESENTATION_CONTEXT('2D SPACE',''
  ) );
#5216 = PCURVE('',#5075,#5217);
#5217 = DEFINITIONAL_REPRESENTATION('',(#5218),#5222);
#5218 = LINE('',#5219,#5220);
#5219 = CARTESIAN_POINT('',(-0.,0.));
#5220 = VECTOR('',#5221,1.);
#5221 = DIRECTION('',(-1.,0.));
#5222 = ( GEOMETRIC_REPRESENTATION_CONTEXT(2) 
PARAMETRIC_REPRESENTATION_CONTEXT() REPRESENTATION_CONTEXT('2D SPACE',''
  ) );
#5223 = ADVANCED_FACE('',(#5224),#4430,.T.);
#5224 = FACE_BOUND('',#5225,.T.);
#5225 = EDGE_LOOP('',(#5226,#5227,#5250,#5278,#5298,#5299));
#5226 = ORIENTED_EDGE('',*,*,#5004,.F.);
#5227 = ORIENTED_EDGE('',*,*,#5228,.T.);
#5228 = EDGE_CURVE('',#4899,#5229,#5231,.T.);
#5229 = VERTEX_POINT('',#5230);
#5230 = CARTESIAN_POINT('',(0.,107.44257450327,-273.2938170238));
#5231 = SURFACE_CURVE('',#5232,(#5236,#5243),.PCURVE_S1.);
#5232 = LINE('',#5233,#5234);
#5233 = CARTESIAN_POINT('',(0.,105.44257450327,-273.2938170238));
#5234 = VECTOR('',#5235,1.);
#5235 = DIRECTION('',(-0.,1.,0.));
#5236 = PCURVE('',#4430,#5237);
#5237 = DEFINITIONAL_REPRESENTATION('',(#5238),#5242);
#5238 = LINE('',#5239,#5240);
#5239 = CARTESIAN_POINT('',(0.,0.));
#5240 = VECTOR('',#5241,1.);
#5241 = DIRECTION('',(0.,-1.));
#5242 = ( GEOMETRIC_REPRESENTATION_CONTEXT(2) 
PARAMETRIC_REPRESENTATION_CONTEXT() REPRESENTATION_CONTEXT('2D SPACE',''
  ) );
#5243 = PCURVE('',#4914,#5244);
#5244 = DEFINITIONAL_REPRESENTATION('',(#5245),#5249);
#5245 = LINE('',#5246,#5247);
#5246 = CARTESIAN_POINT('',(2.,0.));
#5247 = VECTOR('',#5248,1.);
#5248 = DIRECTION('',(0.,1.));
#5249 = ( GEOMETRIC_REPRESENTATION_CONTEXT(2) 
PARAMETRIC_REPRESENTATION_CONTEXT() REPRESENTATION_CONTEXT('2D SPACE',''
  ) );
#5250 = ORIENTED_EDGE('',*,*,#5251,.T.);
#5251 = EDGE_CURVE('',#5229,#5252,#5254,.T.);
#5252 = VERTEX_POINT('',#5253);
#5253 = CARTESIAN_POINT('',(0.,107.44257450327,-268.1821793721));
#5254 = SURFACE_CURVE('',#5255,(#5259,#5266),.PCURVE_S1.);
#5255 = LINE('',#5256,#5257);
#5256 = CARTESIAN_POINT('',(0.,107.44257450327,-273.2938170238));
#5257 = VECTOR('',#5258,1.);
#5258 = DIRECTION('',(0.,0.,1.));
#5259 = PCURVE('',#4430,#5260);
#5260 = DEFINITIONAL_REPRESENTATION('',(#5261),#5265);
#5261 = LINE('',#5262,#5263);
#5262 = CARTESIAN_POINT('',(0.,-2.));
#5263 = VECTOR('',#5264,1.);
#5264 = DIRECTION('',(1.,0.));
#5265 = ( GEOMETRIC_REPRESENTATION_CONTEXT(2) 
PARAMETRIC_REPRESENTATION_CONTEXT() REPRESENTATION_CONTEXT('2D SPACE',''
  ) );
#5266 = PCURVE('',#5267,#5272);
#5267 = PLANE('',#5268);
#5268 = AXIS2_PLACEMENT_3D('',#5269,#5270,#5271);
#5269 = CARTESIAN_POINT('',(-2.,107.44257450327,-273.2938170238));
#5270 = DIRECTION('',(-0.,1.,0.));
#5271 = DIRECTION('',(0.,0.,1.));
#5272 = DEFINITIONAL_REPRESENTATION('',(#5273),#5277);
#5273 = LINE('',#5274,#5275);
#5274 = CARTESIAN_POINT('',(0.,2.));
#5275 = VECTOR('',#5276,1.);
#5276 = DIRECTION('',(1.,0.));
#5277 = ( GEOMETRIC_REPRESENTATION_CONTEXT(2) 
PARAMETRIC_REPRESENTATION_CONTEXT() REPRESENTATION_CONTEXT('2D SPACE',''
  ) );
#5278 = ORIENTED_EDGE('',*,*,#5279,.F.);
#5279 = EDGE_CURVE('',#5181,#5252,#5280,.T.);
#5280 = SURFACE_CURVE('',#5281,(#5285,#5292),.PCURVE_S1.);
#5281 = LINE('',#5282,#5283);
#5282 = CARTESIAN_POINT('',(0.,0.,-149.4201364013));
#5283 = VECTOR('',#5284,1.);
#5284 = DIRECTION('',(-0.,0.670883116646,-0.74156310844));
#5285 = PCURVE('',#4430,#5286);
#5286 = DEFINITIONAL_REPRESENTATION('',(#5287),#5291);
#5287 = LINE('',#5288,#5289);
#5288 = CARTESIAN_POINT('',(123.87368062248,105.44257450327));
#5289 = VECTOR('',#5290,1.);
#5290 = DIRECTION('',(-0.74156310844,-0.670883116646));
#5291 = ( GEOMETRIC_REPRESENTATION_CONTEXT(2) 
PARAMETRIC_REPRESENTATION_CONTEXT() REPRESENTATION_CONTEXT('2D SPACE',''
  ) );
#5292 = PCURVE('',#5075,#5293);
#5293 = DEFINITIONAL_REPRESENTATION('',(#5294),#5297);
#5294 = B_SPLINE_CURVE_WITH_KNOTS('',1,(#5295,#5296),.UNSPECIFIED.,.F.,
  .F.,(2,2),(159.70655676718,161.41373330808),.PIECEWISE_BEZIER_KNOTS.);
#5295 = CARTESIAN_POINT('',(-1.570796326795,0.));
#5296 = CARTESIAN_POINT('',(-1.570796326795,1.265979142326));
#5297 = ( GEOMETRIC_REPRESENTATION_CONTEXT(2) 
PARAMETRIC_REPRESENTATION_CONTEXT() REPRESENTATION_CONTEXT('2D SPACE',''
  ) );
#5298 = ORIENTED_EDGE('',*,*,#5180,.F.);
#5299 = ORIENTED_EDGE('',*,*,#4415,.F.);
#5300 = ADVANCED_FACE('',(#5301),#4677,.T.);
#5301 = FACE_BOUND('',#5302,.T.);
#5302 = EDGE_LOOP('',(#5303,#5304,#5305,#5327,#5349,#5372));
#5303 = ORIENTED_EDGE('',*,*,#4982,.F.);
#5304 = ORIENTED_EDGE('',*,*,#4664,.T.);
#5305 = ORIENTED_EDGE('',*,*,#5306,.T.);
#5306 = EDGE_CURVE('',#4636,#5307,#5309,.T.);
#5307 = VERTEX_POINT('',#5308);
#5308 = CARTESIAN_POINT('',(6.565760147636E-15,107.22700050672,
    -266.4326650249));
#5309 = SURFACE_CURVE('',#5310,(#5314,#5321),.PCURVE_S1.);
#5310 = LINE('',#5311,#5312);
#5311 = CARTESIAN_POINT('',(0.,0.,-127.9225050902));
#5312 = VECTOR('',#5313,1.);
#5313 = DIRECTION('',(-0.,0.612149378331,-0.790742144197));
#5314 = PCURVE('',#4677,#5315);
#5315 = DEFINITIONAL_REPRESENTATION('',(#5316),#5320);
#5316 = LINE('',#5317,#5318);
#5317 = CARTESIAN_POINT('',(145.37131193357,105.44257450327));
#5318 = VECTOR('',#5319,1.);
#5319 = DIRECTION('',(-0.790742144197,-0.612149378331));
#5320 = ( GEOMETRIC_REPRESENTATION_CONTEXT(2) 
PARAMETRIC_REPRESENTATION_CONTEXT() REPRESENTATION_CONTEXT('2D SPACE',''
  ) );
#5321 = PCURVE('',#4652,#5322);
#5322 = DEFINITIONAL_REPRESENTATION('',(#5323),#5326);
#5323 = B_SPLINE_CURVE_WITH_KNOTS('',1,(#5324,#5325),.UNSPECIFIED.,.F.,
  .F.,(2,2),(173.39035467657,175.16476256025),.PIECEWISE_BEZIER_KNOTS.);
#5324 = CARTESIAN_POINT('',(-1.570796326795,-1.403099094616));
#5325 = CARTESIAN_POINT('',(-1.570796326795,0.));
#5326 = ( GEOMETRIC_REPRESENTATION_CONTEXT(2) 
PARAMETRIC_REPRESENTATION_CONTEXT() REPRESENTATION_CONTEXT('2D SPACE',''
  ) );
#5327 = ORIENTED_EDGE('',*,*,#5328,.T.);
#5328 = EDGE_CURVE('',#5307,#5329,#5331,.T.);
#5329 = VERTEX_POINT('',#5330);
#5330 = CARTESIAN_POINT('',(0.,107.44257450327,-266.7063413952));
#5331 = SURFACE_CURVE('',#5332,(#5336,#5343),.PCURVE_S1.);
#5332 = LINE('',#5333,#5334);
#5333 = CARTESIAN_POINT('',(0.,0.,-130.3054104674));
#5334 = VECTOR('',#5335,1.);
#5335 = DIRECTION('',(-0.,0.618784006982,-0.785561170568));
#5336 = PCURVE('',#4677,#5337);
#5337 = DEFINITIONAL_REPRESENTATION('',(#5338),#5342);
#5338 = LINE('',#5339,#5340);
#5339 = CARTESIAN_POINT('',(142.98840655645,105.44257450327));
#5340 = VECTOR('',#5341,1.);
#5341 = DIRECTION('',(-0.785561170568,-0.618784006982));
#5342 = ( GEOMETRIC_REPRESENTATION_CONTEXT(2) 
PARAMETRIC_REPRESENTATION_CONTEXT() REPRESENTATION_CONTEXT('2D SPACE',''
  ) );
#5343 = PCURVE('',#5160,#5344);
#5344 = DEFINITIONAL_REPRESENTATION('',(#5345),#5348);
#5345 = B_SPLINE_CURVE_WITH_KNOTS('',1,(#5346,#5347),.UNSPECIFIED.,.F.,
  .F.,(2,2),(173.28663846654,175.04876022659),.PIECEWISE_BEZIER_KNOTS.);
#5346 = CARTESIAN_POINT('',(-1.570796326795,-1.384254432503));
#5347 = CARTESIAN_POINT('',(-1.570796326795,-2.232699132968E-14));
#5348 = ( GEOMETRIC_REPRESENTATION_CONTEXT(2) 
PARAMETRIC_REPRESENTATION_CONTEXT() REPRESENTATION_CONTEXT('2D SPACE',''
  ) );
#5349 = ORIENTED_EDGE('',*,*,#5350,.T.);
#5350 = EDGE_CURVE('',#5329,#5351,#5353,.T.);
#5351 = VERTEX_POINT('',#5352);
#5352 = CARTESIAN_POINT('',(0.,107.44257450327,-259.2938170238));
#5353 = SURFACE_CURVE('',#5354,(#5358,#5365),.PCURVE_S1.);
#5354 = LINE('',#5355,#5356);
#5355 = CARTESIAN_POINT('',(0.,107.44257450327,-273.2938170238));
#5356 = VECTOR('',#5357,1.);
#5357 = DIRECTION('',(0.,0.,1.));
#5358 = PCURVE('',#4677,#5359);
#5359 = DEFINITIONAL_REPRESENTATION('',(#5360),#5364);
#5360 = LINE('',#5361,#5362);
#5361 = CARTESIAN_POINT('',(0.,-2.));
#5362 = VECTOR('',#5363,1.);
#5363 = DIRECTION('',(1.,0.));
#5364 = ( GEOMETRIC_REPRESENTATION_CONTEXT(2) 
PARAMETRIC_REPRESENTATION_CONTEXT() REPRESENTATION_CONTEXT('2D SPACE',''
  ) );
#5365 = PCURVE('',#5267,#5366);
#5366 = DEFINITIONAL_REPRESENTATION('',(#5367),#5371);
#5367 = LINE('',#5368,#5369);
#5368 = CARTESIAN_POINT('',(0.,2.));
#5369 = VECTOR('',#5370,1.);
#5370 = DIRECTION('',(1.,0.));
#5371 = ( GEOMETRIC_REPRESENTATION_CONTEXT(2) 
PARAMETRIC_REPRESENTATION_CONTEXT() REPRESENTATION_CONTEXT('2D SPACE',''
  ) );
#5372 = ORIENTED_EDGE('',*,*,#5373,.F.);
#5373 = EDGE_CURVE('',#4955,#5351,#5374,.T.);
#5374 = SURFACE_CURVE('',#5375,(#5379,#5386),.PCURVE_S1.);
#5375 = LINE('',#5376,#5377);
#5376 = CARTESIAN_POINT('',(0.,105.44257450327,-259.2938170238));
#5377 = VECTOR('',#5378,1.);
#5378 = DIRECTION('',(-0.,1.,0.));
#5379 = PCURVE('',#4677,#5380);
#5380 = DEFINITIONAL_REPRESENTATION('',(#5381),#5385);
#5381 = LINE('',#5382,#5383);
#5382 = CARTESIAN_POINT('',(14.,0.));
#5383 = VECTOR('',#5384,1.);
#5384 = DIRECTION('',(0.,-1.));
#5385 = ( GEOMETRIC_REPRESENTATION_CONTEXT(2) 
PARAMETRIC_REPRESENTATION_CONTEXT() REPRESENTATION_CONTEXT('2D SPACE',''
  ) );
#5386 = PCURVE('',#4970,#5387);
#5387 = DEFINITIONAL_REPRESENTATION('',(#5388),#5392);
#5388 = LINE('',#5389,#5390);
#5389 = CARTESIAN_POINT('',(2.,0.));
#5390 = VECTOR('',#5391,1.);
#5391 = DIRECTION('',(0.,1.));
#5392 = ( GEOMETRIC_REPRESENTATION_CONTEXT(2) 
PARAMETRIC_REPRESENTATION_CONTEXT() REPRESENTATION_CONTEXT('2D SPACE',''
  ) );
#5393 = ADVANCED_FACE('',(#5394),#4652,.T.);
#5394 = FACE_BOUND('',#5395,.T.);
#5395 = EDGE_LOOP('',(#5396,#5397,#5419,#5420));
#5396 = ORIENTED_EDGE('',*,*,#5118,.F.);
#5397 = ORIENTED_EDGE('',*,*,#5398,.T.);
#5398 = EDGE_CURVE('',#5119,#5307,#5399,.T.);
#5399 = SURFACE_CURVE('',#5400,(#5405,#5412),.PCURVE_S1.);
#5400 = CIRCLE('',#5401,107.22700050672);
#5401 = AXIS2_PLACEMENT_3D('',#5402,#5403,#5404);
#5402 = CARTESIAN_POINT('',(0.,0.,-266.4326650249));
#5403 = DIRECTION('',(0.,0.,1.));
#5404 = DIRECTION('',(1.,0.,-0.));
#5405 = PCURVE('',#4652,#5406);
#5406 = DEFINITIONAL_REPRESENTATION('',(#5407),#5411);
#5407 = LINE('',#5408,#5409);
#5408 = CARTESIAN_POINT('',(-0.,-0.));
#5409 = VECTOR('',#5410,1.);
#5410 = DIRECTION('',(-1.,-0.));
#5411 = ( GEOMETRIC_REPRESENTATION_CONTEXT(2) 
PARAMETRIC_REPRESENTATION_CONTEXT() REPRESENTATION_CONTEXT('2D SPACE',''
  ) );
#5412 = PCURVE('',#5160,#5413);
#5413 = DEFINITIONAL_REPRESENTATION('',(#5414),#5418);
#5414 = LINE('',#5415,#5416);
#5415 = CARTESIAN_POINT('',(-0.,-1.384254432503));
#5416 = VECTOR('',#5417,1.);
#5417 = DIRECTION('',(-1.,-0.));
#5418 = ( GEOMETRIC_REPRESENTATION_CONTEXT(2) 
PARAMETRIC_REPRESENTATION_CONTEXT() REPRESENTATION_CONTEXT('2D SPACE',''
  ) );
#5419 = ORIENTED_EDGE('',*,*,#5306,.F.);
#5420 = ORIENTED_EDGE('',*,*,#4635,.F.);
#5421 = ADVANCED_FACE('',(#5422),#4914,.F.);
#5422 = FACE_BOUND('',#5423,.F.);
#5423 = EDGE_LOOP('',(#5424,#5447,#5448,#5449));
#5424 = ORIENTED_EDGE('',*,*,#5425,.F.);
#5425 = EDGE_CURVE('',#4897,#5426,#5428,.T.);
#5426 = VERTEX_POINT('',#5427);
#5427 = CARTESIAN_POINT('',(-2.,107.44257450327,-273.2938170238));
#5428 = SURFACE_CURVE('',#5429,(#5433,#5440),.PCURVE_S1.);
#5429 = LINE('',#5430,#5431);
#5430 = CARTESIAN_POINT('',(-2.,105.44257450327,-273.2938170238));
#5431 = VECTOR('',#5432,1.);
#5432 = DIRECTION('',(-0.,1.,0.));
#5433 = PCURVE('',#4914,#5434);
#5434 = DEFINITIONAL_REPRESENTATION('',(#5435),#5439);
#5435 = LINE('',#5436,#5437);
#5436 = CARTESIAN_POINT('',(0.,0.));
#5437 = VECTOR('',#5438,1.);
#5438 = DIRECTION('',(0.,1.));
#5439 = ( GEOMETRIC_REPRESENTATION_CONTEXT(2) 
PARAMETRIC_REPRESENTATION_CONTEXT() REPRESENTATION_CONTEXT('2D SPACE',''
  ) );
#5440 = PCURVE('',#4942,#5441);
#5441 = DEFINITIONAL_REPRESENTATION('',(#5442),#5446);
#5442 = LINE('',#5443,#5444);
#5443 = CARTESIAN_POINT('',(0.,0.));
#5444 = VECTOR('',#5445,1.);
#5445 = DIRECTION('',(0.,-1.));
#5446 = ( GEOMETRIC_REPRESENTATION_CONTEXT(2) 
PARAMETRIC_REPRESENTATION_CONTEXT() REPRESENTATION_CONTEXT('2D SPACE',''
  ) );
#5447 = ORIENTED_EDGE('',*,*,#4896,.T.);
#5448 = ORIENTED_EDGE('',*,*,#5228,.T.);
#5449 = ORIENTED_EDGE('',*,*,#5450,.F.);
#5450 = EDGE_CURVE('',#5426,#5229,#5451,.T.);
#5451 = SURFACE_CURVE('',#5452,(#5456,#5463),.PCURVE_S1.);
#5452 = LINE('',#5453,#5454);
#5453 = CARTESIAN_POINT('',(-2.,107.44257450327,-273.2938170238));
#5454 = VECTOR('',#5455,1.);
#5455 = DIRECTION('',(1.,0.,-0.));
#5456 = PCURVE('',#4914,#5457);
#5457 = DEFINITIONAL_REPRESENTATION('',(#5458),#5462);
#5458 = LINE('',#5459,#5460);
#5459 = CARTESIAN_POINT('',(0.,2.));
#5460 = VECTOR('',#5461,1.);
#5461 = DIRECTION('',(1.,0.));
#5462 = ( GEOMETRIC_REPRESENTATION_CONTEXT(2) 
PARAMETRIC_REPRESENTATION_CONTEXT() REPRESENTATION_CONTEXT('2D SPACE',''
  ) );
#5463 = PCURVE('',#5267,#5464);
#5464 = DEFINITIONAL_REPRESENTATION('',(#5465),#5469);
#5465 = LINE('',#5466,#5467);
#5466 = CARTESIAN_POINT('',(0.,0.));
#5467 = VECTOR('',#5468,1.);
#5468 = DIRECTION('',(0.,1.));
#5469 = ( GEOMETRIC_REPRESENTATION_CONTEXT(2) 
PARAMETRIC_REPRESENTATION_CONTEXT() REPRESENTATION_CONTEXT('2D SPACE',''
  ) );
#5470 = ADVANCED_FACE('',(#5471),#4970,.T.);
#5471 = FACE_BOUND('',#5472,.T.);
#5472 = EDGE_LOOP('',(#5473,#5496,#5497,#5498));
#5473 = ORIENTED_EDGE('',*,*,#5474,.F.);
#5474 = EDGE_CURVE('',#4927,#5475,#5477,.T.);
#5475 = VERTEX_POINT('',#5476);
#5476 = CARTESIAN_POINT('',(-2.,107.44257450327,-259.2938170238));
#5477 = SURFACE_CURVE('',#5478,(#5482,#5489),.PCURVE_S1.);
#5478 = LINE('',#5479,#5480);
#5479 = CARTESIAN_POINT('',(-2.,105.44257450327,-259.2938170238));
#5480 = VECTOR('',#5481,1.);
#5481 = DIRECTION('',(-0.,1.,0.));
#5482 = PCURVE('',#4970,#5483);
#5483 = DEFINITIONAL_REPRESENTATION('',(#5484),#5488);
#5484 = LINE('',#5485,#5486);
#5485 = CARTESIAN_POINT('',(0.,0.));
#5486 = VECTOR('',#5487,1.);
#5487 = DIRECTION('',(0.,1.));
#5488 = ( GEOMETRIC_REPRESENTATION_CONTEXT(2) 
PARAMETRIC_REPRESENTATION_CONTEXT() REPRESENTATION_CONTEXT('2D SPACE',''
  ) );
#5489 = PCURVE('',#4942,#5490);
#5490 = DEFINITIONAL_REPRESENTATION('',(#5491),#5495);
#5491 = LINE('',#5492,#5493);
#5492 = CARTESIAN_POINT('',(14.,0.));
#5493 = VECTOR('',#5494,1.);
#5494 = DIRECTION('',(0.,-1.));
#5495 = ( GEOMETRIC_REPRESENTATION_CONTEXT(2) 
PARAMETRIC_REPRESENTATION_CONTEXT() REPRESENTATION_CONTEXT('2D SPACE',''
  ) );
#5496 = ORIENTED_EDGE('',*,*,#4954,.T.);
#5497 = ORIENTED_EDGE('',*,*,#5373,.T.);
#5498 = ORIENTED_EDGE('',*,*,#5499,.F.);
#5499 = EDGE_CURVE('',#5475,#5351,#5500,.T.);
#5500 = SURFACE_CURVE('',#5501,(#5505,#5512),.PCURVE_S1.);
#5501 = LINE('',#5502,#5503);
#5502 = CARTESIAN_POINT('',(-2.,107.44257450327,-259.2938170238));
#5503 = VECTOR('',#5504,1.);
#5504 = DIRECTION('',(1.,0.,-0.));
#5505 = PCURVE('',#4970,#5506);
#5506 = DEFINITIONAL_REPRESENTATION('',(#5507),#5511);
#5507 = LINE('',#5508,#5509);
#5508 = CARTESIAN_POINT('',(0.,2.));
#5509 = VECTOR('',#5510,1.);
#5510 = DIRECTION('',(1.,0.));
#5511 = ( GEOMETRIC_REPRESENTATION_CONTEXT(2) 
PARAMETRIC_REPRESENTATION_CONTEXT() REPRESENTATION_CONTEXT('2D SPACE',''
  ) );
#5512 = PCURVE('',#5267,#5513);
#5513 = DEFINITIONAL_REPRESENTATION('',(#5514),#5518);
#5514 = LINE('',#5515,#5516);
#5515 = CARTESIAN_POINT('',(14.,0.));
#5516 = VECTOR('',#5517,1.);
#5517 = DIRECTION('',(0.,1.));
#5518 = ( GEOMETRIC_REPRESENTATION_CONTEXT(2) 
PARAMETRIC_REPRESENTATION_CONTEXT() REPRESENTATION_CONTEXT('2D SPACE',''
  ) );
#5519 = ADVANCED_FACE('',(#5520),#4942,.F.);
#5520 = FACE_BOUND('',#5521,.F.);
#5521 = EDGE_LOOP('',(#5522,#5523,#5524,#5545));
#5522 = ORIENTED_EDGE('',*,*,#4926,.F.);
#5523 = ORIENTED_EDGE('',*,*,#5425,.T.);
#5524 = ORIENTED_EDGE('',*,*,#5525,.T.);
#5525 = EDGE_CURVE('',#5426,#5475,#5526,.T.);
#5526 = SURFACE_CURVE('',#5527,(#5531,#5538),.PCURVE_S1.);
#5527 = LINE('',#5528,#5529);
#5528 = CARTESIAN_POINT('',(-2.,107.44257450327,-273.2938170238));
#5529 = VECTOR('',#5530,1.);
#5530 = DIRECTION('',(0.,0.,1.));
#5531 = PCURVE('',#4942,#5532);
#5532 = DEFINITIONAL_REPRESENTATION('',(#5533),#5537);
#5533 = LINE('',#5534,#5535);
#5534 = CARTESIAN_POINT('',(0.,-2.));
#5535 = VECTOR('',#5536,1.);
#5536 = DIRECTION('',(1.,0.));
#5537 = ( GEOMETRIC_REPRESENTATION_CONTEXT(2) 
PARAMETRIC_REPRESENTATION_CONTEXT() REPRESENTATION_CONTEXT('2D SPACE',''
  ) );
#5538 = PCURVE('',#5267,#5539);
#5539 = DEFINITIONAL_REPRESENTATION('',(#5540),#5544);
#5540 = LINE('',#5541,#5542);
#5541 = CARTESIAN_POINT('',(0.,0.));
#5542 = VECTOR('',#5543,1.);
#5543 = DIRECTION('',(1.,0.));
#5544 = ( GEOMETRIC_REPRESENTATION_CONTEXT(2) 
PARAMETRIC_REPRESENTATION_CONTEXT() REPRESENTATION_CONTEXT('2D SPACE',''
  ) );
#5545 = ORIENTED_EDGE('',*,*,#5474,.F.);
#5546 = ADVANCED_FACE('',(#5547),#5046,.F.);
#5547 = FACE_BOUND('',#5548,.F.);
#5548 = EDGE_LOOP('',(#5549,#5579,#5604,#5605));
#5549 = ORIENTED_EDGE('',*,*,#5550,.F.);
#5550 = EDGE_CURVE('',#5551,#5553,#5555,.T.);
#5551 = VERTEX_POINT('',#5552);
#5552 = CARTESIAN_POINT('',(107.59257450327,0.,-268.3479824211));
#5553 = VERTEX_POINT('',#5554);
#5554 = CARTESIAN_POINT('',(107.59257450327,0.,-266.8967700008));
#5555 = SURFACE_CURVE('',#5556,(#5560,#5567),.PCURVE_S1.);
#5556 = LINE('',#5557,#5558);
#5557 = CARTESIAN_POINT('',(107.59257450327,0.,-273.2938170238));
#5558 = VECTOR('',#5559,1.);
#5559 = DIRECTION('',(0.,0.,1.));
#5560 = PCURVE('',#5046,#5561);
#5561 = DEFINITIONAL_REPRESENTATION('',(#5562),#5566);
#5562 = LINE('',#5563,#5564);
#5563 = CARTESIAN_POINT('',(0.,0.));
#5564 = VECTOR('',#5565,1.);
#5565 = DIRECTION('',(1.,0.));
#5566 = ( GEOMETRIC_REPRESENTATION_CONTEXT(2) 
PARAMETRIC_REPRESENTATION_CONTEXT() REPRESENTATION_CONTEXT('2D SPACE',''
  ) );
#5567 = PCURVE('',#5568,#5573);
#5568 = PLANE('',#5569);
#5569 = AXIS2_PLACEMENT_3D('',#5570,#5571,#5572);
#5570 = CARTESIAN_POINT('',(-1.E+03,0.,-1.E+03));
#5571 = DIRECTION('',(-0.,1.,0.));
#5572 = DIRECTION('',(0.,0.,1.));
#5573 = DEFINITIONAL_REPRESENTATION('',(#5574),#5578);
#5574 = LINE('',#5575,#5576);
#5575 = CARTESIAN_POINT('',(726.70618297614,1.107592574503E+03));
#5576 = VECTOR('',#5577,1.);
#5577 = DIRECTION('',(1.,0.));
#5578 = ( GEOMETRIC_REPRESENTATION_CONTEXT(2) 
PARAMETRIC_REPRESENTATION_CONTEXT() REPRESENTATION_CONTEXT('2D SPACE',''
  ) );
#5579 = ORIENTED_EDGE('',*,*,#5580,.T.);
#5580 = EDGE_CURVE('',#5551,#5029,#5581,.T.);
#5581 = SURFACE_CURVE('',#5582,(#5587,#5594),.PCURVE_S1.);
#5582 = HYPERBOLA('',#5583,118.92784601974,107.59257450327);
#5583 = AXIS2_PLACEMENT_3D('',#5584,#5585,#5586);
#5584 = CARTESIAN_POINT('',(107.59257450327,0.,-149.4201364013));
#5585 = DIRECTION('',(1.,0.,-0.));
#5586 = DIRECTION('',(-0.,0.,-1.));
#5587 = PCURVE('',#5046,#5588);
#5588 = DEFINITIONAL_REPRESENTATION('',(#5589),#5593);
#5589 = ( BOUNDED_CURVE() B_SPLINE_CURVE(2,(#5590,#5591,#5592),
.UNSPECIFIED.,.F.,.F.) B_SPLINE_CURVE_WITH_KNOTS((3,3),(0.,
2.24903624678E-02),.PIECEWISE_BEZIER_KNOTS.) CURVE() 
GEOMETRIC_REPRESENTATION_ITEM() RATIONAL_B_SPLINE_CURVE((1.,
1.000063227717,1.)) REPRESENTATION_ITEM('') );
#5590 = CARTESIAN_POINT('',(4.945834602742,0.));
#5591 = CARTESIAN_POINT('',(4.945834602742,-1.209847003436));
#5592 = CARTESIAN_POINT('',(4.915755507199,-2.42));
#5593 = ( GEOMETRIC_REPRESENTATION_CONTEXT(2) 
PARAMETRIC_REPRESENTATION_CONTEXT() REPRESENTATION_CONTEXT('2D SPACE',''
  ) );
#5594 = PCURVE('',#5075,#5595);
#5595 = DEFINITIONAL_REPRESENTATION('',(#5596),#5603);
#5596 = B_SPLINE_CURVE_WITH_KNOTS('',5,(#5597,#5598,#5599,#5600,#5601,
    #5602),.UNSPECIFIED.,.F.,.F.,(6,6),(0.,2.24903624678E-02),
  .PIECEWISE_BEZIER_KNOTS.);
#5597 = CARTESIAN_POINT('',(0.,0.495355345208));
#5598 = CARTESIAN_POINT('',(-4.49807249356E-03,0.495355345208));
#5599 = CARTESIAN_POINT('',(-8.996144987122E-03,0.498363127978));
#5600 = CARTESIAN_POINT('',(-1.349402788077E-02,0.50437869352));
#5601 = CARTESIAN_POINT('',(-1.799153157464E-02,0.513402295389));
#5602 = CARTESIAN_POINT('',(-2.248846670848E-02,0.525434440752));
#5603 = ( GEOMETRIC_REPRESENTATION_CONTEXT(2) 
PARAMETRIC_REPRESENTATION_CONTEXT() REPRESENTATION_CONTEXT('2D SPACE',''
  ) );
#5604 = ORIENTED_EDGE('',*,*,#5028,.T.);
#5605 = ORIENTED_EDGE('',*,*,#5606,.F.);
#5606 = EDGE_CURVE('',#5553,#5031,#5607,.T.);
#5607 = SURFACE_CURVE('',#5608,(#5613,#5620),.PCURVE_S1.);
#5608 = HYPERBOLA('',#5609,136.59135953344,107.59257450327);
#5609 = AXIS2_PLACEMENT_3D('',#5610,#5611,#5612);
#5610 = CARTESIAN_POINT('',(107.59257450327,0.,-130.3054104674));
#5611 = DIRECTION('',(1.,0.,0.));
#5612 = DIRECTION('',(0.,-0.,-1.));
#5613 = PCURVE('',#5046,#5614);
#5614 = DEFINITIONAL_REPRESENTATION('',(#5615),#5619);
#5615 = ( BOUNDED_CURVE() B_SPLINE_CURVE(2,(#5616,#5617,#5618),
.UNSPECIFIED.,.F.,.F.) B_SPLINE_CURVE_WITH_KNOTS((3,3),(0.,
2.24903624678E-02),.PIECEWISE_BEZIER_KNOTS.) CURVE() 
GEOMETRIC_REPRESENTATION_ITEM() RATIONAL_B_SPLINE_CURVE((1.,
1.000063227717,1.)) REPRESENTATION_ITEM('') );
#5616 = CARTESIAN_POINT('',(6.397047023011,0.));
#5617 = CARTESIAN_POINT('',(6.397047023011,-1.209847003436));
#5618 = CARTESIAN_POINT('',(6.362500491721,-2.42));
#5619 = ( GEOMETRIC_REPRESENTATION_CONTEXT(2) 
PARAMETRIC_REPRESENTATION_CONTEXT() REPRESENTATION_CONTEXT('2D SPACE',''
  ) );
#5620 = PCURVE('',#5160,#5621);
#5621 = DEFINITIONAL_REPRESENTATION('',(#5622),#5629);
#5622 = B_SPLINE_CURVE_WITH_KNOTS('',5,(#5623,#5624,#5625,#5626,#5627,
    #5628),.UNSPECIFIED.,.F.,.F.,(6,6),(0.,2.24903624678E-02),
  .PIECEWISE_BEZIER_KNOTS.);
#5623 = CARTESIAN_POINT('',(0.,-0.920149456581));
#5624 = CARTESIAN_POINT('',(-4.49807249356E-03,-0.920149456581));
#5625 = CARTESIAN_POINT('',(-8.996144987122E-03,-0.916694949067));
#5626 = CARTESIAN_POINT('',(-1.349402788077E-02,-0.909785934036));
#5627 = CARTESIAN_POINT('',(-1.799153157464E-02,-0.899422120275));
#5628 = CARTESIAN_POINT('',(-2.248846670848E-02,-0.88560292529));
#5629 = ( GEOMETRIC_REPRESENTATION_CONTEXT(2) 
PARAMETRIC_REPRESENTATION_CONTEXT() REPRESENTATION_CONTEXT('2D SPACE',''
  ) );
#5630 = ADVANCED_FACE('',(#5631),#5160,.T.);
#5631 = FACE_BOUND('',#5632,.T.);
#5632 = EDGE_LOOP('',(#5633,#5656,#5685,#5709,#5710,#5711,#5712));
#5633 = ORIENTED_EDGE('',*,*,#5634,.F.);
#5634 = EDGE_CURVE('',#5635,#5553,#5637,.T.);
#5635 = VERTEX_POINT('',#5636);
#5636 = CARTESIAN_POINT('',(108.31737327019,0.,-267.8169194574));
#5637 = SURFACE_CURVE('',#5638,(#5642,#5649),.PCURVE_S1.);
#5638 = LINE('',#5639,#5640);
#5639 = CARTESIAN_POINT('',(108.31737327019,0.,-267.8169194574));
#5640 = VECTOR('',#5641,1.);
#5641 = DIRECTION('',(-0.618784006982,0.,0.785561170568));
#5642 = PCURVE('',#5160,#5643);
#5643 = DEFINITIONAL_REPRESENTATION('',(#5644),#5648);
#5644 = LINE('',#5645,#5646);
#5645 = CARTESIAN_POINT('',(-0.,-0.));
#5646 = VECTOR('',#5647,1.);
#5647 = DIRECTION('',(-0.,-1.));
#5648 = ( GEOMETRIC_REPRESENTATION_CONTEXT(2) 
PARAMETRIC_REPRESENTATION_CONTEXT() REPRESENTATION_CONTEXT('2D SPACE',''
  ) );
#5649 = PCURVE('',#5568,#5650);
#5650 = DEFINITIONAL_REPRESENTATION('',(#5651),#5655);
#5651 = LINE('',#5652,#5653);
#5652 = CARTESIAN_POINT('',(732.18308054257,1.10831737327E+03));
#5653 = VECTOR('',#5654,1.);
#5654 = DIRECTION('',(0.785561170568,-0.618784006982));
#5655 = ( GEOMETRIC_REPRESENTATION_CONTEXT(2) 
PARAMETRIC_REPRESENTATION_CONTEXT() REPRESENTATION_CONTEXT('2D SPACE',''
  ) );
#5656 = ORIENTED_EDGE('',*,*,#5657,.T.);
#5657 = EDGE_CURVE('',#5635,#5658,#5660,.T.);
#5658 = VERTEX_POINT('',#5659);
#5659 = CARTESIAN_POINT('',(6.632526223369E-15,108.31737327019,
    -267.8169194574));
#5660 = SURFACE_CURVE('',#5661,(#5666,#5673),.PCURVE_S1.);
#5661 = CIRCLE('',#5662,108.31737327019);
#5662 = AXIS2_PLACEMENT_3D('',#5663,#5664,#5665);
#5663 = CARTESIAN_POINT('',(0.,0.,-267.8169194574));
#5664 = DIRECTION('',(0.,0.,1.));
#5665 = DIRECTION('',(1.,0.,-0.));
#5666 = PCURVE('',#5160,#5667);
#5667 = DEFINITIONAL_REPRESENTATION('',(#5668),#5672);
#5668 = LINE('',#5669,#5670);
#5669 = CARTESIAN_POINT('',(-0.,-0.));
#5670 = VECTOR('',#5671,1.);
#5671 = DIRECTION('',(-1.,-0.));
#5672 = ( GEOMETRIC_REPRESENTATION_CONTEXT(2) 
PARAMETRIC_REPRESENTATION_CONTEXT() REPRESENTATION_CONTEXT('2D SPACE',''
  ) );
#5673 = PCURVE('',#5674,#5679);
#5674 = CONICAL_SURFACE('',#5675,109.4118711845,0.675710613579);
#5675 = AXIS2_PLACEMENT_3D('',#5676,#5677,#5678);
#5676 = CARTESIAN_POINT('',(0.,0.,-269.1823255522));
#5677 = DIRECTION('',(-0.,-0.,-1.));
#5678 = DIRECTION('',(1.,0.,-0.));
#5679 = DEFINITIONAL_REPRESENTATION('',(#5680),#5684);
#5680 = LINE('',#5681,#5682);
#5681 = CARTESIAN_POINT('',(-0.,-1.365406094785));
#5682 = VECTOR('',#5683,1.);
#5683 = DIRECTION('',(-1.,-0.));
#5684 = ( GEOMETRIC_REPRESENTATION_CONTEXT(2) 
PARAMETRIC_REPRESENTATION_CONTEXT() REPRESENTATION_CONTEXT('2D SPACE',''
  ) );
#5685 = ORIENTED_EDGE('',*,*,#5686,.F.);
#5686 = EDGE_CURVE('',#5329,#5658,#5687,.T.);
#5687 = SURFACE_CURVE('',#5688,(#5692,#5698),.PCURVE_S1.);
#5688 = LINE('',#5689,#5690);
#5689 = CARTESIAN_POINT('',(0.,0.,-130.3054104674));
#5690 = VECTOR('',#5691,1.);
#5691 = DIRECTION('',(-0.,0.618784006982,-0.785561170568));
#5692 = PCURVE('',#5160,#5693);
#5693 = DEFINITIONAL_REPRESENTATION('',(#5694),#5697);
#5694 = B_SPLINE_CURVE_WITH_KNOTS('',1,(#5695,#5696),.UNSPECIFIED.,.F.,
  .F.,(2,2),(173.28663846654,175.04876022659),.PIECEWISE_BEZIER_KNOTS.);
#5695 = CARTESIAN_POINT('',(-1.570796326795,-1.384254432503));
#5696 = CARTESIAN_POINT('',(-1.570796326795,-2.232699132968E-14));
#5697 = ( GEOMETRIC_REPRESENTATION_CONTEXT(2) 
PARAMETRIC_REPRESENTATION_CONTEXT() REPRESENTATION_CONTEXT('2D SPACE',''
  ) );
#5698 = PCURVE('',#5699,#5704);
#5699 = PLANE('',#5700);
#5700 = AXIS2_PLACEMENT_3D('',#5701,#5702,#5703);
#5701 = CARTESIAN_POINT('',(0.,-1.E+03,-1.E+03));
#5702 = DIRECTION('',(1.,0.,-0.));
#5703 = DIRECTION('',(0.,0.,1.));
#5704 = DEFINITIONAL_REPRESENTATION('',(#5705),#5708);
#5705 = B_SPLINE_CURVE_WITH_KNOTS('',1,(#5706,#5707),.UNSPECIFIED.,.F.,
  .F.,(2,2),(173.28663846654,175.04876022659),.PIECEWISE_BEZIER_KNOTS.);
#5706 = CARTESIAN_POINT('',(733.56733497508,-1.107227000507E+03));
#5707 = CARTESIAN_POINT('',(732.18308054257,-1.10831737327E+03));
#5708 = ( GEOMETRIC_REPRESENTATION_CONTEXT(2) 
PARAMETRIC_REPRESENTATION_CONTEXT() REPRESENTATION_CONTEXT('2D SPACE',''
  ) );
#5709 = ORIENTED_EDGE('',*,*,#5328,.F.);
#5710 = ORIENTED_EDGE('',*,*,#5398,.F.);
#5711 = ORIENTED_EDGE('',*,*,#5145,.F.);
#5712 = ORIENTED_EDGE('',*,*,#5606,.F.);
#5713 = ADVANCED_FACE('',(#5714),#5075,.F.);
#5714 = FACE_BOUND('',#5715,.T.);
#5715 = EDGE_LOOP('',(#5716,#5747,#5768,#5769,#5770,#5771,#5772));
#5716 = ORIENTED_EDGE('',*,*,#5717,.F.);
#5717 = EDGE_CURVE('',#5718,#5720,#5722,.T.);
#5718 = VERTEX_POINT('',#5719);
#5719 = CARTESIAN_POINT('',(108.28974847119,0.,-269.1186062182));
#5720 = VERTEX_POINT('',#5721);
#5721 = CARTESIAN_POINT('',(6.630834692286E-15,108.28974847119,
    -269.1186062182));
#5722 = SURFACE_CURVE('',#5723,(#5728,#5735),.PCURVE_S1.);
#5723 = CIRCLE('',#5724,108.28974847119);
#5724 = AXIS2_PLACEMENT_3D('',#5725,#5726,#5727);
#5725 = CARTESIAN_POINT('',(0.,0.,-269.1186062182));
#5726 = DIRECTION('',(0.,0.,1.));
#5727 = DIRECTION('',(1.,0.,-0.));
#5728 = PCURVE('',#5075,#5729);
#5729 = DEFINITIONAL_REPRESENTATION('',(#5730),#5734);
#5730 = LINE('',#5731,#5732);
#5731 = CARTESIAN_POINT('',(-0.,1.265979142326));
#5732 = VECTOR('',#5733,1.);
#5733 = DIRECTION('',(-1.,0.));
#5734 = ( GEOMETRIC_REPRESENTATION_CONTEXT(2) 
PARAMETRIC_REPRESENTATION_CONTEXT() REPRESENTATION_CONTEXT('2D SPACE',''
  ) );
#5735 = PCURVE('',#5736,#5741);
#5736 = CONICAL_SURFACE('',#5737,108.28974847119,0.745081425862);
#5737 = AXIS2_PLACEMENT_3D('',#5738,#5739,#5740);
#5738 = CARTESIAN_POINT('',(0.,0.,-269.1186062182));
#5739 = DIRECTION('',(-0.,-0.,-1.));
#5740 = DIRECTION('',(1.,0.,0.));
#5741 = DEFINITIONAL_REPRESENTATION('',(#5742),#5746);
#5742 = LINE('',#5743,#5744);
#5743 = CARTESIAN_POINT('',(-0.,0.));
#5744 = VECTOR('',#5745,1.);
#5745 = DIRECTION('',(-1.,0.));
#5746 = ( GEOMETRIC_REPRESENTATION_CONTEXT(2) 
PARAMETRIC_REPRESENTATION_CONTEXT() REPRESENTATION_CONTEXT('2D SPACE',''
  ) );
#5747 = ORIENTED_EDGE('',*,*,#5748,.F.);
#5748 = EDGE_CURVE('',#5551,#5718,#5749,.T.);
#5749 = SURFACE_CURVE('',#5750,(#5754,#5761),.PCURVE_S1.);
#5750 = LINE('',#5751,#5752);
#5751 = CARTESIAN_POINT('',(107.14443255276,0.,-267.8526270759));
#5752 = VECTOR('',#5753,1.);
#5753 = DIRECTION('',(0.670883116646,0.,-0.74156310844));
#5754 = PCURVE('',#5075,#5755);
#5755 = DEFINITIONAL_REPRESENTATION('',(#5756),#5760);
#5756 = LINE('',#5757,#5758);
#5757 = CARTESIAN_POINT('',(-0.,0.));
#5758 = VECTOR('',#5759,1.);
#5759 = DIRECTION('',(-0.,1.));
#5760 = ( GEOMETRIC_REPRESENTATION_CONTEXT(2) 
PARAMETRIC_REPRESENTATION_CONTEXT() REPRESENTATION_CONTEXT('2D SPACE',''
  ) );
#5761 = PCURVE('',#5568,#5762);
#5762 = DEFINITIONAL_REPRESENTATION('',(#5763),#5767);
#5763 = LINE('',#5764,#5765);
#5764 = CARTESIAN_POINT('',(732.14737292409,1.107144432553E+03));
#5765 = VECTOR('',#5766,1.);
#5766 = DIRECTION('',(-0.74156310844,0.670883116646));
#5767 = ( GEOMETRIC_REPRESENTATION_CONTEXT(2) 
PARAMETRIC_REPRESENTATION_CONTEXT() REPRESENTATION_CONTEXT('2D SPACE',''
  ) );
#5768 = ORIENTED_EDGE('',*,*,#5580,.T.);
#5769 = ORIENTED_EDGE('',*,*,#5058,.T.);
#5770 = ORIENTED_EDGE('',*,*,#5202,.T.);
#5771 = ORIENTED_EDGE('',*,*,#5279,.T.);
#5772 = ORIENTED_EDGE('',*,*,#5773,.T.);
#5773 = EDGE_CURVE('',#5252,#5720,#5774,.T.);
#5774 = SURFACE_CURVE('',#5775,(#5779,#5785),.PCURVE_S1.);
#5775 = LINE('',#5776,#5777);
#5776 = CARTESIAN_POINT('',(0.,0.,-149.4201364013));
#5777 = VECTOR('',#5778,1.);
#5778 = DIRECTION('',(-0.,0.670883116646,-0.74156310844));
#5779 = PCURVE('',#5075,#5780);
#5780 = DEFINITIONAL_REPRESENTATION('',(#5781),#5784);
#5781 = B_SPLINE_CURVE_WITH_KNOTS('',1,(#5782,#5783),.UNSPECIFIED.,.F.,
  .F.,(2,2),(159.70655676718,161.41373330808),.PIECEWISE_BEZIER_KNOTS.);
#5782 = CARTESIAN_POINT('',(-1.570796326795,0.));
#5783 = CARTESIAN_POINT('',(-1.570796326795,1.265979142326));
#5784 = ( GEOMETRIC_REPRESENTATION_CONTEXT(2) 
PARAMETRIC_REPRESENTATION_CONTEXT() REPRESENTATION_CONTEXT('2D SPACE',''
  ) );
#5785 = PCURVE('',#5699,#5786);
#5786 = DEFINITIONAL_REPRESENTATION('',(#5787),#5790);
#5787 = B_SPLINE_CURVE_WITH_KNOTS('',1,(#5788,#5789),.UNSPECIFIED.,.F.,
  .F.,(2,2),(159.70655676718,161.41373330808),.PIECEWISE_BEZIER_KNOTS.);
#5788 = CARTESIAN_POINT('',(732.14737292409,-1.107144432553E+03));
#5789 = CARTESIAN_POINT('',(730.88139378177,-1.108289748471E+03));
#5790 = ( GEOMETRIC_REPRESENTATION_CONTEXT(2) 
PARAMETRIC_REPRESENTATION_CONTEXT() REPRESENTATION_CONTEXT('2D SPACE',''
  ) );
#5791 = ADVANCED_FACE('',(#5792),#5267,.T.);
#5792 = FACE_BOUND('',#5793,.T.);
#5793 = EDGE_LOOP('',(#5794,#5795,#5796,#5797,#5798,#5819));
#5794 = ORIENTED_EDGE('',*,*,#5450,.F.);
#5795 = ORIENTED_EDGE('',*,*,#5525,.T.);
#5796 = ORIENTED_EDGE('',*,*,#5499,.T.);
#5797 = ORIENTED_EDGE('',*,*,#5350,.F.);
#5798 = ORIENTED_EDGE('',*,*,#5799,.F.);
#5799 = EDGE_CURVE('',#5252,#5329,#5800,.T.);
#5800 = SURFACE_CURVE('',#5801,(#5805,#5812),.PCURVE_S1.);
#5801 = LINE('',#5802,#5803);
#5802 = CARTESIAN_POINT('',(0.,107.44257450327,-273.2938170238));
#5803 = VECTOR('',#5804,1.);
#5804 = DIRECTION('',(0.,0.,1.));
#5805 = PCURVE('',#5267,#5806);
#5806 = DEFINITIONAL_REPRESENTATION('',(#5807),#5811);
#5807 = LINE('',#5808,#5809);
#5808 = CARTESIAN_POINT('',(0.,2.));
#5809 = VECTOR('',#5810,1.);
#5810 = DIRECTION('',(1.,0.));
#5811 = ( GEOMETRIC_REPRESENTATION_CONTEXT(2) 
PARAMETRIC_REPRESENTATION_CONTEXT() REPRESENTATION_CONTEXT('2D SPACE',''
  ) );
#5812 = PCURVE('',#5699,#5813);
#5813 = DEFINITIONAL_REPRESENTATION('',(#5814),#5818);
#5814 = LINE('',#5815,#5816);
#5815 = CARTESIAN_POINT('',(726.70618297614,-1.107442574503E+03));
#5816 = VECTOR('',#5817,1.);
#5817 = DIRECTION('',(1.,0.));
#5818 = ( GEOMETRIC_REPRESENTATION_CONTEXT(2) 
PARAMETRIC_REPRESENTATION_CONTEXT() REPRESENTATION_CONTEXT('2D SPACE',''
  ) );
#5819 = ORIENTED_EDGE('',*,*,#5251,.F.);
#5820 = ADVANCED_FACE('',(#5821),#5568,.F.);
#5821 = FACE_BOUND('',#5822,.F.);
#5822 = EDGE_LOOP('',(#5823,#5824,#5825,#5826,#5849,#5875,#5903,#5931,
    #5959,#5987,#6015,#6043,#6071,#6099,#6127,#6155,#6183,#6211,#6239,
    #6267,#6295,#6323,#6351,#6379,#6407,#6435,#6463,#6491,#6519,#6547,
    #6575));
#5823 = ORIENTED_EDGE('',*,*,#5748,.F.);
#5824 = ORIENTED_EDGE('',*,*,#5550,.T.);
#5825 = ORIENTED_EDGE('',*,*,#5634,.F.);
#5826 = ORIENTED_EDGE('',*,*,#5827,.F.);
#5827 = EDGE_CURVE('',#5828,#5635,#5830,.T.);
#5828 = VERTEX_POINT('',#5829);
#5829 = CARTESIAN_POINT('',(109.4118711845,0.,-269.1823255522));
#5830 = SURFACE_CURVE('',#5831,(#5835,#5842),.PCURVE_S1.);
#5831 = LINE('',#5832,#5833);
#5832 = CARTESIAN_POINT('',(109.4118711845,0.,-269.1823255522));
#5833 = VECTOR('',#5834,1.);
#5834 = DIRECTION('',(-0.625451939864,0.,0.780262693534));
#5835 = PCURVE('',#5568,#5836);
#5836 = DEFINITIONAL_REPRESENTATION('',(#5837),#5841);
#5837 = LINE('',#5838,#5839);
#5838 = CARTESIAN_POINT('',(730.81767444779,1.109411871184E+03));
#5839 = VECTOR('',#5840,1.);
#5840 = DIRECTION('',(0.780262693534,-0.625451939864));
#5841 = ( GEOMETRIC_REPRESENTATION_CONTEXT(2) 
PARAMETRIC_REPRESENTATION_CONTEXT() REPRESENTATION_CONTEXT('2D SPACE',''
  ) );
#5842 = PCURVE('',#5674,#5843);
#5843 = DEFINITIONAL_REPRESENTATION('',(#5844),#5848);
#5844 = LINE('',#5845,#5846);
#5845 = CARTESIAN_POINT('',(-0.,-0.));
#5846 = VECTOR('',#5847,1.);
#5847 = DIRECTION('',(-0.,-1.));
#5848 = ( GEOMETRIC_REPRESENTATION_CONTEXT(2) 
PARAMETRIC_REPRESENTATION_CONTEXT() REPRESENTATION_CONTEXT('2D SPACE',''
  ) );
#5849 = ORIENTED_EDGE('',*,*,#5850,.F.);
#5850 = EDGE_CURVE('',#5851,#5828,#5853,.T.);
#5851 = VERTEX_POINT('',#5852);
#5852 = CARTESIAN_POINT('',(114.28974847119,0.,-269.1823255522));
#5853 = SURFACE_CURVE('',#5854,(#5858,#5864),.PCURVE_S1.);
#5854 = LINE('',#5855,#5856);
#5855 = CARTESIAN_POINT('',(-500.,0.,-269.1823255522));
#5856 = VECTOR('',#5857,1.);
#5857 = DIRECTION('',(-1.,-0.,0.));
#5858 = PCURVE('',#5568,#5859);
#5859 = DEFINITIONAL_REPRESENTATION('',(#5860),#5863);
#5860 = B_SPLINE_CURVE_WITH_KNOTS('',1,(#5861,#5862),.UNSPECIFIED.,.F.,
  .F.,(2,2),(-614.2897484711,-385.7102515288),.PIECEWISE_BEZIER_KNOTS.);
#5861 = CARTESIAN_POINT('',(730.81767444779,1.114289748471E+03));
#5862 = CARTESIAN_POINT('',(730.81767444779,885.7102515288));
#5863 = ( GEOMETRIC_REPRESENTATION_CONTEXT(2) 
PARAMETRIC_REPRESENTATION_CONTEXT() REPRESENTATION_CONTEXT('2D SPACE',''
  ) );
#5864 = PCURVE('',#5865,#5870);
#5865 = PLANE('',#5866);
#5866 = AXIS2_PLACEMENT_3D('',#5867,#5868,#5869);
#5867 = CARTESIAN_POINT('',(0.,0.,-269.1823255522));
#5868 = DIRECTION('',(0.,0.,1.));
#5869 = DIRECTION('',(1.,0.,-0.));
#5870 = DEFINITIONAL_REPRESENTATION('',(#5871),#5874);
#5871 = B_SPLINE_CURVE_WITH_KNOTS('',1,(#5872,#5873),.UNSPECIFIED.,.F.,
  .F.,(2,2),(-614.2897484711,-385.7102515288),.PIECEWISE_BEZIER_KNOTS.);
#5872 = CARTESIAN_POINT('',(114.28974847119,0.));
#5873 = CARTESIAN_POINT('',(-114.2897484711,0.));
#5874 = ( GEOMETRIC_REPRESENTATION_CONTEXT(2) 
PARAMETRIC_REPRESENTATION_CONTEXT() REPRESENTATION_CONTEXT('2D SPACE',''
  ) );
#5875 = ORIENTED_EDGE('',*,*,#5876,.F.);
#5876 = EDGE_CURVE('',#5877,#5851,#5879,.T.);
#5877 = VERTEX_POINT('',#5878);
#5878 = CARTESIAN_POINT('',(115.4399277633,0.,-270.3654792347));
#5879 = SURFACE_CURVE('',#5880,(#5884,#5891),.PCURVE_S1.);
#5880 = LINE('',#5881,#5882);
#5881 = CARTESIAN_POINT('',(115.4399277633,0.,-270.3654792347));
#5882 = VECTOR('',#5883,1.);
#5883 = DIRECTION('',(-0.697044430392,0.,0.717027936736));
#5884 = PCURVE('',#5568,#5885);
#5885 = DEFINITIONAL_REPRESENTATION('',(#5886),#5890);
#5886 = LINE('',#5887,#5888);
#5887 = CARTESIAN_POINT('',(729.63452076526,1.115439927763E+03));
#5888 = VECTOR('',#5889,1.);
#5889 = DIRECTION('',(0.717027936736,-0.697044430392));
#5890 = ( GEOMETRIC_REPRESENTATION_CONTEXT(2) 
PARAMETRIC_REPRESENTATION_CONTEXT() REPRESENTATION_CONTEXT('2D SPACE',''
  ) );
#5891 = PCURVE('',#5892,#5897);
#5892 = CONICAL_SURFACE('',#5893,115.4399277633,0.771267220268);
#5893 = AXIS2_PLACEMENT_3D('',#5894,#5895,#5896);
#5894 = CARTESIAN_POINT('',(0.,0.,-270.3654792347));
#5895 = DIRECTION('',(-0.,-0.,-1.));
#5896 = DIRECTION('',(1.,0.,-0.));
#5897 = DEFINITIONAL_REPRESENTATION('',(#5898),#5902);
#5898 = LINE('',#5899,#5900);
#5899 = CARTESIAN_POINT('',(-0.,-0.));
#5900 = VECTOR('',#5901,1.);
#5901 = DIRECTION('',(-0.,-1.));
#5902 = ( GEOMETRIC_REPRESENTATION_CONTEXT(2) 
PARAMETRIC_REPRESENTATION_CONTEXT() REPRESENTATION_CONTEXT('2D SPACE',''
  ) );
#5903 = ORIENTED_EDGE('',*,*,#5904,.F.);
#5904 = EDGE_CURVE('',#5905,#5877,#5907,.T.);
#5905 = VERTEX_POINT('',#5906);
#5906 = CARTESIAN_POINT('',(116.5949499513,0.,-271.5932112608));
#5907 = SURFACE_CURVE('',#5908,(#5912,#5919),.PCURVE_S1.);
#5908 = LINE('',#5909,#5910);
#5909 = CARTESIAN_POINT('',(116.5949499513,0.,-271.5932112608));
#5910 = VECTOR('',#5911,1.);
#5911 = DIRECTION('',(-0.685210441426,0.,0.728345145492));
#5912 = PCURVE('',#5568,#5913);
#5913 = DEFINITIONAL_REPRESENTATION('',(#5914),#5918);
#5914 = LINE('',#5915,#5916);
#5915 = CARTESIAN_POINT('',(728.40678873915,1.116594949951E+03));
#5916 = VECTOR('',#5917,1.);
#5917 = DIRECTION('',(0.728345145492,-0.685210441426));
#5918 = ( GEOMETRIC_REPRESENTATION_CONTEXT(2) 
PARAMETRIC_REPRESENTATION_CONTEXT() REPRESENTATION_CONTEXT('2D SPACE',''
  ) );
#5919 = PCURVE('',#5920,#5925);
#5920 = CONICAL_SURFACE('',#5921,116.5949499513,0.754892590505);
#5921 = AXIS2_PLACEMENT_3D('',#5922,#5923,#5924);
#5922 = CARTESIAN_POINT('',(0.,0.,-271.5932112608));
#5923 = DIRECTION('',(-0.,-0.,-1.));
#5924 = DIRECTION('',(1.,0.,-0.));
#5925 = DEFINITIONAL_REPRESENTATION('',(#5926),#5930);
#5926 = LINE('',#5927,#5928);
#5927 = CARTESIAN_POINT('',(-0.,-0.));
#5928 = VECTOR('',#5929,1.);
#5929 = DIRECTION('',(-0.,-1.));
#5930 = ( GEOMETRIC_REPRESENTATION_CONTEXT(2) 
PARAMETRIC_REPRESENTATION_CONTEXT() REPRESENTATION_CONTEXT('2D SPACE',''
  ) );
#5931 = ORIENTED_EDGE('',*,*,#5932,.F.);
#5932 = EDGE_CURVE('',#5933,#5905,#5935,.T.);
#5933 = VERTEX_POINT('',#5934);
#5934 = CARTESIAN_POINT('',(117.75479481387,0.,-272.8017601799));
#5935 = SURFACE_CURVE('',#5936,(#5940,#5947),.PCURVE_S1.);
#5936 = LINE('',#5937,#5938);
#5937 = CARTESIAN_POINT('',(117.75479481387,0.,-272.8017601799));
#5938 = VECTOR('',#5939,1.);
#5939 = DIRECTION('',(-0.692419324424,0.,0.721495307791));
#5940 = PCURVE('',#5568,#5941);
#5941 = DEFINITIONAL_REPRESENTATION('',(#5942),#5946);
#5942 = LINE('',#5943,#5944);
#5943 = CARTESIAN_POINT('',(727.19823982003,1.117754794814E+03));
#5944 = VECTOR('',#5945,1.);
#5945 = DIRECTION('',(0.721495307791,-0.692419324424));
#5946 = ( GEOMETRIC_REPRESENTATION_CONTEXT(2) 
PARAMETRIC_REPRESENTATION_CONTEXT() REPRESENTATION_CONTEXT('2D SPACE',''
  ) );
#5947 = PCURVE('',#5948,#5953);
#5948 = CONICAL_SURFACE('',#5949,117.75479481387,0.764836889652);
#5949 = AXIS2_PLACEMENT_3D('',#5950,#5951,#5952);
#5950 = CARTESIAN_POINT('',(0.,0.,-272.8017601799));
#5951 = DIRECTION('',(-0.,-0.,-1.));
#5952 = DIRECTION('',(1.,0.,-0.));
#5953 = DEFINITIONAL_REPRESENTATION('',(#5954),#5958);
#5954 = LINE('',#5955,#5956);
#5955 = CARTESIAN_POINT('',(-0.,-0.));
#5956 = VECTOR('',#5957,1.);
#5957 = DIRECTION('',(-0.,-1.));
#5958 = ( GEOMETRIC_REPRESENTATION_CONTEXT(2) 
PARAMETRIC_REPRESENTATION_CONTEXT() REPRESENTATION_CONTEXT('2D SPACE',''
  ) );
#5959 = ORIENTED_EDGE('',*,*,#5960,.F.);
#5960 = EDGE_CURVE('',#5961,#5933,#5963,.T.);
#5961 = VERTEX_POINT('',#5962);
#5962 = CARTESIAN_POINT('',(118.91944238092,0.,-273.9910762769));
#5963 = SURFACE_CURVE('',#5964,(#5968,#5975),.PCURVE_S1.);
#5964 = LINE('',#5965,#5966);
#5965 = CARTESIAN_POINT('',(118.91944238092,0.,-273.9910762769));
#5966 = VECTOR('',#5967,1.);
#5967 = DIRECTION('',(-0.699658187612,0.,0.71447772569));
#5968 = PCURVE('',#5568,#5969);
#5969 = DEFINITIONAL_REPRESENTATION('',(#5970),#5974);
#5970 = LINE('',#5971,#5972);
#5971 = CARTESIAN_POINT('',(726.00892372302,1.118919442381E+03));
#5972 = VECTOR('',#5973,1.);
#5973 = DIRECTION('',(0.71447772569,-0.699658187612));
#5974 = ( GEOMETRIC_REPRESENTATION_CONTEXT(2) 
PARAMETRIC_REPRESENTATION_CONTEXT() REPRESENTATION_CONTEXT('2D SPACE',''
  ) );
#5975 = PCURVE('',#5976,#5981);
#5976 = CONICAL_SURFACE('',#5977,118.91944238092,0.774918975737);
#5977 = AXIS2_PLACEMENT_3D('',#5978,#5979,#5980);
#5978 = CARTESIAN_POINT('',(0.,0.,-273.9910762769));
#5979 = DIRECTION('',(-0.,-0.,-1.));
#5980 = DIRECTION('',(1.,0.,-0.));
#5981 = DEFINITIONAL_REPRESENTATION('',(#5982),#5986);
#5982 = LINE('',#5983,#5984);
#5983 = CARTESIAN_POINT('',(-0.,-0.));
#5984 = VECTOR('',#5985,1.);
#5985 = DIRECTION('',(-0.,-1.));
#5986 = ( GEOMETRIC_REPRESENTATION_CONTEXT(2) 
PARAMETRIC_REPRESENTATION_CONTEXT() REPRESENTATION_CONTEXT('2D SPACE',''
  ) );
#5987 = ORIENTED_EDGE('',*,*,#5988,.F.);
#5988 = EDGE_CURVE('',#5989,#5961,#5991,.T.);
#5989 = VERTEX_POINT('',#5990);
#5990 = CARTESIAN_POINT('',(120.0888729284,0.,-275.1611018581));
#5991 = SURFACE_CURVE('',#5992,(#5996,#6003),.PCURVE_S1.);
#5992 = LINE('',#5993,#5994);
#5993 = CARTESIAN_POINT('',(120.0888729284,0.,-275.1611018581));
#5994 = VECTOR('',#5995,1.);
#5995 = DIRECTION('',(-0.706926907827,0.,0.707286608802));
#5996 = PCURVE('',#5568,#5997);
#5997 = DEFINITIONAL_REPRESENTATION('',(#5998),#6002);
#5998 = LINE('',#5999,#6000);
#5999 = CARTESIAN_POINT('',(724.83889814187,1.120088872928E+03));
#6000 = VECTOR('',#6001,1.);
#6001 = DIRECTION('',(0.707286608802,-0.706926907827));
#6002 = ( GEOMETRIC_REPRESENTATION_CONTEXT(2) 
PARAMETRIC_REPRESENTATION_CONTEXT() REPRESENTATION_CONTEXT('2D SPACE',''
  ) );
#6003 = PCURVE('',#6004,#6009);
#6004 = CONICAL_SURFACE('',#6005,120.0888729284,0.785143816396);
#6005 = AXIS2_PLACEMENT_3D('',#6006,#6007,#6008);
#6006 = CARTESIAN_POINT('',(0.,0.,-275.1611018581));
#6007 = DIRECTION('',(-0.,-0.,-1.));
#6008 = DIRECTION('',(1.,0.,-0.));
#6009 = DEFINITIONAL_REPRESENTATION('',(#6010),#6014);
#6010 = LINE('',#6011,#6012);
#6011 = CARTESIAN_POINT('',(-0.,-0.));
#6012 = VECTOR('',#6013,1.);
#6013 = DIRECTION('',(-0.,-1.));
#6014 = ( GEOMETRIC_REPRESENTATION_CONTEXT(2) 
PARAMETRIC_REPRESENTATION_CONTEXT() REPRESENTATION_CONTEXT('2D SPACE',''
  ) );
#6015 = ORIENTED_EDGE('',*,*,#6016,.F.);
#6016 = EDGE_CURVE('',#6017,#5989,#6019,.T.);
#6017 = VERTEX_POINT('',#6018);
#6018 = CARTESIAN_POINT('',(121.2630669733,0.,-276.311770833));
#6019 = SURFACE_CURVE('',#6020,(#6024,#6031),.PCURVE_S1.);
#6020 = LINE('',#6021,#6022);
#6021 = CARTESIAN_POINT('',(121.2630669733,0.,-276.311770833));
#6022 = VECTOR('',#6023,1.);
#6023 = DIRECTION('',(-0.714225363469,0.,0.699915802206));
#6024 = PCURVE('',#5568,#6025);
#6025 = DEFINITIONAL_REPRESENTATION('',(#6026),#6030);
#6026 = LINE('',#6027,#6028);
#6027 = CARTESIAN_POINT('',(723.6882291669,1.121263066973E+03));
#6028 = VECTOR('',#6029,1.);
#6029 = DIRECTION('',(0.699915802206,-0.714225363469));
#6030 = ( GEOMETRIC_REPRESENTATION_CONTEXT(2) 
PARAMETRIC_REPRESENTATION_CONTEXT() REPRESENTATION_CONTEXT('2D SPACE',''
  ) );
#6031 = PCURVE('',#6032,#6037);
#6032 = CONICAL_SURFACE('',#6033,121.2630669733,0.795516723866);
#6033 = AXIS2_PLACEMENT_3D('',#6034,#6035,#6036);
#6034 = CARTESIAN_POINT('',(0.,0.,-276.311770833));
#6035 = DIRECTION('',(-0.,-0.,-1.));
#6036 = DIRECTION('',(1.,0.,-0.));
#6037 = DEFINITIONAL_REPRESENTATION('',(#6038),#6042);
#6038 = LINE('',#6039,#6040);
#6039 = CARTESIAN_POINT('',(-0.,-0.));
#6040 = VECTOR('',#6041,1.);
#6041 = DIRECTION('',(-0.,-1.));
#6042 = ( GEOMETRIC_REPRESENTATION_CONTEXT(2) 
PARAMETRIC_REPRESENTATION_CONTEXT() REPRESENTATION_CONTEXT('2D SPACE',''
  ) );
#6043 = ORIENTED_EDGE('',*,*,#6044,.F.);
#6044 = EDGE_CURVE('',#6045,#6017,#6047,.T.);
#6045 = VERTEX_POINT('',#6046);
#6046 = CARTESIAN_POINT('',(122.44200526876,0.,-277.4430082545));
#6047 = SURFACE_CURVE('',#6048,(#6052,#6059),.PCURVE_S1.);
#6048 = LINE('',#6049,#6050);
#6049 = CARTESIAN_POINT('',(122.44200526876,0.,-277.4430082545));
#6050 = VECTOR('',#6051,1.);
#6051 = DIRECTION('',(-0.721553434484,0.,0.692358751794));
#6052 = PCURVE('',#5568,#6053);
#6053 = DEFINITIONAL_REPRESENTATION('',(#6054),#6058);
#6054 = LINE('',#6055,#6056);
#6055 = CARTESIAN_POINT('',(722.55699174542,1.122442005269E+03));
#6056 = VECTOR('',#6057,1.);
#6057 = DIRECTION('',(0.692358751794,-0.721553434484));
#6058 = ( GEOMETRIC_REPRESENTATION_CONTEXT(2) 
PARAMETRIC_REPRESENTATION_CONTEXT() REPRESENTATION_CONTEXT('2D SPACE',''
  ) );
#6059 = PCURVE('',#6060,#6065);
#6060 = CONICAL_SURFACE('',#6061,122.44200526876,0.806043388057);
#6061 = AXIS2_PLACEMENT_3D('',#6062,#6063,#6064);
#6062 = CARTESIAN_POINT('',(0.,0.,-277.4430082545));
#6063 = DIRECTION('',(-0.,-0.,-1.));
#6064 = DIRECTION('',(1.,0.,-0.));
#6065 = DEFINITIONAL_REPRESENTATION('',(#6066),#6070);
#6066 = LINE('',#6067,#6068);
#6067 = CARTESIAN_POINT('',(-0.,-0.));
#6068 = VECTOR('',#6069,1.);
#6069 = DIRECTION('',(-0.,-1.));
#6070 = ( GEOMETRIC_REPRESENTATION_CONTEXT(2) 
PARAMETRIC_REPRESENTATION_CONTEXT() REPRESENTATION_CONTEXT('2D SPACE',''
  ) );
#6071 = ORIENTED_EDGE('',*,*,#6072,.F.);
#6072 = EDGE_CURVE('',#6073,#6045,#6075,.T.);
#6073 = VERTEX_POINT('',#6074);
#6074 = CARTESIAN_POINT('',(123.62566879938,0.,-278.5547298096));
#6075 = SURFACE_CURVE('',#6076,(#6080,#6087),.PCURVE_S1.);
#6076 = LINE('',#6077,#6078);
#6077 = CARTESIAN_POINT('',(123.62566879938,0.,-278.5547298096));
#6078 = VECTOR('',#6079,1.);
#6079 = DIRECTION('',(-0.728911002336,0.,0.684608465237));
#6080 = PCURVE('',#5568,#6081);
#6081 = DEFINITIONAL_REPRESENTATION('',(#6082),#6086);
#6082 = LINE('',#6083,#6084);
#6083 = CARTESIAN_POINT('',(721.44527019031,1.123625668799E+03));
#6084 = VECTOR('',#6085,1.);
#6085 = DIRECTION('',(0.684608465237,-0.728911002336));
#6086 = ( GEOMETRIC_REPRESENTATION_CONTEXT(2) 
PARAMETRIC_REPRESENTATION_CONTEXT() REPRESENTATION_CONTEXT('2D SPACE',''
  ) );
#6087 = PCURVE('',#6088,#6093);
#6088 = CONICAL_SURFACE('',#6089,123.62566879938,0.816729913837);
#6089 = AXIS2_PLACEMENT_3D('',#6090,#6091,#6092);
#6090 = CARTESIAN_POINT('',(0.,0.,-278.5547298096));
#6091 = DIRECTION('',(-0.,-0.,-1.));
#6092 = DIRECTION('',(1.,0.,-0.));
#6093 = DEFINITIONAL_REPRESENTATION('',(#6094),#6098);
#6094 = LINE('',#6095,#6096);
#6095 = CARTESIAN_POINT('',(-0.,-0.));
#6096 = VECTOR('',#6097,1.);
#6097 = DIRECTION('',(-0.,-1.));
#6098 = ( GEOMETRIC_REPRESENTATION_CONTEXT(2) 
PARAMETRIC_REPRESENTATION_CONTEXT() REPRESENTATION_CONTEXT('2D SPACE',''
  ) );
#6099 = ORIENTED_EDGE('',*,*,#6100,.F.);
#6100 = EDGE_CURVE('',#6101,#6073,#6103,.T.);
#6101 = VERTEX_POINT('',#6102);
#6102 = CARTESIAN_POINT('',(124.81403877657,0.,-279.6468412567));
#6103 = SURFACE_CURVE('',#6104,(#6108,#6115),.PCURVE_S1.);
#6104 = LINE('',#6105,#6106);
#6105 = CARTESIAN_POINT('',(124.81403877657,0.,-279.6468412567));
#6106 = VECTOR('',#6107,1.);
#6107 = DIRECTION('',(-0.736297949993,0.,0.676657467879));
#6108 = PCURVE('',#5568,#6109);
#6109 = DEFINITIONAL_REPRESENTATION('',(#6110),#6114);
#6110 = LINE('',#6111,#6112);
#6111 = CARTESIAN_POINT('',(720.3531587432,1.124814038777E+03));
#6112 = VECTOR('',#6113,1.);
#6113 = DIRECTION('',(0.676657467879,-0.736297949993));
#6114 = ( GEOMETRIC_REPRESENTATION_CONTEXT(2) 
PARAMETRIC_REPRESENTATION_CONTEXT() REPRESENTATION_CONTEXT('2D SPACE',''
  ) );
#6115 = PCURVE('',#6116,#6121);
#6116 = CONICAL_SURFACE('',#6117,124.81403877657,0.827582863243);
#6117 = AXIS2_PLACEMENT_3D('',#6118,#6119,#6120);
#6118 = CARTESIAN_POINT('',(0.,0.,-279.6468412567));
#6119 = DIRECTION('',(-0.,-0.,-1.));
#6120 = DIRECTION('',(1.,0.,-0.));
#6121 = DEFINITIONAL_REPRESENTATION('',(#6122),#6126);
#6122 = LINE('',#6123,#6124);
#6123 = CARTESIAN_POINT('',(-0.,-0.));
#6124 = VECTOR('',#6125,1.);
#6125 = DIRECTION('',(-0.,-1.));
#6126 = ( GEOMETRIC_REPRESENTATION_CONTEXT(2) 
PARAMETRIC_REPRESENTATION_CONTEXT() REPRESENTATION_CONTEXT('2D SPACE',''
  ) );
#6127 = ORIENTED_EDGE('',*,*,#6128,.F.);
#6128 = EDGE_CURVE('',#6129,#6101,#6131,.T.);
#6129 = VERTEX_POINT('',#6130);
#6130 = CARTESIAN_POINT('',(125.47167815458,0.,-280.2379695004));
#6131 = SURFACE_CURVE('',#6132,(#6136,#6143),.PCURVE_S1.);
#6132 = LINE('',#6133,#6134);
#6133 = CARTESIAN_POINT('',(126.00709663411,0.,-280.7192378003));
#6134 = VECTOR('',#6135,1.);
#6135 = DIRECTION('',(-0.743714161905,0.,0.668497752713));
#6136 = PCURVE('',#5568,#6137);
#6137 = DEFINITIONAL_REPRESENTATION('',(#6138),#6142);
#6138 = LINE('',#6139,#6140);
#6139 = CARTESIAN_POINT('',(719.28076219964,1.126007096634E+03));
#6140 = VECTOR('',#6141,1.);
#6141 = DIRECTION('',(0.668497752713,-0.743714161905));
#6142 = ( GEOMETRIC_REPRESENTATION_CONTEXT(2) 
PARAMETRIC_REPRESENTATION_CONTEXT() REPRESENTATION_CONTEXT('2D SPACE',''
  ) );
#6143 = PCURVE('',#6144,#6149);
#6144 = CONICAL_SURFACE('',#6145,126.00709663411,0.838609303402);
#6145 = AXIS2_PLACEMENT_3D('',#6146,#6147,#6148);
#6146 = CARTESIAN_POINT('',(0.,0.,-280.7192378003));
#6147 = DIRECTION('',(-0.,-0.,-1.));
#6148 = DIRECTION('',(1.,0.,-0.));
#6149 = DEFINITIONAL_REPRESENTATION('',(#6150),#6154);
#6150 = LINE('',#6151,#6152);
#6151 = CARTESIAN_POINT('',(-0.,-0.));
#6152 = VECTOR('',#6153,1.);
#6153 = DIRECTION('',(-0.,-1.));
#6154 = ( GEOMETRIC_REPRESENTATION_CONTEXT(2) 
PARAMETRIC_REPRESENTATION_CONTEXT() REPRESENTATION_CONTEXT('2D SPACE',''
  ) );
#6155 = ORIENTED_EDGE('',*,*,#6156,.F.);
#6156 = EDGE_CURVE('',#6157,#6129,#6159,.T.);
#6157 = VERTEX_POINT('',#6158);
#6158 = CARTESIAN_POINT('',(125.47167815458,0.,-285.3252235987));
#6159 = SURFACE_CURVE('',#6160,(#6164,#6171),.PCURVE_S1.);
#6160 = LINE('',#6161,#6162);
#6161 = CARTESIAN_POINT('',(125.47167815458,0.,-290.823028373));
#6162 = VECTOR('',#6163,1.);
#6163 = DIRECTION('',(0.,0.,1.));
#6164 = PCURVE('',#5568,#6165);
#6165 = DEFINITIONAL_REPRESENTATION('',(#6166),#6170);
#6166 = LINE('',#6167,#6168);
#6167 = CARTESIAN_POINT('',(709.17697162691,1.125471678155E+03));
#6168 = VECTOR('',#6169,1.);
#6169 = DIRECTION('',(1.,0.));
#6170 = ( GEOMETRIC_REPRESENTATION_CONTEXT(2) 
PARAMETRIC_REPRESENTATION_CONTEXT() REPRESENTATION_CONTEXT('2D SPACE',''
  ) );
#6171 = PCURVE('',#6172,#6177);
#6172 = PLANE('',#6173);
#6173 = AXIS2_PLACEMENT_3D('',#6174,#6175,#6176);
#6174 = CARTESIAN_POINT('',(125.47167815458,0.,-290.823028373));
#6175 = DIRECTION('',(1.,0.,-0.));
#6176 = DIRECTION('',(0.,0.,1.));
#6177 = DEFINITIONAL_REPRESENTATION('',(#6178),#6182);
#6178 = LINE('',#6179,#6180);
#6179 = CARTESIAN_POINT('',(0.,0.));
#6180 = VECTOR('',#6181,1.);
#6181 = DIRECTION('',(1.,0.));
#6182 = ( GEOMETRIC_REPRESENTATION_CONTEXT(2) 
PARAMETRIC_REPRESENTATION_CONTEXT() REPRESENTATION_CONTEXT('2D SPACE',''
  ) );
#6183 = ORIENTED_EDGE('',*,*,#6184,.F.);
#6184 = EDGE_CURVE('',#6185,#6157,#6187,.T.);
#6185 = VERTEX_POINT('',#6186);
#6186 = CARTESIAN_POINT('',(124.82584308528,0.,-284.8091682924));
#6187 = SURFACE_CURVE('',#6188,(#6192,#6199),.PCURVE_S1.);
#6188 = LINE('',#6189,#6190);
#6189 = CARTESIAN_POINT('',(124.82584308528,0.,-284.8091682924));
#6190 = VECTOR('',#6191,1.);
#6191 = DIRECTION('',(0.781230243562,0.,-0.62424298678));
#6192 = PCURVE('',#5568,#6193);
#6193 = DEFINITIONAL_REPRESENTATION('',(#6194),#6198);
#6194 = LINE('',#6195,#6196);
#6195 = CARTESIAN_POINT('',(715.19083170753,1.124825843085E+03));
#6196 = VECTOR('',#6197,1.);
#6197 = DIRECTION('',(-0.62424298678,0.781230243562));
#6198 = ( GEOMETRIC_REPRESENTATION_CONTEXT(2) 
PARAMETRIC_REPRESENTATION_CONTEXT() REPRESENTATION_CONTEXT('2D SPACE',''
  ) );
#6199 = PCURVE('',#6200,#6205);
#6200 = CONICAL_SURFACE('',#6201,124.82584308528,0.896634170867);
#6201 = AXIS2_PLACEMENT_3D('',#6202,#6203,#6204);
#6202 = CARTESIAN_POINT('',(0.,0.,-284.8091682924));
#6203 = DIRECTION('',(-0.,-0.,-1.));
#6204 = DIRECTION('',(1.,0.,0.));
#6205 = DEFINITIONAL_REPRESENTATION('',(#6206),#6210);
#6206 = LINE('',#6207,#6208);
#6207 = CARTESIAN_POINT('',(-0.,0.));
#6208 = VECTOR('',#6209,1.);
#6209 = DIRECTION('',(-0.,1.));
#6210 = ( GEOMETRIC_REPRESENTATION_CONTEXT(2) 
PARAMETRIC_REPRESENTATION_CONTEXT() REPRESENTATION_CONTEXT('2D SPACE',''
  ) );
#6211 = ORIENTED_EDGE('',*,*,#6212,.F.);
#6212 = EDGE_CURVE('',#6213,#6185,#6215,.T.);
#6213 = VERTEX_POINT('',#6214);
#6214 = CARTESIAN_POINT('',(123.61421507133,0.,-283.8169165489));
#6215 = SURFACE_CURVE('',#6216,(#6220,#6227),.PCURVE_S1.);
#6216 = LINE('',#6217,#6218);
#6217 = CARTESIAN_POINT('',(123.61421507133,0.,-283.8169165489));
#6218 = VECTOR('',#6219,1.);
#6219 = DIRECTION('',(0.773669392411,0.,-0.633589513207));
#6220 = PCURVE('',#5568,#6221);
#6221 = DEFINITIONAL_REPRESENTATION('',(#6222),#6226);
#6222 = LINE('',#6223,#6224);
#6223 = CARTESIAN_POINT('',(716.18308345107,1.123614215071E+03));
#6224 = VECTOR('',#6225,1.);
#6225 = DIRECTION('',(-0.633589513207,0.773669392411));
#6226 = ( GEOMETRIC_REPRESENTATION_CONTEXT(2) 
PARAMETRIC_REPRESENTATION_CONTEXT() REPRESENTATION_CONTEXT('2D SPACE',''
  ) );
#6227 = PCURVE('',#6228,#6233);
#6228 = CONICAL_SURFACE('',#6229,123.61421507133,0.884612283868);
#6229 = AXIS2_PLACEMENT_3D('',#6230,#6231,#6232);
#6230 = CARTESIAN_POINT('',(0.,0.,-283.8169165489));
#6231 = DIRECTION('',(-0.,-0.,-1.));
#6232 = DIRECTION('',(1.,0.,0.));
#6233 = DEFINITIONAL_REPRESENTATION('',(#6234),#6238);
#6234 = LINE('',#6235,#6236);
#6235 = CARTESIAN_POINT('',(-0.,0.));
#6236 = VECTOR('',#6237,1.);
#6237 = DIRECTION('',(-0.,1.));
#6238 = ( GEOMETRIC_REPRESENTATION_CONTEXT(2) 
PARAMETRIC_REPRESENTATION_CONTEXT() REPRESENTATION_CONTEXT('2D SPACE',''
  ) );
#6239 = ORIENTED_EDGE('',*,*,#6240,.F.);
#6240 = EDGE_CURVE('',#6241,#6213,#6243,.T.);
#6241 = VERTEX_POINT('',#6242);
#6242 = CARTESIAN_POINT('',(122.40720281111,0.,-282.8044099677));
#6243 = SURFACE_CURVE('',#6244,(#6248,#6255),.PCURVE_S1.);
#6244 = LINE('',#6245,#6246);
#6245 = CARTESIAN_POINT('',(122.40720281111,0.,-282.8044099677));
#6246 = VECTOR('',#6247,1.);
#6247 = DIRECTION('',(0.766137249686,0.,-0.642676990908));
#6248 = PCURVE('',#5568,#6249);
#6249 = DEFINITIONAL_REPRESENTATION('',(#6250),#6254);
#6250 = LINE('',#6251,#6252);
#6251 = CARTESIAN_POINT('',(717.19559003224,1.122407202811E+03));
#6252 = VECTOR('',#6253,1.);
#6253 = DIRECTION('',(-0.642676990908,0.766137249686));
#6254 = ( GEOMETRIC_REPRESENTATION_CONTEXT(2) 
PARAMETRIC_REPRESENTATION_CONTEXT() REPRESENTATION_CONTEXT('2D SPACE',''
  ) );
#6255 = PCURVE('',#6256,#6261);
#6256 = CONICAL_SURFACE('',#6257,122.40720281111,0.87280901981);
#6257 = AXIS2_PLACEMENT_3D('',#6258,#6259,#6260);
#6258 = CARTESIAN_POINT('',(0.,0.,-282.8044099677));
#6259 = DIRECTION('',(-0.,-0.,-1.));
#6260 = DIRECTION('',(1.,0.,0.));
#6261 = DEFINITIONAL_REPRESENTATION('',(#6262),#6266);
#6262 = LINE('',#6263,#6264);
#6263 = CARTESIAN_POINT('',(-0.,0.));
#6264 = VECTOR('',#6265,1.);
#6265 = DIRECTION('',(-0.,1.));
#6266 = ( GEOMETRIC_REPRESENTATION_CONTEXT(2) 
PARAMETRIC_REPRESENTATION_CONTEXT() REPRESENTATION_CONTEXT('2D SPACE',''
  ) );
#6267 = ORIENTED_EDGE('',*,*,#6268,.F.);
#6268 = EDGE_CURVE('',#6269,#6241,#6271,.T.);
#6269 = VERTEX_POINT('',#6270);
#6270 = CARTESIAN_POINT('',(121.20482402377,0.,-281.7718033948));
#6271 = SURFACE_CURVE('',#6272,(#6276,#6283),.PCURVE_S1.);
#6272 = LINE('',#6273,#6274);
#6273 = CARTESIAN_POINT('',(121.20482402377,0.,-281.7718033948));
#6274 = VECTOR('',#6275,1.);
#6275 = DIRECTION('',(0.758633923643,0.,-0.651517129397));
#6276 = PCURVE('',#5568,#6277);
#6277 = DEFINITIONAL_REPRESENTATION('',(#6278),#6282);
#6278 = LINE('',#6279,#6280);
#6279 = CARTESIAN_POINT('',(718.22819660514,1.121204824024E+03));
#6280 = VECTOR('',#6281,1.);
#6281 = DIRECTION('',(-0.651517129397,0.758633923643));
#6282 = ( GEOMETRIC_REPRESENTATION_CONTEXT(2) 
PARAMETRIC_REPRESENTATION_CONTEXT() REPRESENTATION_CONTEXT('2D SPACE',''
  ) );
#6283 = PCURVE('',#6284,#6289);
#6284 = CONICAL_SURFACE('',#6285,121.20482402377,0.861213785591);
#6285 = AXIS2_PLACEMENT_3D('',#6286,#6287,#6288);
#6286 = CARTESIAN_POINT('',(0.,0.,-281.7718033948));
#6287 = DIRECTION('',(-0.,-0.,-1.));
#6288 = DIRECTION('',(1.,0.,0.));
#6289 = DEFINITIONAL_REPRESENTATION('',(#6290),#6294);
#6290 = LINE('',#6291,#6292);
#6291 = CARTESIAN_POINT('',(-0.,0.));
#6292 = VECTOR('',#6293,1.);
#6293 = DIRECTION('',(-0.,1.));
#6294 = ( GEOMETRIC_REPRESENTATION_CONTEXT(2) 
PARAMETRIC_REPRESENTATION_CONTEXT() REPRESENTATION_CONTEXT('2D SPACE',''
  ) );
#6295 = ORIENTED_EDGE('',*,*,#6296,.F.);
#6296 = EDGE_CURVE('',#6297,#6269,#6299,.T.);
#6297 = VERTEX_POINT('',#6298);
#6298 = CARTESIAN_POINT('',(120.00709663411,0.,-280.7192378003));
#6299 = SURFACE_CURVE('',#6300,(#6304,#6311),.PCURVE_S1.);
#6300 = LINE('',#6301,#6302);
#6301 = CARTESIAN_POINT('',(120.00709663411,0.,-280.7192378003));
#6302 = VECTOR('',#6303,1.);
#6303 = DIRECTION('',(0.751159523995,0.,-0.660120723438));
#6304 = PCURVE('',#5568,#6305);
#6305 = DEFINITIONAL_REPRESENTATION('',(#6306),#6310);
#6306 = LINE('',#6307,#6308);
#6307 = CARTESIAN_POINT('',(719.28076219964,1.120007096634E+03));
#6308 = VECTOR('',#6309,1.);
#6309 = DIRECTION('',(-0.660120723438,0.751159523995));
#6310 = ( GEOMETRIC_REPRESENTATION_CONTEXT(2) 
PARAMETRIC_REPRESENTATION_CONTEXT() REPRESENTATION_CONTEXT('2D SPACE',''
  ) );
#6311 = PCURVE('',#6312,#6317);
#6312 = CONICAL_SURFACE('',#6313,120.00709663411,0.849816861161);
#6313 = AXIS2_PLACEMENT_3D('',#6314,#6315,#6316);
#6314 = CARTESIAN_POINT('',(0.,0.,-280.7192378003));
#6315 = DIRECTION('',(-0.,-0.,-1.));
#6316 = DIRECTION('',(1.,0.,0.));
#6317 = DEFINITIONAL_REPRESENTATION('',(#6318),#6322);
#6318 = LINE('',#6319,#6320);
#6319 = CARTESIAN_POINT('',(-0.,0.));
#6320 = VECTOR('',#6321,1.);
#6321 = DIRECTION('',(-0.,1.));
#6322 = ( GEOMETRIC_REPRESENTATION_CONTEXT(2) 
PARAMETRIC_REPRESENTATION_CONTEXT() REPRESENTATION_CONTEXT('2D SPACE',''
  ) );
#6323 = ORIENTED_EDGE('',*,*,#6324,.F.);
#6324 = EDGE_CURVE('',#6325,#6297,#6327,.T.);
#6325 = VERTEX_POINT('',#6326);
#6326 = CARTESIAN_POINT('',(118.81403877657,0.,-279.6468412567));
#6327 = SURFACE_CURVE('',#6328,(#6332,#6339),.PCURVE_S1.);
#6328 = LINE('',#6329,#6330);
#6329 = CARTESIAN_POINT('',(118.81403877657,0.,-279.6468412567));
#6330 = VECTOR('',#6331,1.);
#6331 = DIRECTION('',(0.743714161905,0.,-0.668497752713));
#6332 = PCURVE('',#5568,#6333);
#6333 = DEFINITIONAL_REPRESENTATION('',(#6334),#6338);
#6334 = LINE('',#6335,#6336);
#6335 = CARTESIAN_POINT('',(720.3531587432,1.118814038777E+03));
#6336 = VECTOR('',#6337,1.);
#6337 = DIRECTION('',(-0.668497752713,0.743714161905));
#6338 = ( GEOMETRIC_REPRESENTATION_CONTEXT(2) 
PARAMETRIC_REPRESENTATION_CONTEXT() REPRESENTATION_CONTEXT('2D SPACE',''
  ) );
#6339 = PCURVE('',#6340,#6345);
#6340 = CONICAL_SURFACE('',#6341,118.81403877657,0.838609303402);
#6341 = AXIS2_PLACEMENT_3D('',#6342,#6343,#6344);
#6342 = CARTESIAN_POINT('',(0.,0.,-279.6468412567));
#6343 = DIRECTION('',(-0.,-0.,-1.));
#6344 = DIRECTION('',(1.,0.,0.));
#6345 = DEFINITIONAL_REPRESENTATION('',(#6346),#6350);
#6346 = LINE('',#6347,#6348);
#6347 = CARTESIAN_POINT('',(-0.,0.));
#6348 = VECTOR('',#6349,1.);
#6349 = DIRECTION('',(-0.,1.));
#6350 = ( GEOMETRIC_REPRESENTATION_CONTEXT(2) 
PARAMETRIC_REPRESENTATION_CONTEXT() REPRESENTATION_CONTEXT('2D SPACE',''
  ) );
#6351 = ORIENTED_EDGE('',*,*,#6352,.F.);
#6352 = EDGE_CURVE('',#6353,#6325,#6355,.T.);
#6353 = VERTEX_POINT('',#6354);
#6354 = CARTESIAN_POINT('',(117.62566879938,0.,-278.5547298096));
#6355 = SURFACE_CURVE('',#6356,(#6360,#6367),.PCURVE_S1.);
#6356 = LINE('',#6357,#6358);
#6357 = CARTESIAN_POINT('',(117.62566879938,0.,-278.5547298096));
#6358 = VECTOR('',#6359,1.);
#6359 = DIRECTION('',(0.736297949993,0.,-0.676657467879));
#6360 = PCURVE('',#5568,#6361);
#6361 = DEFINITIONAL_REPRESENTATION('',(#6362),#6366);
#6362 = LINE('',#6363,#6364);
#6363 = CARTESIAN_POINT('',(721.44527019031,1.117625668799E+03));
#6364 = VECTOR('',#6365,1.);
#6365 = DIRECTION('',(-0.676657467879,0.736297949993));
#6366 = ( GEOMETRIC_REPRESENTATION_CONTEXT(2) 
PARAMETRIC_REPRESENTATION_CONTEXT() REPRESENTATION_CONTEXT('2D SPACE',''
  ) );
#6367 = PCURVE('',#6368,#6373);
#6368 = CONICAL_SURFACE('',#6369,117.62566879938,0.827582863243);
#6369 = AXIS2_PLACEMENT_3D('',#6370,#6371,#6372);
#6370 = CARTESIAN_POINT('',(0.,0.,-278.5547298096));
#6371 = DIRECTION('',(-0.,-0.,-1.));
#6372 = DIRECTION('',(1.,0.,0.));
#6373 = DEFINITIONAL_REPRESENTATION('',(#6374),#6378);
#6374 = LINE('',#6375,#6376);
#6375 = CARTESIAN_POINT('',(-0.,0.));
#6376 = VECTOR('',#6377,1.);
#6377 = DIRECTION('',(-0.,1.));
#6378 = ( GEOMETRIC_REPRESENTATION_CONTEXT(2) 
PARAMETRIC_REPRESENTATION_CONTEXT() REPRESENTATION_CONTEXT('2D SPACE',''
  ) );
#6379 = ORIENTED_EDGE('',*,*,#6380,.F.);
#6380 = EDGE_CURVE('',#6381,#6353,#6383,.T.);
#6381 = VERTEX_POINT('',#6382);
#6382 = CARTESIAN_POINT('',(116.44200526876,0.,-277.4430082545));
#6383 = SURFACE_CURVE('',#6384,(#6388,#6395),.PCURVE_S1.);
#6384 = LINE('',#6385,#6386);
#6385 = CARTESIAN_POINT('',(116.44200526876,0.,-277.4430082545));
#6386 = VECTOR('',#6387,1.);
#6387 = DIRECTION('',(0.728911002336,0.,-0.684608465237));
#6388 = PCURVE('',#5568,#6389);
#6389 = DEFINITIONAL_REPRESENTATION('',(#6390),#6394);
#6390 = LINE('',#6391,#6392);
#6391 = CARTESIAN_POINT('',(722.55699174542,1.116442005269E+03));
#6392 = VECTOR('',#6393,1.);
#6393 = DIRECTION('',(-0.684608465237,0.728911002336));
#6394 = ( GEOMETRIC_REPRESENTATION_CONTEXT(2) 
PARAMETRIC_REPRESENTATION_CONTEXT() REPRESENTATION_CONTEXT('2D SPACE',''
  ) );
#6395 = PCURVE('',#6396,#6401);
#6396 = CONICAL_SURFACE('',#6397,116.44200526876,0.816729913837);
#6397 = AXIS2_PLACEMENT_3D('',#6398,#6399,#6400);
#6398 = CARTESIAN_POINT('',(0.,0.,-277.4430082545));
#6399 = DIRECTION('',(-0.,-0.,-1.));
#6400 = DIRECTION('',(1.,0.,0.));
#6401 = DEFINITIONAL_REPRESENTATION('',(#6402),#6406);
#6402 = LINE('',#6403,#6404);
#6403 = CARTESIAN_POINT('',(-0.,0.));
#6404 = VECTOR('',#6405,1.);
#6405 = DIRECTION('',(-0.,1.));
#6406 = ( GEOMETRIC_REPRESENTATION_CONTEXT(2) 
PARAMETRIC_REPRESENTATION_CONTEXT() REPRESENTATION_CONTEXT('2D SPACE',''
  ) );
#6407 = ORIENTED_EDGE('',*,*,#6408,.F.);
#6408 = EDGE_CURVE('',#6409,#6381,#6411,.T.);
#6409 = VERTEX_POINT('',#6410);
#6410 = CARTESIAN_POINT('',(115.2630669733,0.,-276.311770833));
#6411 = SURFACE_CURVE('',#6412,(#6416,#6423),.PCURVE_S1.);
#6412 = LINE('',#6413,#6414);
#6413 = CARTESIAN_POINT('',(115.2630669733,0.,-276.311770833));
#6414 = VECTOR('',#6415,1.);
#6415 = DIRECTION('',(0.721553434484,0.,-0.692358751794));
#6416 = PCURVE('',#5568,#6417);
#6417 = DEFINITIONAL_REPRESENTATION('',(#6418),#6422);
#6418 = LINE('',#6419,#6420);
#6419 = CARTESIAN_POINT('',(723.6882291669,1.115263066973E+03));
#6420 = VECTOR('',#6421,1.);
#6421 = DIRECTION('',(-0.692358751794,0.721553434484));
#6422 = ( GEOMETRIC_REPRESENTATION_CONTEXT(2) 
PARAMETRIC_REPRESENTATION_CONTEXT() REPRESENTATION_CONTEXT('2D SPACE',''
  ) );
#6423 = PCURVE('',#6424,#6429);
#6424 = CONICAL_SURFACE('',#6425,115.2630669733,0.806043388057);
#6425 = AXIS2_PLACEMENT_3D('',#6426,#6427,#6428);
#6426 = CARTESIAN_POINT('',(0.,0.,-276.311770833));
#6427 = DIRECTION('',(-0.,-0.,-1.));
#6428 = DIRECTION('',(1.,0.,0.));
#6429 = DEFINITIONAL_REPRESENTATION('',(#6430),#6434);
#6430 = LINE('',#6431,#6432);
#6431 = CARTESIAN_POINT('',(-0.,0.));
#6432 = VECTOR('',#6433,1.);
#6433 = DIRECTION('',(-0.,1.));
#6434 = ( GEOMETRIC_REPRESENTATION_CONTEXT(2) 
PARAMETRIC_REPRESENTATION_CONTEXT() REPRESENTATION_CONTEXT('2D SPACE',''
  ) );
#6435 = ORIENTED_EDGE('',*,*,#6436,.F.);
#6436 = EDGE_CURVE('',#6437,#6409,#6439,.T.);
#6437 = VERTEX_POINT('',#6438);
#6438 = CARTESIAN_POINT('',(114.0888729284,0.,-275.1611018581));
#6439 = SURFACE_CURVE('',#6440,(#6444,#6451),.PCURVE_S1.);
#6440 = LINE('',#6441,#6442);
#6441 = CARTESIAN_POINT('',(114.0888729284,0.,-275.1611018581));
#6442 = VECTOR('',#6443,1.);
#6443 = DIRECTION('',(0.714225363469,0.,-0.699915802206));
#6444 = PCURVE('',#5568,#6445);
#6445 = DEFINITIONAL_REPRESENTATION('',(#6446),#6450);
#6446 = LINE('',#6447,#6448);
#6447 = CARTESIAN_POINT('',(724.83889814187,1.114088872928E+03));
#6448 = VECTOR('',#6449,1.);
#6449 = DIRECTION('',(-0.699915802206,0.714225363469));
#6450 = ( GEOMETRIC_REPRESENTATION_CONTEXT(2) 
PARAMETRIC_REPRESENTATION_CONTEXT() REPRESENTATION_CONTEXT('2D SPACE',''
  ) );
#6451 = PCURVE('',#6452,#6457);
#6452 = CONICAL_SURFACE('',#6453,114.0888729284,0.795516723866);
#6453 = AXIS2_PLACEMENT_3D('',#6454,#6455,#6456);
#6454 = CARTESIAN_POINT('',(0.,0.,-275.1611018581));
#6455 = DIRECTION('',(-0.,-0.,-1.));
#6456 = DIRECTION('',(1.,0.,0.));
#6457 = DEFINITIONAL_REPRESENTATION('',(#6458),#6462);
#6458 = LINE('',#6459,#6460);
#6459 = CARTESIAN_POINT('',(-0.,0.));
#6460 = VECTOR('',#6461,1.);
#6461 = DIRECTION('',(-0.,1.));
#6462 = ( GEOMETRIC_REPRESENTATION_CONTEXT(2) 
PARAMETRIC_REPRESENTATION_CONTEXT() REPRESENTATION_CONTEXT('2D SPACE',''
  ) );
#6463 = ORIENTED_EDGE('',*,*,#6464,.F.);
#6464 = EDGE_CURVE('',#6465,#6437,#6467,.T.);
#6465 = VERTEX_POINT('',#6466);
#6466 = CARTESIAN_POINT('',(112.91944238092,0.,-273.9910762769));
#6467 = SURFACE_CURVE('',#6468,(#6472,#6479),.PCURVE_S1.);
#6468 = LINE('',#6469,#6470);
#6469 = CARTESIAN_POINT('',(112.91944238092,0.,-273.9910762769));
#6470 = VECTOR('',#6471,1.);
#6471 = DIRECTION('',(0.706926907827,0.,-0.707286608802));
#6472 = PCURVE('',#5568,#6473);
#6473 = DEFINITIONAL_REPRESENTATION('',(#6474),#6478);
#6474 = LINE('',#6475,#6476);
#6475 = CARTESIAN_POINT('',(726.00892372302,1.112919442381E+03));
#6476 = VECTOR('',#6477,1.);
#6477 = DIRECTION('',(-0.707286608802,0.706926907827));
#6478 = ( GEOMETRIC_REPRESENTATION_CONTEXT(2) 
PARAMETRIC_REPRESENTATION_CONTEXT() REPRESENTATION_CONTEXT('2D SPACE',''
  ) );
#6479 = PCURVE('',#6480,#6485);
#6480 = CONICAL_SURFACE('',#6481,112.91944238092,0.785143816396);
#6481 = AXIS2_PLACEMENT_3D('',#6482,#6483,#6484);
#6482 = CARTESIAN_POINT('',(0.,0.,-273.9910762769));
#6483 = DIRECTION('',(-0.,-0.,-1.));
#6484 = DIRECTION('',(1.,0.,0.));
#6485 = DEFINITIONAL_REPRESENTATION('',(#6486),#6490);
#6486 = LINE('',#6487,#6488);
#6487 = CARTESIAN_POINT('',(-0.,0.));
#6488 = VECTOR('',#6489,1.);
#6489 = DIRECTION('',(-0.,1.));
#6490 = ( GEOMETRIC_REPRESENTATION_CONTEXT(2) 
PARAMETRIC_REPRESENTATION_CONTEXT() REPRESENTATION_CONTEXT('2D SPACE',''
  ) );
#6491 = ORIENTED_EDGE('',*,*,#6492,.F.);
#6492 = EDGE_CURVE('',#6493,#6465,#6495,.T.);
#6493 = VERTEX_POINT('',#6494);
#6494 = CARTESIAN_POINT('',(111.75479481387,0.,-272.8017601799));
#6495 = SURFACE_CURVE('',#6496,(#6500,#6507),.PCURVE_S1.);
#6496 = LINE('',#6497,#6498);
#6497 = CARTESIAN_POINT('',(111.75479481387,0.,-272.8017601799));
#6498 = VECTOR('',#6499,1.);
#6499 = DIRECTION('',(0.699658187612,0.,-0.71447772569));
#6500 = PCURVE('',#5568,#6501);
#6501 = DEFINITIONAL_REPRESENTATION('',(#6502),#6506);
#6502 = LINE('',#6503,#6504);
#6503 = CARTESIAN_POINT('',(727.19823982003,1.111754794814E+03));
#6504 = VECTOR('',#6505,1.);
#6505 = DIRECTION('',(-0.71447772569,0.699658187612));
#6506 = ( GEOMETRIC_REPRESENTATION_CONTEXT(2) 
PARAMETRIC_REPRESENTATION_CONTEXT() REPRESENTATION_CONTEXT('2D SPACE',''
  ) );
#6507 = PCURVE('',#6508,#6513);
#6508 = CONICAL_SURFACE('',#6509,111.75479481387,0.774918975737);
#6509 = AXIS2_PLACEMENT_3D('',#6510,#6511,#6512);
#6510 = CARTESIAN_POINT('',(0.,0.,-272.8017601799));
#6511 = DIRECTION('',(-0.,-0.,-1.));
#6512 = DIRECTION('',(1.,0.,0.));
#6513 = DEFINITIONAL_REPRESENTATION('',(#6514),#6518);
#6514 = LINE('',#6515,#6516);
#6515 = CARTESIAN_POINT('',(-0.,0.));
#6516 = VECTOR('',#6517,1.);
#6517 = DIRECTION('',(-0.,1.));
#6518 = ( GEOMETRIC_REPRESENTATION_CONTEXT(2) 
PARAMETRIC_REPRESENTATION_CONTEXT() REPRESENTATION_CONTEXT('2D SPACE',''
  ) );
#6519 = ORIENTED_EDGE('',*,*,#6520,.F.);
#6520 = EDGE_CURVE('',#6521,#6493,#6523,.T.);
#6521 = VERTEX_POINT('',#6522);
#6522 = CARTESIAN_POINT('',(110.5949499513,0.,-271.5932112608));
#6523 = SURFACE_CURVE('',#6524,(#6528,#6535),.PCURVE_S1.);
#6524 = LINE('',#6525,#6526);
#6525 = CARTESIAN_POINT('',(110.5949499513,0.,-271.5932112608));
#6526 = VECTOR('',#6527,1.);
#6527 = DIRECTION('',(0.692419324424,0.,-0.721495307791));
#6528 = PCURVE('',#5568,#6529);
#6529 = DEFINITIONAL_REPRESENTATION('',(#6530),#6534);
#6530 = LINE('',#6531,#6532);
#6531 = CARTESIAN_POINT('',(728.40678873915,1.110594949951E+03));
#6532 = VECTOR('',#6533,1.);
#6533 = DIRECTION('',(-0.721495307791,0.692419324424));
#6534 = ( GEOMETRIC_REPRESENTATION_CONTEXT(2) 
PARAMETRIC_REPRESENTATION_CONTEXT() REPRESENTATION_CONTEXT('2D SPACE',''
  ) );
#6535 = PCURVE('',#6536,#6541);
#6536 = CONICAL_SURFACE('',#6537,110.5949499513,0.764836889652);
#6537 = AXIS2_PLACEMENT_3D('',#6538,#6539,#6540);
#6538 = CARTESIAN_POINT('',(0.,0.,-271.5932112608));
#6539 = DIRECTION('',(-0.,-0.,-1.));
#6540 = DIRECTION('',(1.,0.,0.));
#6541 = DEFINITIONAL_REPRESENTATION('',(#6542),#6546);
#6542 = LINE('',#6543,#6544);
#6543 = CARTESIAN_POINT('',(-0.,0.));
#6544 = VECTOR('',#6545,1.);
#6545 = DIRECTION('',(-0.,1.));
#6546 = ( GEOMETRIC_REPRESENTATION_CONTEXT(2) 
PARAMETRIC_REPRESENTATION_CONTEXT() REPRESENTATION_CONTEXT('2D SPACE',''
  ) );
#6547 = ORIENTED_EDGE('',*,*,#6548,.F.);
#6548 = EDGE_CURVE('',#6549,#6521,#6551,.T.);
#6549 = VERTEX_POINT('',#6550);
#6550 = CARTESIAN_POINT('',(109.4399277633,0.,-270.3654792347));
#6551 = SURFACE_CURVE('',#6552,(#6556,#6563),.PCURVE_S1.);
#6552 = LINE('',#6553,#6554);
#6553 = CARTESIAN_POINT('',(109.4399277633,0.,-270.3654792347));
#6554 = VECTOR('',#6555,1.);
#6555 = DIRECTION('',(0.685210441426,0.,-0.728345145492));
#6556 = PCURVE('',#5568,#6557);
#6557 = DEFINITIONAL_REPRESENTATION('',(#6558),#6562);
#6558 = LINE('',#6559,#6560);
#6559 = CARTESIAN_POINT('',(729.63452076526,1.109439927763E+03));
#6560 = VECTOR('',#6561,1.);
#6561 = DIRECTION('',(-0.728345145492,0.685210441426));
#6562 = ( GEOMETRIC_REPRESENTATION_CONTEXT(2) 
PARAMETRIC_REPRESENTATION_CONTEXT() REPRESENTATION_CONTEXT('2D SPACE',''
  ) );
#6563 = PCURVE('',#6564,#6569);
#6564 = CONICAL_SURFACE('',#6565,109.4399277633,0.754892590505);
#6565 = AXIS2_PLACEMENT_3D('',#6566,#6567,#6568);
#6566 = CARTESIAN_POINT('',(0.,0.,-270.3654792347));
#6567 = DIRECTION('',(-0.,-0.,-1.));
#6568 = DIRECTION('',(1.,0.,0.));
#6569 = DEFINITIONAL_REPRESENTATION('',(#6570),#6574);
#6570 = LINE('',#6571,#6572);
#6571 = CARTESIAN_POINT('',(-0.,0.));
#6572 = VECTOR('',#6573,1.);
#6573 = DIRECTION('',(-0.,1.));
#6574 = ( GEOMETRIC_REPRESENTATION_CONTEXT(2) 
PARAMETRIC_REPRESENTATION_CONTEXT() REPRESENTATION_CONTEXT('2D SPACE',''
  ) );
#6575 = ORIENTED_EDGE('',*,*,#6576,.F.);
#6576 = EDGE_CURVE('',#5718,#6549,#6577,.T.);
#6577 = SURFACE_CURVE('',#6578,(#6582,#6589),.PCURVE_S1.);
#6578 = LINE('',#6579,#6580);
#6579 = CARTESIAN_POINT('',(108.28974847119,0.,-269.1186062182));
#6580 = VECTOR('',#6581,1.);
#6581 = DIRECTION('',(0.678031663375,0.,-0.735032695505));
#6582 = PCURVE('',#5568,#6583);
#6583 = DEFINITIONAL_REPRESENTATION('',(#6584),#6588);
#6584 = LINE('',#6585,#6586);
#6585 = CARTESIAN_POINT('',(730.88139378177,1.108289748471E+03));
#6586 = VECTOR('',#6587,1.);
#6587 = DIRECTION('',(-0.735032695505,0.678031663375));
#6588 = ( GEOMETRIC_REPRESENTATION_CONTEXT(2) 
PARAMETRIC_REPRESENTATION_CONTEXT() REPRESENTATION_CONTEXT('2D SPACE',''
  ) );
#6589 = PCURVE('',#5736,#6590);
#6590 = DEFINITIONAL_REPRESENTATION('',(#6591),#6595);
#6591 = LINE('',#6592,#6593);
#6592 = CARTESIAN_POINT('',(-0.,0.));
#6593 = VECTOR('',#6594,1.);
#6594 = DIRECTION('',(-0.,1.));
#6595 = ( GEOMETRIC_REPRESENTATION_CONTEXT(2) 
PARAMETRIC_REPRESENTATION_CONTEXT() REPRESENTATION_CONTEXT('2D SPACE',''
  ) );
#6596 = ADVANCED_FACE('',(#6597),#5699,.F.);
#6597 = FACE_BOUND('',#6598,.F.);
#6598 = EDGE_LOOP('',(#6599,#6600,#6601,#6602,#6623,#6644,#6665,#6686,
    #6707,#6728,#6749,#6770,#6791,#6812,#6833,#6854,#6875,#6896,#6917,
    #6945,#6966,#6987,#7008,#7029,#7050,#7071,#7092,#7113,#7134,#7155,
    #7176));
#6599 = ORIENTED_EDGE('',*,*,#5686,.F.);
#6600 = ORIENTED_EDGE('',*,*,#5799,.F.);
#6601 = ORIENTED_EDGE('',*,*,#5773,.T.);
#6602 = ORIENTED_EDGE('',*,*,#6603,.T.);
#6603 = EDGE_CURVE('',#5720,#6604,#6606,.T.);
#6604 = VERTEX_POINT('',#6605);
#6605 = CARTESIAN_POINT('',(6.701262861713E-15,109.4399277633,
    -270.3654792347));
#6606 = SURFACE_CURVE('',#6607,(#6611,#6617),.PCURVE_S1.);
#6607 = LINE('',#6608,#6609);
#6608 = CARTESIAN_POINT('',(0.,0.,-151.7251126486));
#6609 = VECTOR('',#6610,1.);
#6610 = DIRECTION('',(-0.,0.678031663375,-0.735032695505));
#6611 = PCURVE('',#5699,#6612);
#6612 = DEFINITIONAL_REPRESENTATION('',(#6613),#6616);
#6613 = B_SPLINE_CURVE_WITH_KNOTS('',1,(#6614,#6615),.UNSPECIFIED.,.F.,
  .F.,(2,2),(159.71193429557,161.40828470846),.PIECEWISE_BEZIER_KNOTS.);
#6614 = CARTESIAN_POINT('',(730.88139378177,-1.108289748471E+03));
#6615 = CARTESIAN_POINT('',(729.63452076526,-1.109439927763E+03));
#6616 = ( GEOMETRIC_REPRESENTATION_CONTEXT(2) 
PARAMETRIC_REPRESENTATION_CONTEXT() REPRESENTATION_CONTEXT('2D SPACE',''
  ) );
#6617 = PCURVE('',#5736,#6618);
#6618 = DEFINITIONAL_REPRESENTATION('',(#6619),#6622);
#6619 = B_SPLINE_CURVE_WITH_KNOTS('',1,(#6620,#6621),.UNSPECIFIED.,.F.,
  .F.,(2,2),(159.71193429557,161.40828470846),.PIECEWISE_BEZIER_KNOTS.);
#6620 = CARTESIAN_POINT('',(-1.570796326795,0.));
#6621 = CARTESIAN_POINT('',(-1.570796326795,1.246873016508));
#6622 = ( GEOMETRIC_REPRESENTATION_CONTEXT(2) 
PARAMETRIC_REPRESENTATION_CONTEXT() REPRESENTATION_CONTEXT('2D SPACE',''
  ) );
#6623 = ORIENTED_EDGE('',*,*,#6624,.T.);
#6624 = EDGE_CURVE('',#6604,#6625,#6627,.T.);
#6625 = VERTEX_POINT('',#6626);
#6626 = CARTESIAN_POINT('',(6.771987572986E-15,110.5949499513,
    -271.5932112608));
#6627 = SURFACE_CURVE('',#6628,(#6632,#6638),.PCURVE_S1.);
#6628 = LINE('',#6629,#6630);
#6629 = CARTESIAN_POINT('',(0.,0.,-154.036195134));
#6630 = VECTOR('',#6631,1.);
#6631 = DIRECTION('',(-0.,0.685210441426,-0.728345145492));
#6632 = PCURVE('',#5699,#6633);
#6633 = DEFINITIONAL_REPRESENTATION('',(#6634),#6637);
#6634 = B_SPLINE_CURVE_WITH_KNOTS('',1,(#6635,#6636),.UNSPECIFIED.,.F.,
  .F.,(2,2),(159.7172505655,161.40289648997),.PIECEWISE_BEZIER_KNOTS.);
#6635 = CARTESIAN_POINT('',(729.63452076526,-1.109439927763E+03));
#6636 = CARTESIAN_POINT('',(728.40678873915,-1.110594949951E+03));
#6637 = ( GEOMETRIC_REPRESENTATION_CONTEXT(2) 
PARAMETRIC_REPRESENTATION_CONTEXT() REPRESENTATION_CONTEXT('2D SPACE',''
  ) );
#6638 = PCURVE('',#6564,#6639);
#6639 = DEFINITIONAL_REPRESENTATION('',(#6640),#6643);
#6640 = B_SPLINE_CURVE_WITH_KNOTS('',1,(#6641,#6642),.UNSPECIFIED.,.F.,
  .F.,(2,2),(159.7172505655,161.40289648997),.PIECEWISE_BEZIER_KNOTS.);
#6641 = CARTESIAN_POINT('',(-1.570796326795,0.));
#6642 = CARTESIAN_POINT('',(-1.570796326795,1.227732026107));
#6643 = ( GEOMETRIC_REPRESENTATION_CONTEXT(2) 
PARAMETRIC_REPRESENTATION_CONTEXT() REPRESENTATION_CONTEXT('2D SPACE',''
  ) );
#6644 = ORIENTED_EDGE('',*,*,#6645,.T.);
#6645 = EDGE_CURVE('',#6625,#6646,#6648,.T.);
#6646 = VERTEX_POINT('',#6647);
#6647 = CARTESIAN_POINT('',(6.843007587909E-15,111.75479481387,
    -272.8017601799));
#6648 = SURFACE_CURVE('',#6649,(#6653,#6659),.PCURVE_S1.);
#6649 = LINE('',#6650,#6651);
#6650 = CARTESIAN_POINT('',(0.,0.,-156.3541723711));
#6651 = VECTOR('',#6652,1.);
#6652 = DIRECTION('',(-0.,0.692419324424,-0.721495307791));
#6653 = PCURVE('',#5699,#6654);
#6654 = DEFINITIONAL_REPRESENTATION('',(#6655),#6658);
#6655 = B_SPLINE_CURVE_WITH_KNOTS('',1,(#6656,#6657),.UNSPECIFIED.,.F.,
  .F.,(2,2),(159.72250636321,161.39756773377),.PIECEWISE_BEZIER_KNOTS.);
#6656 = CARTESIAN_POINT('',(728.40678873915,-1.110594949951E+03));
#6657 = CARTESIAN_POINT('',(727.19823982003,-1.111754794814E+03));
#6658 = ( GEOMETRIC_REPRESENTATION_CONTEXT(2) 
PARAMETRIC_REPRESENTATION_CONTEXT() REPRESENTATION_CONTEXT('2D SPACE',''
  ) );
#6659 = PCURVE('',#6536,#6660);
#6660 = DEFINITIONAL_REPRESENTATION('',(#6661),#6664);
#6661 = B_SPLINE_CURVE_WITH_KNOTS('',1,(#6662,#6663),.UNSPECIFIED.,.F.,
  .F.,(2,2),(159.72250636321,161.39756773377),.PIECEWISE_BEZIER_KNOTS.);
#6662 = CARTESIAN_POINT('',(-1.570796326795,0.));
#6663 = CARTESIAN_POINT('',(-1.570796326795,1.20854891912));
#6664 = ( GEOMETRIC_REPRESENTATION_CONTEXT(2) 
PARAMETRIC_REPRESENTATION_CONTEXT() REPRESENTATION_CONTEXT('2D SPACE',''
  ) );
#6665 = ORIENTED_EDGE('',*,*,#6666,.T.);
#6666 = EDGE_CURVE('',#6646,#6667,#6669,.T.);
#6667 = VERTEX_POINT('',#6668);
#6668 = CARTESIAN_POINT('',(6.914321683665E-15,112.91944238092,
    -273.9910762769));
#6669 = SURFACE_CURVE('',#6670,(#6674,#6680),.PCURVE_S1.);
#6670 = LINE('',#6671,#6672);
#6671 = CARTESIAN_POINT('',(0.,0.,-158.6798745974));
#6672 = VECTOR('',#6673,1.);
#6673 = DIRECTION('',(-0.,0.699658187612,-0.71447772569));
#6674 = PCURVE('',#5699,#6675);
#6675 = DEFINITIONAL_REPRESENTATION('',(#6676),#6679);
#6676 = B_SPLINE_CURVE_WITH_KNOTS('',1,(#6677,#6678),.UNSPECIFIED.,.F.,
  .F.,(2,2),(159.72770245892,161.39229752501),.PIECEWISE_BEZIER_KNOTS.);
#6677 = CARTESIAN_POINT('',(727.19823982003,-1.111754794814E+03));
#6678 = CARTESIAN_POINT('',(726.00892372302,-1.112919442381E+03));
#6679 = ( GEOMETRIC_REPRESENTATION_CONTEXT(2) 
PARAMETRIC_REPRESENTATION_CONTEXT() REPRESENTATION_CONTEXT('2D SPACE',''
  ) );
#6680 = PCURVE('',#6508,#6681);
#6681 = DEFINITIONAL_REPRESENTATION('',(#6682),#6685);
#6682 = B_SPLINE_CURVE_WITH_KNOTS('',1,(#6683,#6684),.UNSPECIFIED.,.F.,
  .F.,(2,2),(159.72770245892,161.39229752501),.PIECEWISE_BEZIER_KNOTS.);
#6683 = CARTESIAN_POINT('',(-1.570796326795,0.));
#6684 = CARTESIAN_POINT('',(-1.570796326795,1.189316097016));
#6685 = ( GEOMETRIC_REPRESENTATION_CONTEXT(2) 
PARAMETRIC_REPRESENTATION_CONTEXT() REPRESENTATION_CONTEXT('2D SPACE',''
  ) );
#6686 = ORIENTED_EDGE('',*,*,#6687,.T.);
#6687 = EDGE_CURVE('',#6667,#6688,#6690,.T.);
#6688 = VERTEX_POINT('',#6689);
#6689 = CARTESIAN_POINT('',(6.985928652505E-15,114.0888729284,
    -275.1611018581));
#6690 = SURFACE_CURVE('',#6691,(#6695,#6701),.PCURVE_S1.);
#6691 = LINE('',#6692,#6693);
#6692 = CARTESIAN_POINT('',(0.,0.,-161.0141778378));
#6693 = VECTOR('',#6694,1.);
#6694 = DIRECTION('',(-0.,0.706926907827,-0.707286608802));
#6695 = PCURVE('',#5699,#6696);
#6696 = DEFINITIONAL_REPRESENTATION('',(#6697),#6700);
#6697 = B_SPLINE_CURVE_WITH_KNOTS('',1,(#6698,#6699),.UNSPECIFIED.,.F.,
  .F.,(2,2),(159.73283960585,161.3870849522),.PIECEWISE_BEZIER_KNOTS.);
#6698 = CARTESIAN_POINT('',(726.00892372302,-1.112919442381E+03));
#6699 = CARTESIAN_POINT('',(724.83889814187,-1.114088872928E+03));
#6700 = ( GEOMETRIC_REPRESENTATION_CONTEXT(2) 
PARAMETRIC_REPRESENTATION_CONTEXT() REPRESENTATION_CONTEXT('2D SPACE',''
  ) );
#6701 = PCURVE('',#6480,#6702);
#6702 = DEFINITIONAL_REPRESENTATION('',(#6703),#6706);
#6703 = B_SPLINE_CURVE_WITH_KNOTS('',1,(#6704,#6705),.UNSPECIFIED.,.F.,
  .F.,(2,2),(159.73283960585,161.3870849522),.PIECEWISE_BEZIER_KNOTS.);
#6704 = CARTESIAN_POINT('',(-1.570796326795,0.));
#6705 = CARTESIAN_POINT('',(-1.570796326795,1.170025581145));
#6706 = ( GEOMETRIC_REPRESENTATION_CONTEXT(2) 
PARAMETRIC_REPRESENTATION_CONTEXT() REPRESENTATION_CONTEXT('2D SPACE',''
  ) );
#6707 = ORIENTED_EDGE('',*,*,#6708,.T.);
#6708 = EDGE_CURVE('',#6688,#6709,#6711,.T.);
#6709 = VERTEX_POINT('',#6710);
#6710 = CARTESIAN_POINT('',(7.057827301438E-15,115.2630669733,
    -276.311770833));
#6711 = SURFACE_CURVE('',#6712,(#6716,#6722),.PCURVE_S1.);
#6712 = LINE('',#6713,#6714);
#6713 = CARTESIAN_POINT('',(0.,0.,-163.358008461));
#6714 = VECTOR('',#6715,1.);
#6715 = DIRECTION('',(-0.,0.714225363469,-0.699915802206));
#6716 = PCURVE('',#5699,#6717);
#6717 = DEFINITIONAL_REPRESENTATION('',(#6718),#6721);
#6718 = B_SPLINE_CURVE_WITH_KNOTS('',1,(#6719,#6720),.UNSPECIFIED.,.F.,
  .F.,(2,2),(159.73791853919,161.38192910638),.PIECEWISE_BEZIER_KNOTS.);
#6719 = CARTESIAN_POINT('',(724.83889814187,-1.114088872928E+03));
#6720 = CARTESIAN_POINT('',(723.6882291669,-1.115263066973E+03));
#6721 = ( GEOMETRIC_REPRESENTATION_CONTEXT(2) 
PARAMETRIC_REPRESENTATION_CONTEXT() REPRESENTATION_CONTEXT('2D SPACE',''
  ) );
#6722 = PCURVE('',#6452,#6723);
#6723 = DEFINITIONAL_REPRESENTATION('',(#6724),#6727);
#6724 = B_SPLINE_CURVE_WITH_KNOTS('',1,(#6725,#6726),.UNSPECIFIED.,.F.,
  .F.,(2,2),(159.73791853919,161.38192910638),.PIECEWISE_BEZIER_KNOTS.);
#6725 = CARTESIAN_POINT('',(-1.570796326795,0.));
#6726 = CARTESIAN_POINT('',(-1.570796326795,1.150668974969));
#6727 = ( GEOMETRIC_REPRESENTATION_CONTEXT(2) 
PARAMETRIC_REPRESENTATION_CONTEXT() REPRESENTATION_CONTEXT('2D SPACE',''
  ) );
#6728 = ORIENTED_EDGE('',*,*,#6729,.T.);
#6729 = EDGE_CURVE('',#6709,#6730,#6732,.T.);
#6730 = VERTEX_POINT('',#6731);
#6731 = CARTESIAN_POINT('',(7.130016451935E-15,116.44200526876,
    -277.4430082545));
#6732 = SURFACE_CURVE('',#6733,(#6737,#6743),.PCURVE_S1.);
#6733 = LINE('',#6734,#6735);
#6734 = CARTESIAN_POINT('',(0.,0.,-165.7123483043));
#6735 = VECTOR('',#6736,1.);
#6736 = DIRECTION('',(-0.,0.721553434484,-0.692358751794));
#6737 = PCURVE('',#5699,#6738);
#6738 = DEFINITIONAL_REPRESENTATION('',(#6739),#6742);
#6739 = B_SPLINE_CURVE_WITH_KNOTS('',1,(#6740,#6741),.UNSPECIFIED.,.F.,
  .F.,(2,2),(159.74293997479,161.37682908005),.PIECEWISE_BEZIER_KNOTS.);
#6740 = CARTESIAN_POINT('',(723.6882291669,-1.115263066973E+03));
#6741 = CARTESIAN_POINT('',(722.55699174542,-1.116442005269E+03));
#6742 = ( GEOMETRIC_REPRESENTATION_CONTEXT(2) 
PARAMETRIC_REPRESENTATION_CONTEXT() REPRESENTATION_CONTEXT('2D SPACE',''
  ) );
#6743 = PCURVE('',#6424,#6744);
#6744 = DEFINITIONAL_REPRESENTATION('',(#6745),#6748);
#6745 = B_SPLINE_CURVE_WITH_KNOTS('',1,(#6746,#6747),.UNSPECIFIED.,.F.,
  .F.,(2,2),(159.74293997479,161.37682908005),.PIECEWISE_BEZIER_KNOTS.);
#6746 = CARTESIAN_POINT('',(-1.570796326795,-1.967801926507E-14));
#6747 = CARTESIAN_POINT('',(-1.570796326795,1.131237421487));
#6748 = ( GEOMETRIC_REPRESENTATION_CONTEXT(2) 
PARAMETRIC_REPRESENTATION_CONTEXT() REPRESENTATION_CONTEXT('2D SPACE',''
  ) );
#6749 = ORIENTED_EDGE('',*,*,#6750,.T.);
#6750 = EDGE_CURVE('',#6730,#6751,#6753,.T.);
#6751 = VERTEX_POINT('',#6752);
#6752 = CARTESIAN_POINT('',(7.202494939637E-15,117.62566879938,
    -278.5547298096));
#6753 = SURFACE_CURVE('',#6754,(#6758,#6764),.PCURVE_S1.);
#6754 = LINE('',#6755,#6756);
#6755 = CARTESIAN_POINT('',(0.,0.,-168.0782404562));
#6756 = VECTOR('',#6757,1.);
#6757 = DIRECTION('',(-0.,0.728911002336,-0.684608465237));
#6758 = PCURVE('',#5699,#6759);
#6759 = DEFINITIONAL_REPRESENTATION('',(#6760),#6763);
#6760 = B_SPLINE_CURVE_WITH_KNOTS('',1,(#6761,#6762),.UNSPECIFIED.,.F.,
  .F.,(2,2),(159.74790460784,161.37178396599),.PIECEWISE_BEZIER_KNOTS.);
#6761 = CARTESIAN_POINT('',(722.55699174542,-1.116442005269E+03));
#6762 = CARTESIAN_POINT('',(721.44527019031,-1.117625668799E+03));
#6763 = ( GEOMETRIC_REPRESENTATION_CONTEXT(2) 
PARAMETRIC_REPRESENTATION_CONTEXT() REPRESENTATION_CONTEXT('2D SPACE',''
  ) );
#6764 = PCURVE('',#6396,#6765);
#6765 = DEFINITIONAL_REPRESENTATION('',(#6766),#6769);
#6766 = B_SPLINE_CURVE_WITH_KNOTS('',1,(#6767,#6768),.UNSPECIFIED.,.F.,
  .F.,(2,2),(159.74790460784,161.37178396599),.PIECEWISE_BEZIER_KNOTS.);
#6767 = CARTESIAN_POINT('',(-1.570796326795,0.));
#6768 = CARTESIAN_POINT('',(-1.570796326795,1.111721555111));
#6769 = ( GEOMETRIC_REPRESENTATION_CONTEXT(2) 
PARAMETRIC_REPRESENTATION_CONTEXT() REPRESENTATION_CONTEXT('2D SPACE',''
  ) );
#6770 = ORIENTED_EDGE('',*,*,#6771,.T.);
#6771 = EDGE_CURVE('',#6751,#6772,#6774,.T.);
#6772 = VERTEX_POINT('',#6773);
#6773 = CARTESIAN_POINT('',(7.275261614075E-15,118.81403877657,
    -279.6468412567));
#6774 = SURFACE_CURVE('',#6775,(#6779,#6785),.PCURVE_S1.);
#6775 = LINE('',#6776,#6777);
#6776 = CARTESIAN_POINT('',(0.,0.,-170.4567958032));
#6777 = VECTOR('',#6778,1.);
#6778 = DIRECTION('',(-0.,0.736297949993,-0.676657467879));
#6779 = PCURVE('',#5699,#6780);
#6780 = DEFINITIONAL_REPRESENTATION('',(#6781),#6784);
#6781 = B_SPLINE_CURVE_WITH_KNOTS('',1,(#6782,#6783),.UNSPECIFIED.,.F.,
  .F.,(2,2),(159.75281311125,161.36679285573),.PIECEWISE_BEZIER_KNOTS.);
#6782 = CARTESIAN_POINT('',(721.44527019031,-1.117625668799E+03));
#6783 = CARTESIAN_POINT('',(720.3531587432,-1.118814038777E+03));
#6784 = ( GEOMETRIC_REPRESENTATION_CONTEXT(2) 
PARAMETRIC_REPRESENTATION_CONTEXT() REPRESENTATION_CONTEXT('2D SPACE',''
  ) );
#6785 = PCURVE('',#6368,#6786);
#6786 = DEFINITIONAL_REPRESENTATION('',(#6787),#6790);
#6787 = B_SPLINE_CURVE_WITH_KNOTS('',1,(#6788,#6789),.UNSPECIFIED.,.F.,
  .F.,(2,2),(159.75281311125,161.36679285573),.PIECEWISE_BEZIER_KNOTS.);
#6788 = CARTESIAN_POINT('',(-1.570796326795,0.));
#6789 = CARTESIAN_POINT('',(-1.570796326795,1.092111447109));
#6790 = ( GEOMETRIC_REPRESENTATION_CONTEXT(2) 
PARAMETRIC_REPRESENTATION_CONTEXT() REPRESENTATION_CONTEXT('2D SPACE',''
  ) );
#6791 = ORIENTED_EDGE('',*,*,#6792,.T.);
#6792 = EDGE_CURVE('',#6772,#6793,#6795,.T.);
#6793 = VERTEX_POINT('',#6794);
#6794 = CARTESIAN_POINT('',(7.348315338397E-15,120.00709663411,
    -280.7192378003));
#6795 = SURFACE_CURVE('',#6796,(#6800,#6806),.PCURVE_S1.);
#6796 = LINE('',#6797,#6798);
#6797 = CARTESIAN_POINT('',(0.,0.,-172.8492004677));
#6798 = VECTOR('',#6799,1.);
#6799 = DIRECTION('',(-0.,0.743714161905,-0.668497752713));
#6800 = PCURVE('',#5699,#6801);
#6801 = DEFINITIONAL_REPRESENTATION('',(#6802),#6805);
#6802 = B_SPLINE_CURVE_WITH_KNOTS('',1,(#6803,#6804),.UNSPECIFIED.,.F.,
  .F.,(2,2),(159.75766613376,161.36185483776),.PIECEWISE_BEZIER_KNOTS.);
#6803 = CARTESIAN_POINT('',(720.3531587432,-1.118814038777E+03));
#6804 = CARTESIAN_POINT('',(719.28076219964,-1.120007096634E+03));
#6805 = ( GEOMETRIC_REPRESENTATION_CONTEXT(2) 
PARAMETRIC_REPRESENTATION_CONTEXT() REPRESENTATION_CONTEXT('2D SPACE',''
  ) );
#6806 = PCURVE('',#6340,#6807);
#6807 = DEFINITIONAL_REPRESENTATION('',(#6808),#6811);
#6808 = B_SPLINE_CURVE_WITH_KNOTS('',1,(#6809,#6810),.UNSPECIFIED.,.F.,
  .F.,(2,2),(159.75766613376,161.36185483776),.PIECEWISE_BEZIER_KNOTS.);
#6809 = CARTESIAN_POINT('',(-1.570796326795,1.899984888248E-14));
#6810 = CARTESIAN_POINT('',(-1.570796326795,1.072396543554));
#6811 = ( GEOMETRIC_REPRESENTATION_CONTEXT(2) 
PARAMETRIC_REPRESENTATION_CONTEXT() REPRESENTATION_CONTEXT('2D SPACE',''
  ) );
#6812 = ORIENTED_EDGE('',*,*,#6813,.T.);
#6813 = EDGE_CURVE('',#6793,#6814,#6816,.T.);
#6814 = VERTEX_POINT('',#6815);
#6815 = CARTESIAN_POINT('',(7.421654989097E-15,121.20482402377,
    -281.7718033948));
#6816 = SURFACE_CURVE('',#6817,(#6821,#6827),.PCURVE_S1.);
#6817 = LINE('',#6818,#6819);
#6818 = CARTESIAN_POINT('',(0.,0.,-175.2567242899));
#6819 = VECTOR('',#6820,1.);
#6820 = DIRECTION('',(-0.,0.751159523995,-0.660120723438));
#6821 = PCURVE('',#5699,#6822);
#6822 = DEFINITIONAL_REPRESENTATION('',(#6823),#6826);
#6823 = B_SPLINE_CURVE_WITH_KNOTS('',1,(#6824,#6825),.UNSPECIFIED.,.F.,
  .F.,(2,2),(159.76246429775,161.35696899536),.PIECEWISE_BEZIER_KNOTS.);
#6824 = CARTESIAN_POINT('',(719.28076219964,-1.120007096634E+03));
#6825 = CARTESIAN_POINT('',(718.22819660514,-1.121204824024E+03));
#6826 = ( GEOMETRIC_REPRESENTATION_CONTEXT(2) 
PARAMETRIC_REPRESENTATION_CONTEXT() REPRESENTATION_CONTEXT('2D SPACE',''
  ) );
#6827 = PCURVE('',#6312,#6828);
#6828 = DEFINITIONAL_REPRESENTATION('',(#6829),#6832);
#6829 = B_SPLINE_CURVE_WITH_KNOTS('',1,(#6830,#6831),.UNSPECIFIED.,.F.,
  .F.,(2,2),(159.76246429775,161.35696899536),.PIECEWISE_BEZIER_KNOTS.);
#6830 = CARTESIAN_POINT('',(-1.570796326795,0.));
#6831 = CARTESIAN_POINT('',(-1.570796326795,1.052565594508));
#6832 = ( GEOMETRIC_REPRESENTATION_CONTEXT(2) 
PARAMETRIC_REPRESENTATION_CONTEXT() REPRESENTATION_CONTEXT('2D SPACE',''
  ) );
#6833 = ORIENTED_EDGE('',*,*,#6834,.T.);
#6834 = EDGE_CURVE('',#6814,#6835,#6837,.T.);
#6835 = VERTEX_POINT('',#6836);
#6836 = CARTESIAN_POINT('',(7.49527945576E-15,122.40720281111,
    -282.8044099677));
#6837 = SURFACE_CURVE('',#6838,(#6842,#6848),.PCURVE_S1.);
#6838 = LINE('',#6839,#6840);
#6839 = CARTESIAN_POINT('',(0.,0.,-177.6807305387));
#6840 = VECTOR('',#6841,1.);
#6841 = DIRECTION('',(-0.,0.758633923643,-0.651517129397));
#6842 = PCURVE('',#5699,#6843);
#6843 = DEFINITIONAL_REPRESENTATION('',(#6844),#6847);
#6844 = B_SPLINE_CURVE_WITH_KNOTS('',1,(#6845,#6846),.UNSPECIFIED.,.F.,
  .F.,(2,2),(159.76720819668,161.35213440399),.PIECEWISE_BEZIER_KNOTS.);
#6845 = CARTESIAN_POINT('',(718.22819660514,-1.121204824024E+03));
#6846 = CARTESIAN_POINT('',(717.19559003224,-1.122407202811E+03));
#6847 = ( GEOMETRIC_REPRESENTATION_CONTEXT(2) 
PARAMETRIC_REPRESENTATION_CONTEXT() REPRESENTATION_CONTEXT('2D SPACE',''
  ) );
#6848 = PCURVE('',#6284,#6849);
#6849 = DEFINITIONAL_REPRESENTATION('',(#6850),#6853);
#6850 = B_SPLINE_CURVE_WITH_KNOTS('',1,(#6851,#6852),.UNSPECIFIED.,.F.,
  .F.,(2,2),(159.76720819668,161.35213440399),.PIECEWISE_BEZIER_KNOTS.);
#6851 = CARTESIAN_POINT('',(-1.570796326795,-1.851723054065E-14));
#6852 = CARTESIAN_POINT('',(-1.570796326795,1.032606572893));
#6853 = ( GEOMETRIC_REPRESENTATION_CONTEXT(2) 
PARAMETRIC_REPRESENTATION_CONTEXT() REPRESENTATION_CONTEXT('2D SPACE',''
  ) );
#6854 = ORIENTED_EDGE('',*,*,#6855,.T.);
#6855 = EDGE_CURVE('',#6835,#6856,#6858,.T.);
#6856 = VERTEX_POINT('',#6857);
#6857 = CARTESIAN_POINT('',(7.569187640811E-15,123.61421507133,
    -283.8169165489));
#6858 = SURFACE_CURVE('',#6859,(#6863,#6869),.PCURVE_S1.);
#6859 = LINE('',#6860,#6861);
#6860 = CARTESIAN_POINT('',(0.,0.,-180.1226870775));
#6861 = VECTOR('',#6862,1.);
#6862 = DIRECTION('',(-0.,0.766137249686,-0.642676990908));
#6863 = PCURVE('',#5699,#6864);
#6864 = DEFINITIONAL_REPRESENTATION('',(#6865),#6868);
#6865 = B_SPLINE_CURVE_WITH_KNOTS('',1,(#6866,#6867),.UNSPECIFIED.,.F.,
  .F.,(2,2),(159.77189839187,161.34735012811),.PIECEWISE_BEZIER_KNOTS.);
#6866 = CARTESIAN_POINT('',(717.19559003224,-1.122407202811E+03));
#6867 = CARTESIAN_POINT('',(716.18308345107,-1.123614215071E+03));
#6868 = ( GEOMETRIC_REPRESENTATION_CONTEXT(2) 
PARAMETRIC_REPRESENTATION_CONTEXT() REPRESENTATION_CONTEXT('2D SPACE',''
  ) );
#6869 = PCURVE('',#6256,#6870);
#6870 = DEFINITIONAL_REPRESENTATION('',(#6871),#6874);
#6871 = B_SPLINE_CURVE_WITH_KNOTS('',1,(#6872,#6873),.UNSPECIFIED.,.F.,
  .F.,(2,2),(159.77189839187,161.34735012811),.PIECEWISE_BEZIER_KNOTS.);
#6872 = CARTESIAN_POINT('',(-1.570796326795,0.));
#6873 = CARTESIAN_POINT('',(-1.570796326795,1.01250658117));
#6874 = ( GEOMETRIC_REPRESENTATION_CONTEXT(2) 
PARAMETRIC_REPRESENTATION_CONTEXT() REPRESENTATION_CONTEXT('2D SPACE',''
  ) );
#6875 = ORIENTED_EDGE('',*,*,#6876,.T.);
#6876 = EDGE_CURVE('',#6856,#6877,#6879,.T.);
#6877 = VERTEX_POINT('',#6878);
#6878 = CARTESIAN_POINT('',(7.643378459263E-15,124.82584308528,
    -284.8091682924));
#6879 = SURFACE_CURVE('',#6880,(#6884,#6890),.PCURVE_S1.);
#6880 = LINE('',#6881,#6882);
#6881 = CARTESIAN_POINT('',(0.,0.,-182.5841792573));
#6882 = VECTOR('',#6883,1.);
#6883 = DIRECTION('',(-0.,0.773669392411,-0.633589513207));
#6884 = PCURVE('',#5699,#6885);
#6885 = DEFINITIONAL_REPRESENTATION('',(#6886),#6889);
#6886 = B_SPLINE_CURVE_WITH_KNOTS('',1,(#6887,#6888),.UNSPECIFIED.,.F.,
  .F.,(2,2),(159.7765354088,161.34261521735),.PIECEWISE_BEZIER_KNOTS.);
#6887 = CARTESIAN_POINT('',(716.18308345107,-1.123614215071E+03));
#6888 = CARTESIAN_POINT('',(715.19083170753,-1.124825843085E+03));
#6889 = ( GEOMETRIC_REPRESENTATION_CONTEXT(2) 
PARAMETRIC_REPRESENTATION_CONTEXT() REPRESENTATION_CONTEXT('2D SPACE',''
  ) );
#6890 = PCURVE('',#6228,#6891);
#6891 = DEFINITIONAL_REPRESENTATION('',(#6892),#6895);
#6892 = B_SPLINE_CURVE_WITH_KNOTS('',1,(#6893,#6894),.UNSPECIFIED.,.F.,
  .F.,(2,2),(159.7765354088,161.34261521735),.PIECEWISE_BEZIER_KNOTS.);
#6893 = CARTESIAN_POINT('',(-1.570796326795,-1.800769704252E-14));
#6894 = CARTESIAN_POINT('',(-1.570796326795,0.992251743544));
#6895 = ( GEOMETRIC_REPRESENTATION_CONTEXT(2) 
PARAMETRIC_REPRESENTATION_CONTEXT() REPRESENTATION_CONTEXT('2D SPACE',''
  ) );
#6896 = ORIENTED_EDGE('',*,*,#6897,.T.);
#6897 = EDGE_CURVE('',#6877,#6898,#6900,.T.);
#6898 = VERTEX_POINT('',#6899);
#6899 = CARTESIAN_POINT('',(0.,125.62167815458,-285.4450812832));
#6900 = SURFACE_CURVE('',#6901,(#6905,#6911),.PCURVE_S1.);
#6901 = LINE('',#6902,#6903);
#6902 = CARTESIAN_POINT('',(0.,0.,-185.0669248795));
#6903 = VECTOR('',#6904,1.);
#6904 = DIRECTION('',(-0.,0.781230243562,-0.62424298678));
#6905 = PCURVE('',#5699,#6906);
#6906 = DEFINITIONAL_REPRESENTATION('',(#6907),#6910);
#6907 = B_SPLINE_CURVE_WITH_KNOTS('',1,(#6908,#6909),.UNSPECIFIED.,.F.,
  .F.,(2,2),(159.78111973254,161.33792870185),.PIECEWISE_BEZIER_KNOTS.);
#6908 = CARTESIAN_POINT('',(715.19083170753,-1.124825843085E+03));
#6909 = CARTESIAN_POINT('',(714.21900462668,-1.126042069336E+03));
#6910 = ( GEOMETRIC_REPRESENTATION_CONTEXT(2) 
PARAMETRIC_REPRESENTATION_CONTEXT() REPRESENTATION_CONTEXT('2D SPACE',''
  ) );
#6911 = PCURVE('',#6200,#6912);
#6912 = DEFINITIONAL_REPRESENTATION('',(#6913),#6916);
#6913 = B_SPLINE_CURVE_WITH_KNOTS('',1,(#6914,#6915),.UNSPECIFIED.,.F.,
  .F.,(2,2),(159.78111973254,161.33792870185),.PIECEWISE_BEZIER_KNOTS.);
#6914 = CARTESIAN_POINT('',(-1.570796326795,0.));
#6915 = CARTESIAN_POINT('',(-1.570796326795,0.971827080848));
#6916 = ( GEOMETRIC_REPRESENTATION_CONTEXT(2) 
PARAMETRIC_REPRESENTATION_CONTEXT() REPRESENTATION_CONTEXT('2D SPACE',''
  ) );
#6917 = ORIENTED_EDGE('',*,*,#6918,.T.);
#6918 = EDGE_CURVE('',#6898,#6919,#6921,.T.);
#6919 = VERTEX_POINT('',#6920);
#6920 = CARTESIAN_POINT('',(0.,125.62167815458,-280.3727990734));
#6921 = SURFACE_CURVE('',#6922,(#6926,#6933),.PCURVE_S1.);
#6922 = LINE('',#6923,#6924);
#6923 = CARTESIAN_POINT('',(0.,125.62167815458,-290.823028373));
#6924 = VECTOR('',#6925,1.);
#6925 = DIRECTION('',(0.,0.,1.));
#6926 = PCURVE('',#5699,#6927);
#6927 = DEFINITIONAL_REPRESENTATION('',(#6928),#6932);
#6928 = LINE('',#6929,#6930);
#6929 = CARTESIAN_POINT('',(709.17697162691,-1.125621678155E+03));
#6930 = VECTOR('',#6931,1.);
#6931 = DIRECTION('',(1.,0.));
#6932 = ( GEOMETRIC_REPRESENTATION_CONTEXT(2) 
PARAMETRIC_REPRESENTATION_CONTEXT() REPRESENTATION_CONTEXT('2D SPACE',''
  ) );
#6933 = PCURVE('',#6934,#6939);
#6934 = PLANE('',#6935);
#6935 = AXIS2_PLACEMENT_3D('',#6936,#6937,#6938);
#6936 = CARTESIAN_POINT('',(-2.,125.62167815458,-290.823028373));
#6937 = DIRECTION('',(-0.,1.,0.));
#6938 = DIRECTION('',(0.,0.,1.));
#6939 = DEFINITIONAL_REPRESENTATION('',(#6940),#6944);
#6940 = LINE('',#6941,#6942);
#6941 = CARTESIAN_POINT('',(0.,2.));
#6942 = VECTOR('',#6943,1.);
#6943 = DIRECTION('',(1.,0.));
#6944 = ( GEOMETRIC_REPRESENTATION_CONTEXT(2) 
PARAMETRIC_REPRESENTATION_CONTEXT() REPRESENTATION_CONTEXT('2D SPACE',''
  ) );
#6945 = ORIENTED_EDGE('',*,*,#6946,.F.);
#6946 = EDGE_CURVE('',#6947,#6919,#6949,.T.);
#6947 = VERTEX_POINT('',#6948);
#6948 = CARTESIAN_POINT('',(7.64265565382E-15,124.81403877657,
    -279.6468412567));
#6949 = SURFACE_CURVE('',#6950,(#6954,#6960),.PCURVE_S1.);
#6950 = LINE('',#6951,#6952);
#6951 = CARTESIAN_POINT('',(0.,0.,-167.4560175465));
#6952 = VECTOR('',#6953,1.);
#6953 = DIRECTION('',(-0.,0.743714161905,-0.668497752713));
#6954 = PCURVE('',#5699,#6955);
#6955 = DEFINITIONAL_REPRESENTATION('',(#6956),#6959);
#6956 = B_SPLINE_CURVE_WITH_KNOTS('',1,(#6957,#6958),.UNSPECIFIED.,.F.,
  .F.,(2,2),(167.82528176801,169.42947047201),.PIECEWISE_BEZIER_KNOTS.);
#6957 = CARTESIAN_POINT('',(720.3531587432,-1.124814038777E+03));
#6958 = CARTESIAN_POINT('',(719.28076219964,-1.126007096634E+03));
#6959 = ( GEOMETRIC_REPRESENTATION_CONTEXT(2) 
PARAMETRIC_REPRESENTATION_CONTEXT() REPRESENTATION_CONTEXT('2D SPACE',''
  ) );
#6960 = PCURVE('',#6144,#6961);
#6961 = DEFINITIONAL_REPRESENTATION('',(#6962),#6965);
#6962 = B_SPLINE_CURVE_WITH_KNOTS('',1,(#6963,#6964),.UNSPECIFIED.,.F.,
  .F.,(2,2),(167.82528176801,169.42947047201),.PIECEWISE_BEZIER_KNOTS.);
#6963 = CARTESIAN_POINT('',(-1.570796326795,-1.072396543554));
#6964 = CARTESIAN_POINT('',(-1.570796326795,0.));
#6965 = ( GEOMETRIC_REPRESENTATION_CONTEXT(2) 
PARAMETRIC_REPRESENTATION_CONTEXT() REPRESENTATION_CONTEXT('2D SPACE',''
  ) );
#6966 = ORIENTED_EDGE('',*,*,#6967,.F.);
#6967 = EDGE_CURVE('',#6968,#6947,#6970,.T.);
#6968 = VERTEX_POINT('',#6969);
#6969 = CARTESIAN_POINT('',(7.569888979381E-15,123.62566879938,
    -278.5547298096));
#6970 = SURFACE_CURVE('',#6971,(#6975,#6981),.PCURVE_S1.);
#6971 = LINE('',#6972,#6973);
#6972 = CARTESIAN_POINT('',(0.,0.,-164.9427986404));
#6973 = VECTOR('',#6974,1.);
#6974 = DIRECTION('',(-0.,0.736297949993,-0.676657467879));
#6975 = PCURVE('',#5699,#6976);
#6976 = DEFINITIONAL_REPRESENTATION('',(#6977),#6980);
#6977 = B_SPLINE_CURVE_WITH_KNOTS('',1,(#6978,#6979),.UNSPECIFIED.,.F.,
  .F.,(2,2),(167.90168816931,169.5156679138),.PIECEWISE_BEZIER_KNOTS.);
#6978 = CARTESIAN_POINT('',(721.44527019031,-1.123625668799E+03));
#6979 = CARTESIAN_POINT('',(720.3531587432,-1.124814038777E+03));
#6980 = ( GEOMETRIC_REPRESENTATION_CONTEXT(2) 
PARAMETRIC_REPRESENTATION_CONTEXT() REPRESENTATION_CONTEXT('2D SPACE',''
  ) );
#6981 = PCURVE('',#6116,#6982);
#6982 = DEFINITIONAL_REPRESENTATION('',(#6983),#6986);
#6983 = B_SPLINE_CURVE_WITH_KNOTS('',1,(#6984,#6985),.UNSPECIFIED.,.F.,
  .F.,(2,2),(167.90168816931,169.5156679138),.PIECEWISE_BEZIER_KNOTS.);
#6984 = CARTESIAN_POINT('',(-1.570796326795,-1.092111447109));
#6985 = CARTESIAN_POINT('',(-1.570796326795,0.));
#6986 = ( GEOMETRIC_REPRESENTATION_CONTEXT(2) 
PARAMETRIC_REPRESENTATION_CONTEXT() REPRESENTATION_CONTEXT('2D SPACE',''
  ) );
#6987 = ORIENTED_EDGE('',*,*,#6988,.F.);
#6988 = EDGE_CURVE('',#6989,#6968,#6991,.T.);
#6989 = VERTEX_POINT('',#6990);
#6990 = CARTESIAN_POINT('',(7.497410491679E-15,122.44200526876,
    -277.4430082545));
#6991 = SURFACE_CURVE('',#6992,(#6996,#7002),.PCURVE_S1.);
#6992 = LINE('',#6993,#6994);
#6993 = CARTESIAN_POINT('',(0.,0.,-162.4429149113));
#6994 = VECTOR('',#6995,1.);
#6995 = DIRECTION('',(-0.,0.728911002336,-0.684608465237));
#6996 = PCURVE('',#5699,#6997);
#6997 = DEFINITIONAL_REPRESENTATION('',(#6998),#7001);
#6998 = B_SPLINE_CURVE_WITH_KNOTS('',1,(#6999,#7000),.UNSPECIFIED.,.F.,
  .F.,(2,2),(167.97936219426,169.60324155241),.PIECEWISE_BEZIER_KNOTS.);
#6999 = CARTESIAN_POINT('',(722.55699174542,-1.122442005269E+03));
#7000 = CARTESIAN_POINT('',(721.44527019031,-1.123625668799E+03));
#7001 = ( GEOMETRIC_REPRESENTATION_CONTEXT(2) 
PARAMETRIC_REPRESENTATION_CONTEXT() REPRESENTATION_CONTEXT('2D SPACE',''
  ) );
#7002 = PCURVE('',#6088,#7003);
#7003 = DEFINITIONAL_REPRESENTATION('',(#7004),#7007);
#7004 = B_SPLINE_CURVE_WITH_KNOTS('',1,(#7005,#7006),.UNSPECIFIED.,.F.,
  .F.,(2,2),(167.97936219426,169.60324155241),.PIECEWISE_BEZIER_KNOTS.);
#7005 = CARTESIAN_POINT('',(-1.570796326795,-1.111721555111));
#7006 = CARTESIAN_POINT('',(-1.570796326795,0.));
#7007 = ( GEOMETRIC_REPRESENTATION_CONTEXT(2) 
PARAMETRIC_REPRESENTATION_CONTEXT() REPRESENTATION_CONTEXT('2D SPACE',''
  ) );
#7008 = ORIENTED_EDGE('',*,*,#7009,.F.);
#7009 = EDGE_CURVE('',#7010,#6989,#7012,.T.);
#7010 = VERTEX_POINT('',#7011);
#7011 = CARTESIAN_POINT('',(7.425221341182E-15,121.2630669733,
    -276.311770833));
#7012 = SURFACE_CURVE('',#7013,(#7017,#7023),.PCURVE_S1.);
#7013 = LINE('',#7014,#7015);
#7014 = CARTESIAN_POINT('',(0.,0.,-159.955113549));
#7015 = VECTOR('',#7016,1.);
#7016 = DIRECTION('',(-0.,0.721553434484,-0.692358751794));
#7017 = PCURVE('',#5699,#7018);
#7018 = DEFINITIONAL_REPRESENTATION('',(#7019),#7022);
#7019 = B_SPLINE_CURVE_WITH_KNOTS('',1,(#7020,#7021),.UNSPECIFIED.,.F.,
  .F.,(2,2),(168.0583324506,169.69222155586),.PIECEWISE_BEZIER_KNOTS.);
#7020 = CARTESIAN_POINT('',(723.6882291669,-1.121263066973E+03));
#7021 = CARTESIAN_POINT('',(722.55699174542,-1.122442005269E+03));
#7022 = ( GEOMETRIC_REPRESENTATION_CONTEXT(2) 
PARAMETRIC_REPRESENTATION_CONTEXT() REPRESENTATION_CONTEXT('2D SPACE',''
  ) );
#7023 = PCURVE('',#6060,#7024);
#7024 = DEFINITIONAL_REPRESENTATION('',(#7025),#7028);
#7025 = B_SPLINE_CURVE_WITH_KNOTS('',1,(#7026,#7027),.UNSPECIFIED.,.F.,
  .F.,(2,2),(168.0583324506,169.69222155586),.PIECEWISE_BEZIER_KNOTS.);
#7026 = CARTESIAN_POINT('',(-1.570796326795,-1.131237421487));
#7027 = CARTESIAN_POINT('',(-1.570796326795,-1.967801926507E-14));
#7028 = ( GEOMETRIC_REPRESENTATION_CONTEXT(2) 
PARAMETRIC_REPRESENTATION_CONTEXT() REPRESENTATION_CONTEXT('2D SPACE',''
  ) );
#7029 = ORIENTED_EDGE('',*,*,#7030,.F.);
#7030 = EDGE_CURVE('',#7031,#7010,#7033,.T.);
#7031 = VERTEX_POINT('',#7032);
#7032 = CARTESIAN_POINT('',(7.353322692249E-15,120.0888729284,
    -275.1611018581));
#7033 = SURFACE_CURVE('',#7034,(#7038,#7044),.PCURVE_S1.);
#7034 = LINE('',#7035,#7036);
#7035 = CARTESIAN_POINT('',(0.,0.,-157.4782189323));
#7036 = VECTOR('',#7037,1.);
#7037 = DIRECTION('',(-0.,0.714225363469,-0.699915802206));
#7038 = PCURVE('',#5699,#7039);
#7039 = DEFINITIONAL_REPRESENTATION('',(#7040),#7043);
#7040 = B_SPLINE_CURVE_WITH_KNOTS('',1,(#7041,#7042),.UNSPECIFIED.,.F.,
  .F.,(2,2),(168.13862832477,169.78263889195),.PIECEWISE_BEZIER_KNOTS.);
#7041 = CARTESIAN_POINT('',(724.83889814187,-1.120088872928E+03));
#7042 = CARTESIAN_POINT('',(723.6882291669,-1.121263066973E+03));
#7043 = ( GEOMETRIC_REPRESENTATION_CONTEXT(2) 
PARAMETRIC_REPRESENTATION_CONTEXT() REPRESENTATION_CONTEXT('2D SPACE',''
  ) );
#7044 = PCURVE('',#6032,#7045);
#7045 = DEFINITIONAL_REPRESENTATION('',(#7046),#7049);
#7046 = B_SPLINE_CURVE_WITH_KNOTS('',1,(#7047,#7048),.UNSPECIFIED.,.F.,
  .F.,(2,2),(168.13862832477,169.78263889195),.PIECEWISE_BEZIER_KNOTS.);
#7047 = CARTESIAN_POINT('',(-1.570796326795,-1.150668974969));
#7048 = CARTESIAN_POINT('',(-1.570796326795,0.));
#7049 = ( GEOMETRIC_REPRESENTATION_CONTEXT(2) 
PARAMETRIC_REPRESENTATION_CONTEXT() REPRESENTATION_CONTEXT('2D SPACE',''
  ) );
#7050 = ORIENTED_EDGE('',*,*,#7051,.F.);
#7051 = EDGE_CURVE('',#7052,#7031,#7054,.T.);
#7052 = VERTEX_POINT('',#7053);
#7053 = CARTESIAN_POINT('',(7.281715723409E-15,118.91944238092,
    -273.9910762769));
#7054 = SURFACE_CURVE('',#7055,(#7059,#7065),.PCURVE_S1.);
#7055 = LINE('',#7056,#7057);
#7056 = CARTESIAN_POINT('',(0.,0.,-155.0111248972));
#7057 = VECTOR('',#7058,1.);
#7058 = DIRECTION('',(-0.,0.706926907827,-0.707286608802));
#7059 = PCURVE('',#5699,#7060);
#7060 = DEFINITIONAL_REPRESENTATION('',(#7061),#7064);
#7061 = B_SPLINE_CURVE_WITH_KNOTS('',1,(#7062,#7063),.UNSPECIFIED.,.F.,
  .F.,(2,2),(168.22028000963,169.87452535597),.PIECEWISE_BEZIER_KNOTS.);
#7062 = CARTESIAN_POINT('',(726.00892372302,-1.118919442381E+03));
#7063 = CARTESIAN_POINT('',(724.83889814187,-1.120088872928E+03));
#7064 = ( GEOMETRIC_REPRESENTATION_CONTEXT(2) 
PARAMETRIC_REPRESENTATION_CONTEXT() REPRESENTATION_CONTEXT('2D SPACE',''
  ) );
#7065 = PCURVE('',#6004,#7066);
#7066 = DEFINITIONAL_REPRESENTATION('',(#7067),#7070);
#7067 = B_SPLINE_CURVE_WITH_KNOTS('',1,(#7068,#7069),.UNSPECIFIED.,.F.,
  .F.,(2,2),(168.22028000963,169.87452535597),.PIECEWISE_BEZIER_KNOTS.);
#7068 = CARTESIAN_POINT('',(-1.570796326795,-1.170025581145));
#7069 = CARTESIAN_POINT('',(-1.570796326795,2.010229447939E-14));
#7070 = ( GEOMETRIC_REPRESENTATION_CONTEXT(2) 
PARAMETRIC_REPRESENTATION_CONTEXT() REPRESENTATION_CONTEXT('2D SPACE',''
  ) );
#7071 = ORIENTED_EDGE('',*,*,#7072,.F.);
#7072 = EDGE_CURVE('',#7073,#7052,#7075,.T.);
#7073 = VERTEX_POINT('',#7074);
#7074 = CARTESIAN_POINT('',(7.210401627653E-15,117.75479481387,
    -272.8017601799));
#7075 = SURFACE_CURVE('',#7076,(#7080,#7086),.PCURVE_S1.);
#7076 = LINE('',#7077,#7078);
#7077 = CARTESIAN_POINT('',(0.,0.,-152.5527879284));
#7078 = VECTOR('',#7079,1.);
#7079 = DIRECTION('',(-0.,0.699658187612,-0.71447772569));
#7080 = PCURVE('',#5699,#7081);
#7081 = DEFINITIONAL_REPRESENTATION('',(#7082),#7085);
#7082 = B_SPLINE_CURVE_WITH_KNOTS('',1,(#7083,#7084),.UNSPECIFIED.,.F.,
  .F.,(2,2),(168.30331853293,169.96791359902),.PIECEWISE_BEZIER_KNOTS.);
#7083 = CARTESIAN_POINT('',(727.19823982003,-1.117754794814E+03));
#7084 = CARTESIAN_POINT('',(726.00892372302,-1.118919442381E+03));
#7085 = ( GEOMETRIC_REPRESENTATION_CONTEXT(2) 
PARAMETRIC_REPRESENTATION_CONTEXT() REPRESENTATION_CONTEXT('2D SPACE',''
  ) );
#7086 = PCURVE('',#5976,#7087);
#7087 = DEFINITIONAL_REPRESENTATION('',(#7088),#7091);
#7088 = B_SPLINE_CURVE_WITH_KNOTS('',1,(#7089,#7090),.UNSPECIFIED.,.F.,
  .F.,(2,2),(168.30331853293,169.96791359902),.PIECEWISE_BEZIER_KNOTS.);
#7089 = CARTESIAN_POINT('',(-1.570796326795,-1.189316097016));
#7090 = CARTESIAN_POINT('',(-1.570796326795,0.));
#7091 = ( GEOMETRIC_REPRESENTATION_CONTEXT(2) 
PARAMETRIC_REPRESENTATION_CONTEXT() REPRESENTATION_CONTEXT('2D SPACE',''
  ) );
#7092 = ORIENTED_EDGE('',*,*,#7093,.F.);
#7093 = EDGE_CURVE('',#7094,#7073,#7096,.T.);
#7094 = VERTEX_POINT('',#7095);
#7095 = CARTESIAN_POINT('',(7.139381612731E-15,116.5949499513,
    -271.5932112608));
#7096 = SURFACE_CURVE('',#7097,(#7101,#7107),.PCURVE_S1.);
#7097 = LINE('',#7098,#7099);
#7098 = CARTESIAN_POINT('',(0.,0.,-150.1022211415));
#7099 = VECTOR('',#7100,1.);
#7100 = DIRECTION('',(-0.,0.692419324424,-0.721495307791));
#7101 = PCURVE('',#5699,#7102);
#7102 = DEFINITIONAL_REPRESENTATION('',(#7103),#7106);
#7103 = B_SPLINE_CURVE_WITH_KNOTS('',1,(#7104,#7105),.UNSPECIFIED.,.F.,
  .F.,(2,2),(168.38777578646,170.06283715702),.PIECEWISE_BEZIER_KNOTS.);
#7104 = CARTESIAN_POINT('',(728.40678873915,-1.116594949951E+03));
#7105 = CARTESIAN_POINT('',(727.19823982003,-1.117754794814E+03));
#7106 = ( GEOMETRIC_REPRESENTATION_CONTEXT(2) 
PARAMETRIC_REPRESENTATION_CONTEXT() REPRESENTATION_CONTEXT('2D SPACE',''
  ) );
#7107 = PCURVE('',#5948,#7108);
#7108 = DEFINITIONAL_REPRESENTATION('',(#7109),#7112);
#7109 = B_SPLINE_CURVE_WITH_KNOTS('',1,(#7110,#7111),.UNSPECIFIED.,.F.,
  .F.,(2,2),(168.38777578646,170.06283715702),.PIECEWISE_BEZIER_KNOTS.);
#7110 = CARTESIAN_POINT('',(-1.570796326795,-1.20854891912));
#7111 = CARTESIAN_POINT('',(-1.570796326795,0.));
#7112 = ( GEOMETRIC_REPRESENTATION_CONTEXT(2) 
PARAMETRIC_REPRESENTATION_CONTEXT() REPRESENTATION_CONTEXT('2D SPACE',''
  ) );
#7113 = ORIENTED_EDGE('',*,*,#7114,.F.);
#7114 = EDGE_CURVE('',#7115,#7094,#7117,.T.);
#7115 = VERTEX_POINT('',#7116);
#7116 = CARTESIAN_POINT('',(7.068656901457E-15,115.4399277633,
    -270.3654792347));
#7117 = SURFACE_CURVE('',#7118,(#7122,#7128),.PCURVE_S1.);
#7118 = LINE('',#7119,#7120);
#7119 = CARTESIAN_POINT('',(0.,0.,-147.6584889452));
#7120 = VECTOR('',#7121,1.);
#7121 = DIRECTION('',(-0.,0.685210441426,-0.728345145492));
#7122 = PCURVE('',#5699,#7123);
#7123 = DEFINITIONAL_REPRESENTATION('',(#7124),#7127);
#7124 = B_SPLINE_CURVE_WITH_KNOTS('',1,(#7125,#7126),.UNSPECIFIED.,.F.,
  .F.,(2,2),(168.47368455608,170.15933048055),.PIECEWISE_BEZIER_KNOTS.);
#7125 = CARTESIAN_POINT('',(729.63452076526,-1.115439927763E+03));
#7126 = CARTESIAN_POINT('',(728.40678873915,-1.116594949951E+03));
#7127 = ( GEOMETRIC_REPRESENTATION_CONTEXT(2) 
PARAMETRIC_REPRESENTATION_CONTEXT() REPRESENTATION_CONTEXT('2D SPACE',''
  ) );
#7128 = PCURVE('',#5920,#7129);
#7129 = DEFINITIONAL_REPRESENTATION('',(#7130),#7133);
#7130 = B_SPLINE_CURVE_WITH_KNOTS('',1,(#7131,#7132),.UNSPECIFIED.,.F.,
  .F.,(2,2),(168.47368455608,170.15933048055),.PIECEWISE_BEZIER_KNOTS.);
#7131 = CARTESIAN_POINT('',(-1.570796326795,-1.227732026107));
#7132 = CARTESIAN_POINT('',(-1.570796326795,0.));
#7133 = ( GEOMETRIC_REPRESENTATION_CONTEXT(2) 
PARAMETRIC_REPRESENTATION_CONTEXT() REPRESENTATION_CONTEXT('2D SPACE',''
  ) );
#7134 = ORIENTED_EDGE('',*,*,#7135,.F.);
#7135 = EDGE_CURVE('',#7136,#7115,#7138,.T.);
#7136 = VERTEX_POINT('',#7137);
#7137 = CARTESIAN_POINT('',(6.99822873203E-15,114.28974847119,
    -269.1823255522));
#7138 = SURFACE_CURVE('',#7139,(#7143,#7149),.PCURVE_S1.);
#7139 = LINE('',#7140,#7141);
#7140 = CARTESIAN_POINT('',(0.,0.,-151.6160141904));
#7141 = VECTOR('',#7142,1.);
#7142 = DIRECTION('',(-0.,0.697044430392,-0.717027936736));
#7143 = PCURVE('',#5699,#7144);
#7144 = DEFINITIONAL_REPRESENTATION('',(#7145),#7148);
#7145 = B_SPLINE_CURVE_WITH_KNOTS('',1,(#7146,#7147),.UNSPECIFIED.,.F.,
  .F.,(2,2),(163.96336228808,165.61344260143),.PIECEWISE_BEZIER_KNOTS.);
#7146 = CARTESIAN_POINT('',(730.81767444779,-1.114289748471E+03));
#7147 = CARTESIAN_POINT('',(729.63452076526,-1.115439927763E+03));
#7148 = ( GEOMETRIC_REPRESENTATION_CONTEXT(2) 
PARAMETRIC_REPRESENTATION_CONTEXT() REPRESENTATION_CONTEXT('2D SPACE',''
  ) );
#7149 = PCURVE('',#5892,#7150);
#7150 = DEFINITIONAL_REPRESENTATION('',(#7151),#7154);
#7151 = B_SPLINE_CURVE_WITH_KNOTS('',1,(#7152,#7153),.UNSPECIFIED.,.F.,
  .F.,(2,2),(163.96336228808,165.61344260143),.PIECEWISE_BEZIER_KNOTS.);
#7152 = CARTESIAN_POINT('',(-1.570796326795,-1.183153682529));
#7153 = CARTESIAN_POINT('',(-1.570796326795,-2.03791596714E-14));
#7154 = ( GEOMETRIC_REPRESENTATION_CONTEXT(2) 
PARAMETRIC_REPRESENTATION_CONTEXT() REPRESENTATION_CONTEXT('2D SPACE',''
  ) );
#7155 = ORIENTED_EDGE('',*,*,#7156,.F.);
#7156 = EDGE_CURVE('',#7157,#7136,#7159,.T.);
#7157 = VERTEX_POINT('',#7158);
#7158 = CARTESIAN_POINT('',(6.699544891741E-15,109.4118711845,
    -269.1823255522));
#7159 = SURFACE_CURVE('',#7160,(#7164,#7170),.PCURVE_S1.);
#7160 = LINE('',#7161,#7162);
#7161 = CARTESIAN_POINT('',(0.,-500.,-269.1823255522));
#7162 = VECTOR('',#7163,1.);
#7163 = DIRECTION('',(-0.,1.,0.));
#7164 = PCURVE('',#5699,#7165);
#7165 = DEFINITIONAL_REPRESENTATION('',(#7166),#7169);
#7166 = B_SPLINE_CURVE_WITH_KNOTS('',1,(#7167,#7168),.UNSPECIFIED.,.F.,
  .F.,(2,2),(500.,614.28974847119),.PIECEWISE_BEZIER_KNOTS.);
#7167 = CARTESIAN_POINT('',(730.81767444779,-1.E+03));
#7168 = CARTESIAN_POINT('',(730.81767444779,-1.114289748471E+03));
#7169 = ( GEOMETRIC_REPRESENTATION_CONTEXT(2) 
PARAMETRIC_REPRESENTATION_CONTEXT() REPRESENTATION_CONTEXT('2D SPACE',''
  ) );
#7170 = PCURVE('',#5865,#7171);
#7171 = DEFINITIONAL_REPRESENTATION('',(#7172),#7175);
#7172 = B_SPLINE_CURVE_WITH_KNOTS('',1,(#7173,#7174),.UNSPECIFIED.,.F.,
  .F.,(2,2),(500.,614.28974847119),.PIECEWISE_BEZIER_KNOTS.);
#7173 = CARTESIAN_POINT('',(0.,0.));
#7174 = CARTESIAN_POINT('',(0.,114.28974847119));
#7175 = ( GEOMETRIC_REPRESENTATION_CONTEXT(2) 
PARAMETRIC_REPRESENTATION_CONTEXT() REPRESENTATION_CONTEXT('2D SPACE',''
  ) );
#7176 = ORIENTED_EDGE('',*,*,#7177,.F.);
#7177 = EDGE_CURVE('',#5658,#7157,#7178,.T.);
#7178 = SURFACE_CURVE('',#7179,(#7183,#7189),.PCURVE_S1.);
#7179 = LINE('',#7180,#7181);
#7180 = CARTESIAN_POINT('',(0.,0.,-132.6890222721));
#7181 = VECTOR('',#7182,1.);
#7182 = DIRECTION('',(-0.,0.625451939864,-0.780262693534));
#7183 = PCURVE('',#5699,#7184);
#7184 = DEFINITIONAL_REPRESENTATION('',(#7185),#7188);
#7185 = B_SPLINE_CURVE_WITH_KNOTS('',1,(#7186,#7187),.UNSPECIFIED.,.F.,
  .F.,(2,2),(173.18256826212,174.93249954309),.PIECEWISE_BEZIER_KNOTS.);
#7186 = CARTESIAN_POINT('',(732.18308054257,-1.10831737327E+03));
#7187 = CARTESIAN_POINT('',(730.81767444779,-1.109411871184E+03));
#7188 = ( GEOMETRIC_REPRESENTATION_CONTEXT(2) 
PARAMETRIC_REPRESENTATION_CONTEXT() REPRESENTATION_CONTEXT('2D SPACE',''
  ) );
#7189 = PCURVE('',#5674,#7190);
#7190 = DEFINITIONAL_REPRESENTATION('',(#7191),#7194);
#7191 = B_SPLINE_CURVE_WITH_KNOTS('',1,(#7192,#7193),.UNSPECIFIED.,.F.,
  .F.,(2,2),(173.18256826212,174.93249954309),.PIECEWISE_BEZIER_KNOTS.);
#7192 = CARTESIAN_POINT('',(-1.570796326795,-1.365406094785));
#7193 = CARTESIAN_POINT('',(-1.570796326795,2.2176399555E-14));
#7194 = ( GEOMETRIC_REPRESENTATION_CONTEXT(2) 
PARAMETRIC_REPRESENTATION_CONTEXT() REPRESENTATION_CONTEXT('2D SPACE',''
  ) );
#7195 = ADVANCED_FACE('',(#7196),#5674,.T.);
#7196 = FACE_BOUND('',#7197,.T.);
#7197 = EDGE_LOOP('',(#7198,#7199,#7221,#7222));
#7198 = ORIENTED_EDGE('',*,*,#5827,.F.);
#7199 = ORIENTED_EDGE('',*,*,#7200,.T.);
#7200 = EDGE_CURVE('',#5828,#7157,#7201,.T.);
#7201 = SURFACE_CURVE('',#7202,(#7207,#7214),.PCURVE_S1.);
#7202 = CIRCLE('',#7203,109.4118711845);
#7203 = AXIS2_PLACEMENT_3D('',#7204,#7205,#7206);
#7204 = CARTESIAN_POINT('',(0.,0.,-269.1823255522));
#7205 = DIRECTION('',(0.,0.,1.));
#7206 = DIRECTION('',(1.,0.,-0.));
#7207 = PCURVE('',#5674,#7208);
#7208 = DEFINITIONAL_REPRESENTATION('',(#7209),#7213);
#7209 = LINE('',#7210,#7211);
#7210 = CARTESIAN_POINT('',(-0.,-0.));
#7211 = VECTOR('',#7212,1.);
#7212 = DIRECTION('',(-1.,-0.));
#7213 = ( GEOMETRIC_REPRESENTATION_CONTEXT(2) 
PARAMETRIC_REPRESENTATION_CONTEXT() REPRESENTATION_CONTEXT('2D SPACE',''
  ) );
#7214 = PCURVE('',#5865,#7215);
#7215 = DEFINITIONAL_REPRESENTATION('',(#7216),#7220);
#7216 = CIRCLE('',#7217,109.4118711845);
#7217 = AXIS2_PLACEMENT_2D('',#7218,#7219);
#7218 = CARTESIAN_POINT('',(0.,0.));
#7219 = DIRECTION('',(1.,0.));
#7220 = ( GEOMETRIC_REPRESENTATION_CONTEXT(2) 
PARAMETRIC_REPRESENTATION_CONTEXT() REPRESENTATION_CONTEXT('2D SPACE',''
  ) );
#7221 = ORIENTED_EDGE('',*,*,#7177,.F.);
#7222 = ORIENTED_EDGE('',*,*,#5657,.F.);
#7223 = ADVANCED_FACE('',(#7224),#5736,.F.);
#7224 = FACE_BOUND('',#7225,.T.);
#7225 = EDGE_LOOP('',(#7226,#7227,#7228,#7229));
#7226 = ORIENTED_EDGE('',*,*,#6576,.F.);
#7227 = ORIENTED_EDGE('',*,*,#5717,.T.);
#7228 = ORIENTED_EDGE('',*,*,#6603,.T.);
#7229 = ORIENTED_EDGE('',*,*,#7230,.F.);
#7230 = EDGE_CURVE('',#6549,#6604,#7231,.T.);
#7231 = SURFACE_CURVE('',#7232,(#7237,#7244),.PCURVE_S1.);
#7232 = CIRCLE('',#7233,109.4399277633);
#7233 = AXIS2_PLACEMENT_3D('',#7234,#7235,#7236);
#7234 = CARTESIAN_POINT('',(0.,0.,-270.3654792347));
#7235 = DIRECTION('',(0.,0.,1.));
#7236 = DIRECTION('',(1.,0.,-0.));
#7237 = PCURVE('',#5736,#7238);
#7238 = DEFINITIONAL_REPRESENTATION('',(#7239),#7243);
#7239 = LINE('',#7240,#7241);
#7240 = CARTESIAN_POINT('',(-0.,1.246873016508));
#7241 = VECTOR('',#7242,1.);
#7242 = DIRECTION('',(-1.,0.));
#7243 = ( GEOMETRIC_REPRESENTATION_CONTEXT(2) 
PARAMETRIC_REPRESENTATION_CONTEXT() REPRESENTATION_CONTEXT('2D SPACE',''
  ) );
#7244 = PCURVE('',#6564,#7245);
#7245 = DEFINITIONAL_REPRESENTATION('',(#7246),#7250);
#7246 = LINE('',#7247,#7248);
#7247 = CARTESIAN_POINT('',(-0.,0.));
#7248 = VECTOR('',#7249,1.);
#7249 = DIRECTION('',(-1.,0.));
#7250 = ( GEOMETRIC_REPRESENTATION_CONTEXT(2) 
PARAMETRIC_REPRESENTATION_CONTEXT() REPRESENTATION_CONTEXT('2D SPACE',''
  ) );
#7251 = ADVANCED_FACE('',(#7252),#6564,.F.);
#7252 = FACE_BOUND('',#7253,.T.);
#7253 = EDGE_LOOP('',(#7254,#7255,#7256,#7257));
#7254 = ORIENTED_EDGE('',*,*,#6548,.F.);
#7255 = ORIENTED_EDGE('',*,*,#7230,.T.);
#7256 = ORIENTED_EDGE('',*,*,#6624,.T.);
#7257 = ORIENTED_EDGE('',*,*,#7258,.F.);
#7258 = EDGE_CURVE('',#6521,#6625,#7259,.T.);
#7259 = SURFACE_CURVE('',#7260,(#7265,#7272),.PCURVE_S1.);
#7260 = CIRCLE('',#7261,110.5949499513);
#7261 = AXIS2_PLACEMENT_3D('',#7262,#7263,#7264);
#7262 = CARTESIAN_POINT('',(0.,0.,-271.5932112608));
#7263 = DIRECTION('',(0.,0.,1.));
#7264 = DIRECTION('',(1.,0.,-0.));
#7265 = PCURVE('',#6564,#7266);
#7266 = DEFINITIONAL_REPRESENTATION('',(#7267),#7271);
#7267 = LINE('',#7268,#7269);
#7268 = CARTESIAN_POINT('',(-0.,1.227732026107));
#7269 = VECTOR('',#7270,1.);
#7270 = DIRECTION('',(-1.,0.));
#7271 = ( GEOMETRIC_REPRESENTATION_CONTEXT(2) 
PARAMETRIC_REPRESENTATION_CONTEXT() REPRESENTATION_CONTEXT('2D SPACE',''
  ) );
#7272 = PCURVE('',#6536,#7273);
#7273 = DEFINITIONAL_REPRESENTATION('',(#7274),#7278);
#7274 = LINE('',#7275,#7276);
#7275 = CARTESIAN_POINT('',(-0.,0.));
#7276 = VECTOR('',#7277,1.);
#7277 = DIRECTION('',(-1.,0.));
#7278 = ( GEOMETRIC_REPRESENTATION_CONTEXT(2) 
PARAMETRIC_REPRESENTATION_CONTEXT() REPRESENTATION_CONTEXT('2D SPACE',''
  ) );
#7279 = ADVANCED_FACE('',(#7280),#6536,.F.);
#7280 = FACE_BOUND('',#7281,.T.);
#7281 = EDGE_LOOP('',(#7282,#7283,#7284,#7285));
#7282 = ORIENTED_EDGE('',*,*,#6520,.F.);
#7283 = ORIENTED_EDGE('',*,*,#7258,.T.);
#7284 = ORIENTED_EDGE('',*,*,#6645,.T.);
#7285 = ORIENTED_EDGE('',*,*,#7286,.F.);
#7286 = EDGE_CURVE('',#6493,#6646,#7287,.T.);
#7287 = SURFACE_CURVE('',#7288,(#7293,#7300),.PCURVE_S1.);
#7288 = CIRCLE('',#7289,111.75479481387);
#7289 = AXIS2_PLACEMENT_3D('',#7290,#7291,#7292);
#7290 = CARTESIAN_POINT('',(0.,0.,-272.8017601799));
#7291 = DIRECTION('',(0.,0.,1.));
#7292 = DIRECTION('',(1.,0.,-0.));
#7293 = PCURVE('',#6536,#7294);
#7294 = DEFINITIONAL_REPRESENTATION('',(#7295),#7299);
#7295 = LINE('',#7296,#7297);
#7296 = CARTESIAN_POINT('',(-0.,1.20854891912));
#7297 = VECTOR('',#7298,1.);
#7298 = DIRECTION('',(-1.,0.));
#7299 = ( GEOMETRIC_REPRESENTATION_CONTEXT(2) 
PARAMETRIC_REPRESENTATION_CONTEXT() REPRESENTATION_CONTEXT('2D SPACE',''
  ) );
#7300 = PCURVE('',#6508,#7301);
#7301 = DEFINITIONAL_REPRESENTATION('',(#7302),#7306);
#7302 = LINE('',#7303,#7304);
#7303 = CARTESIAN_POINT('',(-0.,0.));
#7304 = VECTOR('',#7305,1.);
#7305 = DIRECTION('',(-1.,0.));
#7306 = ( GEOMETRIC_REPRESENTATION_CONTEXT(2) 
PARAMETRIC_REPRESENTATION_CONTEXT() REPRESENTATION_CONTEXT('2D SPACE',''
  ) );
#7307 = ADVANCED_FACE('',(#7308),#6508,.F.);
#7308 = FACE_BOUND('',#7309,.T.);
#7309 = EDGE_LOOP('',(#7310,#7311,#7312,#7313));
#7310 = ORIENTED_EDGE('',*,*,#6492,.F.);
#7311 = ORIENTED_EDGE('',*,*,#7286,.T.);
#7312 = ORIENTED_EDGE('',*,*,#6666,.T.);
#7313 = ORIENTED_EDGE('',*,*,#7314,.F.);
#7314 = EDGE_CURVE('',#6465,#6667,#7315,.T.);
#7315 = SURFACE_CURVE('',#7316,(#7321,#7328),.PCURVE_S1.);
#7316 = CIRCLE('',#7317,112.91944238092);
#7317 = AXIS2_PLACEMENT_3D('',#7318,#7319,#7320);
#7318 = CARTESIAN_POINT('',(0.,0.,-273.9910762769));
#7319 = DIRECTION('',(0.,0.,1.));
#7320 = DIRECTION('',(1.,0.,-0.));
#7321 = PCURVE('',#6508,#7322);
#7322 = DEFINITIONAL_REPRESENTATION('',(#7323),#7327);
#7323 = LINE('',#7324,#7325);
#7324 = CARTESIAN_POINT('',(-0.,1.189316097016));
#7325 = VECTOR('',#7326,1.);
#7326 = DIRECTION('',(-1.,0.));
#7327 = ( GEOMETRIC_REPRESENTATION_CONTEXT(2) 
PARAMETRIC_REPRESENTATION_CONTEXT() REPRESENTATION_CONTEXT('2D SPACE',''
  ) );
#7328 = PCURVE('',#6480,#7329);
#7329 = DEFINITIONAL_REPRESENTATION('',(#7330),#7334);
#7330 = LINE('',#7331,#7332);
#7331 = CARTESIAN_POINT('',(-0.,0.));
#7332 = VECTOR('',#7333,1.);
#7333 = DIRECTION('',(-1.,0.));
#7334 = ( GEOMETRIC_REPRESENTATION_CONTEXT(2) 
PARAMETRIC_REPRESENTATION_CONTEXT() REPRESENTATION_CONTEXT('2D SPACE',''
  ) );
#7335 = ADVANCED_FACE('',(#7336),#6480,.F.);
#7336 = FACE_BOUND('',#7337,.T.);
#7337 = EDGE_LOOP('',(#7338,#7339,#7340,#7341));
#7338 = ORIENTED_EDGE('',*,*,#6464,.F.);
#7339 = ORIENTED_EDGE('',*,*,#7314,.T.);
#7340 = ORIENTED_EDGE('',*,*,#6687,.T.);
#7341 = ORIENTED_EDGE('',*,*,#7342,.F.);
#7342 = EDGE_CURVE('',#6437,#6688,#7343,.T.);
#7343 = SURFACE_CURVE('',#7344,(#7349,#7356),.PCURVE_S1.);
#7344 = CIRCLE('',#7345,114.0888729284);
#7345 = AXIS2_PLACEMENT_3D('',#7346,#7347,#7348);
#7346 = CARTESIAN_POINT('',(0.,0.,-275.1611018581));
#7347 = DIRECTION('',(0.,0.,1.));
#7348 = DIRECTION('',(1.,0.,-0.));
#7349 = PCURVE('',#6480,#7350);
#7350 = DEFINITIONAL_REPRESENTATION('',(#7351),#7355);
#7351 = LINE('',#7352,#7353);
#7352 = CARTESIAN_POINT('',(-0.,1.170025581145));
#7353 = VECTOR('',#7354,1.);
#7354 = DIRECTION('',(-1.,0.));
#7355 = ( GEOMETRIC_REPRESENTATION_CONTEXT(2) 
PARAMETRIC_REPRESENTATION_CONTEXT() REPRESENTATION_CONTEXT('2D SPACE',''
  ) );
#7356 = PCURVE('',#6452,#7357);
#7357 = DEFINITIONAL_REPRESENTATION('',(#7358),#7362);
#7358 = LINE('',#7359,#7360);
#7359 = CARTESIAN_POINT('',(-0.,0.));
#7360 = VECTOR('',#7361,1.);
#7361 = DIRECTION('',(-1.,0.));
#7362 = ( GEOMETRIC_REPRESENTATION_CONTEXT(2) 
PARAMETRIC_REPRESENTATION_CONTEXT() REPRESENTATION_CONTEXT('2D SPACE',''
  ) );
#7363 = ADVANCED_FACE('',(#7364),#6452,.F.);
#7364 = FACE_BOUND('',#7365,.T.);
#7365 = EDGE_LOOP('',(#7366,#7367,#7368,#7369));
#7366 = ORIENTED_EDGE('',*,*,#6436,.F.);
#7367 = ORIENTED_EDGE('',*,*,#7342,.T.);
#7368 = ORIENTED_EDGE('',*,*,#6708,.T.);
#7369 = ORIENTED_EDGE('',*,*,#7370,.F.);
#7370 = EDGE_CURVE('',#6409,#6709,#7371,.T.);
#7371 = SURFACE_CURVE('',#7372,(#7377,#7384),.PCURVE_S1.);
#7372 = CIRCLE('',#7373,115.2630669733);
#7373 = AXIS2_PLACEMENT_3D('',#7374,#7375,#7376);
#7374 = CARTESIAN_POINT('',(0.,0.,-276.311770833));
#7375 = DIRECTION('',(0.,0.,1.));
#7376 = DIRECTION('',(1.,0.,-0.));
#7377 = PCURVE('',#6452,#7378);
#7378 = DEFINITIONAL_REPRESENTATION('',(#7379),#7383);
#7379 = LINE('',#7380,#7381);
#7380 = CARTESIAN_POINT('',(-0.,1.150668974969));
#7381 = VECTOR('',#7382,1.);
#7382 = DIRECTION('',(-1.,0.));
#7383 = ( GEOMETRIC_REPRESENTATION_CONTEXT(2) 
PARAMETRIC_REPRESENTATION_CONTEXT() REPRESENTATION_CONTEXT('2D SPACE',''
  ) );
#7384 = PCURVE('',#6424,#7385);
#7385 = DEFINITIONAL_REPRESENTATION('',(#7386),#7390);
#7386 = LINE('',#7387,#7388);
#7387 = CARTESIAN_POINT('',(-0.,0.));
#7388 = VECTOR('',#7389,1.);
#7389 = DIRECTION('',(-1.,0.));
#7390 = ( GEOMETRIC_REPRESENTATION_CONTEXT(2) 
PARAMETRIC_REPRESENTATION_CONTEXT() REPRESENTATION_CONTEXT('2D SPACE',''
  ) );
#7391 = ADVANCED_FACE('',(#7392),#6424,.F.);
#7392 = FACE_BOUND('',#7393,.T.);
#7393 = EDGE_LOOP('',(#7394,#7395,#7396,#7397));
#7394 = ORIENTED_EDGE('',*,*,#6408,.F.);
#7395 = ORIENTED_EDGE('',*,*,#7370,.T.);
#7396 = ORIENTED_EDGE('',*,*,#6729,.T.);
#7397 = ORIENTED_EDGE('',*,*,#7398,.F.);
#7398 = EDGE_CURVE('',#6381,#6730,#7399,.T.);
#7399 = SURFACE_CURVE('',#7400,(#7405,#7412),.PCURVE_S1.);
#7400 = CIRCLE('',#7401,116.44200526876);
#7401 = AXIS2_PLACEMENT_3D('',#7402,#7403,#7404);
#7402 = CARTESIAN_POINT('',(0.,0.,-277.4430082545));
#7403 = DIRECTION('',(0.,0.,1.));
#7404 = DIRECTION('',(1.,0.,-0.));
#7405 = PCURVE('',#6424,#7406);
#7406 = DEFINITIONAL_REPRESENTATION('',(#7407),#7411);
#7407 = LINE('',#7408,#7409);
#7408 = CARTESIAN_POINT('',(-0.,1.131237421487));
#7409 = VECTOR('',#7410,1.);
#7410 = DIRECTION('',(-1.,0.));
#7411 = ( GEOMETRIC_REPRESENTATION_CONTEXT(2) 
PARAMETRIC_REPRESENTATION_CONTEXT() REPRESENTATION_CONTEXT('2D SPACE',''
  ) );
#7412 = PCURVE('',#6396,#7413);
#7413 = DEFINITIONAL_REPRESENTATION('',(#7414),#7418);
#7414 = LINE('',#7415,#7416);
#7415 = CARTESIAN_POINT('',(-0.,0.));
#7416 = VECTOR('',#7417,1.);
#7417 = DIRECTION('',(-1.,0.));
#7418 = ( GEOMETRIC_REPRESENTATION_CONTEXT(2) 
PARAMETRIC_REPRESENTATION_CONTEXT() REPRESENTATION_CONTEXT('2D SPACE',''
  ) );
#7419 = ADVANCED_FACE('',(#7420),#6396,.F.);
#7420 = FACE_BOUND('',#7421,.T.);
#7421 = EDGE_LOOP('',(#7422,#7423,#7424,#7425));
#7422 = ORIENTED_EDGE('',*,*,#6380,.F.);
#7423 = ORIENTED_EDGE('',*,*,#7398,.T.);
#7424 = ORIENTED_EDGE('',*,*,#6750,.T.);
#7425 = ORIENTED_EDGE('',*,*,#7426,.F.);
#7426 = EDGE_CURVE('',#6353,#6751,#7427,.T.);
#7427 = SURFACE_CURVE('',#7428,(#7433,#7440),.PCURVE_S1.);
#7428 = CIRCLE('',#7429,117.62566879938);
#7429 = AXIS2_PLACEMENT_3D('',#7430,#7431,#7432);
#7430 = CARTESIAN_POINT('',(0.,0.,-278.5547298096));
#7431 = DIRECTION('',(0.,0.,1.));
#7432 = DIRECTION('',(1.,0.,-0.));
#7433 = PCURVE('',#6396,#7434);
#7434 = DEFINITIONAL_REPRESENTATION('',(#7435),#7439);
#7435 = LINE('',#7436,#7437);
#7436 = CARTESIAN_POINT('',(-0.,1.111721555111));
#7437 = VECTOR('',#7438,1.);
#7438 = DIRECTION('',(-1.,0.));
#7439 = ( GEOMETRIC_REPRESENTATION_CONTEXT(2) 
PARAMETRIC_REPRESENTATION_CONTEXT() REPRESENTATION_CONTEXT('2D SPACE',''
  ) );
#7440 = PCURVE('',#6368,#7441);
#7441 = DEFINITIONAL_REPRESENTATION('',(#7442),#7446);
#7442 = LINE('',#7443,#7444);
#7443 = CARTESIAN_POINT('',(-0.,0.));
#7444 = VECTOR('',#7445,1.);
#7445 = DIRECTION('',(-1.,0.));
#7446 = ( GEOMETRIC_REPRESENTATION_CONTEXT(2) 
PARAMETRIC_REPRESENTATION_CONTEXT() REPRESENTATION_CONTEXT('2D SPACE',''
  ) );
#7447 = ADVANCED_FACE('',(#7448),#6368,.F.);
#7448 = FACE_BOUND('',#7449,.T.);
#7449 = EDGE_LOOP('',(#7450,#7451,#7452,#7453));
#7450 = ORIENTED_EDGE('',*,*,#6352,.F.);
#7451 = ORIENTED_EDGE('',*,*,#7426,.T.);
#7452 = ORIENTED_EDGE('',*,*,#6771,.T.);
#7453 = ORIENTED_EDGE('',*,*,#7454,.F.);
#7454 = EDGE_CURVE('',#6325,#6772,#7455,.T.);
#7455 = SURFACE_CURVE('',#7456,(#7461,#7468),.PCURVE_S1.);
#7456 = CIRCLE('',#7457,118.81403877657);
#7457 = AXIS2_PLACEMENT_3D('',#7458,#7459,#7460);
#7458 = CARTESIAN_POINT('',(0.,0.,-279.6468412567));
#7459 = DIRECTION('',(0.,0.,1.));
#7460 = DIRECTION('',(1.,0.,-0.));
#7461 = PCURVE('',#6368,#7462);
#7462 = DEFINITIONAL_REPRESENTATION('',(#7463),#7467);
#7463 = LINE('',#7464,#7465);
#7464 = CARTESIAN_POINT('',(-0.,1.092111447108));
#7465 = VECTOR('',#7466,1.);
#7466 = DIRECTION('',(-1.,0.));
#7467 = ( GEOMETRIC_REPRESENTATION_CONTEXT(2) 
PARAMETRIC_REPRESENTATION_CONTEXT() REPRESENTATION_CONTEXT('2D SPACE',''
  ) );
#7468 = PCURVE('',#6340,#7469);
#7469 = DEFINITIONAL_REPRESENTATION('',(#7470),#7474);
#7470 = LINE('',#7471,#7472);
#7471 = CARTESIAN_POINT('',(-0.,0.));
#7472 = VECTOR('',#7473,1.);
#7473 = DIRECTION('',(-1.,0.));
#7474 = ( GEOMETRIC_REPRESENTATION_CONTEXT(2) 
PARAMETRIC_REPRESENTATION_CONTEXT() REPRESENTATION_CONTEXT('2D SPACE',''
  ) );
#7475 = ADVANCED_FACE('',(#7476),#6340,.F.);
#7476 = FACE_BOUND('',#7477,.T.);
#7477 = EDGE_LOOP('',(#7478,#7479,#7480,#7481));
#7478 = ORIENTED_EDGE('',*,*,#6324,.F.);
#7479 = ORIENTED_EDGE('',*,*,#7454,.T.);
#7480 = ORIENTED_EDGE('',*,*,#6792,.T.);
#7481 = ORIENTED_EDGE('',*,*,#7482,.F.);
#7482 = EDGE_CURVE('',#6297,#6793,#7483,.T.);
#7483 = SURFACE_CURVE('',#7484,(#7489,#7496),.PCURVE_S1.);
#7484 = CIRCLE('',#7485,120.00709663411);
#7485 = AXIS2_PLACEMENT_3D('',#7486,#7487,#7488);
#7486 = CARTESIAN_POINT('',(0.,0.,-280.7192378003));
#7487 = DIRECTION('',(0.,0.,1.));
#7488 = DIRECTION('',(1.,0.,-0.));
#7489 = PCURVE('',#6340,#7490);
#7490 = DEFINITIONAL_REPRESENTATION('',(#7491),#7495);
#7491 = LINE('',#7492,#7493);
#7492 = CARTESIAN_POINT('',(-0.,1.072396543554));
#7493 = VECTOR('',#7494,1.);
#7494 = DIRECTION('',(-1.,0.));
#7495 = ( GEOMETRIC_REPRESENTATION_CONTEXT(2) 
PARAMETRIC_REPRESENTATION_CONTEXT() REPRESENTATION_CONTEXT('2D SPACE',''
  ) );
#7496 = PCURVE('',#6312,#7497);
#7497 = DEFINITIONAL_REPRESENTATION('',(#7498),#7502);
#7498 = LINE('',#7499,#7500);
#7499 = CARTESIAN_POINT('',(-0.,0.));
#7500 = VECTOR('',#7501,1.);
#7501 = DIRECTION('',(-1.,0.));
#7502 = ( GEOMETRIC_REPRESENTATION_CONTEXT(2) 
PARAMETRIC_REPRESENTATION_CONTEXT() REPRESENTATION_CONTEXT('2D SPACE',''
  ) );
#7503 = ADVANCED_FACE('',(#7504),#6312,.F.);
#7504 = FACE_BOUND('',#7505,.T.);
#7505 = EDGE_LOOP('',(#7506,#7507,#7508,#7509));
#7506 = ORIENTED_EDGE('',*,*,#6296,.F.);
#7507 = ORIENTED_EDGE('',*,*,#7482,.T.);
#7508 = ORIENTED_EDGE('',*,*,#6813,.T.);
#7509 = ORIENTED_EDGE('',*,*,#7510,.F.);
#7510 = EDGE_CURVE('',#6269,#6814,#7511,.T.);
#7511 = SURFACE_CURVE('',#7512,(#7517,#7524),.PCURVE_S1.);
#7512 = CIRCLE('',#7513,121.20482402377);
#7513 = AXIS2_PLACEMENT_3D('',#7514,#7515,#7516);
#7514 = CARTESIAN_POINT('',(0.,0.,-281.7718033948));
#7515 = DIRECTION('',(0.,0.,1.));
#7516 = DIRECTION('',(1.,0.,-0.));
#7517 = PCURVE('',#6312,#7518);
#7518 = DEFINITIONAL_REPRESENTATION('',(#7519),#7523);
#7519 = LINE('',#7520,#7521);
#7520 = CARTESIAN_POINT('',(-0.,1.052565594508));
#7521 = VECTOR('',#7522,1.);
#7522 = DIRECTION('',(-1.,0.));
#7523 = ( GEOMETRIC_REPRESENTATION_CONTEXT(2) 
PARAMETRIC_REPRESENTATION_CONTEXT() REPRESENTATION_CONTEXT('2D SPACE',''
  ) );
#7524 = PCURVE('',#6284,#7525);
#7525 = DEFINITIONAL_REPRESENTATION('',(#7526),#7530);
#7526 = LINE('',#7527,#7528);
#7527 = CARTESIAN_POINT('',(-0.,0.));
#7528 = VECTOR('',#7529,1.);
#7529 = DIRECTION('',(-1.,0.));
#7530 = ( GEOMETRIC_REPRESENTATION_CONTEXT(2) 
PARAMETRIC_REPRESENTATION_CONTEXT() REPRESENTATION_CONTEXT('2D SPACE',''
  ) );
#7531 = ADVANCED_FACE('',(#7532),#6284,.F.);
#7532 = FACE_BOUND('',#7533,.T.);
#7533 = EDGE_LOOP('',(#7534,#7535,#7536,#7537));
#7534 = ORIENTED_EDGE('',*,*,#6268,.F.);
#7535 = ORIENTED_EDGE('',*,*,#7510,.T.);
#7536 = ORIENTED_EDGE('',*,*,#6834,.T.);
#7537 = ORIENTED_EDGE('',*,*,#7538,.F.);
#7538 = EDGE_CURVE('',#6241,#6835,#7539,.T.);
#7539 = SURFACE_CURVE('',#7540,(#7545,#7552),.PCURVE_S1.);
#7540 = CIRCLE('',#7541,122.40720281111);
#7541 = AXIS2_PLACEMENT_3D('',#7542,#7543,#7544);
#7542 = CARTESIAN_POINT('',(0.,0.,-282.8044099677));
#7543 = DIRECTION('',(0.,0.,1.));
#7544 = DIRECTION('',(1.,0.,-0.));
#7545 = PCURVE('',#6284,#7546);
#7546 = DEFINITIONAL_REPRESENTATION('',(#7547),#7551);
#7547 = LINE('',#7548,#7549);
#7548 = CARTESIAN_POINT('',(-0.,1.032606572893));
#7549 = VECTOR('',#7550,1.);
#7550 = DIRECTION('',(-1.,0.));
#7551 = ( GEOMETRIC_REPRESENTATION_CONTEXT(2) 
PARAMETRIC_REPRESENTATION_CONTEXT() REPRESENTATION_CONTEXT('2D SPACE',''
  ) );
#7552 = PCURVE('',#6256,#7553);
#7553 = DEFINITIONAL_REPRESENTATION('',(#7554),#7558);
#7554 = LINE('',#7555,#7556);
#7555 = CARTESIAN_POINT('',(-0.,0.));
#7556 = VECTOR('',#7557,1.);
#7557 = DIRECTION('',(-1.,0.));
#7558 = ( GEOMETRIC_REPRESENTATION_CONTEXT(2) 
PARAMETRIC_REPRESENTATION_CONTEXT() REPRESENTATION_CONTEXT('2D SPACE',''
  ) );
#7559 = ADVANCED_FACE('',(#7560),#6256,.F.);
#7560 = FACE_BOUND('',#7561,.T.);
#7561 = EDGE_LOOP('',(#7562,#7563,#7564,#7565));
#7562 = ORIENTED_EDGE('',*,*,#6240,.F.);
#7563 = ORIENTED_EDGE('',*,*,#7538,.T.);
#7564 = ORIENTED_EDGE('',*,*,#6855,.T.);
#7565 = ORIENTED_EDGE('',*,*,#7566,.F.);
#7566 = EDGE_CURVE('',#6213,#6856,#7567,.T.);
#7567 = SURFACE_CURVE('',#7568,(#7573,#7580),.PCURVE_S1.);
#7568 = CIRCLE('',#7569,123.61421507133);
#7569 = AXIS2_PLACEMENT_3D('',#7570,#7571,#7572);
#7570 = CARTESIAN_POINT('',(0.,0.,-283.8169165489));
#7571 = DIRECTION('',(0.,0.,1.));
#7572 = DIRECTION('',(1.,0.,-0.));
#7573 = PCURVE('',#6256,#7574);
#7574 = DEFINITIONAL_REPRESENTATION('',(#7575),#7579);
#7575 = LINE('',#7576,#7577);
#7576 = CARTESIAN_POINT('',(-0.,1.01250658117));
#7577 = VECTOR('',#7578,1.);
#7578 = DIRECTION('',(-1.,0.));
#7579 = ( GEOMETRIC_REPRESENTATION_CONTEXT(2) 
PARAMETRIC_REPRESENTATION_CONTEXT() REPRESENTATION_CONTEXT('2D SPACE',''
  ) );
#7580 = PCURVE('',#6228,#7581);
#7581 = DEFINITIONAL_REPRESENTATION('',(#7582),#7586);
#7582 = LINE('',#7583,#7584);
#7583 = CARTESIAN_POINT('',(-0.,0.));
#7584 = VECTOR('',#7585,1.);
#7585 = DIRECTION('',(-1.,0.));
#7586 = ( GEOMETRIC_REPRESENTATION_CONTEXT(2) 
PARAMETRIC_REPRESENTATION_CONTEXT() REPRESENTATION_CONTEXT('2D SPACE',''
  ) );
#7587 = ADVANCED_FACE('',(#7588),#6228,.F.);
#7588 = FACE_BOUND('',#7589,.T.);
#7589 = EDGE_LOOP('',(#7590,#7591,#7592,#7593));
#7590 = ORIENTED_EDGE('',*,*,#6212,.F.);
#7591 = ORIENTED_EDGE('',*,*,#7566,.T.);
#7592 = ORIENTED_EDGE('',*,*,#6876,.T.);
#7593 = ORIENTED_EDGE('',*,*,#7594,.F.);
#7594 = EDGE_CURVE('',#6185,#6877,#7595,.T.);
#7595 = SURFACE_CURVE('',#7596,(#7601,#7608),.PCURVE_S1.);
#7596 = CIRCLE('',#7597,124.82584308528);
#7597 = AXIS2_PLACEMENT_3D('',#7598,#7599,#7600);
#7598 = CARTESIAN_POINT('',(0.,0.,-284.8091682924));
#7599 = DIRECTION('',(0.,0.,1.));
#7600 = DIRECTION('',(1.,0.,-0.));
#7601 = PCURVE('',#6228,#7602);
#7602 = DEFINITIONAL_REPRESENTATION('',(#7603),#7607);
#7603 = LINE('',#7604,#7605);
#7604 = CARTESIAN_POINT('',(-0.,0.992251743544));
#7605 = VECTOR('',#7606,1.);
#7606 = DIRECTION('',(-1.,0.));
#7607 = ( GEOMETRIC_REPRESENTATION_CONTEXT(2) 
PARAMETRIC_REPRESENTATION_CONTEXT() REPRESENTATION_CONTEXT('2D SPACE',''
  ) );
#7608 = PCURVE('',#6200,#7609);
#7609 = DEFINITIONAL_REPRESENTATION('',(#7610),#7614);
#7610 = LINE('',#7611,#7612);
#7611 = CARTESIAN_POINT('',(-0.,0.));
#7612 = VECTOR('',#7613,1.);
#7613 = DIRECTION('',(-1.,0.));
#7614 = ( GEOMETRIC_REPRESENTATION_CONTEXT(2) 
PARAMETRIC_REPRESENTATION_CONTEXT() REPRESENTATION_CONTEXT('2D SPACE',''
  ) );
#7615 = ADVANCED_FACE('',(#7616),#6200,.F.);
#7616 = FACE_BOUND('',#7617,.T.);
#7617 = EDGE_LOOP('',(#7618,#7619,#7620,#7621,#7648,#7677,#7709));
#7618 = ORIENTED_EDGE('',*,*,#6184,.F.);
#7619 = ORIENTED_EDGE('',*,*,#7594,.T.);
#7620 = ORIENTED_EDGE('',*,*,#6897,.T.);
#7621 = ORIENTED_EDGE('',*,*,#7622,.T.);
#7622 = EDGE_CURVE('',#6898,#7623,#7625,.T.);
#7623 = VERTEX_POINT('',#7624);
#7624 = CARTESIAN_POINT('',(7.717850838485E-15,126.04206933555,
    -285.7809953733));
#7625 = SURFACE_CURVE('',#7626,(#7630,#7636),.PCURVE_S1.);
#7626 = LINE('',#7627,#7628);
#7627 = CARTESIAN_POINT('',(0.,0.,-185.0669248795));
#7628 = VECTOR('',#7629,1.);
#7629 = DIRECTION('',(-0.,0.781230243562,-0.62424298678));
#7630 = PCURVE('',#6200,#7631);
#7631 = DEFINITIONAL_REPRESENTATION('',(#7632),#7635);
#7632 = B_SPLINE_CURVE_WITH_KNOTS('',1,(#7633,#7634),.UNSPECIFIED.,.F.,
  .F.,(2,2),(159.78111973254,161.33792870185),.PIECEWISE_BEZIER_KNOTS.);
#7633 = CARTESIAN_POINT('',(-1.570796326795,0.));
#7634 = CARTESIAN_POINT('',(-1.570796326795,0.971827080848));
#7635 = ( GEOMETRIC_REPRESENTATION_CONTEXT(2) 
PARAMETRIC_REPRESENTATION_CONTEXT() REPRESENTATION_CONTEXT('2D SPACE',''
  ) );
#7636 = PCURVE('',#7637,#7642);
#7637 = PLANE('',#7638);
#7638 = AXIS2_PLACEMENT_3D('',#7639,#7640,#7641);
#7639 = CARTESIAN_POINT('',(0.,125.62167815458,-290.823028373));
#7640 = DIRECTION('',(1.,0.,-0.));
#7641 = DIRECTION('',(0.,0.,1.));
#7642 = DEFINITIONAL_REPRESENTATION('',(#7643),#7647);
#7643 = LINE('',#7644,#7645);
#7644 = CARTESIAN_POINT('',(105.7561034935,125.62167815458));
#7645 = VECTOR('',#7646,1.);
#7646 = DIRECTION('',(-0.62424298678,-0.781230243562));
#7647 = ( GEOMETRIC_REPRESENTATION_CONTEXT(2) 
PARAMETRIC_REPRESENTATION_CONTEXT() REPRESENTATION_CONTEXT('2D SPACE',''
  ) );
#7648 = ORIENTED_EDGE('',*,*,#7649,.F.);
#7649 = EDGE_CURVE('',#7650,#7623,#7652,.T.);
#7650 = VERTEX_POINT('',#7651);
#7651 = CARTESIAN_POINT('',(126.02286793431,2.2,-285.7809953733));
#7652 = SURFACE_CURVE('',#7653,(#7658,#7665),.PCURVE_S1.);
#7653 = CIRCLE('',#7654,126.04206933555);
#7654 = AXIS2_PLACEMENT_3D('',#7655,#7656,#7657);
#7655 = CARTESIAN_POINT('',(0.,0.,-285.7809953733));
#7656 = DIRECTION('',(0.,0.,1.));
#7657 = DIRECTION('',(1.,0.,-0.));
#7658 = PCURVE('',#6200,#7659);
#7659 = DEFINITIONAL_REPRESENTATION('',(#7660),#7664);
#7660 = LINE('',#7661,#7662);
#7661 = CARTESIAN_POINT('',(-0.,0.971827080848));
#7662 = VECTOR('',#7663,1.);
#7663 = DIRECTION('',(-1.,0.));
#7664 = ( GEOMETRIC_REPRESENTATION_CONTEXT(2) 
PARAMETRIC_REPRESENTATION_CONTEXT() REPRESENTATION_CONTEXT('2D SPACE',''
  ) );
#7665 = PCURVE('',#7666,#7671);
#7666 = CONICAL_SURFACE('',#7667,126.04206933555,0.908886258969);
#7667 = AXIS2_PLACEMENT_3D('',#7668,#7669,#7670);
#7668 = CARTESIAN_POINT('',(0.,0.,-285.7809953733));
#7669 = DIRECTION('',(-0.,-0.,-1.));
#7670 = DIRECTION('',(1.,0.,0.));
#7671 = DEFINITIONAL_REPRESENTATION('',(#7672),#7676);
#7672 = LINE('',#7673,#7674);
#7673 = CARTESIAN_POINT('',(-0.,0.));
#7674 = VECTOR('',#7675,1.);
#7675 = DIRECTION('',(-1.,0.));
#7676 = ( GEOMETRIC_REPRESENTATION_CONTEXT(2) 
PARAMETRIC_REPRESENTATION_CONTEXT() REPRESENTATION_CONTEXT('2D SPACE',''
  ) );
#7677 = ORIENTED_EDGE('',*,*,#7678,.T.);
#7678 = EDGE_CURVE('',#7650,#7679,#7681,.T.);
#7679 = VERTEX_POINT('',#7680);
#7680 = CARTESIAN_POINT('',(125.47167815458,2.2,-285.3406338921));
#7681 = SURFACE_CURVE('',#7682,(#7687,#7697),.PCURVE_S1.);
#7682 = HYPERBOLA('',#7683,1.757912705292,2.2);
#7683 = AXIS2_PLACEMENT_3D('',#7684,#7685,#7686);
#7684 = CARTESIAN_POINT('',(0.,2.2,-185.0669248795));
#7685 = DIRECTION('',(0.,1.,0.));
#7686 = DIRECTION('',(0.,0.,-1.));
#7687 = PCURVE('',#6200,#7688);
#7688 = DEFINITIONAL_REPRESENTATION('',(#7689),#7696);
#7689 = B_SPLINE_CURVE_WITH_KNOTS('',5,(#7690,#7691,#7692,#7693,#7694,
    #7695),.UNSPECIFIED.,.F.,.F.,(6,6),(-4.74122938153,-4.735012248566),
  .PIECEWISE_BEZIER_KNOTS.);
#7690 = CARTESIAN_POINT('',(-1.745537609223E-02,0.971827080848));
#7691 = CARTESIAN_POINT('',(-1.747707946887E-02,0.846615605104));
#7692 = CARTESIAN_POINT('',(-1.749881657358E-02,0.72159877311));
#7693 = CARTESIAN_POINT('',(-1.75205874762E-02,0.596776181553));
#7694 = CARTESIAN_POINT('',(-1.754239224683E-02,0.472147428372));
#7695 = CARTESIAN_POINT('',(-1.756423095576E-02,0.347712112754));
#7696 = ( GEOMETRIC_REPRESENTATION_CONTEXT(2) 
PARAMETRIC_REPRESENTATION_CONTEXT() REPRESENTATION_CONTEXT('2D SPACE',''
  ) );
#7697 = PCURVE('',#7698,#7703);
#7698 = PLANE('',#7699);
#7699 = AXIS2_PLACEMENT_3D('',#7700,#7701,#7702);
#7700 = CARTESIAN_POINT('',(125.47167815458,2.2,-290.823028373));
#7701 = DIRECTION('',(-0.,1.,0.));
#7702 = DIRECTION('',(0.,0.,1.));
#7703 = DEFINITIONAL_REPRESENTATION('',(#7704),#7708);
#7704 = ( BOUNDED_CURVE() B_SPLINE_CURVE(2,(#7705,#7706,#7707),
.UNSPECIFIED.,.F.,.F.) B_SPLINE_CURVE_WITH_KNOTS((3,3),(-4.74122938153,
-4.735012248566),.PIECEWISE_BEZIER_KNOTS.) CURVE() 
GEOMETRIC_REPRESENTATION_ITEM() RATIONAL_B_SPLINE_CURVE((1.,
1.000004831597,1.)) REPRESENTATION_ITEM('') );
#7705 = CARTESIAN_POINT('',(5.042032999771,0.551189779726));
#7706 = CARTESIAN_POINT('',(5.355060680851,0.159380889714));
#7707 = CARTESIAN_POINT('',(5.666147967865,-0.23));
#7708 = ( GEOMETRIC_REPRESENTATION_CONTEXT(2) 
PARAMETRIC_REPRESENTATION_CONTEXT() REPRESENTATION_CONTEXT('2D SPACE',''
  ) );
#7709 = ORIENTED_EDGE('',*,*,#7710,.F.);
#7710 = EDGE_CURVE('',#6157,#7679,#7711,.T.);
#7711 = SURFACE_CURVE('',#7712,(#7717,#7727),.PCURVE_S1.);
#7712 = HYPERBOLA('',#7713,100.25829871918,125.47167815458);
#7713 = AXIS2_PLACEMENT_3D('',#7714,#7715,#7716);
#7714 = CARTESIAN_POINT('',(125.47167815458,0.,-185.0669248795));
#7715 = DIRECTION('',(1.,0.,-0.));
#7716 = DIRECTION('',(-0.,0.,-1.));
#7717 = PCURVE('',#6200,#7718);
#7718 = DEFINITIONAL_REPRESENTATION('',(#7719),#7726);
#7719 = B_SPLINE_CURVE_WITH_KNOTS('',5,(#7720,#7721,#7722,#7723,#7724,
    #7725),.UNSPECIFIED.,.F.,.F.,(6,6),(0.,1.92860255155E-02),
  .PIECEWISE_BEZIER_KNOTS.);
#7720 = CARTESIAN_POINT('',(0.,0.516055306297));
#7721 = CARTESIAN_POINT('',(-3.8572051031E-03,0.516055306297));
#7722 = CARTESIAN_POINT('',(-7.7144102062E-03,0.517919863918));
#7723 = CARTESIAN_POINT('',(-1.157149575176E-02,0.521648979162));
#7724 = CARTESIAN_POINT('',(-1.542834218225E-02,0.527242767611));
#7725 = CARTESIAN_POINT('',(-1.928483005129E-02,0.534701460455));
#7726 = ( GEOMETRIC_REPRESENTATION_CONTEXT(2) 
PARAMETRIC_REPRESENTATION_CONTEXT() REPRESENTATION_CONTEXT('2D SPACE',''
  ) );
#7727 = PCURVE('',#6172,#7728);
#7728 = DEFINITIONAL_REPRESENTATION('',(#7729),#7733);
#7729 = ( BOUNDED_CURVE() B_SPLINE_CURVE(2,(#7730,#7731,#7732),
.UNSPECIFIED.,.F.,.F.) B_SPLINE_CURVE_WITH_KNOTS((3,3),(0.,
1.92860255155E-02),.PIECEWISE_BEZIER_KNOTS.) CURVE() 
GEOMETRIC_REPRESENTATION_ITEM() RATIONAL_B_SPLINE_CURVE((1.,
1.000046494208,1.)) REPRESENTATION_ITEM('') );
#7730 = CARTESIAN_POINT('',(5.497804774322,0.));
#7731 = CARTESIAN_POINT('',(5.497804774322,-1.209887491864));
#7732 = CARTESIAN_POINT('',(5.479158620164,-2.42));
#7733 = ( GEOMETRIC_REPRESENTATION_CONTEXT(2) 
PARAMETRIC_REPRESENTATION_CONTEXT() REPRESENTATION_CONTEXT('2D SPACE',''
  ) );
#7734 = ADVANCED_FACE('',(#7735),#6172,.T.);
#7735 = FACE_BOUND('',#7736,.T.);
#7736 = EDGE_LOOP('',(#7737,#7738,#7739,#7762));
#7737 = ORIENTED_EDGE('',*,*,#6156,.F.);
#7738 = ORIENTED_EDGE('',*,*,#7710,.T.);
#7739 = ORIENTED_EDGE('',*,*,#7740,.T.);
#7740 = EDGE_CURVE('',#7679,#7741,#7743,.T.);
#7741 = VERTEX_POINT('',#7742);
#7742 = CARTESIAN_POINT('',(125.47167815458,2.2,-280.2553047534));
#7743 = SURFACE_CURVE('',#7744,(#7748,#7755),.PCURVE_S1.);
#7744 = LINE('',#7745,#7746);
#7745 = CARTESIAN_POINT('',(125.47167815458,2.2,-290.823028373));
#7746 = VECTOR('',#7747,1.);
#7747 = DIRECTION('',(0.,0.,1.));
#7748 = PCURVE('',#6172,#7749);
#7749 = DEFINITIONAL_REPRESENTATION('',(#7750),#7754);
#7750 = LINE('',#7751,#7752);
#7751 = CARTESIAN_POINT('',(0.,-2.2));
#7752 = VECTOR('',#7753,1.);
#7753 = DIRECTION('',(1.,0.));
#7754 = ( GEOMETRIC_REPRESENTATION_CONTEXT(2) 
PARAMETRIC_REPRESENTATION_CONTEXT() REPRESENTATION_CONTEXT('2D SPACE',''
  ) );
#7755 = PCURVE('',#7698,#7756);
#7756 = DEFINITIONAL_REPRESENTATION('',(#7757),#7761);
#7757 = LINE('',#7758,#7759);
#7758 = CARTESIAN_POINT('',(0.,0.));
#7759 = VECTOR('',#7760,1.);
#7760 = DIRECTION('',(1.,0.));
#7761 = ( GEOMETRIC_REPRESENTATION_CONTEXT(2) 
PARAMETRIC_REPRESENTATION_CONTEXT() REPRESENTATION_CONTEXT('2D SPACE',''
  ) );
#7762 = ORIENTED_EDGE('',*,*,#7763,.F.);
#7763 = EDGE_CURVE('',#6129,#7741,#7764,.T.);
#7764 = SURFACE_CURVE('',#7765,(#7770,#7777),.PCURVE_S1.);
#7765 = HYPERBOLA('',#7766,112.78195195391,125.47167815458);
#7766 = AXIS2_PLACEMENT_3D('',#7767,#7768,#7769);
#7767 = CARTESIAN_POINT('',(125.47167815458,0.,-167.4560175465));
#7768 = DIRECTION('',(1.,0.,0.));
#7769 = DIRECTION('',(0.,-0.,-1.));
#7770 = PCURVE('',#6172,#7771);
#7771 = DEFINITIONAL_REPRESENTATION('',(#7772),#7776);
#7772 = ( BOUNDED_CURVE() B_SPLINE_CURVE(2,(#7773,#7774,#7775),
.UNSPECIFIED.,.F.,.F.) B_SPLINE_CURVE_WITH_KNOTS((3,3),(0.,
1.92860255155E-02),.PIECEWISE_BEZIER_KNOTS.) CURVE() 
GEOMETRIC_REPRESENTATION_ITEM() RATIONAL_B_SPLINE_CURVE((1.,
1.000046494208,1.)) REPRESENTATION_ITEM('') );
#7773 = CARTESIAN_POINT('',(10.585058872653,0.));
#7774 = CARTESIAN_POINT('',(10.585058872653,-1.209887491864));
#7775 = CARTESIAN_POINT('',(10.564083555007,-2.42));
#7776 = ( GEOMETRIC_REPRESENTATION_CONTEXT(2) 
PARAMETRIC_REPRESENTATION_CONTEXT() REPRESENTATION_CONTEXT('2D SPACE',''
  ) );
#7777 = PCURVE('',#6144,#7778);
#7778 = DEFINITIONAL_REPRESENTATION('',(#7779),#7786);
#7779 = B_SPLINE_CURVE_WITH_KNOTS('',5,(#7780,#7781,#7782,#7783,#7784,
    #7785),.UNSPECIFIED.,.F.,.F.,(6,6),(0.,1.92860255155E-02),
  .PIECEWISE_BEZIER_KNOTS.);
#7780 = CARTESIAN_POINT('',(0.,-0.48126829992));
#7781 = CARTESIAN_POINT('',(-3.8572051031E-03,-0.48126829992));
#7782 = CARTESIAN_POINT('',(-7.7144102062E-03,-0.47917083317));
#7783 = CARTESIAN_POINT('',(-1.157149575176E-02,-0.474975899667));
#7784 = CARTESIAN_POINT('',(-1.542834218225E-02,-0.46868336939));
#7785 = CARTESIAN_POINT('',(-1.928483005129E-02,-0.460292982274));
#7786 = ( GEOMETRIC_REPRESENTATION_CONTEXT(2) 
PARAMETRIC_REPRESENTATION_CONTEXT() REPRESENTATION_CONTEXT('2D SPACE',''
  ) );
#7787 = ADVANCED_FACE('',(#7788),#6144,.T.);
#7788 = FACE_BOUND('',#7789,.T.);
#7789 = EDGE_LOOP('',(#7790,#7812,#7813,#7814,#7841,#7870,#7895));
#7790 = ORIENTED_EDGE('',*,*,#7791,.F.);
#7791 = EDGE_CURVE('',#6101,#6947,#7792,.T.);
#7792 = SURFACE_CURVE('',#7793,(#7798,#7805),.PCURVE_S1.);
#7793 = CIRCLE('',#7794,124.81403877657);
#7794 = AXIS2_PLACEMENT_3D('',#7795,#7796,#7797);
#7795 = CARTESIAN_POINT('',(0.,0.,-279.6468412567));
#7796 = DIRECTION('',(0.,0.,1.));
#7797 = DIRECTION('',(1.,0.,-0.));
#7798 = PCURVE('',#6144,#7799);
#7799 = DEFINITIONAL_REPRESENTATION('',(#7800),#7804);
#7800 = LINE('',#7801,#7802);
#7801 = CARTESIAN_POINT('',(-0.,-1.072396543554));
#7802 = VECTOR('',#7803,1.);
#7803 = DIRECTION('',(-1.,-0.));
#7804 = ( GEOMETRIC_REPRESENTATION_CONTEXT(2) 
PARAMETRIC_REPRESENTATION_CONTEXT() REPRESENTATION_CONTEXT('2D SPACE',''
  ) );
#7805 = PCURVE('',#6116,#7806);
#7806 = DEFINITIONAL_REPRESENTATION('',(#7807),#7811);
#7807 = LINE('',#7808,#7809);
#7808 = CARTESIAN_POINT('',(-0.,-0.));
#7809 = VECTOR('',#7810,1.);
#7810 = DIRECTION('',(-1.,-0.));
#7811 = ( GEOMETRIC_REPRESENTATION_CONTEXT(2) 
PARAMETRIC_REPRESENTATION_CONTEXT() REPRESENTATION_CONTEXT('2D SPACE',''
  ) );
#7812 = ORIENTED_EDGE('',*,*,#6128,.F.);
#7813 = ORIENTED_EDGE('',*,*,#7763,.T.);
#7814 = ORIENTED_EDGE('',*,*,#7815,.F.);
#7815 = EDGE_CURVE('',#7816,#7741,#7818,.T.);
#7816 = VERTEX_POINT('',#7817);
#7817 = CARTESIAN_POINT('',(125.98788990279,2.2,-280.7192378003));
#7818 = SURFACE_CURVE('',#7819,(#7824,#7834),.PCURVE_S1.);
#7819 = HYPERBOLA('',#7820,1.977500404457,2.2);
#7820 = AXIS2_PLACEMENT_3D('',#7821,#7822,#7823);
#7821 = CARTESIAN_POINT('',(0.,2.2,-167.4560175465));
#7822 = DIRECTION('',(0.,1.,0.));
#7823 = DIRECTION('',(-0.,0.,-1.));
#7824 = PCURVE('',#6144,#7825);
#7825 = DEFINITIONAL_REPRESENTATION('',(#7826),#7833);
#7826 = B_SPLINE_CURVE_WITH_KNOTS('',5,(#7827,#7828,#7829,#7830,#7831,
    #7832),.UNSPECIFIED.,.F.,.F.,(6,6),(-4.740951832254,-4.735012248566)
  ,.PIECEWISE_BEZIER_KNOTS.);
#7827 = CARTESIAN_POINT('',(-1.746022124545E-02,-7.065228343977E-15));
#7828 = CARTESIAN_POINT('',(-1.748096148067E-02,-0.134526766621));
#7829 = CARTESIAN_POINT('',(-1.750173250828E-02,-0.268853744542));
#7830 = CARTESIAN_POINT('',(-1.752253438922E-02,-0.402981329257));
#7831 = CARTESIAN_POINT('',(-1.754336718461E-02,-0.536909915084));
#7832 = CARTESIAN_POINT('',(-1.756423095576E-02,-0.670639895175));
#7833 = ( GEOMETRIC_REPRESENTATION_CONTEXT(2) 
PARAMETRIC_REPRESENTATION_CONTEXT() REPRESENTATION_CONTEXT('2D SPACE',''
  ) );
#7834 = PCURVE('',#7698,#7835);
#7835 = DEFINITIONAL_REPRESENTATION('',(#7836),#7840);
#7836 = ( BOUNDED_CURVE() B_SPLINE_CURVE(2,(#7837,#7838,#7839),
.UNSPECIFIED.,.F.,.F.) B_SPLINE_CURVE_WITH_KNOTS((3,3),(-4.740951832254,
-4.735012248566),.PIECEWISE_BEZIER_KNOTS.) CURVE() 
GEOMETRIC_REPRESENTATION_ITEM() RATIONAL_B_SPLINE_CURVE((1.,
1.000004409835,1.)) REPRESENTATION_ITEM('') );
#7837 = CARTESIAN_POINT('',(10.103790572733,0.516211748212));
#7838 = CARTESIAN_POINT('',(10.440106500554,0.141998000482));
#7839 = CARTESIAN_POINT('',(10.774430467907,-0.23));
#7840 = ( GEOMETRIC_REPRESENTATION_CONTEXT(2) 
PARAMETRIC_REPRESENTATION_CONTEXT() REPRESENTATION_CONTEXT('2D SPACE',''
  ) );
#7841 = ORIENTED_EDGE('',*,*,#7842,.T.);
#7842 = EDGE_CURVE('',#7816,#7843,#7845,.T.);
#7843 = VERTEX_POINT('',#7844);
#7844 = CARTESIAN_POINT('',(7.715709378141E-15,126.00709663411,
    -280.7192378003));
#7845 = SURFACE_CURVE('',#7846,(#7851,#7858),.PCURVE_S1.);
#7846 = CIRCLE('',#7847,126.00709663411);
#7847 = AXIS2_PLACEMENT_3D('',#7848,#7849,#7850);
#7848 = CARTESIAN_POINT('',(0.,0.,-280.7192378003));
#7849 = DIRECTION('',(0.,0.,1.));
#7850 = DIRECTION('',(1.,0.,-0.));
#7851 = PCURVE('',#6144,#7852);
#7852 = DEFINITIONAL_REPRESENTATION('',(#7853),#7857);
#7853 = LINE('',#7854,#7855);
#7854 = CARTESIAN_POINT('',(-0.,-0.));
#7855 = VECTOR('',#7856,1.);
#7856 = DIRECTION('',(-1.,-0.));
#7857 = ( GEOMETRIC_REPRESENTATION_CONTEXT(2) 
PARAMETRIC_REPRESENTATION_CONTEXT() REPRESENTATION_CONTEXT('2D SPACE',''
  ) );
#7858 = PCURVE('',#7859,#7864);
#7859 = CONICAL_SURFACE('',#7860,127.20482402377,0.849816861161);
#7860 = AXIS2_PLACEMENT_3D('',#7861,#7862,#7863);
#7861 = CARTESIAN_POINT('',(0.,0.,-281.7718033948));
#7862 = DIRECTION('',(-0.,-0.,-1.));
#7863 = DIRECTION('',(1.,0.,-0.));
#7864 = DEFINITIONAL_REPRESENTATION('',(#7865),#7869);
#7865 = LINE('',#7866,#7867);
#7866 = CARTESIAN_POINT('',(-0.,-1.052565594508));
#7867 = VECTOR('',#7868,1.);
#7868 = DIRECTION('',(-1.,-0.));
#7869 = ( GEOMETRIC_REPRESENTATION_CONTEXT(2) 
PARAMETRIC_REPRESENTATION_CONTEXT() REPRESENTATION_CONTEXT('2D SPACE',''
  ) );
#7870 = ORIENTED_EDGE('',*,*,#7871,.F.);
#7871 = EDGE_CURVE('',#6919,#7843,#7872,.T.);
#7872 = SURFACE_CURVE('',#7873,(#7877,#7883),.PCURVE_S1.);
#7873 = LINE('',#7874,#7875);
#7874 = CARTESIAN_POINT('',(0.,0.,-167.4560175465));
#7875 = VECTOR('',#7876,1.);
#7876 = DIRECTION('',(-0.,0.743714161905,-0.668497752713));
#7877 = PCURVE('',#6144,#7878);
#7878 = DEFINITIONAL_REPRESENTATION('',(#7879),#7882);
#7879 = B_SPLINE_CURVE_WITH_KNOTS('',1,(#7880,#7881),.UNSPECIFIED.,.F.,
  .F.,(2,2),(167.82528176801,169.42947047201),.PIECEWISE_BEZIER_KNOTS.);
#7880 = CARTESIAN_POINT('',(-1.570796326795,-1.072396543554));
#7881 = CARTESIAN_POINT('',(-1.570796326795,0.));
#7882 = ( GEOMETRIC_REPRESENTATION_CONTEXT(2) 
PARAMETRIC_REPRESENTATION_CONTEXT() REPRESENTATION_CONTEXT('2D SPACE',''
  ) );
#7883 = PCURVE('',#7884,#7889);
#7884 = PLANE('',#7885);
#7885 = AXIS2_PLACEMENT_3D('',#7886,#7887,#7888);
#7886 = CARTESIAN_POINT('',(0.,125.62167815458,-290.823028373));
#7887 = DIRECTION('',(1.,0.,-0.));
#7888 = DIRECTION('',(0.,0.,1.));
#7889 = DEFINITIONAL_REPRESENTATION('',(#7890),#7894);
#7890 = LINE('',#7891,#7892);
#7891 = CARTESIAN_POINT('',(123.36701082657,125.62167815458));
#7892 = VECTOR('',#7893,1.);
#7893 = DIRECTION('',(-0.668497752713,-0.743714161905));
#7894 = ( GEOMETRIC_REPRESENTATION_CONTEXT(2) 
PARAMETRIC_REPRESENTATION_CONTEXT() REPRESENTATION_CONTEXT('2D SPACE',''
  ) );
#7895 = ORIENTED_EDGE('',*,*,#6946,.F.);
#7896 = ADVANCED_FACE('',(#7897),#6116,.T.);
#7897 = FACE_BOUND('',#7898,.T.);
#7898 = EDGE_LOOP('',(#7899,#7900,#7901,#7902));
#7899 = ORIENTED_EDGE('',*,*,#6100,.F.);
#7900 = ORIENTED_EDGE('',*,*,#7791,.T.);
#7901 = ORIENTED_EDGE('',*,*,#6967,.F.);
#7902 = ORIENTED_EDGE('',*,*,#7903,.F.);
#7903 = EDGE_CURVE('',#6073,#6968,#7904,.T.);
#7904 = SURFACE_CURVE('',#7905,(#7910,#7917),.PCURVE_S1.);
#7905 = CIRCLE('',#7906,123.62566879938);
#7906 = AXIS2_PLACEMENT_3D('',#7907,#7908,#7909);
#7907 = CARTESIAN_POINT('',(0.,0.,-278.5547298096));
#7908 = DIRECTION('',(0.,0.,1.));
#7909 = DIRECTION('',(1.,0.,-0.));
#7910 = PCURVE('',#6116,#7911);
#7911 = DEFINITIONAL_REPRESENTATION('',(#7912),#7916);
#7912 = LINE('',#7913,#7914);
#7913 = CARTESIAN_POINT('',(-0.,-1.092111447108));
#7914 = VECTOR('',#7915,1.);
#7915 = DIRECTION('',(-1.,-0.));
#7916 = ( GEOMETRIC_REPRESENTATION_CONTEXT(2) 
PARAMETRIC_REPRESENTATION_CONTEXT() REPRESENTATION_CONTEXT('2D SPACE',''
  ) );
#7917 = PCURVE('',#6088,#7918);
#7918 = DEFINITIONAL_REPRESENTATION('',(#7919),#7923);
#7919 = LINE('',#7920,#7921);
#7920 = CARTESIAN_POINT('',(-0.,-0.));
#7921 = VECTOR('',#7922,1.);
#7922 = DIRECTION('',(-1.,-0.));
#7923 = ( GEOMETRIC_REPRESENTATION_CONTEXT(2) 
PARAMETRIC_REPRESENTATION_CONTEXT() REPRESENTATION_CONTEXT('2D SPACE',''
  ) );
#7924 = ADVANCED_FACE('',(#7925),#6088,.T.);
#7925 = FACE_BOUND('',#7926,.T.);
#7926 = EDGE_LOOP('',(#7927,#7928,#7929,#7930));
#7927 = ORIENTED_EDGE('',*,*,#6072,.F.);
#7928 = ORIENTED_EDGE('',*,*,#7903,.T.);
#7929 = ORIENTED_EDGE('',*,*,#6988,.F.);
#7930 = ORIENTED_EDGE('',*,*,#7931,.F.);
#7931 = EDGE_CURVE('',#6045,#6989,#7932,.T.);
#7932 = SURFACE_CURVE('',#7933,(#7938,#7945),.PCURVE_S1.);
#7933 = CIRCLE('',#7934,122.44200526876);
#7934 = AXIS2_PLACEMENT_3D('',#7935,#7936,#7937);
#7935 = CARTESIAN_POINT('',(0.,0.,-277.4430082545));
#7936 = DIRECTION('',(0.,0.,1.));
#7937 = DIRECTION('',(1.,0.,-0.));
#7938 = PCURVE('',#6088,#7939);
#7939 = DEFINITIONAL_REPRESENTATION('',(#7940),#7944);
#7940 = LINE('',#7941,#7942);
#7941 = CARTESIAN_POINT('',(-0.,-1.111721555111));
#7942 = VECTOR('',#7943,1.);
#7943 = DIRECTION('',(-1.,-0.));
#7944 = ( GEOMETRIC_REPRESENTATION_CONTEXT(2) 
PARAMETRIC_REPRESENTATION_CONTEXT() REPRESENTATION_CONTEXT('2D SPACE',''
  ) );
#7945 = PCURVE('',#6060,#7946);
#7946 = DEFINITIONAL_REPRESENTATION('',(#7947),#7951);
#7947 = LINE('',#7948,#7949);
#7948 = CARTESIAN_POINT('',(-0.,-0.));
#7949 = VECTOR('',#7950,1.);
#7950 = DIRECTION('',(-1.,-0.));
#7951 = ( GEOMETRIC_REPRESENTATION_CONTEXT(2) 
PARAMETRIC_REPRESENTATION_CONTEXT() REPRESENTATION_CONTEXT('2D SPACE',''
  ) );
#7952 = ADVANCED_FACE('',(#7953),#6060,.T.);
#7953 = FACE_BOUND('',#7954,.T.);
#7954 = EDGE_LOOP('',(#7955,#7956,#7957,#7958));
#7955 = ORIENTED_EDGE('',*,*,#6044,.F.);
#7956 = ORIENTED_EDGE('',*,*,#7931,.T.);
#7957 = ORIENTED_EDGE('',*,*,#7009,.F.);
#7958 = ORIENTED_EDGE('',*,*,#7959,.F.);
#7959 = EDGE_CURVE('',#6017,#7010,#7960,.T.);
#7960 = SURFACE_CURVE('',#7961,(#7966,#7973),.PCURVE_S1.);
#7961 = CIRCLE('',#7962,121.2630669733);
#7962 = AXIS2_PLACEMENT_3D('',#7963,#7964,#7965);
#7963 = CARTESIAN_POINT('',(0.,0.,-276.311770833));
#7964 = DIRECTION('',(0.,0.,1.));
#7965 = DIRECTION('',(1.,0.,-0.));
#7966 = PCURVE('',#6060,#7967);
#7967 = DEFINITIONAL_REPRESENTATION('',(#7968),#7972);
#7968 = LINE('',#7969,#7970);
#7969 = CARTESIAN_POINT('',(-0.,-1.131237421487));
#7970 = VECTOR('',#7971,1.);
#7971 = DIRECTION('',(-1.,-0.));
#7972 = ( GEOMETRIC_REPRESENTATION_CONTEXT(2) 
PARAMETRIC_REPRESENTATION_CONTEXT() REPRESENTATION_CONTEXT('2D SPACE',''
  ) );
#7973 = PCURVE('',#6032,#7974);
#7974 = DEFINITIONAL_REPRESENTATION('',(#7975),#7979);
#7975 = LINE('',#7976,#7977);
#7976 = CARTESIAN_POINT('',(-0.,-0.));
#7977 = VECTOR('',#7978,1.);
#7978 = DIRECTION('',(-1.,-0.));
#7979 = ( GEOMETRIC_REPRESENTATION_CONTEXT(2) 
PARAMETRIC_REPRESENTATION_CONTEXT() REPRESENTATION_CONTEXT('2D SPACE',''
  ) );
#7980 = ADVANCED_FACE('',(#7981),#6032,.T.);
#7981 = FACE_BOUND('',#7982,.T.);
#7982 = EDGE_LOOP('',(#7983,#7984,#7985,#7986));
#7983 = ORIENTED_EDGE('',*,*,#6016,.F.);
#7984 = ORIENTED_EDGE('',*,*,#7959,.T.);
#7985 = ORIENTED_EDGE('',*,*,#7030,.F.);
#7986 = ORIENTED_EDGE('',*,*,#7987,.F.);
#7987 = EDGE_CURVE('',#5989,#7031,#7988,.T.);
#7988 = SURFACE_CURVE('',#7989,(#7994,#8001),.PCURVE_S1.);
#7989 = CIRCLE('',#7990,120.0888729284);
#7990 = AXIS2_PLACEMENT_3D('',#7991,#7992,#7993);
#7991 = CARTESIAN_POINT('',(0.,0.,-275.1611018581));
#7992 = DIRECTION('',(0.,0.,1.));
#7993 = DIRECTION('',(1.,0.,-0.));
#7994 = PCURVE('',#6032,#7995);
#7995 = DEFINITIONAL_REPRESENTATION('',(#7996),#8000);
#7996 = LINE('',#7997,#7998);
#7997 = CARTESIAN_POINT('',(-0.,-1.150668974969));
#7998 = VECTOR('',#7999,1.);
#7999 = DIRECTION('',(-1.,-0.));
#8000 = ( GEOMETRIC_REPRESENTATION_CONTEXT(2) 
PARAMETRIC_REPRESENTATION_CONTEXT() REPRESENTATION_CONTEXT('2D SPACE',''
  ) );
#8001 = PCURVE('',#6004,#8002);
#8002 = DEFINITIONAL_REPRESENTATION('',(#8003),#8007);
#8003 = LINE('',#8004,#8005);
#8004 = CARTESIAN_POINT('',(-0.,-0.));
#8005 = VECTOR('',#8006,1.);
#8006 = DIRECTION('',(-1.,-0.));
#8007 = ( GEOMETRIC_REPRESENTATION_CONTEXT(2) 
PARAMETRIC_REPRESENTATION_CONTEXT() REPRESENTATION_CONTEXT('2D SPACE',''
  ) );
#8008 = ADVANCED_FACE('',(#8009),#6004,.T.);
#8009 = FACE_BOUND('',#8010,.T.);
#8010 = EDGE_LOOP('',(#8011,#8012,#8013,#8014));
#8011 = ORIENTED_EDGE('',*,*,#5988,.F.);
#8012 = ORIENTED_EDGE('',*,*,#7987,.T.);
#8013 = ORIENTED_EDGE('',*,*,#7051,.F.);
#8014 = ORIENTED_EDGE('',*,*,#8015,.F.);
#8015 = EDGE_CURVE('',#5961,#7052,#8016,.T.);
#8016 = SURFACE_CURVE('',#8017,(#8022,#8029),.PCURVE_S1.);
#8017 = CIRCLE('',#8018,118.91944238092);
#8018 = AXIS2_PLACEMENT_3D('',#8019,#8020,#8021);
#8019 = CARTESIAN_POINT('',(0.,0.,-273.9910762769));
#8020 = DIRECTION('',(0.,0.,1.));
#8021 = DIRECTION('',(1.,0.,-0.));
#8022 = PCURVE('',#6004,#8023);
#8023 = DEFINITIONAL_REPRESENTATION('',(#8024),#8028);
#8024 = LINE('',#8025,#8026);
#8025 = CARTESIAN_POINT('',(-0.,-1.170025581145));
#8026 = VECTOR('',#8027,1.);
#8027 = DIRECTION('',(-1.,-0.));
#8028 = ( GEOMETRIC_REPRESENTATION_CONTEXT(2) 
PARAMETRIC_REPRESENTATION_CONTEXT() REPRESENTATION_CONTEXT('2D SPACE',''
  ) );
#8029 = PCURVE('',#5976,#8030);
#8030 = DEFINITIONAL_REPRESENTATION('',(#8031),#8035);
#8031 = LINE('',#8032,#8033);
#8032 = CARTESIAN_POINT('',(-0.,-0.));
#8033 = VECTOR('',#8034,1.);
#8034 = DIRECTION('',(-1.,-0.));
#8035 = ( GEOMETRIC_REPRESENTATION_CONTEXT(2) 
PARAMETRIC_REPRESENTATION_CONTEXT() REPRESENTATION_CONTEXT('2D SPACE',''
  ) );
#8036 = ADVANCED_FACE('',(#8037),#5976,.T.);
#8037 = FACE_BOUND('',#8038,.T.);
#8038 = EDGE_LOOP('',(#8039,#8040,#8041,#8042));
#8039 = ORIENTED_EDGE('',*,*,#5960,.F.);
#8040 = ORIENTED_EDGE('',*,*,#8015,.T.);
#8041 = ORIENTED_EDGE('',*,*,#7072,.F.);
#8042 = ORIENTED_EDGE('',*,*,#8043,.F.);
#8043 = EDGE_CURVE('',#5933,#7073,#8044,.T.);
#8044 = SURFACE_CURVE('',#8045,(#8050,#8057),.PCURVE_S1.);
#8045 = CIRCLE('',#8046,117.75479481387);
#8046 = AXIS2_PLACEMENT_3D('',#8047,#8048,#8049);
#8047 = CARTESIAN_POINT('',(0.,0.,-272.8017601799));
#8048 = DIRECTION('',(0.,0.,1.));
#8049 = DIRECTION('',(1.,0.,-0.));
#8050 = PCURVE('',#5976,#8051);
#8051 = DEFINITIONAL_REPRESENTATION('',(#8052),#8056);
#8052 = LINE('',#8053,#8054);
#8053 = CARTESIAN_POINT('',(-0.,-1.189316097016));
#8054 = VECTOR('',#8055,1.);
#8055 = DIRECTION('',(-1.,-0.));
#8056 = ( GEOMETRIC_REPRESENTATION_CONTEXT(2) 
PARAMETRIC_REPRESENTATION_CONTEXT() REPRESENTATION_CONTEXT('2D SPACE',''
  ) );
#8057 = PCURVE('',#5948,#8058);
#8058 = DEFINITIONAL_REPRESENTATION('',(#8059),#8063);
#8059 = LINE('',#8060,#8061);
#8060 = CARTESIAN_POINT('',(-0.,-0.));
#8061 = VECTOR('',#8062,1.);
#8062 = DIRECTION('',(-1.,-0.));
#8063 = ( GEOMETRIC_REPRESENTATION_CONTEXT(2) 
PARAMETRIC_REPRESENTATION_CONTEXT() REPRESENTATION_CONTEXT('2D SPACE',''
  ) );
#8064 = ADVANCED_FACE('',(#8065),#5948,.T.);
#8065 = FACE_BOUND('',#8066,.T.);
#8066 = EDGE_LOOP('',(#8067,#8068,#8069,#8070));
#8067 = ORIENTED_EDGE('',*,*,#5932,.F.);
#8068 = ORIENTED_EDGE('',*,*,#8043,.T.);
#8069 = ORIENTED_EDGE('',*,*,#7093,.F.);
#8070 = ORIENTED_EDGE('',*,*,#8071,.F.);
#8071 = EDGE_CURVE('',#5905,#7094,#8072,.T.);
#8072 = SURFACE_CURVE('',#8073,(#8078,#8085),.PCURVE_S1.);
#8073 = CIRCLE('',#8074,116.5949499513);
#8074 = AXIS2_PLACEMENT_3D('',#8075,#8076,#8077);
#8075 = CARTESIAN_POINT('',(0.,0.,-271.5932112608));
#8076 = DIRECTION('',(0.,0.,1.));
#8077 = DIRECTION('',(1.,0.,-0.));
#8078 = PCURVE('',#5948,#8079);
#8079 = DEFINITIONAL_REPRESENTATION('',(#8080),#8084);
#8080 = LINE('',#8081,#8082);
#8081 = CARTESIAN_POINT('',(-0.,-1.20854891912));
#8082 = VECTOR('',#8083,1.);
#8083 = DIRECTION('',(-1.,-0.));
#8084 = ( GEOMETRIC_REPRESENTATION_CONTEXT(2) 
PARAMETRIC_REPRESENTATION_CONTEXT() REPRESENTATION_CONTEXT('2D SPACE',''
  ) );
#8085 = PCURVE('',#5920,#8086);
#8086 = DEFINITIONAL_REPRESENTATION('',(#8087),#8091);
#8087 = LINE('',#8088,#8089);
#8088 = CARTESIAN_POINT('',(-0.,-0.));
#8089 = VECTOR('',#8090,1.);
#8090 = DIRECTION('',(-1.,-0.));
#8091 = ( GEOMETRIC_REPRESENTATION_CONTEXT(2) 
PARAMETRIC_REPRESENTATION_CONTEXT() REPRESENTATION_CONTEXT('2D SPACE',''
  ) );
#8092 = ADVANCED_FACE('',(#8093),#5920,.T.);
#8093 = FACE_BOUND('',#8094,.T.);
#8094 = EDGE_LOOP('',(#8095,#8096,#8097,#8098));
#8095 = ORIENTED_EDGE('',*,*,#5904,.F.);
#8096 = ORIENTED_EDGE('',*,*,#8071,.T.);
#8097 = ORIENTED_EDGE('',*,*,#7114,.F.);
#8098 = ORIENTED_EDGE('',*,*,#8099,.F.);
#8099 = EDGE_CURVE('',#5877,#7115,#8100,.T.);
#8100 = SURFACE_CURVE('',#8101,(#8106,#8113),.PCURVE_S1.);
#8101 = CIRCLE('',#8102,115.4399277633);
#8102 = AXIS2_PLACEMENT_3D('',#8103,#8104,#8105);
#8103 = CARTESIAN_POINT('',(0.,0.,-270.3654792347));
#8104 = DIRECTION('',(0.,0.,1.));
#8105 = DIRECTION('',(1.,0.,-0.));
#8106 = PCURVE('',#5920,#8107);
#8107 = DEFINITIONAL_REPRESENTATION('',(#8108),#8112);
#8108 = LINE('',#8109,#8110);
#8109 = CARTESIAN_POINT('',(-0.,-1.227732026107));
#8110 = VECTOR('',#8111,1.);
#8111 = DIRECTION('',(-1.,-0.));
#8112 = ( GEOMETRIC_REPRESENTATION_CONTEXT(2) 
PARAMETRIC_REPRESENTATION_CONTEXT() REPRESENTATION_CONTEXT('2D SPACE',''
  ) );
#8113 = PCURVE('',#5892,#8114);
#8114 = DEFINITIONAL_REPRESENTATION('',(#8115),#8119);
#8115 = LINE('',#8116,#8117);
#8116 = CARTESIAN_POINT('',(-0.,-0.));
#8117 = VECTOR('',#8118,1.);
#8118 = DIRECTION('',(-1.,-0.));
#8119 = ( GEOMETRIC_REPRESENTATION_CONTEXT(2) 
PARAMETRIC_REPRESENTATION_CONTEXT() REPRESENTATION_CONTEXT('2D SPACE',''
  ) );
#8120 = ADVANCED_FACE('',(#8121),#5892,.T.);
#8121 = FACE_BOUND('',#8122,.T.);
#8122 = EDGE_LOOP('',(#8123,#8124,#8125,#8126));
#8123 = ORIENTED_EDGE('',*,*,#5876,.F.);
#8124 = ORIENTED_EDGE('',*,*,#8099,.T.);
#8125 = ORIENTED_EDGE('',*,*,#7135,.F.);
#8126 = ORIENTED_EDGE('',*,*,#8127,.F.);
#8127 = EDGE_CURVE('',#5851,#7136,#8128,.T.);
#8128 = SURFACE_CURVE('',#8129,(#8134,#8141),.PCURVE_S1.);
#8129 = CIRCLE('',#8130,114.28974847119);
#8130 = AXIS2_PLACEMENT_3D('',#8131,#8132,#8133);
#8131 = CARTESIAN_POINT('',(0.,0.,-269.1823255522));
#8132 = DIRECTION('',(0.,0.,1.));
#8133 = DIRECTION('',(1.,0.,-0.));
#8134 = PCURVE('',#5892,#8135);
#8135 = DEFINITIONAL_REPRESENTATION('',(#8136),#8140);
#8136 = LINE('',#8137,#8138);
#8137 = CARTESIAN_POINT('',(-0.,-1.183153682529));
#8138 = VECTOR('',#8139,1.);
#8139 = DIRECTION('',(-1.,-0.));
#8140 = ( GEOMETRIC_REPRESENTATION_CONTEXT(2) 
PARAMETRIC_REPRESENTATION_CONTEXT() REPRESENTATION_CONTEXT('2D SPACE',''
  ) );
#8141 = PCURVE('',#5865,#8142);
#8142 = DEFINITIONAL_REPRESENTATION('',(#8143),#8147);
#8143 = CIRCLE('',#8144,114.28974847119);
#8144 = AXIS2_PLACEMENT_2D('',#8145,#8146);
#8145 = CARTESIAN_POINT('',(0.,0.));
#8146 = DIRECTION('',(1.,0.));
#8147 = ( GEOMETRIC_REPRESENTATION_CONTEXT(2) 
PARAMETRIC_REPRESENTATION_CONTEXT() REPRESENTATION_CONTEXT('2D SPACE',''
  ) );
#8148 = ADVANCED_FACE('',(#8149),#5865,.T.);
#8149 = FACE_BOUND('',#8150,.T.);
#8150 = EDGE_LOOP('',(#8151,#8152,#8153,#8154));
#8151 = ORIENTED_EDGE('',*,*,#5850,.F.);
#8152 = ORIENTED_EDGE('',*,*,#8127,.T.);
#8153 = ORIENTED_EDGE('',*,*,#7156,.F.);
#8154 = ORIENTED_EDGE('',*,*,#7200,.F.);
#8155 = ADVANCED_FACE('',(#8156),#6934,.F.);
#8156 = FACE_BOUND('',#8157,.F.);
#8157 = EDGE_LOOP('',(#8158,#8188,#8216,#8244,#8265,#8266));
#8158 = ORIENTED_EDGE('',*,*,#8159,.F.);
#8159 = EDGE_CURVE('',#8160,#8162,#8164,.T.);
#8160 = VERTEX_POINT('',#8161);
#8161 = CARTESIAN_POINT('',(-2.,125.62167815458,-290.823028373));
#8162 = VERTEX_POINT('',#8163);
#8163 = CARTESIAN_POINT('',(0.,125.62167815458,-290.823028373));
#8164 = SURFACE_CURVE('',#8165,(#8169,#8176),.PCURVE_S1.);
#8165 = LINE('',#8166,#8167);
#8166 = CARTESIAN_POINT('',(-2.,125.62167815458,-290.823028373));
#8167 = VECTOR('',#8168,1.);
#8168 = DIRECTION('',(1.,0.,-0.));
#8169 = PCURVE('',#6934,#8170);
#8170 = DEFINITIONAL_REPRESENTATION('',(#8171),#8175);
#8171 = LINE('',#8172,#8173);
#8172 = CARTESIAN_POINT('',(0.,0.));
#8173 = VECTOR('',#8174,1.);
#8174 = DIRECTION('',(0.,1.));
#8175 = ( GEOMETRIC_REPRESENTATION_CONTEXT(2) 
PARAMETRIC_REPRESENTATION_CONTEXT() REPRESENTATION_CONTEXT('2D SPACE',''
  ) );
#8176 = PCURVE('',#8177,#8182);
#8177 = PLANE('',#8178);
#8178 = AXIS2_PLACEMENT_3D('',#8179,#8180,#8181);
#8179 = CARTESIAN_POINT('',(-2.,125.62167815458,-290.823028373));
#8180 = DIRECTION('',(0.,0.,1.));
#8181 = DIRECTION('',(1.,0.,-0.));
#8182 = DEFINITIONAL_REPRESENTATION('',(#8183),#8187);
#8183 = LINE('',#8184,#8185);
#8184 = CARTESIAN_POINT('',(0.,0.));
#8185 = VECTOR('',#8186,1.);
#8186 = DIRECTION('',(1.,0.));
#8187 = ( GEOMETRIC_REPRESENTATION_CONTEXT(2) 
PARAMETRIC_REPRESENTATION_CONTEXT() REPRESENTATION_CONTEXT('2D SPACE',''
  ) );
#8188 = ORIENTED_EDGE('',*,*,#8189,.T.);
#8189 = EDGE_CURVE('',#8160,#8190,#8192,.T.);
#8190 = VERTEX_POINT('',#8191);
#8191 = CARTESIAN_POINT('',(-2.,125.62167815458,-276.823028373));
#8192 = SURFACE_CURVE('',#8193,(#8197,#8204),.PCURVE_S1.);
#8193 = LINE('',#8194,#8195);
#8194 = CARTESIAN_POINT('',(-2.,125.62167815458,-290.823028373));
#8195 = VECTOR('',#8196,1.);
#8196 = DIRECTION('',(0.,0.,1.));
#8197 = PCURVE('',#6934,#8198);
#8198 = DEFINITIONAL_REPRESENTATION('',(#8199),#8203);
#8199 = LINE('',#8200,#8201);
#8200 = CARTESIAN_POINT('',(0.,0.));
#8201 = VECTOR('',#8202,1.);
#8202 = DIRECTION('',(1.,0.));
#8203 = ( GEOMETRIC_REPRESENTATION_CONTEXT(2) 
PARAMETRIC_REPRESENTATION_CONTEXT() REPRESENTATION_CONTEXT('2D SPACE',''
  ) );
#8204 = PCURVE('',#8205,#8210);
#8205 = PLANE('',#8206);
#8206 = AXIS2_PLACEMENT_3D('',#8207,#8208,#8209);
#8207 = CARTESIAN_POINT('',(-2.,125.62167815458,-290.823028373));
#8208 = DIRECTION('',(1.,0.,-0.));
#8209 = DIRECTION('',(0.,0.,1.));
#8210 = DEFINITIONAL_REPRESENTATION('',(#8211),#8215);
#8211 = LINE('',#8212,#8213);
#8212 = CARTESIAN_POINT('',(0.,0.));
#8213 = VECTOR('',#8214,1.);
#8214 = DIRECTION('',(1.,0.));
#8215 = ( GEOMETRIC_REPRESENTATION_CONTEXT(2) 
PARAMETRIC_REPRESENTATION_CONTEXT() REPRESENTATION_CONTEXT('2D SPACE',''
  ) );
#8216 = ORIENTED_EDGE('',*,*,#8217,.T.);
#8217 = EDGE_CURVE('',#8190,#8218,#8220,.T.);
#8218 = VERTEX_POINT('',#8219);
#8219 = CARTESIAN_POINT('',(0.,125.62167815458,-276.823028373));
#8220 = SURFACE_CURVE('',#8221,(#8225,#8232),.PCURVE_S1.);
#8221 = LINE('',#8222,#8223);
#8222 = CARTESIAN_POINT('',(-2.,125.62167815458,-276.823028373));
#8223 = VECTOR('',#8224,1.);
#8224 = DIRECTION('',(1.,0.,-0.));
#8225 = PCURVE('',#6934,#8226);
#8226 = DEFINITIONAL_REPRESENTATION('',(#8227),#8231);
#8227 = LINE('',#8228,#8229);
#8228 = CARTESIAN_POINT('',(14.,0.));
#8229 = VECTOR('',#8230,1.);
#8230 = DIRECTION('',(0.,1.));
#8231 = ( GEOMETRIC_REPRESENTATION_CONTEXT(2) 
PARAMETRIC_REPRESENTATION_CONTEXT() REPRESENTATION_CONTEXT('2D SPACE',''
  ) );
#8232 = PCURVE('',#8233,#8238);
#8233 = PLANE('',#8234);
#8234 = AXIS2_PLACEMENT_3D('',#8235,#8236,#8237);
#8235 = CARTESIAN_POINT('',(-2.,125.62167815458,-276.823028373));
#8236 = DIRECTION('',(0.,0.,1.));
#8237 = DIRECTION('',(1.,0.,-0.));
#8238 = DEFINITIONAL_REPRESENTATION('',(#8239),#8243);
#8239 = LINE('',#8240,#8241);
#8240 = CARTESIAN_POINT('',(0.,0.));
#8241 = VECTOR('',#8242,1.);
#8242 = DIRECTION('',(1.,0.));
#8243 = ( GEOMETRIC_REPRESENTATION_CONTEXT(2) 
PARAMETRIC_REPRESENTATION_CONTEXT() REPRESENTATION_CONTEXT('2D SPACE',''
  ) );
#8244 = ORIENTED_EDGE('',*,*,#8245,.F.);
#8245 = EDGE_CURVE('',#6919,#8218,#8246,.T.);
#8246 = SURFACE_CURVE('',#8247,(#8251,#8258),.PCURVE_S1.);
#8247 = LINE('',#8248,#8249);
#8248 = CARTESIAN_POINT('',(0.,125.62167815458,-290.823028373));
#8249 = VECTOR('',#8250,1.);
#8250 = DIRECTION('',(0.,0.,1.));
#8251 = PCURVE('',#6934,#8252);
#8252 = DEFINITIONAL_REPRESENTATION('',(#8253),#8257);
#8253 = LINE('',#8254,#8255);
#8254 = CARTESIAN_POINT('',(0.,2.));
#8255 = VECTOR('',#8256,1.);
#8256 = DIRECTION('',(1.,0.));
#8257 = ( GEOMETRIC_REPRESENTATION_CONTEXT(2) 
PARAMETRIC_REPRESENTATION_CONTEXT() REPRESENTATION_CONTEXT('2D SPACE',''
  ) );
#8258 = PCURVE('',#7884,#8259);
#8259 = DEFINITIONAL_REPRESENTATION('',(#8260),#8264);
#8260 = LINE('',#8261,#8262);
#8261 = CARTESIAN_POINT('',(0.,0.));
#8262 = VECTOR('',#8263,1.);
#8263 = DIRECTION('',(1.,0.));
#8264 = ( GEOMETRIC_REPRESENTATION_CONTEXT(2) 
PARAMETRIC_REPRESENTATION_CONTEXT() REPRESENTATION_CONTEXT('2D SPACE',''
  ) );
#8265 = ORIENTED_EDGE('',*,*,#6918,.F.);
#8266 = ORIENTED_EDGE('',*,*,#8267,.F.);
#8267 = EDGE_CURVE('',#8162,#6898,#8268,.T.);
#8268 = SURFACE_CURVE('',#8269,(#8273,#8280),.PCURVE_S1.);
#8269 = LINE('',#8270,#8271);
#8270 = CARTESIAN_POINT('',(0.,125.62167815458,-290.823028373));
#8271 = VECTOR('',#8272,1.);
#8272 = DIRECTION('',(0.,0.,1.));
#8273 = PCURVE('',#6934,#8274);
#8274 = DEFINITIONAL_REPRESENTATION('',(#8275),#8279);
#8275 = LINE('',#8276,#8277);
#8276 = CARTESIAN_POINT('',(0.,2.));
#8277 = VECTOR('',#8278,1.);
#8278 = DIRECTION('',(1.,0.));
#8279 = ( GEOMETRIC_REPRESENTATION_CONTEXT(2) 
PARAMETRIC_REPRESENTATION_CONTEXT() REPRESENTATION_CONTEXT('2D SPACE',''
  ) );
#8280 = PCURVE('',#7637,#8281);
#8281 = DEFINITIONAL_REPRESENTATION('',(#8282),#8286);
#8282 = LINE('',#8283,#8284);
#8283 = CARTESIAN_POINT('',(0.,0.));
#8284 = VECTOR('',#8285,1.);
#8285 = DIRECTION('',(1.,0.));
#8286 = ( GEOMETRIC_REPRESENTATION_CONTEXT(2) 
PARAMETRIC_REPRESENTATION_CONTEXT() REPRESENTATION_CONTEXT('2D SPACE',''
  ) );
#8287 = ADVANCED_FACE('',(#8288),#7698,.F.);
#8288 = FACE_BOUND('',#8289,.F.);
#8289 = EDGE_LOOP('',(#8290,#8320,#8352,#8377,#8378,#8379,#8380,#8407));
#8290 = ORIENTED_EDGE('',*,*,#8291,.F.);
#8291 = EDGE_CURVE('',#8292,#8294,#8296,.T.);
#8292 = VERTEX_POINT('',#8293);
#8293 = CARTESIAN_POINT('',(127.77167815458,2.2,-287.1329153637));
#8294 = VERTEX_POINT('',#8295);
#8295 = CARTESIAN_POINT('',(127.77167815458,2.2,-282.2748840068));
#8296 = SURFACE_CURVE('',#8297,(#8301,#8308),.PCURVE_S1.);
#8297 = LINE('',#8298,#8299);
#8298 = CARTESIAN_POINT('',(127.77167815458,2.2,-290.823028373));
#8299 = VECTOR('',#8300,1.);
#8300 = DIRECTION('',(0.,0.,1.));
#8301 = PCURVE('',#7698,#8302);
#8302 = DEFINITIONAL_REPRESENTATION('',(#8303),#8307);
#8303 = LINE('',#8304,#8305);
#8304 = CARTESIAN_POINT('',(0.,2.3));
#8305 = VECTOR('',#8306,1.);
#8306 = DIRECTION('',(1.,0.));
#8307 = ( GEOMETRIC_REPRESENTATION_CONTEXT(2) 
PARAMETRIC_REPRESENTATION_CONTEXT() REPRESENTATION_CONTEXT('2D SPACE',''
  ) );
#8308 = PCURVE('',#8309,#8314);
#8309 = PLANE('',#8310);
#8310 = AXIS2_PLACEMENT_3D('',#8311,#8312,#8313);
#8311 = CARTESIAN_POINT('',(127.77167815458,0.,-290.823028373));
#8312 = DIRECTION('',(1.,0.,-0.));
#8313 = DIRECTION('',(0.,0.,1.));
#8314 = DEFINITIONAL_REPRESENTATION('',(#8315),#8319);
#8315 = LINE('',#8316,#8317);
#8316 = CARTESIAN_POINT('',(0.,-2.2));
#8317 = VECTOR('',#8318,1.);
#8318 = DIRECTION('',(1.,0.));
#8319 = ( GEOMETRIC_REPRESENTATION_CONTEXT(2) 
PARAMETRIC_REPRESENTATION_CONTEXT() REPRESENTATION_CONTEXT('2D SPACE',''
  ) );
#8320 = ORIENTED_EDGE('',*,*,#8321,.T.);
#8321 = EDGE_CURVE('',#8292,#8322,#8324,.T.);
#8322 = VERTEX_POINT('',#8323);
#8323 = CARTESIAN_POINT('',(127.24385932428,2.2,-286.7322117379));
#8324 = SURFACE_CURVE('',#8325,(#8330,#8337),.PCURVE_S1.);
#8325 = HYPERBOLA('',#8326,1.67042010131,2.2);
#8326 = AXIS2_PLACEMENT_3D('',#8327,#8328,#8329);
#8327 = CARTESIAN_POINT('',(0.,2.2,-190.1038176194));
#8328 = DIRECTION('',(0.,1.,0.));
#8329 = DIRECTION('',(0.,0.,-1.));
#8330 = PCURVE('',#7698,#8331);
#8331 = DEFINITIONAL_REPRESENTATION('',(#8332),#8336);
#8332 = ( BOUNDED_CURVE() B_SPLINE_CURVE(2,(#8333,#8334,#8335),
.UNSPECIFIED.,.F.,.F.) B_SPLINE_CURVE_WITH_KNOTS((3,3),(-4.756807037035,
-4.75086994218),.PIECEWISE_BEZIER_KNOTS.) CURVE() 
GEOMETRIC_REPRESENTATION_ITEM() RATIONAL_B_SPLINE_CURVE((1.,
1.00000440614,1.)) REPRESENTATION_ITEM('') );
#8333 = CARTESIAN_POINT('',(3.515504015029,2.53));
#8334 = CARTESIAN_POINT('',(3.804014370849,2.149965944673));
#8335 = CARTESIAN_POINT('',(4.090816635155,1.772181169699));
#8336 = ( GEOMETRIC_REPRESENTATION_CONTEXT(2) 
PARAMETRIC_REPRESENTATION_CONTEXT() REPRESENTATION_CONTEXT('2D SPACE',''
  ) );
#8337 = PCURVE('',#8338,#8343);
#8338 = CONICAL_SURFACE('',#8339,127.26287650268,0.921381242653);
#8339 = AXIS2_PLACEMENT_3D('',#8340,#8341,#8342);
#8340 = CARTESIAN_POINT('',(0.,0.,-286.7322117379));
#8341 = DIRECTION('',(-0.,-0.,-1.));
#8342 = DIRECTION('',(1.,0.,0.));
#8343 = DEFINITIONAL_REPRESENTATION('',(#8344),#8351);
#8344 = B_SPLINE_CURVE_WITH_KNOTS('',5,(#8345,#8346,#8347,#8348,#8349,
    #8350),.UNSPECIFIED.,.F.,.F.,(6,6),(-4.756807037035,-4.75086994218),
  .PIECEWISE_BEZIER_KNOTS.);
#8345 = CARTESIAN_POINT('',(-1.718558257726E-02,0.575312620126));
#8346 = CARTESIAN_POINT('',(-1.720598805956E-02,0.459908138807));
#8347 = CARTESIAN_POINT('',(-1.722642382472E-02,0.344674974624));
#8348 = CARTESIAN_POINT('',(-1.724688993263E-02,0.229612788586));
#8349 = CARTESIAN_POINT('',(-1.726738644337E-02,0.114721242706));
#8350 = CARTESIAN_POINT('',(-1.728791341721E-02,6.844264515546E-15));
#8351 = ( GEOMETRIC_REPRESENTATION_CONTEXT(2) 
PARAMETRIC_REPRESENTATION_CONTEXT() REPRESENTATION_CONTEXT('2D SPACE',''
  ) );
#8352 = ORIENTED_EDGE('',*,*,#8353,.T.);
#8353 = EDGE_CURVE('',#8322,#7650,#8354,.T.);
#8354 = SURFACE_CURVE('',#8355,(#8360,#8367),.PCURVE_S1.);
#8355 = HYPERBOLA('',#8356,1.714174079654,2.2);
#8356 = AXIS2_PLACEMENT_3D('',#8357,#8358,#8359);
#8357 = CARTESIAN_POINT('',(0.,2.2,-187.5727916456));
#8358 = DIRECTION('',(0.,1.,0.));
#8359 = DIRECTION('',(0.,0.,-1.));
#8360 = PCURVE('',#7698,#8361);
#8361 = DEFINITIONAL_REPRESENTATION('',(#8362),#8366);
#8362 = ( BOUNDED_CURVE() B_SPLINE_CURVE(2,(#8363,#8364,#8365),
.UNSPECIFIED.,.F.,.F.) B_SPLINE_CURVE_WITH_KNOTS((3,3),(-4.75086994218,
-4.74122938153),.PIECEWISE_BEZIER_KNOTS.) CURVE() 
GEOMETRIC_REPRESENTATION_ITEM() RATIONAL_B_SPLINE_CURVE((1.,
1.000011617574,1.)) REPRESENTATION_ITEM('') );
#8363 = CARTESIAN_POINT('',(4.090816635155,1.772181169699));
#8364 = CARTESIAN_POINT('',(4.568717710422,1.158743181117));
#8365 = CARTESIAN_POINT('',(5.042032999771,0.551189779726));
#8366 = ( GEOMETRIC_REPRESENTATION_CONTEXT(2) 
PARAMETRIC_REPRESENTATION_CONTEXT() REPRESENTATION_CONTEXT('2D SPACE',''
  ) );
#8367 = PCURVE('',#7666,#8368);
#8368 = DEFINITIONAL_REPRESENTATION('',(#8369),#8376);
#8369 = B_SPLINE_CURVE_WITH_KNOTS('',5,(#8370,#8371,#8372,#8373,#8374,
    #8375),.UNSPECIFIED.,.F.,.F.,(6,6),(-4.75086994218,-4.74122938153),
  .PIECEWISE_BEZIER_KNOTS.);
#8370 = CARTESIAN_POINT('',(-1.728791341721E-02,0.951216364616));
#8371 = CARTESIAN_POINT('',(-1.732124479241E-02,0.760054453967));
#8372 = CARTESIAN_POINT('',(-1.735465648889E-02,0.569353339175));
#8373 = CARTESIAN_POINT('',(-1.738814876465E-02,0.379111539683));
#8374 = CARTESIAN_POINT('',(-1.742172187893E-02,0.189327582075));
#8375 = CARTESIAN_POINT('',(-1.745537609223E-02,0.));
#8376 = ( GEOMETRIC_REPRESENTATION_CONTEXT(2) 
PARAMETRIC_REPRESENTATION_CONTEXT() REPRESENTATION_CONTEXT('2D SPACE',''
  ) );
#8377 = ORIENTED_EDGE('',*,*,#7678,.T.);
#8378 = ORIENTED_EDGE('',*,*,#7740,.T.);
#8379 = ORIENTED_EDGE('',*,*,#7815,.F.);
#8380 = ORIENTED_EDGE('',*,*,#8381,.F.);
#8381 = EDGE_CURVE('',#8382,#7816,#8384,.T.);
#8382 = VERTEX_POINT('',#8383);
#8383 = CARTESIAN_POINT('',(127.1857981652,2.2,-281.7718033948));
#8384 = SURFACE_CURVE('',#8385,(#8390,#8397),.PCURVE_S1.);
#8385 = HYPERBOLA('',#8386,1.93336507782,2.2);
#8386 = AXIS2_PLACEMENT_3D('',#8387,#8388,#8389);
#8387 = CARTESIAN_POINT('',(0.,2.2,-169.9839104412));
#8388 = DIRECTION('',(0.,1.,0.));
#8389 = DIRECTION('',(-0.,0.,-1.));
#8390 = PCURVE('',#7698,#8391);
#8391 = DEFINITIONAL_REPRESENTATION('',(#8392),#8396);
#8392 = ( BOUNDED_CURVE() B_SPLINE_CURVE(2,(#8393,#8394,#8395),
.UNSPECIFIED.,.F.,.F.) B_SPLINE_CURVE_WITH_KNOTS((3,3),(-4.750413607958,
-4.740951832254),.PIECEWISE_BEZIER_KNOTS.) CURVE() 
GEOMETRIC_REPRESENTATION_ITEM() RATIONAL_B_SPLINE_CURVE((1.,
1.000011190671,1.)) REPRESENTATION_ITEM('') );
#8393 = CARTESIAN_POINT('',(9.051224978225,1.714120010618));
#8394 = CARTESIAN_POINT('',(9.579997917784,1.112332743572));
#8395 = CARTESIAN_POINT('',(10.103790572733,0.516211748212));
#8396 = ( GEOMETRIC_REPRESENTATION_CONTEXT(2) 
PARAMETRIC_REPRESENTATION_CONTEXT() REPRESENTATION_CONTEXT('2D SPACE',''
  ) );
#8397 = PCURVE('',#7859,#8398);
#8398 = DEFINITIONAL_REPRESENTATION('',(#8399),#8406);
#8399 = B_SPLINE_CURVE_WITH_KNOTS('',5,(#8400,#8401,#8402,#8403,#8404,
    #8405),.UNSPECIFIED.,.F.,.F.,(6,6),(-4.750413607958,-4.740951832254)
  ,.PIECEWISE_BEZIER_KNOTS.);
#8400 = CARTESIAN_POINT('',(-1.72958038907E-02,0.));
#8401 = CARTESIAN_POINT('',(-1.732853206231E-02,-0.211510753771));
#8402 = CARTESIAN_POINT('',(-1.736133763898E-02,-0.422521115872));
#8403 = CARTESIAN_POINT('',(-1.739422086476E-02,-0.633032664264));
#8404 = CARTESIAN_POINT('',(-1.74271819848E-02,-0.843046969443));
#8405 = CARTESIAN_POINT('',(-1.746022124545E-02,-1.052565594508));
#8406 = ( GEOMETRIC_REPRESENTATION_CONTEXT(2) 
PARAMETRIC_REPRESENTATION_CONTEXT() REPRESENTATION_CONTEXT('2D SPACE',''
  ) );
#8407 = ORIENTED_EDGE('',*,*,#8408,.F.);
#8408 = EDGE_CURVE('',#8294,#8382,#8409,.T.);
#8409 = SURFACE_CURVE('',#8410,(#8415,#8422),.PCURVE_S1.);
#8410 = HYPERBOLA('',#8411,1.889366715622,2.2);
#8411 = AXIS2_PLACEMENT_3D('',#8412,#8413,#8414);
#8412 = CARTESIAN_POINT('',(0.,2.2,-172.5279122234));
#8413 = DIRECTION('',(0.,1.,0.));
#8414 = DIRECTION('',(-0.,0.,-1.));
#8415 = PCURVE('',#7698,#8416);
#8416 = DEFINITIONAL_REPRESENTATION('',(#8417),#8421);
#8417 = ( BOUNDED_CURVE() B_SPLINE_CURVE(2,(#8418,#8419,#8420),
.UNSPECIFIED.,.F.,.F.) B_SPLINE_CURVE_WITH_KNOTS((3,3),(-4.756807037035,
-4.750413607958),.PIECEWISE_BEZIER_KNOTS.) CURVE() 
GEOMETRIC_REPRESENTATION_ITEM() RATIONAL_B_SPLINE_CURVE((1.,
1.000005109496,1.)) REPRESENTATION_ITEM('') );
#8418 = CARTESIAN_POINT('',(8.350648884803,2.53));
#8419 = CARTESIAN_POINT('',(8.702056865031,2.120756135844));
#8420 = CARTESIAN_POINT('',(9.051224978225,1.714120010618));
#8421 = ( GEOMETRIC_REPRESENTATION_CONTEXT(2) 
PARAMETRIC_REPRESENTATION_CONTEXT() REPRESENTATION_CONTEXT('2D SPACE',''
  ) );
#8422 = PCURVE('',#8423,#8428);
#8423 = CONICAL_SURFACE('',#8424,128.40720281111,0.861213785591);
#8424 = AXIS2_PLACEMENT_3D('',#8425,#8426,#8427);
#8425 = CARTESIAN_POINT('',(0.,0.,-282.8044099677));
#8426 = DIRECTION('',(-0.,-0.,-1.));
#8427 = DIRECTION('',(1.,0.,-0.));
#8428 = DEFINITIONAL_REPRESENTATION('',(#8429),#8436);
#8429 = B_SPLINE_CURVE_WITH_KNOTS('',5,(#8430,#8431,#8432,#8433,#8434,
    #8435),.UNSPECIFIED.,.F.,.F.,(6,6),(-4.756807037035,-4.750413607958)
  ,.PIECEWISE_BEZIER_KNOTS.);
#8430 = CARTESIAN_POINT('',(-1.718558257726E-02,-0.33203047947));
#8431 = CARTESIAN_POINT('',(-1.720755645625E-02,-0.472594150366));
#8432 = CARTESIAN_POINT('',(-1.722956545217E-02,-0.612933117114));
#8433 = CARTESIAN_POINT('',(-1.725160963981E-02,-0.753047858521));
#8434 = CARTESIAN_POINT('',(-1.727368909423E-02,-0.892938851863));
#8435 = CARTESIAN_POINT('',(-1.72958038907E-02,-1.032606572893));
#8436 = ( GEOMETRIC_REPRESENTATION_CONTEXT(2) 
PARAMETRIC_REPRESENTATION_CONTEXT() REPRESENTATION_CONTEXT('2D SPACE',''
  ) );
#8437 = ADVANCED_FACE('',(#8438),#7666,.F.);
#8438 = FACE_BOUND('',#8439,.T.);
#8439 = EDGE_LOOP('',(#8440,#8441,#8442,#8464));
#8440 = ORIENTED_EDGE('',*,*,#8353,.T.);
#8441 = ORIENTED_EDGE('',*,*,#7649,.T.);
#8442 = ORIENTED_EDGE('',*,*,#8443,.T.);
#8443 = EDGE_CURVE('',#7623,#8444,#8446,.T.);
#8444 = VERTEX_POINT('',#8445);
#8445 = CARTESIAN_POINT('',(7.792603717965E-15,127.26287650268,
    -286.7322117379));
#8446 = SURFACE_CURVE('',#8447,(#8451,#8457),.PCURVE_S1.);
#8447 = LINE('',#8448,#8449);
#8448 = CARTESIAN_POINT('',(0.,0.,-187.5727916456));
#8449 = VECTOR('',#8450,1.);
#8450 = DIRECTION('',(-0.,0.78881969635,-0.614624671365));
#8451 = PCURVE('',#7666,#8452);
#8452 = DEFINITIONAL_REPRESENTATION('',(#8453),#8456);
#8453 = B_SPLINE_CURVE_WITH_KNOTS('',1,(#8454,#8455),.UNSPECIFIED.,.F.,
  .F.,(2,2),(159.78565180206,161.33328958644),.PIECEWISE_BEZIER_KNOTS.);
#8454 = CARTESIAN_POINT('',(-1.570796326795,1.74686838183E-14));
#8455 = CARTESIAN_POINT('',(-1.570796326795,0.951216364616));
#8456 = ( GEOMETRIC_REPRESENTATION_CONTEXT(2) 
PARAMETRIC_REPRESENTATION_CONTEXT() REPRESENTATION_CONTEXT('2D SPACE',''
  ) );
#8457 = PCURVE('',#7637,#8458);
#8458 = DEFINITIONAL_REPRESENTATION('',(#8459),#8463);
#8459 = LINE('',#8460,#8461);
#8460 = CARTESIAN_POINT('',(103.25023672747,125.62167815458));
#8461 = VECTOR('',#8462,1.);
#8462 = DIRECTION('',(-0.614624671365,-0.78881969635));
#8463 = ( GEOMETRIC_REPRESENTATION_CONTEXT(2) 
PARAMETRIC_REPRESENTATION_CONTEXT() REPRESENTATION_CONTEXT('2D SPACE',''
  ) );
#8464 = ORIENTED_EDGE('',*,*,#8465,.F.);
#8465 = EDGE_CURVE('',#8322,#8444,#8466,.T.);
#8466 = SURFACE_CURVE('',#8467,(#8472,#8479),.PCURVE_S1.);
#8467 = CIRCLE('',#8468,127.26287650268);
#8468 = AXIS2_PLACEMENT_3D('',#8469,#8470,#8471);
#8469 = CARTESIAN_POINT('',(0.,0.,-286.7322117379));
#8470 = DIRECTION('',(0.,0.,1.));
#8471 = DIRECTION('',(1.,0.,-0.));
#8472 = PCURVE('',#7666,#8473);
#8473 = DEFINITIONAL_REPRESENTATION('',(#8474),#8478);
#8474 = LINE('',#8475,#8476);
#8475 = CARTESIAN_POINT('',(-0.,0.951216364616));
#8476 = VECTOR('',#8477,1.);
#8477 = DIRECTION('',(-1.,0.));
#8478 = ( GEOMETRIC_REPRESENTATION_CONTEXT(2) 
PARAMETRIC_REPRESENTATION_CONTEXT() REPRESENTATION_CONTEXT('2D SPACE',''
  ) );
#8479 = PCURVE('',#8338,#8480);
#8480 = DEFINITIONAL_REPRESENTATION('',(#8481),#8485);
#8481 = LINE('',#8482,#8483);
#8482 = CARTESIAN_POINT('',(-0.,0.));
#8483 = VECTOR('',#8484,1.);
#8484 = DIRECTION('',(-1.,0.));
#8485 = ( GEOMETRIC_REPRESENTATION_CONTEXT(2) 
PARAMETRIC_REPRESENTATION_CONTEXT() REPRESENTATION_CONTEXT('2D SPACE',''
  ) );
#8486 = ADVANCED_FACE('',(#8487),#7637,.T.);
#8487 = FACE_BOUND('',#8488,.T.);
#8488 = EDGE_LOOP('',(#8489,#8490,#8513,#8541,#8561,#8562));
#8489 = ORIENTED_EDGE('',*,*,#8267,.F.);
#8490 = ORIENTED_EDGE('',*,*,#8491,.T.);
#8491 = EDGE_CURVE('',#8162,#8492,#8494,.T.);
#8492 = VERTEX_POINT('',#8493);
#8493 = CARTESIAN_POINT('',(0.,127.62167815458,-290.823028373));
#8494 = SURFACE_CURVE('',#8495,(#8499,#8506),.PCURVE_S1.);
#8495 = LINE('',#8496,#8497);
#8496 = CARTESIAN_POINT('',(0.,125.62167815458,-290.823028373));
#8497 = VECTOR('',#8498,1.);
#8498 = DIRECTION('',(-0.,1.,0.));
#8499 = PCURVE('',#7637,#8500);
#8500 = DEFINITIONAL_REPRESENTATION('',(#8501),#8505);
#8501 = LINE('',#8502,#8503);
#8502 = CARTESIAN_POINT('',(0.,0.));
#8503 = VECTOR('',#8504,1.);
#8504 = DIRECTION('',(0.,-1.));
#8505 = ( GEOMETRIC_REPRESENTATION_CONTEXT(2) 
PARAMETRIC_REPRESENTATION_CONTEXT() REPRESENTATION_CONTEXT('2D SPACE',''
  ) );
#8506 = PCURVE('',#8177,#8507);
#8507 = DEFINITIONAL_REPRESENTATION('',(#8508),#8512);
#8508 = LINE('',#8509,#8510);
#8509 = CARTESIAN_POINT('',(2.,0.));
#8510 = VECTOR('',#8511,1.);
#8511 = DIRECTION('',(0.,1.));
#8512 = ( GEOMETRIC_REPRESENTATION_CONTEXT(2) 
PARAMETRIC_REPRESENTATION_CONTEXT() REPRESENTATION_CONTEXT('2D SPACE',''
  ) );
#8513 = ORIENTED_EDGE('',*,*,#8514,.T.);
#8514 = EDGE_CURVE('',#8492,#8515,#8517,.T.);
#8515 = VERTEX_POINT('',#8516);
#8516 = CARTESIAN_POINT('',(0.,127.62167815458,-287.004643325));
#8517 = SURFACE_CURVE('',#8518,(#8522,#8529),.PCURVE_S1.);
#8518 = LINE('',#8519,#8520);
#8519 = CARTESIAN_POINT('',(0.,127.62167815458,-290.823028373));
#8520 = VECTOR('',#8521,1.);
#8521 = DIRECTION('',(0.,0.,1.));
#8522 = PCURVE('',#7637,#8523);
#8523 = DEFINITIONAL_REPRESENTATION('',(#8524),#8528);
#8524 = LINE('',#8525,#8526);
#8525 = CARTESIAN_POINT('',(0.,-2.));
#8526 = VECTOR('',#8527,1.);
#8527 = DIRECTION('',(1.,0.));
#8528 = ( GEOMETRIC_REPRESENTATION_CONTEXT(2) 
PARAMETRIC_REPRESENTATION_CONTEXT() REPRESENTATION_CONTEXT('2D SPACE',''
  ) );
#8529 = PCURVE('',#8530,#8535);
#8530 = PLANE('',#8531);
#8531 = AXIS2_PLACEMENT_3D('',#8532,#8533,#8534);
#8532 = CARTESIAN_POINT('',(-2.,127.62167815458,-290.823028373));
#8533 = DIRECTION('',(-0.,1.,0.));
#8534 = DIRECTION('',(0.,0.,1.));
#8535 = DEFINITIONAL_REPRESENTATION('',(#8536),#8540);
#8536 = LINE('',#8537,#8538);
#8537 = CARTESIAN_POINT('',(0.,2.));
#8538 = VECTOR('',#8539,1.);
#8539 = DIRECTION('',(1.,0.));
#8540 = ( GEOMETRIC_REPRESENTATION_CONTEXT(2) 
PARAMETRIC_REPRESENTATION_CONTEXT() REPRESENTATION_CONTEXT('2D SPACE',''
  ) );
#8541 = ORIENTED_EDGE('',*,*,#8542,.F.);
#8542 = EDGE_CURVE('',#8444,#8515,#8543,.T.);
#8543 = SURFACE_CURVE('',#8544,(#8548,#8555),.PCURVE_S1.);
#8544 = LINE('',#8545,#8546);
#8545 = CARTESIAN_POINT('',(0.,0.,-190.1038176194));
#8546 = VECTOR('',#8547,1.);
#8547 = DIRECTION('',(-0.,0.796437645474,-0.6047206602));
#8548 = PCURVE('',#7637,#8549);
#8549 = DEFINITIONAL_REPRESENTATION('',(#8550),#8554);
#8550 = LINE('',#8551,#8552);
#8551 = CARTESIAN_POINT('',(100.71921075361,125.62167815458));
#8552 = VECTOR('',#8553,1.);
#8553 = DIRECTION('',(-0.6047206602,-0.796437645474));
#8554 = ( GEOMETRIC_REPRESENTATION_CONTEXT(2) 
PARAMETRIC_REPRESENTATION_CONTEXT() REPRESENTATION_CONTEXT('2D SPACE',''
  ) );
#8555 = PCURVE('',#8338,#8556);
#8556 = DEFINITIONAL_REPRESENTATION('',(#8557),#8560);
#8557 = B_SPLINE_CURVE_WITH_KNOTS('',1,(#8558,#8559),.UNSPECIFIED.,.F.,
  .F.,(2,2),(159.79013200335,161.32869684359),.PIECEWISE_BEZIER_KNOTS.);
#8558 = CARTESIAN_POINT('',(-1.570796326795,0.));
#8559 = CARTESIAN_POINT('',(-1.570796326795,0.930401945949));
#8560 = ( GEOMETRIC_REPRESENTATION_CONTEXT(2) 
PARAMETRIC_REPRESENTATION_CONTEXT() REPRESENTATION_CONTEXT('2D SPACE',''
  ) );
#8561 = ORIENTED_EDGE('',*,*,#8443,.F.);
#8562 = ORIENTED_EDGE('',*,*,#7622,.F.);
#8563 = ADVANCED_FACE('',(#8564),#7884,.T.);
#8564 = FACE_BOUND('',#8565,.T.);
#8565 = EDGE_LOOP('',(#8566,#8567,#8568,#8590,#8612,#8635));
#8566 = ORIENTED_EDGE('',*,*,#8245,.F.);
#8567 = ORIENTED_EDGE('',*,*,#7871,.T.);
#8568 = ORIENTED_EDGE('',*,*,#8569,.T.);
#8569 = EDGE_CURVE('',#7843,#8570,#8572,.T.);
#8570 = VERTEX_POINT('',#8571);
#8571 = CARTESIAN_POINT('',(7.789049028841E-15,127.20482402377,
    -281.7718033948));
#8572 = SURFACE_CURVE('',#8573,(#8577,#8584),.PCURVE_S1.);
#8573 = LINE('',#8574,#8575);
#8574 = CARTESIAN_POINT('',(0.,0.,-169.9839104412));
#8575 = VECTOR('',#8576,1.);
#8576 = DIRECTION('',(-0.,0.751159523995,-0.660120723438));
#8577 = PCURVE('',#7884,#8578);
#8578 = DEFINITIONAL_REPRESENTATION('',(#8579),#8583);
#8579 = LINE('',#8580,#8581);
#8580 = CARTESIAN_POINT('',(120.83911793178,125.62167815458));
#8581 = VECTOR('',#8582,1.);
#8582 = DIRECTION('',(-0.660120723438,-0.751159523995));
#8583 = ( GEOMETRIC_REPRESENTATION_CONTEXT(2) 
PARAMETRIC_REPRESENTATION_CONTEXT() REPRESENTATION_CONTEXT('2D SPACE',''
  ) );
#8584 = PCURVE('',#7859,#8585);
#8585 = DEFINITIONAL_REPRESENTATION('',(#8586),#8589);
#8586 = B_SPLINE_CURVE_WITH_KNOTS('',1,(#8587,#8588),.UNSPECIFIED.,.F.,
  .F.,(2,2),(167.75011513401,169.34461983162),.PIECEWISE_BEZIER_KNOTS.);
#8587 = CARTESIAN_POINT('',(-1.570796326795,-1.052565594508));
#8588 = CARTESIAN_POINT('',(-1.570796326795,0.));
#8589 = ( GEOMETRIC_REPRESENTATION_CONTEXT(2) 
PARAMETRIC_REPRESENTATION_CONTEXT() REPRESENTATION_CONTEXT('2D SPACE',''
  ) );
#8590 = ORIENTED_EDGE('',*,*,#8591,.T.);
#8591 = EDGE_CURVE('',#8570,#8592,#8594,.T.);
#8592 = VERTEX_POINT('',#8593);
#8593 = CARTESIAN_POINT('',(0.,127.62167815458,-282.1297989948));
#8594 = SURFACE_CURVE('',#8595,(#8599,#8606),.PCURVE_S1.);
#8595 = LINE('',#8596,#8597);
#8596 = CARTESIAN_POINT('',(0.,0.,-172.5279122234));
#8597 = VECTOR('',#8598,1.);
#8598 = DIRECTION('',(-0.,0.758633923643,-0.651517129397));
#8599 = PCURVE('',#7884,#8600);
#8600 = DEFINITIONAL_REPRESENTATION('',(#8601),#8605);
#8601 = LINE('',#8602,#8603);
#8602 = CARTESIAN_POINT('',(118.29511614963,125.62167815458));
#8603 = VECTOR('',#8604,1.);
#8604 = DIRECTION('',(-0.651517129397,-0.758633923643));
#8605 = ( GEOMETRIC_REPRESENTATION_CONTEXT(2) 
PARAMETRIC_REPRESENTATION_CONTEXT() REPRESENTATION_CONTEXT('2D SPACE',''
  ) );
#8606 = PCURVE('',#8423,#8607);
#8607 = DEFINITIONAL_REPRESENTATION('',(#8608),#8611);
#8608 = B_SPLINE_CURVE_WITH_KNOTS('',1,(#8609,#8610),.UNSPECIFIED.,.F.,
  .F.,(2,2),(167.67616113565,169.26108734296),.PIECEWISE_BEZIER_KNOTS.);
#8609 = CARTESIAN_POINT('',(-1.570796326795,-1.032606572893));
#8610 = CARTESIAN_POINT('',(-1.570796326795,-1.851723054065E-14));
#8611 = ( GEOMETRIC_REPRESENTATION_CONTEXT(2) 
PARAMETRIC_REPRESENTATION_CONTEXT() REPRESENTATION_CONTEXT('2D SPACE',''
  ) );
#8612 = ORIENTED_EDGE('',*,*,#8613,.T.);
#8613 = EDGE_CURVE('',#8592,#8614,#8616,.T.);
#8614 = VERTEX_POINT('',#8615);
#8615 = CARTESIAN_POINT('',(0.,127.62167815458,-276.823028373));
#8616 = SURFACE_CURVE('',#8617,(#8621,#8628),.PCURVE_S1.);
#8617 = LINE('',#8618,#8619);
#8618 = CARTESIAN_POINT('',(0.,127.62167815458,-290.823028373));
#8619 = VECTOR('',#8620,1.);
#8620 = DIRECTION('',(0.,0.,1.));
#8621 = PCURVE('',#7884,#8622);
#8622 = DEFINITIONAL_REPRESENTATION('',(#8623),#8627);
#8623 = LINE('',#8624,#8625);
#8624 = CARTESIAN_POINT('',(0.,-2.));
#8625 = VECTOR('',#8626,1.);
#8626 = DIRECTION('',(1.,0.));
#8627 = ( GEOMETRIC_REPRESENTATION_CONTEXT(2) 
PARAMETRIC_REPRESENTATION_CONTEXT() REPRESENTATION_CONTEXT('2D SPACE',''
  ) );
#8628 = PCURVE('',#8530,#8629);
#8629 = DEFINITIONAL_REPRESENTATION('',(#8630),#8634);
#8630 = LINE('',#8631,#8632);
#8631 = CARTESIAN_POINT('',(0.,2.));
#8632 = VECTOR('',#8633,1.);
#8633 = DIRECTION('',(1.,0.));
#8634 = ( GEOMETRIC_REPRESENTATION_CONTEXT(2) 
PARAMETRIC_REPRESENTATION_CONTEXT() REPRESENTATION_CONTEXT('2D SPACE',''
  ) );
#8635 = ORIENTED_EDGE('',*,*,#8636,.F.);
#8636 = EDGE_CURVE('',#8218,#8614,#8637,.T.);
#8637 = SURFACE_CURVE('',#8638,(#8642,#8649),.PCURVE_S1.);
#8638 = LINE('',#8639,#8640);
#8639 = CARTESIAN_POINT('',(0.,125.62167815458,-276.823028373));
#8640 = VECTOR('',#8641,1.);
#8641 = DIRECTION('',(-0.,1.,0.));
#8642 = PCURVE('',#7884,#8643);
#8643 = DEFINITIONAL_REPRESENTATION('',(#8644),#8648);
#8644 = LINE('',#8645,#8646);
#8645 = CARTESIAN_POINT('',(14.,0.));
#8646 = VECTOR('',#8647,1.);
#8647 = DIRECTION('',(0.,-1.));
#8648 = ( GEOMETRIC_REPRESENTATION_CONTEXT(2) 
PARAMETRIC_REPRESENTATION_CONTEXT() REPRESENTATION_CONTEXT('2D SPACE',''
  ) );
#8649 = PCURVE('',#8233,#8650);
#8650 = DEFINITIONAL_REPRESENTATION('',(#8651),#8655);
#8651 = LINE('',#8652,#8653);
#8652 = CARTESIAN_POINT('',(2.,0.));
#8653 = VECTOR('',#8654,1.);
#8654 = DIRECTION('',(0.,1.));
#8655 = ( GEOMETRIC_REPRESENTATION_CONTEXT(2) 
PARAMETRIC_REPRESENTATION_CONTEXT() REPRESENTATION_CONTEXT('2D SPACE',''
  ) );
#8656 = ADVANCED_FACE('',(#8657),#7859,.T.);
#8657 = FACE_BOUND('',#8658,.T.);
#8658 = EDGE_LOOP('',(#8659,#8660,#8682,#8683));
#8659 = ORIENTED_EDGE('',*,*,#8381,.F.);
#8660 = ORIENTED_EDGE('',*,*,#8661,.T.);
#8661 = EDGE_CURVE('',#8382,#8570,#8662,.T.);
#8662 = SURFACE_CURVE('',#8663,(#8668,#8675),.PCURVE_S1.);
#8663 = CIRCLE('',#8664,127.20482402377);
#8664 = AXIS2_PLACEMENT_3D('',#8665,#8666,#8667);
#8665 = CARTESIAN_POINT('',(0.,0.,-281.7718033948));
#8666 = DIRECTION('',(0.,0.,1.));
#8667 = DIRECTION('',(1.,0.,-0.));
#8668 = PCURVE('',#7859,#8669);
#8669 = DEFINITIONAL_REPRESENTATION('',(#8670),#8674);
#8670 = LINE('',#8671,#8672);
#8671 = CARTESIAN_POINT('',(-0.,-0.));
#8672 = VECTOR('',#8673,1.);
#8673 = DIRECTION('',(-1.,-0.));
#8674 = ( GEOMETRIC_REPRESENTATION_CONTEXT(2) 
PARAMETRIC_REPRESENTATION_CONTEXT() REPRESENTATION_CONTEXT('2D SPACE',''
  ) );
#8675 = PCURVE('',#8423,#8676);
#8676 = DEFINITIONAL_REPRESENTATION('',(#8677),#8681);
#8677 = LINE('',#8678,#8679);
#8678 = CARTESIAN_POINT('',(-0.,-1.032606572893));
#8679 = VECTOR('',#8680,1.);
#8680 = DIRECTION('',(-1.,-0.));
#8681 = ( GEOMETRIC_REPRESENTATION_CONTEXT(2) 
PARAMETRIC_REPRESENTATION_CONTEXT() REPRESENTATION_CONTEXT('2D SPACE',''
  ) );
#8682 = ORIENTED_EDGE('',*,*,#8569,.F.);
#8683 = ORIENTED_EDGE('',*,*,#7842,.F.);
#8684 = ADVANCED_FACE('',(#8685),#8177,.F.);
#8685 = FACE_BOUND('',#8686,.F.);
#8686 = EDGE_LOOP('',(#8687,#8710,#8711,#8712));
#8687 = ORIENTED_EDGE('',*,*,#8688,.F.);
#8688 = EDGE_CURVE('',#8160,#8689,#8691,.T.);
#8689 = VERTEX_POINT('',#8690);
#8690 = CARTESIAN_POINT('',(-2.,127.62167815458,-290.823028373));
#8691 = SURFACE_CURVE('',#8692,(#8696,#8703),.PCURVE_S1.);
#8692 = LINE('',#8693,#8694);
#8693 = CARTESIAN_POINT('',(-2.,125.62167815458,-290.823028373));
#8694 = VECTOR('',#8695,1.);
#8695 = DIRECTION('',(-0.,1.,0.));
#8696 = PCURVE('',#8177,#8697);
#8697 = DEFINITIONAL_REPRESENTATION('',(#8698),#8702);
#8698 = LINE('',#8699,#8700);
#8699 = CARTESIAN_POINT('',(0.,0.));
#8700 = VECTOR('',#8701,1.);
#8701 = DIRECTION('',(0.,1.));
#8702 = ( GEOMETRIC_REPRESENTATION_CONTEXT(2) 
PARAMETRIC_REPRESENTATION_CONTEXT() REPRESENTATION_CONTEXT('2D SPACE',''
  ) );
#8703 = PCURVE('',#8205,#8704);
#8704 = DEFINITIONAL_REPRESENTATION('',(#8705),#8709);
#8705 = LINE('',#8706,#8707);
#8706 = CARTESIAN_POINT('',(0.,0.));
#8707 = VECTOR('',#8708,1.);
#8708 = DIRECTION('',(0.,-1.));
#8709 = ( GEOMETRIC_REPRESENTATION_CONTEXT(2) 
PARAMETRIC_REPRESENTATION_CONTEXT() REPRESENTATION_CONTEXT('2D SPACE',''
  ) );
#8710 = ORIENTED_EDGE('',*,*,#8159,.T.);
#8711 = ORIENTED_EDGE('',*,*,#8491,.T.);
#8712 = ORIENTED_EDGE('',*,*,#8713,.F.);
#8713 = EDGE_CURVE('',#8689,#8492,#8714,.T.);
#8714 = SURFACE_CURVE('',#8715,(#8719,#8726),.PCURVE_S1.);
#8715 = LINE('',#8716,#8717);
#8716 = CARTESIAN_POINT('',(-2.,127.62167815458,-290.823028373));
#8717 = VECTOR('',#8718,1.);
#8718 = DIRECTION('',(1.,0.,-0.));
#8719 = PCURVE('',#8177,#8720);
#8720 = DEFINITIONAL_REPRESENTATION('',(#8721),#8725);
#8721 = LINE('',#8722,#8723);
#8722 = CARTESIAN_POINT('',(0.,2.));
#8723 = VECTOR('',#8724,1.);
#8724 = DIRECTION('',(1.,0.));
#8725 = ( GEOMETRIC_REPRESENTATION_CONTEXT(2) 
PARAMETRIC_REPRESENTATION_CONTEXT() REPRESENTATION_CONTEXT('2D SPACE',''
  ) );
#8726 = PCURVE('',#8530,#8727);
#8727 = DEFINITIONAL_REPRESENTATION('',(#8728),#8732);
#8728 = LINE('',#8729,#8730);
#8729 = CARTESIAN_POINT('',(0.,0.));
#8730 = VECTOR('',#8731,1.);
#8731 = DIRECTION('',(0.,1.));
#8732 = ( GEOMETRIC_REPRESENTATION_CONTEXT(2) 
PARAMETRIC_REPRESENTATION_CONTEXT() REPRESENTATION_CONTEXT('2D SPACE',''
  ) );
#8733 = ADVANCED_FACE('',(#8734),#8233,.T.);
#8734 = FACE_BOUND('',#8735,.T.);
#8735 = EDGE_LOOP('',(#8736,#8759,#8760,#8761));
#8736 = ORIENTED_EDGE('',*,*,#8737,.F.);
#8737 = EDGE_CURVE('',#8190,#8738,#8740,.T.);
#8738 = VERTEX_POINT('',#8739);
#8739 = CARTESIAN_POINT('',(-2.,127.62167815458,-276.823028373));
#8740 = SURFACE_CURVE('',#8741,(#8745,#8752),.PCURVE_S1.);
#8741 = LINE('',#8742,#8743);
#8742 = CARTESIAN_POINT('',(-2.,125.62167815458,-276.823028373));
#8743 = VECTOR('',#8744,1.);
#8744 = DIRECTION('',(-0.,1.,0.));
#8745 = PCURVE('',#8233,#8746);
#8746 = DEFINITIONAL_REPRESENTATION('',(#8747),#8751);
#8747 = LINE('',#8748,#8749);
#8748 = CARTESIAN_POINT('',(0.,0.));
#8749 = VECTOR('',#8750,1.);
#8750 = DIRECTION('',(0.,1.));
#8751 = ( GEOMETRIC_REPRESENTATION_CONTEXT(2) 
PARAMETRIC_REPRESENTATION_CONTEXT() REPRESENTATION_CONTEXT('2D SPACE',''
  ) );
#8752 = PCURVE('',#8205,#8753);
#8753 = DEFINITIONAL_REPRESENTATION('',(#8754),#8758);
#8754 = LINE('',#8755,#8756);
#8755 = CARTESIAN_POINT('',(14.,0.));
#8756 = VECTOR('',#8757,1.);
#8757 = DIRECTION('',(0.,-1.));
#8758 = ( GEOMETRIC_REPRESENTATION_CONTEXT(2) 
PARAMETRIC_REPRESENTATION_CONTEXT() REPRESENTATION_CONTEXT('2D SPACE',''
  ) );
#8759 = ORIENTED_EDGE('',*,*,#8217,.T.);
#8760 = ORIENTED_EDGE('',*,*,#8636,.T.);
#8761 = ORIENTED_EDGE('',*,*,#8762,.F.);
#8762 = EDGE_CURVE('',#8738,#8614,#8763,.T.);
#8763 = SURFACE_CURVE('',#8764,(#8768,#8775),.PCURVE_S1.);
#8764 = LINE('',#8765,#8766);
#8765 = CARTESIAN_POINT('',(-2.,127.62167815458,-276.823028373));
#8766 = VECTOR('',#8767,1.);
#8767 = DIRECTION('',(1.,0.,-0.));
#8768 = PCURVE('',#8233,#8769);
#8769 = DEFINITIONAL_REPRESENTATION('',(#8770),#8774);
#8770 = LINE('',#8771,#8772);
#8771 = CARTESIAN_POINT('',(0.,2.));
#8772 = VECTOR('',#8773,1.);
#8773 = DIRECTION('',(1.,0.));
#8774 = ( GEOMETRIC_REPRESENTATION_CONTEXT(2) 
PARAMETRIC_REPRESENTATION_CONTEXT() REPRESENTATION_CONTEXT('2D SPACE',''
  ) );
#8775 = PCURVE('',#8530,#8776);
#8776 = DEFINITIONAL_REPRESENTATION('',(#8777),#8781);
#8777 = LINE('',#8778,#8779);
#8778 = CARTESIAN_POINT('',(14.,0.));
#8779 = VECTOR('',#8780,1.);
#8780 = DIRECTION('',(0.,1.));
#8781 = ( GEOMETRIC_REPRESENTATION_CONTEXT(2) 
PARAMETRIC_REPRESENTATION_CONTEXT() REPRESENTATION_CONTEXT('2D SPACE',''
  ) );
#8782 = ADVANCED_FACE('',(#8783),#8205,.F.);
#8783 = FACE_BOUND('',#8784,.F.);
#8784 = EDGE_LOOP('',(#8785,#8786,#8787,#8808));
#8785 = ORIENTED_EDGE('',*,*,#8189,.F.);
#8786 = ORIENTED_EDGE('',*,*,#8688,.T.);
#8787 = ORIENTED_EDGE('',*,*,#8788,.T.);
#8788 = EDGE_CURVE('',#8689,#8738,#8789,.T.);
#8789 = SURFACE_CURVE('',#8790,(#8794,#8801),.PCURVE_S1.);
#8790 = LINE('',#8791,#8792);
#8791 = CARTESIAN_POINT('',(-2.,127.62167815458,-290.823028373));
#8792 = VECTOR('',#8793,1.);
#8793 = DIRECTION('',(0.,0.,1.));
#8794 = PCURVE('',#8205,#8795);
#8795 = DEFINITIONAL_REPRESENTATION('',(#8796),#8800);
#8796 = LINE('',#8797,#8798);
#8797 = CARTESIAN_POINT('',(0.,-2.));
#8798 = VECTOR('',#8799,1.);
#8799 = DIRECTION('',(1.,0.));
#8800 = ( GEOMETRIC_REPRESENTATION_CONTEXT(2) 
PARAMETRIC_REPRESENTATION_CONTEXT() REPRESENTATION_CONTEXT('2D SPACE',''
  ) );
#8801 = PCURVE('',#8530,#8802);
#8802 = DEFINITIONAL_REPRESENTATION('',(#8803),#8807);
#8803 = LINE('',#8804,#8805);
#8804 = CARTESIAN_POINT('',(0.,0.));
#8805 = VECTOR('',#8806,1.);
#8806 = DIRECTION('',(1.,0.));
#8807 = ( GEOMETRIC_REPRESENTATION_CONTEXT(2) 
PARAMETRIC_REPRESENTATION_CONTEXT() REPRESENTATION_CONTEXT('2D SPACE',''
  ) );
#8808 = ORIENTED_EDGE('',*,*,#8737,.F.);
#8809 = ADVANCED_FACE('',(#8810),#8309,.F.);
#8810 = FACE_BOUND('',#8811,.F.);
#8811 = EDGE_LOOP('',(#8812,#8842,#8867,#8868));
#8812 = ORIENTED_EDGE('',*,*,#8813,.F.);
#8813 = EDGE_CURVE('',#8814,#8816,#8818,.T.);
#8814 = VERTEX_POINT('',#8815);
#8815 = CARTESIAN_POINT('',(127.77167815458,0.,-287.1185356047));
#8816 = VERTEX_POINT('',#8817);
#8817 = CARTESIAN_POINT('',(127.77167815458,0.,-282.2586194527));
#8818 = SURFACE_CURVE('',#8819,(#8823,#8830),.PCURVE_S1.);
#8819 = LINE('',#8820,#8821);
#8820 = CARTESIAN_POINT('',(127.77167815458,0.,-290.823028373));
#8821 = VECTOR('',#8822,1.);
#8822 = DIRECTION('',(0.,0.,1.));
#8823 = PCURVE('',#8309,#8824);
#8824 = DEFINITIONAL_REPRESENTATION('',(#8825),#8829);
#8825 = LINE('',#8826,#8827);
#8826 = CARTESIAN_POINT('',(0.,0.));
#8827 = VECTOR('',#8828,1.);
#8828 = DIRECTION('',(1.,0.));
#8829 = ( GEOMETRIC_REPRESENTATION_CONTEXT(2) 
PARAMETRIC_REPRESENTATION_CONTEXT() REPRESENTATION_CONTEXT('2D SPACE',''
  ) );
#8830 = PCURVE('',#8831,#8836);
#8831 = PLANE('',#8832);
#8832 = AXIS2_PLACEMENT_3D('',#8833,#8834,#8835);
#8833 = CARTESIAN_POINT('',(-1.E+03,0.,-1.E+03));
#8834 = DIRECTION('',(-0.,1.,0.));
#8835 = DIRECTION('',(0.,0.,1.));
#8836 = DEFINITIONAL_REPRESENTATION('',(#8837),#8841);
#8837 = LINE('',#8838,#8839);
#8838 = CARTESIAN_POINT('',(709.17697162691,1.127771678155E+03));
#8839 = VECTOR('',#8840,1.);
#8840 = DIRECTION('',(1.,0.));
#8841 = ( GEOMETRIC_REPRESENTATION_CONTEXT(2) 
PARAMETRIC_REPRESENTATION_CONTEXT() REPRESENTATION_CONTEXT('2D SPACE',''
  ) );
#8842 = ORIENTED_EDGE('',*,*,#8843,.T.);
#8843 = EDGE_CURVE('',#8814,#8292,#8844,.T.);
#8844 = SURFACE_CURVE('',#8845,(#8850,#8857),.PCURVE_S1.);
#8845 = HYPERBOLA('',#8846,97.014717985232,127.77167815458);
#8846 = AXIS2_PLACEMENT_3D('',#8847,#8848,#8849);
#8847 = CARTESIAN_POINT('',(127.77167815458,0.,-190.1038176194));
#8848 = DIRECTION('',(1.,0.,-0.));
#8849 = DIRECTION('',(-0.,0.,-1.));
#8850 = PCURVE('',#8309,#8851);
#8851 = DEFINITIONAL_REPRESENTATION('',(#8852),#8856);
#8852 = ( BOUNDED_CURVE() B_SPLINE_CURVE(2,(#8853,#8854,#8855),
.UNSPECIFIED.,.F.,.F.) B_SPLINE_CURVE_WITH_KNOTS((3,3),(0.,
1.893890236544E-02),.PIECEWISE_BEZIER_KNOTS.) CURVE() 
GEOMETRIC_REPRESENTATION_ITEM() RATIONAL_B_SPLINE_CURVE((1.,
1.000044835588,1.)) REPRESENTATION_ITEM('') );
#8853 = CARTESIAN_POINT('',(3.704492768378,0.));
#8854 = CARTESIAN_POINT('',(3.704492768378,-1.209891505175));
#8855 = CARTESIAN_POINT('',(3.687093530677,-2.42));
#8856 = ( GEOMETRIC_REPRESENTATION_CONTEXT(2) 
PARAMETRIC_REPRESENTATION_CONTEXT() REPRESENTATION_CONTEXT('2D SPACE',''
  ) );
#8857 = PCURVE('',#8338,#8858);
#8858 = DEFINITIONAL_REPRESENTATION('',(#8859),#8866);
#8859 = B_SPLINE_CURVE_WITH_KNOTS('',5,(#8860,#8861,#8862,#8863,#8864,
    #8865),.UNSPECIFIED.,.F.,.F.,(6,6),(0.,1.893890236544E-02),
  .PIECEWISE_BEZIER_KNOTS.);
#8860 = CARTESIAN_POINT('',(0.,0.386323866777));
#8861 = CARTESIAN_POINT('',(-3.787780473087E-03,0.386323866777));
#8862 = CARTESIAN_POINT('',(-7.575560946176E-03,0.388063738541));
#8863 = CARTESIAN_POINT('',(-1.136322820186E-02,0.391543482071));
#8864 = CARTESIAN_POINT('',(-1.515066902277E-02,0.396763201373));
#8865 = CARTESIAN_POINT('',(-1.893777029298E-02,0.403723104478));
#8866 = ( GEOMETRIC_REPRESENTATION_CONTEXT(2) 
PARAMETRIC_REPRESENTATION_CONTEXT() REPRESENTATION_CONTEXT('2D SPACE',''
  ) );
#8867 = ORIENTED_EDGE('',*,*,#8291,.T.);
#8868 = ORIENTED_EDGE('',*,*,#8869,.F.);
#8869 = EDGE_CURVE('',#8816,#8294,#8870,.T.);
#8870 = SURFACE_CURVE('',#8871,(#8876,#8883),.PCURVE_S1.);
#8871 = HYPERBOLA('',#8872,109.7307072293,127.77167815458);
#8872 = AXIS2_PLACEMENT_3D('',#8873,#8874,#8875);
#8873 = CARTESIAN_POINT('',(127.77167815458,0.,-172.5279122234));
#8874 = DIRECTION('',(1.,0.,0.));
#8875 = DIRECTION('',(0.,-0.,-1.));
#8876 = PCURVE('',#8309,#8877);
#8877 = DEFINITIONAL_REPRESENTATION('',(#8878),#8882);
#8878 = ( BOUNDED_CURVE() B_SPLINE_CURVE(2,(#8879,#8880,#8881),
.UNSPECIFIED.,.F.,.F.) B_SPLINE_CURVE_WITH_KNOTS((3,3),(0.,
1.893890236544E-02),.PIECEWISE_BEZIER_KNOTS.) CURVE() 
GEOMETRIC_REPRESENTATION_ITEM() RATIONAL_B_SPLINE_CURVE((1.,
1.000044835588,1.)) REPRESENTATION_ITEM('') );
#8879 = CARTESIAN_POINT('',(8.564408920332,0.));
#8880 = CARTESIAN_POINT('',(8.564408920332,-1.209891505175));
#8881 = CARTESIAN_POINT('',(8.544729116093,-2.42));
#8882 = ( GEOMETRIC_REPRESENTATION_CONTEXT(2) 
PARAMETRIC_REPRESENTATION_CONTEXT() REPRESENTATION_CONTEXT('2D SPACE',''
  ) );
#8883 = PCURVE('',#8423,#8884);
#8884 = DEFINITIONAL_REPRESENTATION('',(#8885),#8892);
#8885 = B_SPLINE_CURVE_WITH_KNOTS('',5,(#8886,#8887,#8888,#8889,#8890,
    #8891),.UNSPECIFIED.,.F.,.F.,(6,6),(0.,1.893890236544E-02),
  .PIECEWISE_BEZIER_KNOTS.);
#8886 = CARTESIAN_POINT('',(0.,-0.545790515));
#8887 = CARTESIAN_POINT('',(-3.787780473087E-03,-0.545790515));
#8888 = CARTESIAN_POINT('',(-7.575560946176E-03,-0.543822593398));
#8889 = CARTESIAN_POINT('',(-1.136322820186E-02,-0.539886750194));
#8890 = CARTESIAN_POINT('',(-1.515066902277E-02,-0.533982867748));
#8891 = CARTESIAN_POINT('',(-1.893777029298E-02,-0.526110710761));
#8892 = ( GEOMETRIC_REPRESENTATION_CONTEXT(2) 
PARAMETRIC_REPRESENTATION_CONTEXT() REPRESENTATION_CONTEXT('2D SPACE',''
  ) );
#8893 = ADVANCED_FACE('',(#8894),#8423,.T.);
#8894 = FACE_BOUND('',#8895,.T.);
#8895 = EDGE_LOOP('',(#8896,#8919,#8948,#8972,#8973,#8974,#8975));
#8896 = ORIENTED_EDGE('',*,*,#8897,.F.);
#8897 = EDGE_CURVE('',#8898,#8816,#8900,.T.);
#8898 = VERTEX_POINT('',#8899);
#8899 = CARTESIAN_POINT('',(128.40720281111,0.,-282.8044099677));
#8900 = SURFACE_CURVE('',#8901,(#8905,#8912),.PCURVE_S1.);
#8901 = LINE('',#8902,#8903);
#8902 = CARTESIAN_POINT('',(128.40720281111,0.,-282.8044099677));
#8903 = VECTOR('',#8904,1.);
#8904 = DIRECTION('',(-0.758633923643,0.,0.651517129397));
#8905 = PCURVE('',#8423,#8906);
#8906 = DEFINITIONAL_REPRESENTATION('',(#8907),#8911);
#8907 = LINE('',#8908,#8909);
#8908 = CARTESIAN_POINT('',(-0.,-0.));
#8909 = VECTOR('',#8910,1.);
#8910 = DIRECTION('',(-0.,-1.));
#8911 = ( GEOMETRIC_REPRESENTATION_CONTEXT(2) 
PARAMETRIC_REPRESENTATION_CONTEXT() REPRESENTATION_CONTEXT('2D SPACE',''
  ) );
#8912 = PCURVE('',#8831,#8913);
#8913 = DEFINITIONAL_REPRESENTATION('',(#8914),#8918);
#8914 = LINE('',#8915,#8916);
#8915 = CARTESIAN_POINT('',(717.19559003224,1.128407202811E+03));
#8916 = VECTOR('',#8917,1.);
#8917 = DIRECTION('',(0.651517129397,-0.758633923643));
#8918 = ( GEOMETRIC_REPRESENTATION_CONTEXT(2) 
PARAMETRIC_REPRESENTATION_CONTEXT() REPRESENTATION_CONTEXT('2D SPACE',''
  ) );
#8919 = ORIENTED_EDGE('',*,*,#8920,.T.);
#8920 = EDGE_CURVE('',#8898,#8921,#8923,.T.);
#8921 = VERTEX_POINT('',#8922);
#8922 = CARTESIAN_POINT('',(7.862673495505E-15,128.40720281111,
    -282.8044099677));
#8923 = SURFACE_CURVE('',#8924,(#8929,#8936),.PCURVE_S1.);
#8924 = CIRCLE('',#8925,128.40720281111);
#8925 = AXIS2_PLACEMENT_3D('',#8926,#8927,#8928);
#8926 = CARTESIAN_POINT('',(0.,0.,-282.8044099677));
#8927 = DIRECTION('',(0.,0.,1.));
#8928 = DIRECTION('',(1.,0.,-0.));
#8929 = PCURVE('',#8423,#8930);
#8930 = DEFINITIONAL_REPRESENTATION('',(#8931),#8935);
#8931 = LINE('',#8932,#8933);
#8932 = CARTESIAN_POINT('',(-0.,-0.));
#8933 = VECTOR('',#8934,1.);
#8934 = DIRECTION('',(-1.,-0.));
#8935 = ( GEOMETRIC_REPRESENTATION_CONTEXT(2) 
PARAMETRIC_REPRESENTATION_CONTEXT() REPRESENTATION_CONTEXT('2D SPACE',''
  ) );
#8936 = PCURVE('',#8937,#8942);
#8937 = CONICAL_SURFACE('',#8938,129.61421507133,0.87280901981);
#8938 = AXIS2_PLACEMENT_3D('',#8939,#8940,#8941);
#8939 = CARTESIAN_POINT('',(0.,0.,-283.8169165489));
#8940 = DIRECTION('',(-0.,-0.,-1.));
#8941 = DIRECTION('',(1.,0.,-0.));
#8942 = DEFINITIONAL_REPRESENTATION('',(#8943),#8947);
#8943 = LINE('',#8944,#8945);
#8944 = CARTESIAN_POINT('',(-0.,-1.01250658117));
#8945 = VECTOR('',#8946,1.);
#8946 = DIRECTION('',(-1.,-0.));
#8947 = ( GEOMETRIC_REPRESENTATION_CONTEXT(2) 
PARAMETRIC_REPRESENTATION_CONTEXT() REPRESENTATION_CONTEXT('2D SPACE',''
  ) );
#8948 = ORIENTED_EDGE('',*,*,#8949,.F.);
#8949 = EDGE_CURVE('',#8592,#8921,#8950,.T.);
#8950 = SURFACE_CURVE('',#8951,(#8955,#8961),.PCURVE_S1.);
#8951 = LINE('',#8952,#8953);
#8952 = CARTESIAN_POINT('',(0.,0.,-172.5279122234));
#8953 = VECTOR('',#8954,1.);
#8954 = DIRECTION('',(-0.,0.758633923643,-0.651517129397));
#8955 = PCURVE('',#8423,#8956);
#8956 = DEFINITIONAL_REPRESENTATION('',(#8957),#8960);
#8957 = B_SPLINE_CURVE_WITH_KNOTS('',1,(#8958,#8959),.UNSPECIFIED.,.F.,
  .F.,(2,2),(167.67616113565,169.26108734296),.PIECEWISE_BEZIER_KNOTS.);
#8958 = CARTESIAN_POINT('',(-1.570796326795,-1.032606572893));
#8959 = CARTESIAN_POINT('',(-1.570796326795,-1.851723054065E-14));
#8960 = ( GEOMETRIC_REPRESENTATION_CONTEXT(2) 
PARAMETRIC_REPRESENTATION_CONTEXT() REPRESENTATION_CONTEXT('2D SPACE',''
  ) );
#8961 = PCURVE('',#8962,#8967);
#8962 = PLANE('',#8963);
#8963 = AXIS2_PLACEMENT_3D('',#8964,#8965,#8966);
#8964 = CARTESIAN_POINT('',(0.,-1.E+03,-1.E+03));
#8965 = DIRECTION('',(1.,0.,-0.));
#8966 = DIRECTION('',(0.,0.,1.));
#8967 = DEFINITIONAL_REPRESENTATION('',(#8968),#8971);
#8968 = B_SPLINE_CURVE_WITH_KNOTS('',1,(#8969,#8970),.UNSPECIFIED.,.F.,
  .F.,(2,2),(167.67616113565,169.26108734296),.PIECEWISE_BEZIER_KNOTS.);
#8969 = CARTESIAN_POINT('',(718.22819660514,-1.127204824024E+03));
#8970 = CARTESIAN_POINT('',(717.19559003224,-1.128407202811E+03));
#8971 = ( GEOMETRIC_REPRESENTATION_CONTEXT(2) 
PARAMETRIC_REPRESENTATION_CONTEXT() REPRESENTATION_CONTEXT('2D SPACE',''
  ) );
#8972 = ORIENTED_EDGE('',*,*,#8591,.F.);
#8973 = ORIENTED_EDGE('',*,*,#8661,.F.);
#8974 = ORIENTED_EDGE('',*,*,#8408,.F.);
#8975 = ORIENTED_EDGE('',*,*,#8869,.F.);
#8976 = ADVANCED_FACE('',(#8977),#8338,.F.);
#8977 = FACE_BOUND('',#8978,.T.);
#8978 = EDGE_LOOP('',(#8979,#9010,#9031,#9032,#9033,#9034,#9035));
#8979 = ORIENTED_EDGE('',*,*,#8980,.F.);
#8980 = EDGE_CURVE('',#8981,#8983,#8985,.T.);
#8981 = VERTEX_POINT('',#8982);
#8982 = CARTESIAN_POINT('',(128.48824746145,0.,-287.6626136838));
#8983 = VERTEX_POINT('',#8984);
#8984 = CARTESIAN_POINT('',(7.867636049086E-15,128.48824746145,
    -287.6626136838));
#8985 = SURFACE_CURVE('',#8986,(#8991,#8998),.PCURVE_S1.);
#8986 = CIRCLE('',#8987,128.48824746145);
#8987 = AXIS2_PLACEMENT_3D('',#8988,#8989,#8990);
#8988 = CARTESIAN_POINT('',(0.,0.,-287.6626136838));
#8989 = DIRECTION('',(0.,0.,1.));
#8990 = DIRECTION('',(1.,0.,-0.));
#8991 = PCURVE('',#8338,#8992);
#8992 = DEFINITIONAL_REPRESENTATION('',(#8993),#8997);
#8993 = LINE('',#8994,#8995);
#8994 = CARTESIAN_POINT('',(-0.,0.930401945949));
#8995 = VECTOR('',#8996,1.);
#8996 = DIRECTION('',(-1.,0.));
#8997 = ( GEOMETRIC_REPRESENTATION_CONTEXT(2) 
PARAMETRIC_REPRESENTATION_CONTEXT() REPRESENTATION_CONTEXT('2D SPACE',''
  ) );
#8998 = PCURVE('',#8999,#9004);
#8999 = CONICAL_SURFACE('',#9000,128.48824746145,0.934133087392);
#9000 = AXIS2_PLACEMENT_3D('',#9001,#9002,#9003);
#9001 = CARTESIAN_POINT('',(0.,0.,-287.6626136838));
#9002 = DIRECTION('',(-0.,-0.,-1.));
#9003 = DIRECTION('',(1.,0.,0.));
#9004 = DEFINITIONAL_REPRESENTATION('',(#9005),#9009);
#9005 = LINE('',#9006,#9007);
#9006 = CARTESIAN_POINT('',(-0.,0.));
#9007 = VECTOR('',#9008,1.);
#9008 = DIRECTION('',(-1.,0.));
#9009 = ( GEOMETRIC_REPRESENTATION_CONTEXT(2) 
PARAMETRIC_REPRESENTATION_CONTEXT() REPRESENTATION_CONTEXT('2D SPACE',''
  ) );
#9010 = ORIENTED_EDGE('',*,*,#9011,.F.);
#9011 = EDGE_CURVE('',#8814,#8981,#9012,.T.);
#9012 = SURFACE_CURVE('',#9013,(#9017,#9024),.PCURVE_S1.);
#9013 = LINE('',#9014,#9015);
#9014 = CARTESIAN_POINT('',(127.26287650268,0.,-286.7322117379));
#9015 = VECTOR('',#9016,1.);
#9016 = DIRECTION('',(0.796437645474,0.,-0.6047206602));
#9017 = PCURVE('',#8338,#9018);
#9018 = DEFINITIONAL_REPRESENTATION('',(#9019),#9023);
#9019 = LINE('',#9020,#9021);
#9020 = CARTESIAN_POINT('',(-0.,0.));
#9021 = VECTOR('',#9022,1.);
#9022 = DIRECTION('',(-0.,1.));
#9023 = ( GEOMETRIC_REPRESENTATION_CONTEXT(2) 
PARAMETRIC_REPRESENTATION_CONTEXT() REPRESENTATION_CONTEXT('2D SPACE',''
  ) );
#9024 = PCURVE('',#8831,#9025);
#9025 = DEFINITIONAL_REPRESENTATION('',(#9026),#9030);
#9026 = LINE('',#9027,#9028);
#9027 = CARTESIAN_POINT('',(713.26778826207,1.127262876503E+03));
#9028 = VECTOR('',#9029,1.);
#9029 = DIRECTION('',(-0.6047206602,0.796437645474));
#9030 = ( GEOMETRIC_REPRESENTATION_CONTEXT(2) 
PARAMETRIC_REPRESENTATION_CONTEXT() REPRESENTATION_CONTEXT('2D SPACE',''
  ) );
#9031 = ORIENTED_EDGE('',*,*,#8843,.T.);
#9032 = ORIENTED_EDGE('',*,*,#8321,.T.);
#9033 = ORIENTED_EDGE('',*,*,#8465,.T.);
#9034 = ORIENTED_EDGE('',*,*,#8542,.T.);
#9035 = ORIENTED_EDGE('',*,*,#9036,.T.);
#9036 = EDGE_CURVE('',#8515,#8983,#9037,.T.);
#9037 = SURFACE_CURVE('',#9038,(#9042,#9048),.PCURVE_S1.);
#9038 = LINE('',#9039,#9040);
#9039 = CARTESIAN_POINT('',(0.,0.,-190.1038176194));
#9040 = VECTOR('',#9041,1.);
#9041 = DIRECTION('',(-0.,0.796437645474,-0.6047206602));
#9042 = PCURVE('',#8338,#9043);
#9043 = DEFINITIONAL_REPRESENTATION('',(#9044),#9047);
#9044 = B_SPLINE_CURVE_WITH_KNOTS('',1,(#9045,#9046),.UNSPECIFIED.,.F.,
  .F.,(2,2),(159.79013200335,161.32869684359),.PIECEWISE_BEZIER_KNOTS.);
#9045 = CARTESIAN_POINT('',(-1.570796326795,0.));
#9046 = CARTESIAN_POINT('',(-1.570796326795,0.930401945949));
#9047 = ( GEOMETRIC_REPRESENTATION_CONTEXT(2) 
PARAMETRIC_REPRESENTATION_CONTEXT() REPRESENTATION_CONTEXT('2D SPACE',''
  ) );
#9048 = PCURVE('',#8962,#9049);
#9049 = DEFINITIONAL_REPRESENTATION('',(#9050),#9053);
#9050 = B_SPLINE_CURVE_WITH_KNOTS('',1,(#9051,#9052),.UNSPECIFIED.,.F.,
  .F.,(2,2),(159.79013200335,161.32869684359),.PIECEWISE_BEZIER_KNOTS.);
#9051 = CARTESIAN_POINT('',(713.26778826207,-1.127262876503E+03));
#9052 = CARTESIAN_POINT('',(712.33738631612,-1.128488247461E+03));
#9053 = ( GEOMETRIC_REPRESENTATION_CONTEXT(2) 
PARAMETRIC_REPRESENTATION_CONTEXT() REPRESENTATION_CONTEXT('2D SPACE',''
  ) );
#9054 = ADVANCED_FACE('',(#9055),#8530,.T.);
#9055 = FACE_BOUND('',#9056,.T.);
#9056 = EDGE_LOOP('',(#9057,#9058,#9059,#9060,#9061,#9082));
#9057 = ORIENTED_EDGE('',*,*,#8713,.F.);
#9058 = ORIENTED_EDGE('',*,*,#8788,.T.);
#9059 = ORIENTED_EDGE('',*,*,#8762,.T.);
#9060 = ORIENTED_EDGE('',*,*,#8613,.F.);
#9061 = ORIENTED_EDGE('',*,*,#9062,.F.);
#9062 = EDGE_CURVE('',#8515,#8592,#9063,.T.);
#9063 = SURFACE_CURVE('',#9064,(#9068,#9075),.PCURVE_S1.);
#9064 = LINE('',#9065,#9066);
#9065 = CARTESIAN_POINT('',(0.,127.62167815458,-290.823028373));
#9066 = VECTOR('',#9067,1.);
#9067 = DIRECTION('',(0.,0.,1.));
#9068 = PCURVE('',#8530,#9069);
#9069 = DEFINITIONAL_REPRESENTATION('',(#9070),#9074);
#9070 = LINE('',#9071,#9072);
#9071 = CARTESIAN_POINT('',(0.,2.));
#9072 = VECTOR('',#9073,1.);
#9073 = DIRECTION('',(1.,0.));
#9074 = ( GEOMETRIC_REPRESENTATION_CONTEXT(2) 
PARAMETRIC_REPRESENTATION_CONTEXT() REPRESENTATION_CONTEXT('2D SPACE',''
  ) );
#9075 = PCURVE('',#8962,#9076);
#9076 = DEFINITIONAL_REPRESENTATION('',(#9077),#9081);
#9077 = LINE('',#9078,#9079);
#9078 = CARTESIAN_POINT('',(709.17697162691,-1.127621678155E+03));
#9079 = VECTOR('',#9080,1.);
#9080 = DIRECTION('',(1.,0.));
#9081 = ( GEOMETRIC_REPRESENTATION_CONTEXT(2) 
PARAMETRIC_REPRESENTATION_CONTEXT() REPRESENTATION_CONTEXT('2D SPACE',''
  ) );
#9082 = ORIENTED_EDGE('',*,*,#8514,.F.);
#9083 = ADVANCED_FACE('',(#9084),#8831,.F.);
#9084 = FACE_BOUND('',#9085,.F.);
#9085 = EDGE_LOOP('',(#9086,#9087,#9088,#9111,#9139,#9167,#9195,#9223,
    #9251,#9279,#9307,#9335,#9363,#9391,#9419,#9447,#9475,#9503,#9531,
    #9559,#9587,#9615,#9643,#9671,#9699,#9727,#9755,#9783,#9811,#9839,
    #9867,#9895,#9923,#9949,#9977,#10005,#10033,#10061,#10089,#10117,
    #10145,#10173,#10201,#10229,#10257,#10285,#10313,#10341,#10369,
    #10397,#10425,#10453,#10481,#10509,#10537,#10565,#10593,#10621,
    #10642));
#9086 = ORIENTED_EDGE('',*,*,#8813,.T.);
#9087 = ORIENTED_EDGE('',*,*,#8897,.F.);
#9088 = ORIENTED_EDGE('',*,*,#9089,.F.);
#9089 = EDGE_CURVE('',#9090,#8898,#9092,.T.);
#9090 = VERTEX_POINT('',#9091);
#9091 = CARTESIAN_POINT('',(129.61421507133,0.,-283.8169165489));
#9092 = SURFACE_CURVE('',#9093,(#9097,#9104),.PCURVE_S1.);
#9093 = LINE('',#9094,#9095);
#9094 = CARTESIAN_POINT('',(129.61421507133,0.,-283.8169165489));
#9095 = VECTOR('',#9096,1.);
#9096 = DIRECTION('',(-0.766137249686,0.,0.642676990908));
#9097 = PCURVE('',#8831,#9098);
#9098 = DEFINITIONAL_REPRESENTATION('',(#9099),#9103);
#9099 = LINE('',#9100,#9101);
#9100 = CARTESIAN_POINT('',(716.18308345107,1.129614215071E+03));
#9101 = VECTOR('',#9102,1.);
#9102 = DIRECTION('',(0.642676990908,-0.766137249686));
#9103 = ( GEOMETRIC_REPRESENTATION_CONTEXT(2) 
PARAMETRIC_REPRESENTATION_CONTEXT() REPRESENTATION_CONTEXT('2D SPACE',''
  ) );
#9104 = PCURVE('',#8937,#9105);
#9105 = DEFINITIONAL_REPRESENTATION('',(#9106),#9110);
#9106 = LINE('',#9107,#9108);
#9107 = CARTESIAN_POINT('',(-0.,-0.));
#9108 = VECTOR('',#9109,1.);
#9109 = DIRECTION('',(-0.,-1.));
#9110 = ( GEOMETRIC_REPRESENTATION_CONTEXT(2) 
PARAMETRIC_REPRESENTATION_CONTEXT() REPRESENTATION_CONTEXT('2D SPACE',''
  ) );
#9111 = ORIENTED_EDGE('',*,*,#9112,.F.);
#9112 = EDGE_CURVE('',#9113,#9090,#9115,.T.);
#9113 = VERTEX_POINT('',#9114);
#9114 = CARTESIAN_POINT('',(130.82584308528,0.,-284.8091682924));
#9115 = SURFACE_CURVE('',#9116,(#9120,#9127),.PCURVE_S1.);
#9116 = LINE('',#9117,#9118);
#9117 = CARTESIAN_POINT('',(130.82584308528,0.,-284.8091682924));
#9118 = VECTOR('',#9119,1.);
#9119 = DIRECTION('',(-0.773669392411,0.,0.633589513207));
#9120 = PCURVE('',#8831,#9121);
#9121 = DEFINITIONAL_REPRESENTATION('',(#9122),#9126);
#9122 = LINE('',#9123,#9124);
#9123 = CARTESIAN_POINT('',(715.19083170753,1.130825843085E+03));
#9124 = VECTOR('',#9125,1.);
#9125 = DIRECTION('',(0.633589513207,-0.773669392411));
#9126 = ( GEOMETRIC_REPRESENTATION_CONTEXT(2) 
PARAMETRIC_REPRESENTATION_CONTEXT() REPRESENTATION_CONTEXT('2D SPACE',''
  ) );
#9127 = PCURVE('',#9128,#9133);
#9128 = CONICAL_SURFACE('',#9129,130.82584308528,0.884612283868);
#9129 = AXIS2_PLACEMENT_3D('',#9130,#9131,#9132);
#9130 = CARTESIAN_POINT('',(0.,0.,-284.8091682924));
#9131 = DIRECTION('',(-0.,-0.,-1.));
#9132 = DIRECTION('',(1.,0.,-0.));
#9133 = DEFINITIONAL_REPRESENTATION('',(#9134),#9138);
#9134 = LINE('',#9135,#9136);
#9135 = CARTESIAN_POINT('',(-0.,-0.));
#9136 = VECTOR('',#9137,1.);
#9137 = DIRECTION('',(-0.,-1.));
#9138 = ( GEOMETRIC_REPRESENTATION_CONTEXT(2) 
PARAMETRIC_REPRESENTATION_CONTEXT() REPRESENTATION_CONTEXT('2D SPACE',''
  ) );
#9139 = ORIENTED_EDGE('',*,*,#9140,.F.);
#9140 = EDGE_CURVE('',#9141,#9113,#9143,.T.);
#9141 = VERTEX_POINT('',#9142);
#9142 = CARTESIAN_POINT('',(132.04206933555,0.,-285.7809953733));
#9143 = SURFACE_CURVE('',#9144,(#9148,#9155),.PCURVE_S1.);
#9144 = LINE('',#9145,#9146);
#9145 = CARTESIAN_POINT('',(132.04206933555,0.,-285.7809953733));
#9146 = VECTOR('',#9147,1.);
#9147 = DIRECTION('',(-0.781230243562,0.,0.62424298678));
#9148 = PCURVE('',#8831,#9149);
#9149 = DEFINITIONAL_REPRESENTATION('',(#9150),#9154);
#9150 = LINE('',#9151,#9152);
#9151 = CARTESIAN_POINT('',(714.21900462668,1.132042069336E+03));
#9152 = VECTOR('',#9153,1.);
#9153 = DIRECTION('',(0.62424298678,-0.781230243562));
#9154 = ( GEOMETRIC_REPRESENTATION_CONTEXT(2) 
PARAMETRIC_REPRESENTATION_CONTEXT() REPRESENTATION_CONTEXT('2D SPACE',''
  ) );
#9155 = PCURVE('',#9156,#9161);
#9156 = CONICAL_SURFACE('',#9157,132.04206933555,0.896634170867);
#9157 = AXIS2_PLACEMENT_3D('',#9158,#9159,#9160);
#9158 = CARTESIAN_POINT('',(0.,0.,-285.7809953733));
#9159 = DIRECTION('',(-0.,-0.,-1.));
#9160 = DIRECTION('',(1.,0.,-0.));
#9161 = DEFINITIONAL_REPRESENTATION('',(#9162),#9166);
#9162 = LINE('',#9163,#9164);
#9163 = CARTESIAN_POINT('',(-0.,-0.));
#9164 = VECTOR('',#9165,1.);
#9165 = DIRECTION('',(-0.,-1.));
#9166 = ( GEOMETRIC_REPRESENTATION_CONTEXT(2) 
PARAMETRIC_REPRESENTATION_CONTEXT() REPRESENTATION_CONTEXT('2D SPACE',''
  ) );
#9167 = ORIENTED_EDGE('',*,*,#9168,.F.);
#9168 = EDGE_CURVE('',#9169,#9141,#9171,.T.);
#9169 = VERTEX_POINT('',#9170);
#9170 = CARTESIAN_POINT('',(133.26287650268,0.,-286.7322117379));
#9171 = SURFACE_CURVE('',#9172,(#9176,#9183),.PCURVE_S1.);
#9172 = LINE('',#9173,#9174);
#9173 = CARTESIAN_POINT('',(133.26287650268,0.,-286.7322117379));
#9174 = VECTOR('',#9175,1.);
#9175 = DIRECTION('',(-0.78881969635,0.,0.614624671365));
#9176 = PCURVE('',#8831,#9177);
#9177 = DEFINITIONAL_REPRESENTATION('',(#9178),#9182);
#9178 = LINE('',#9179,#9180);
#9179 = CARTESIAN_POINT('',(713.26778826207,1.133262876503E+03));
#9180 = VECTOR('',#9181,1.);
#9181 = DIRECTION('',(0.614624671365,-0.78881969635));
#9182 = ( GEOMETRIC_REPRESENTATION_CONTEXT(2) 
PARAMETRIC_REPRESENTATION_CONTEXT() REPRESENTATION_CONTEXT('2D SPACE',''
  ) );
#9183 = PCURVE('',#9184,#9189);
#9184 = CONICAL_SURFACE('',#9185,133.26287650268,0.908886258969);
#9185 = AXIS2_PLACEMENT_3D('',#9186,#9187,#9188);
#9186 = CARTESIAN_POINT('',(0.,0.,-286.7322117379));
#9187 = DIRECTION('',(-0.,-0.,-1.));
#9188 = DIRECTION('',(1.,0.,-0.));
#9189 = DEFINITIONAL_REPRESENTATION('',(#9190),#9194);
#9190 = LINE('',#9191,#9192);
#9191 = CARTESIAN_POINT('',(-0.,-0.));
#9192 = VECTOR('',#9193,1.);
#9193 = DIRECTION('',(-0.,-1.));
#9194 = ( GEOMETRIC_REPRESENTATION_CONTEXT(2) 
PARAMETRIC_REPRESENTATION_CONTEXT() REPRESENTATION_CONTEXT('2D SPACE',''
  ) );
#9195 = ORIENTED_EDGE('',*,*,#9196,.F.);
#9196 = EDGE_CURVE('',#9197,#9169,#9199,.T.);
#9197 = VERTEX_POINT('',#9198);
#9198 = CARTESIAN_POINT('',(134.48824746145,0.,-287.6626136838));
#9199 = SURFACE_CURVE('',#9200,(#9204,#9211),.PCURVE_S1.);
#9200 = LINE('',#9201,#9202);
#9201 = CARTESIAN_POINT('',(134.48824746145,0.,-287.6626136838));
#9202 = VECTOR('',#9203,1.);
#9203 = DIRECTION('',(-0.796437645474,0.,0.6047206602));
#9204 = PCURVE('',#8831,#9205);
#9205 = DEFINITIONAL_REPRESENTATION('',(#9206),#9210);
#9206 = LINE('',#9207,#9208);
#9207 = CARTESIAN_POINT('',(712.33738631612,1.134488247461E+03));
#9208 = VECTOR('',#9209,1.);
#9209 = DIRECTION('',(0.6047206602,-0.796437645474));
#9210 = ( GEOMETRIC_REPRESENTATION_CONTEXT(2) 
PARAMETRIC_REPRESENTATION_CONTEXT() REPRESENTATION_CONTEXT('2D SPACE',''
  ) );
#9211 = PCURVE('',#9212,#9217);
#9212 = CONICAL_SURFACE('',#9213,134.48824746145,0.921381242653);
#9213 = AXIS2_PLACEMENT_3D('',#9214,#9215,#9216);
#9214 = CARTESIAN_POINT('',(0.,0.,-287.6626136838));
#9215 = DIRECTION('',(-0.,-0.,-1.));
#9216 = DIRECTION('',(1.,0.,-0.));
#9217 = DEFINITIONAL_REPRESENTATION('',(#9218),#9222);
#9218 = LINE('',#9219,#9220);
#9219 = CARTESIAN_POINT('',(-0.,-0.));
#9220 = VECTOR('',#9221,1.);
#9221 = DIRECTION('',(-0.,-1.));
#9222 = ( GEOMETRIC_REPRESENTATION_CONTEXT(2) 
PARAMETRIC_REPRESENTATION_CONTEXT() REPRESENTATION_CONTEXT('2D SPACE',''
  ) );
#9223 = ORIENTED_EDGE('',*,*,#9224,.F.);
#9224 = EDGE_CURVE('',#9225,#9197,#9227,.T.);
#9225 = VERTEX_POINT('',#9226);
#9226 = CARTESIAN_POINT('',(135.71816527727,0.,-288.5719782375));
#9227 = SURFACE_CURVE('',#9228,(#9232,#9239),.PCURVE_S1.);
#9228 = LINE('',#9229,#9230);
#9229 = CARTESIAN_POINT('',(135.71816527727,0.,-288.5719782375));
#9230 = VECTOR('',#9231,1.);
#9231 = DIRECTION('',(-0.804083987153,0.,0.594515720233));
#9232 = PCURVE('',#8831,#9233);
#9233 = DEFINITIONAL_REPRESENTATION('',(#9234),#9238);
#9234 = LINE('',#9235,#9236);
#9235 = CARTESIAN_POINT('',(711.42802176243,1.135718165277E+03));
#9236 = VECTOR('',#9237,1.);
#9237 = DIRECTION('',(0.594515720233,-0.804083987153));
#9238 = ( GEOMETRIC_REPRESENTATION_CONTEXT(2) 
PARAMETRIC_REPRESENTATION_CONTEXT() REPRESENTATION_CONTEXT('2D SPACE',''
  ) );
#9239 = PCURVE('',#9240,#9245);
#9240 = CONICAL_SURFACE('',#9241,135.71816527727,0.934133087392);
#9241 = AXIS2_PLACEMENT_3D('',#9242,#9243,#9244);
#9242 = CARTESIAN_POINT('',(0.,0.,-288.5719782375));
#9243 = DIRECTION('',(-0.,-0.,-1.));
#9244 = DIRECTION('',(1.,0.,-0.));
#9245 = DEFINITIONAL_REPRESENTATION('',(#9246),#9250);
#9246 = LINE('',#9247,#9248);
#9247 = CARTESIAN_POINT('',(-0.,-0.));
#9248 = VECTOR('',#9249,1.);
#9249 = DIRECTION('',(-0.,-1.));
#9250 = ( GEOMETRIC_REPRESENTATION_CONTEXT(2) 
PARAMETRIC_REPRESENTATION_CONTEXT() REPRESENTATION_CONTEXT('2D SPACE',''
  ) );
#9251 = ORIENTED_EDGE('',*,*,#9252,.F.);
#9252 = EDGE_CURVE('',#9253,#9225,#9255,.T.);
#9253 = VERTEX_POINT('',#9254);
#9254 = CARTESIAN_POINT('',(136.95261320269,0.,-289.4600612923));
#9255 = SURFACE_CURVE('',#9256,(#9260,#9267),.PCURVE_S1.);
#9256 = LINE('',#9257,#9258);
#9257 = CARTESIAN_POINT('',(136.95261320269,0.,-289.4600612923));
#9258 = VECTOR('',#9259,1.);
#9259 = DIRECTION('',(-0.811758619172,0.,0.58399310287));
#9260 = PCURVE('',#8831,#9261);
#9261 = DEFINITIONAL_REPRESENTATION('',(#9262),#9266);
#9262 = LINE('',#9263,#9264);
#9263 = CARTESIAN_POINT('',(710.53993870761,1.136952613203E+03));
#9264 = VECTOR('',#9265,1.);
#9265 = DIRECTION('',(0.58399310287,-0.811758619172));
#9266 = ( GEOMETRIC_REPRESENTATION_CONTEXT(2) 
PARAMETRIC_REPRESENTATION_CONTEXT() REPRESENTATION_CONTEXT('2D SPACE',''
  ) );
#9267 = PCURVE('',#9268,#9273);
#9268 = CONICAL_SURFACE('',#9269,136.95261320269,0.947157213105);
#9269 = AXIS2_PLACEMENT_3D('',#9270,#9271,#9272);
#9270 = CARTESIAN_POINT('',(0.,0.,-289.4600612923));
#9271 = DIRECTION('',(-0.,-0.,-1.));
#9272 = DIRECTION('',(1.,0.,-0.));
#9273 = DEFINITIONAL_REPRESENTATION('',(#9274),#9278);
#9274 = LINE('',#9275,#9276);
#9275 = CARTESIAN_POINT('',(-0.,-0.));
#9276 = VECTOR('',#9277,1.);
#9277 = DIRECTION('',(-0.,-1.));
#9278 = ( GEOMETRIC_REPRESENTATION_CONTEXT(2) 
PARAMETRIC_REPRESENTATION_CONTEXT() REPRESENTATION_CONTEXT('2D SPACE',''
  ) );
#9279 = ORIENTED_EDGE('',*,*,#9280,.F.);
#9280 = EDGE_CURVE('',#9281,#9253,#9283,.T.);
#9281 = VERTEX_POINT('',#9282);
#9282 = CARTESIAN_POINT('',(138.19157467395,0.,-290.3265954607));
#9283 = SURFACE_CURVE('',#9284,(#9288,#9295),.PCURVE_S1.);
#9284 = LINE('',#9285,#9286);
#9285 = CARTESIAN_POINT('',(138.19157467395,0.,-290.3265954607));
#9286 = VECTOR('',#9287,1.);
#9287 = DIRECTION('',(-0.819461440947,0.,0.57313431829));
#9288 = PCURVE('',#8831,#9289);
#9289 = DEFINITIONAL_REPRESENTATION('',(#9290),#9294);
#9290 = LINE('',#9291,#9292);
#9291 = CARTESIAN_POINT('',(709.67340453926,1.138191574674E+03));
#9292 = VECTOR('',#9293,1.);
#9293 = DIRECTION('',(0.57313431829,-0.819461440947));
#9294 = ( GEOMETRIC_REPRESENTATION_CONTEXT(2) 
PARAMETRIC_REPRESENTATION_CONTEXT() REPRESENTATION_CONTEXT('2D SPACE',''
  ) );
#9295 = PCURVE('',#9296,#9301);
#9296 = CONICAL_SURFACE('',#9297,138.19157467395,0.960470713169);
#9297 = AXIS2_PLACEMENT_3D('',#9298,#9299,#9300);
#9298 = CARTESIAN_POINT('',(0.,0.,-290.3265954607));
#9299 = DIRECTION('',(-0.,-0.,-1.));
#9300 = DIRECTION('',(1.,0.,-0.));
#9301 = DEFINITIONAL_REPRESENTATION('',(#9302),#9306);
#9302 = LINE('',#9303,#9304);
#9303 = CARTESIAN_POINT('',(-0.,-0.));
#9304 = VECTOR('',#9305,1.);
#9305 = DIRECTION('',(-0.,-1.));
#9306 = ( GEOMETRIC_REPRESENTATION_CONTEXT(2) 
PARAMETRIC_REPRESENTATION_CONTEXT() REPRESENTATION_CONTEXT('2D SPACE',''
  ) );
#9307 = ORIENTED_EDGE('',*,*,#9308,.F.);
#9308 = EDGE_CURVE('',#9309,#9281,#9311,.T.);
#9309 = VERTEX_POINT('',#9310);
#9310 = CARTESIAN_POINT('',(139.43503330769,0.,-291.1712875813));
#9311 = SURFACE_CURVE('',#9312,(#9316,#9323),.PCURVE_S1.);
#9312 = LINE('',#9313,#9314);
#9313 = CARTESIAN_POINT('',(139.43503330769,0.,-291.1712875813));
#9314 = VECTOR('',#9315,1.);
#9315 = DIRECTION('',(-0.827192353613,0.,0.561918864361));
#9316 = PCURVE('',#8831,#9317);
#9317 = DEFINITIONAL_REPRESENTATION('',(#9318),#9322);
#9318 = LINE('',#9319,#9320);
#9319 = CARTESIAN_POINT('',(708.82871241863,1.139435033308E+03));
#9320 = VECTOR('',#9321,1.);
#9321 = DIRECTION('',(0.561918864361,-0.827192353613));
#9322 = ( GEOMETRIC_REPRESENTATION_CONTEXT(2) 
PARAMETRIC_REPRESENTATION_CONTEXT() REPRESENTATION_CONTEXT('2D SPACE',''
  ) );
#9323 = PCURVE('',#9324,#9329);
#9324 = CONICAL_SURFACE('',#9325,139.43503330769,0.974092617835);
#9325 = AXIS2_PLACEMENT_3D('',#9326,#9327,#9328);
#9326 = CARTESIAN_POINT('',(0.,0.,-291.1712875813));
#9327 = DIRECTION('',(-0.,-0.,-1.));
#9328 = DIRECTION('',(1.,0.,-0.));
#9329 = DEFINITIONAL_REPRESENTATION('',(#9330),#9334);
#9330 = LINE('',#9331,#9332);
#9331 = CARTESIAN_POINT('',(-0.,-0.));
#9332 = VECTOR('',#9333,1.);
#9333 = DIRECTION('',(-0.,-1.));
#9334 = ( GEOMETRIC_REPRESENTATION_CONTEXT(2) 
PARAMETRIC_REPRESENTATION_CONTEXT() REPRESENTATION_CONTEXT('2D SPACE',''
  ) );
#9335 = ORIENTED_EDGE('',*,*,#9336,.F.);
#9336 = EDGE_CURVE('',#9337,#9309,#9339,.T.);
#9337 = VERTEX_POINT('',#9338);
#9338 = CARTESIAN_POINT('',(140.68297289764,0.,-291.9938158089));
#9339 = SURFACE_CURVE('',#9340,(#9344,#9351),.PCURVE_S1.);
#9340 = LINE('',#9341,#9342);
#9341 = CARTESIAN_POINT('',(140.68297289764,0.,-291.9938158089));
#9342 = VECTOR('',#9343,1.);
#9343 = DIRECTION('',(-0.83495126015,0.,0.550323898422));
#9344 = PCURVE('',#8831,#9345);
#9345 = DEFINITIONAL_REPRESENTATION('',(#9346),#9350);
#9346 = LINE('',#9347,#9348);
#9347 = CARTESIAN_POINT('',(708.00618419103,1.140682972898E+03));
#9348 = VECTOR('',#9349,1.);
#9349 = DIRECTION('',(0.550323898422,-0.83495126015));
#9350 = ( GEOMETRIC_REPRESENTATION_CONTEXT(2) 
PARAMETRIC_REPRESENTATION_CONTEXT() REPRESENTATION_CONTEXT('2D SPACE',''
  ) );
#9351 = PCURVE('',#9352,#9357);
#9352 = CONICAL_SURFACE('',#9353,140.68297289764,0.988044213552);
#9353 = AXIS2_PLACEMENT_3D('',#9354,#9355,#9356);
#9354 = CARTESIAN_POINT('',(0.,0.,-291.9938158089));
#9355 = DIRECTION('',(-0.,-0.,-1.));
#9356 = DIRECTION('',(1.,0.,-0.));
#9357 = DEFINITIONAL_REPRESENTATION('',(#9358),#9362);
#9358 = LINE('',#9359,#9360);
#9359 = CARTESIAN_POINT('',(-0.,-0.));
#9360 = VECTOR('',#9361,1.);
#9361 = DIRECTION('',(-0.,-1.));
#9362 = ( GEOMETRIC_REPRESENTATION_CONTEXT(2) 
PARAMETRIC_REPRESENTATION_CONTEXT() REPRESENTATION_CONTEXT('2D SPACE',''
  ) );
#9363 = ORIENTED_EDGE('',*,*,#9364,.F.);
#9364 = EDGE_CURVE('',#9365,#9337,#9367,.T.);
#9365 = VERTEX_POINT('',#9366);
#9366 = CARTESIAN_POINT('',(141.93537741151,0.,-292.793826192));
#9367 = SURFACE_CURVE('',#9368,(#9372,#9379),.PCURVE_S1.);
#9368 = LINE('',#9369,#9370);
#9369 = CARTESIAN_POINT('',(141.93537741151,0.,-292.793826192));
#9370 = VECTOR('',#9371,1.);
#9371 = DIRECTION('',(-0.842738065547,0.,0.538323836439));
#9372 = PCURVE('',#8831,#9373);
#9373 = DEFINITIONAL_REPRESENTATION('',(#9374),#9378);
#9374 = LINE('',#9375,#9376);
#9375 = CARTESIAN_POINT('',(707.20617380793,1.141935377412E+03));
#9376 = VECTOR('',#9377,1.);
#9377 = DIRECTION('',(0.538323836439,-0.842738065547));
#9378 = ( GEOMETRIC_REPRESENTATION_CONTEXT(2) 
PARAMETRIC_REPRESENTATION_CONTEXT() REPRESENTATION_CONTEXT('2D SPACE',''
  ) );
#9379 = PCURVE('',#9380,#9385);
#9380 = CONICAL_SURFACE('',#9381,141.93537741151,1.002349433426);
#9381 = AXIS2_PLACEMENT_3D('',#9382,#9383,#9384);
#9382 = CARTESIAN_POINT('',(0.,0.,-292.793826192));
#9383 = DIRECTION('',(-0.,-0.,-1.));
#9384 = DIRECTION('',(1.,0.,-0.));
#9385 = DEFINITIONAL_REPRESENTATION('',(#9386),#9390);
#9386 = LINE('',#9387,#9388);
#9387 = CARTESIAN_POINT('',(-0.,-0.));
#9388 = VECTOR('',#9389,1.);
#9389 = DIRECTION('',(-0.,-1.));
#9390 = ( GEOMETRIC_REPRESENTATION_CONTEXT(2) 
PARAMETRIC_REPRESENTATION_CONTEXT() REPRESENTATION_CONTEXT('2D SPACE',''
  ) );
#9391 = ORIENTED_EDGE('',*,*,#9392,.F.);
#9392 = EDGE_CURVE('',#9393,#9365,#9395,.T.);
#9393 = VERTEX_POINT('',#9394);
#9394 = CARTESIAN_POINT('',(143.19223098785,0.,-293.5709286192));
#9395 = SURFACE_CURVE('',#9396,(#9400,#9407),.PCURVE_S1.);
#9396 = LINE('',#9397,#9398);
#9397 = CARTESIAN_POINT('',(143.19223098785,0.,-293.5709286192));
#9398 = VECTOR('',#9399,1.);
#9399 = DIRECTION('',(-0.850552677033,0.,0.525889858803));
#9400 = PCURVE('',#8831,#9401);
#9401 = DEFINITIONAL_REPRESENTATION('',(#9402),#9406);
#9402 = LINE('',#9403,#9404);
#9403 = CARTESIAN_POINT('',(706.42907138071,1.143192230988E+03));
#9404 = VECTOR('',#9405,1.);
#9405 = DIRECTION('',(0.525889858803,-0.850552677033));
#9406 = ( GEOMETRIC_REPRESENTATION_CONTEXT(2) 
PARAMETRIC_REPRESENTATION_CONTEXT() REPRESENTATION_CONTEXT('2D SPACE',''
  ) );
#9407 = PCURVE('',#9408,#9413);
#9408 = CONICAL_SURFACE('',#9409,143.19223098785,1.017035339214);
#9409 = AXIS2_PLACEMENT_3D('',#9410,#9411,#9412);
#9410 = CARTESIAN_POINT('',(0.,0.,-293.5709286192));
#9411 = DIRECTION('',(-0.,-0.,-1.));
#9412 = DIRECTION('',(1.,0.,-0.));
#9413 = DEFINITIONAL_REPRESENTATION('',(#9414),#9418);
#9414 = LINE('',#9415,#9416);
#9415 = CARTESIAN_POINT('',(-0.,-0.));
#9416 = VECTOR('',#9417,1.);
#9417 = DIRECTION('',(-0.,-1.));
#9418 = ( GEOMETRIC_REPRESENTATION_CONTEXT(2) 
PARAMETRIC_REPRESENTATION_CONTEXT() REPRESENTATION_CONTEXT('2D SPACE',''
  ) );
#9419 = ORIENTED_EDGE('',*,*,#9420,.F.);
#9420 = EDGE_CURVE('',#9421,#9393,#9423,.T.);
#9421 = VERTEX_POINT('',#9422);
#9422 = CARTESIAN_POINT('',(144.45351793308,0.,-294.3246919765));
#9423 = SURFACE_CURVE('',#9424,(#9428,#9435),.PCURVE_S1.);
#9424 = LINE('',#9425,#9426);
#9425 = CARTESIAN_POINT('',(144.45351793308,0.,-294.3246919765));
#9426 = VECTOR('',#9427,1.);
#9427 = DIRECTION('',(-0.858395004389,0.,0.512989294664));
#9428 = PCURVE('',#8831,#9429);
#9429 = DEFINITIONAL_REPRESENTATION('',(#9430),#9434);
#9430 = LINE('',#9431,#9432);
#9431 = CARTESIAN_POINT('',(705.6753080234,1.144453517933E+03));
#9432 = VECTOR('',#9433,1.);
#9433 = DIRECTION('',(0.512989294664,-0.858395004389));
#9434 = ( GEOMETRIC_REPRESENTATION_CONTEXT(2) 
PARAMETRIC_REPRESENTATION_CONTEXT() REPRESENTATION_CONTEXT('2D SPACE',''
  ) );
#9435 = PCURVE('',#9436,#9441);
#9436 = CONICAL_SURFACE('',#9437,144.45351793308,1.032132722524);
#9437 = AXIS2_PLACEMENT_3D('',#9438,#9439,#9440);
#9438 = CARTESIAN_POINT('',(0.,0.,-294.3246919765));
#9439 = DIRECTION('',(-0.,-0.,-1.));
#9440 = DIRECTION('',(1.,0.,-0.));
#9441 = DEFINITIONAL_REPRESENTATION('',(#9442),#9446);
#9442 = LINE('',#9443,#9444);
#9443 = CARTESIAN_POINT('',(-0.,-0.));
#9444 = VECTOR('',#9445,1.);
#9445 = DIRECTION('',(-0.,-1.));
#9446 = ( GEOMETRIC_REPRESENTATION_CONTEXT(2) 
PARAMETRIC_REPRESENTATION_CONTEXT() REPRESENTATION_CONTEXT('2D SPACE',''
  ) );
#9447 = ORIENTED_EDGE('',*,*,#9448,.F.);
#9448 = EDGE_CURVE('',#9449,#9421,#9451,.T.);
#9449 = VERTEX_POINT('',#9450);
#9450 = CARTESIAN_POINT('',(145.71922271853,0.,-295.0546383086));
#9451 = SURFACE_CURVE('',#9452,(#9456,#9463),.PCURVE_S1.);
#9452 = LINE('',#9453,#9454);
#9453 = CARTESIAN_POINT('',(145.71922271853,0.,-295.0546383086));
#9454 = VECTOR('',#9455,1.);
#9455 = DIRECTION('',(-0.866264960385,0.,0.499584846056));
#9456 = PCURVE('',#8831,#9457);
#9457 = DEFINITIONAL_REPRESENTATION('',(#9458),#9462);
#9458 = LINE('',#9459,#9460);
#9459 = CARTESIAN_POINT('',(704.94536169138,1.145719222719E+03));
#9460 = VECTOR('',#9461,1.);
#9461 = DIRECTION('',(0.499584846056,-0.866264960385));
#9462 = ( GEOMETRIC_REPRESENTATION_CONTEXT(2) 
PARAMETRIC_REPRESENTATION_CONTEXT() REPRESENTATION_CONTEXT('2D SPACE',''
  ) );
#9463 = PCURVE('',#9464,#9469);
#9464 = CONICAL_SURFACE('',#9465,145.71922271853,1.047676863377);
#9465 = AXIS2_PLACEMENT_3D('',#9466,#9467,#9468);
#9466 = CARTESIAN_POINT('',(0.,0.,-295.0546383086));
#9467 = DIRECTION('',(-0.,-0.,-1.));
#9468 = DIRECTION('',(1.,0.,-0.));
#9469 = DEFINITIONAL_REPRESENTATION('',(#9470),#9474);
#9470 = LINE('',#9471,#9472);
#9471 = CARTESIAN_POINT('',(-0.,-0.));
#9472 = VECTOR('',#9473,1.);
#9473 = DIRECTION('',(-0.,-1.));
#9474 = ( GEOMETRIC_REPRESENTATION_CONTEXT(2) 
PARAMETRIC_REPRESENTATION_CONTEXT() REPRESENTATION_CONTEXT('2D SPACE',''
  ) );
#9475 = ORIENTED_EDGE('',*,*,#9476,.F.);
#9476 = EDGE_CURVE('',#9477,#9449,#9479,.T.);
#9477 = VERTEX_POINT('',#9478);
#9478 = CARTESIAN_POINT('',(146.98932997757,0.,-295.7602357058));
#9479 = SURFACE_CURVE('',#9480,(#9484,#9491),.PCURVE_S1.);
#9480 = LINE('',#9481,#9482);
#9481 = CARTESIAN_POINT('',(146.98932997757,0.,-295.7602357058));
#9482 = VECTOR('',#9483,1.);
#9483 = DIRECTION('',(-0.874162461392,0.,0.485633597574));
#9484 = PCURVE('',#8831,#9485);
#9485 = DEFINITIONAL_REPRESENTATION('',(#9486),#9490);
#9486 = LINE('',#9487,#9488);
#9487 = CARTESIAN_POINT('',(704.23976429415,1.146989329978E+03));
#9488 = VECTOR('',#9489,1.);
#9489 = DIRECTION('',(0.485633597574,-0.874162461392));
#9490 = ( GEOMETRIC_REPRESENTATION_CONTEXT(2) 
PARAMETRIC_REPRESENTATION_CONTEXT() REPRESENTATION_CONTEXT('2D SPACE',''
  ) );
#9491 = PCURVE('',#9492,#9497);
#9492 = CONICAL_SURFACE('',#9493,146.98932997757,1.063708499631);
#9493 = AXIS2_PLACEMENT_3D('',#9494,#9495,#9496);
#9494 = CARTESIAN_POINT('',(0.,0.,-295.7602357058));
#9495 = DIRECTION('',(-0.,-0.,-1.));
#9496 = DIRECTION('',(1.,0.,-0.));
#9497 = DEFINITIONAL_REPRESENTATION('',(#9498),#9502);
#9498 = LINE('',#9499,#9500);
#9499 = CARTESIAN_POINT('',(-0.,-0.));
#9500 = VECTOR('',#9501,1.);
#9501 = DIRECTION('',(-0.,-1.));
#9502 = ( GEOMETRIC_REPRESENTATION_CONTEXT(2) 
PARAMETRIC_REPRESENTATION_CONTEXT() REPRESENTATION_CONTEXT('2D SPACE',''
  ) );
#9503 = ORIENTED_EDGE('',*,*,#9504,.F.);
#9504 = EDGE_CURVE('',#9505,#9477,#9507,.T.);
#9505 = VERTEX_POINT('',#9506);
#9506 = CARTESIAN_POINT('',(148.26382450279,0.,-296.4408895388));
#9507 = SURFACE_CURVE('',#9508,(#9512,#9519),.PCURVE_S1.);
#9508 = LINE('',#9509,#9510);
#9509 = CARTESIAN_POINT('',(148.26382450279,0.,-296.4408895388));
#9510 = VECTOR('',#9511,1.);
#9511 = DIRECTION('',(-0.882087428257,0.,0.471085734141));
#9512 = PCURVE('',#8831,#9513);
#9513 = DEFINITIONAL_REPRESENTATION('',(#9514),#9518);
#9514 = LINE('',#9515,#9516);
#9515 = CARTESIAN_POINT('',(703.55911046116,1.148263824503E+03));
#9516 = VECTOR('',#9517,1.);
#9517 = DIRECTION('',(0.471085734141,-0.882087428257));
#9518 = ( GEOMETRIC_REPRESENTATION_CONTEXT(2) 
PARAMETRIC_REPRESENTATION_CONTEXT() REPRESENTATION_CONTEXT('2D SPACE',''
  ) );
#9519 = PCURVE('',#9520,#9525);
#9520 = CONICAL_SURFACE('',#9521,148.26382450279,1.080275083684);
#9521 = AXIS2_PLACEMENT_3D('',#9522,#9523,#9524);
#9522 = CARTESIAN_POINT('',(0.,0.,-296.4408895388));
#9523 = DIRECTION('',(-0.,-0.,-1.));
#9524 = DIRECTION('',(1.,0.,-0.));
#9525 = DEFINITIONAL_REPRESENTATION('',(#9526),#9530);
#9526 = LINE('',#9527,#9528);
#9527 = CARTESIAN_POINT('',(-0.,-0.));
#9528 = VECTOR('',#9529,1.);
#9529 = DIRECTION('',(-0.,-1.));
#9530 = ( GEOMETRIC_REPRESENTATION_CONTEXT(2) 
PARAMETRIC_REPRESENTATION_CONTEXT() REPRESENTATION_CONTEXT('2D SPACE',''
  ) );
#9531 = ORIENTED_EDGE('',*,*,#9532,.F.);
#9532 = EDGE_CURVE('',#9533,#9505,#9535,.T.);
#9533 = VERTEX_POINT('',#9534);
#9534 = CARTESIAN_POINT('',(149.54269124333,0.,-297.0959315129));
#9535 = SURFACE_CURVE('',#9536,(#9540,#9547),.PCURVE_S1.);
#9536 = LINE('',#9537,#9538);
#9537 = CARTESIAN_POINT('',(149.54269124333,0.,-297.0959315129));
#9538 = VECTOR('',#9539,1.);
#9539 = DIRECTION('',(-0.89003978757,0.,0.455882853968));
#9540 = PCURVE('',#8831,#9541);
#9541 = DEFINITIONAL_REPRESENTATION('',(#9542),#9546);
#9542 = LINE('',#9543,#9544);
#9543 = CARTESIAN_POINT('',(702.90406848701,1.149542691243E+03));
#9544 = VECTOR('',#9545,1.);
#9545 = DIRECTION('',(0.455882853968,-0.89003978757));
#9546 = ( GEOMETRIC_REPRESENTATION_CONTEXT(2) 
PARAMETRIC_REPRESENTATION_CONTEXT() REPRESENTATION_CONTEXT('2D SPACE',''
  ) );
#9547 = PCURVE('',#9548,#9553);
#9548 = CONICAL_SURFACE('',#9549,149.54269124333,1.097432437953);
#9549 = AXIS2_PLACEMENT_3D('',#9550,#9551,#9552);
#9550 = CARTESIAN_POINT('',(0.,0.,-297.0959315129));
#9551 = DIRECTION('',(-0.,-0.,-1.));
#9552 = DIRECTION('',(1.,0.,-0.));
#9553 = DEFINITIONAL_REPRESENTATION('',(#9554),#9558);
#9554 = LINE('',#9555,#9556);
#9555 = CARTESIAN_POINT('',(-0.,-0.));
#9556 = VECTOR('',#9557,1.);
#9557 = DIRECTION('',(-0.,-1.));
#9558 = ( GEOMETRIC_REPRESENTATION_CONTEXT(2) 
PARAMETRIC_REPRESENTATION_CONTEXT() REPRESENTATION_CONTEXT('2D SPACE',''
  ) );
#9559 = ORIENTED_EDGE('',*,*,#9560,.F.);
#9560 = EDGE_CURVE('',#9561,#9533,#9563,.T.);
#9561 = VERTEX_POINT('',#9562);
#9562 = CARTESIAN_POINT('',(150.82591530215,0.,-297.7246057968));
#9563 = SURFACE_CURVE('',#9564,(#9568,#9575),.PCURVE_S1.);
#9564 = LINE('',#9565,#9566);
#9565 = CARTESIAN_POINT('',(150.82591530215,0.,-297.7246057968));
#9566 = VECTOR('',#9567,1.);
#9567 = DIRECTION('',(-0.898019473561,0.,0.439955708118));
#9568 = PCURVE('',#8831,#9569);
#9569 = DEFINITIONAL_REPRESENTATION('',(#9570),#9574);
#9570 = LINE('',#9571,#9572);
#9571 = CARTESIAN_POINT('',(702.27539420311,1.150825915302E+03));
#9572 = VECTOR('',#9573,1.);
#9573 = DIRECTION('',(0.439955708118,-0.898019473561));
#9574 = ( GEOMETRIC_REPRESENTATION_CONTEXT(2) 
PARAMETRIC_REPRESENTATION_CONTEXT() REPRESENTATION_CONTEXT('2D SPACE',''
  ) );
#9575 = PCURVE('',#9576,#9581);
#9576 = CONICAL_SURFACE('',#9577,150.82591530215,1.115246975734);
#9577 = AXIS2_PLACEMENT_3D('',#9578,#9579,#9580);
#9578 = CARTESIAN_POINT('',(0.,0.,-297.7246057968));
#9579 = DIRECTION('',(-0.,-0.,-1.));
#9580 = DIRECTION('',(1.,0.,-0.));
#9581 = DEFINITIONAL_REPRESENTATION('',(#9582),#9586);
#9582 = LINE('',#9583,#9584);
#9583 = CARTESIAN_POINT('',(-0.,-0.));
#9584 = VECTOR('',#9585,1.);
#9585 = DIRECTION('',(-0.,-1.));
#9586 = ( GEOMETRIC_REPRESENTATION_CONTEXT(2) 
PARAMETRIC_REPRESENTATION_CONTEXT() REPRESENTATION_CONTEXT('2D SPACE',''
  ) );
#9587 = ORIENTED_EDGE('',*,*,#9588,.F.);
#9588 = EDGE_CURVE('',#9589,#9561,#9591,.T.);
#9589 = VERTEX_POINT('',#9590);
#9590 = CARTESIAN_POINT('',(152.11348193347,0.,-298.3260511387));
#9591 = SURFACE_CURVE('',#9592,(#9596,#9603),.PCURVE_S1.);
#9592 = LINE('',#9593,#9594);
#9593 = CARTESIAN_POINT('',(152.11348193347,0.,-298.3260511387));
#9594 = VECTOR('',#9595,1.);
#9595 = DIRECTION('',(-0.906026430982,0.,0.423221108124));
#9596 = PCURVE('',#8831,#9597);
#9597 = DEFINITIONAL_REPRESENTATION('',(#9598),#9602);
#9598 = LINE('',#9599,#9600);
#9599 = CARTESIAN_POINT('',(701.67394886128,1.152113481933E+03));
#9600 = VECTOR('',#9601,1.);
#9601 = DIRECTION('',(0.423221108124,-0.906026430982));
#9602 = ( GEOMETRIC_REPRESENTATION_CONTEXT(2) 
PARAMETRIC_REPRESENTATION_CONTEXT() REPRESENTATION_CONTEXT('2D SPACE',''
  ) );
#9603 = PCURVE('',#9604,#9609);
#9604 = CONICAL_SURFACE('',#9605,152.11348193347,1.133798743169);
#9605 = AXIS2_PLACEMENT_3D('',#9606,#9607,#9608);
#9606 = CARTESIAN_POINT('',(0.,0.,-298.3260511387));
#9607 = DIRECTION('',(-0.,-0.,-1.));
#9608 = DIRECTION('',(1.,0.,-0.));
#9609 = DEFINITIONAL_REPRESENTATION('',(#9610),#9614);
#9610 = LINE('',#9611,#9612);
#9611 = CARTESIAN_POINT('',(-0.,-0.));
#9612 = VECTOR('',#9613,1.);
#9613 = DIRECTION('',(-0.,-1.));
#9614 = ( GEOMETRIC_REPRESENTATION_CONTEXT(2) 
PARAMETRIC_REPRESENTATION_CONTEXT() REPRESENTATION_CONTEXT('2D SPACE',''
  ) );
#9615 = ORIENTED_EDGE('',*,*,#9616,.F.);
#9616 = EDGE_CURVE('',#9617,#9589,#9619,.T.);
#9617 = VERTEX_POINT('',#9618);
#9618 = CARTESIAN_POINT('',(153.40537654019,0.,-298.8992773483));
#9619 = SURFACE_CURVE('',#9620,(#9624,#9631),.PCURVE_S1.);
#9620 = LINE('',#9621,#9622);
#9621 = CARTESIAN_POINT('',(153.40537654019,0.,-298.8992773483));
#9622 = VECTOR('',#9623,1.);
#9623 = DIRECTION('',(-0.914060619664,0.,0.405577592552));
#9624 = PCURVE('',#8831,#9625);
#9625 = DEFINITIONAL_REPRESENTATION('',(#9626),#9630);
#9626 = LINE('',#9627,#9628);
#9627 = CARTESIAN_POINT('',(701.1007226516,1.15340537654E+03));
#9628 = VECTOR('',#9629,1.);
#9629 = DIRECTION('',(0.405577592552,-0.914060619664));
#9630 = ( GEOMETRIC_REPRESENTATION_CONTEXT(2) 
PARAMETRIC_REPRESENTATION_CONTEXT() REPRESENTATION_CONTEXT('2D SPACE',''
  ) );
#9631 = PCURVE('',#9632,#9637);
#9632 = CONICAL_SURFACE('',#9633,153.40537654019,1.153185687269);
#9633 = AXIS2_PLACEMENT_3D('',#9634,#9635,#9636);
#9634 = CARTESIAN_POINT('',(0.,0.,-298.8992773483));
#9635 = DIRECTION('',(-0.,-0.,-1.));
#9636 = DIRECTION('',(1.,0.,-0.));
#9637 = DEFINITIONAL_REPRESENTATION('',(#9638),#9642);
#9638 = LINE('',#9639,#9640);
#9639 = CARTESIAN_POINT('',(-0.,-0.));
#9640 = VECTOR('',#9641,1.);
#9641 = DIRECTION('',(-0.,-1.));
#9642 = ( GEOMETRIC_REPRESENTATION_CONTEXT(2) 
PARAMETRIC_REPRESENTATION_CONTEXT() REPRESENTATION_CONTEXT('2D SPACE',''
  ) );
#9643 = ORIENTED_EDGE('',*,*,#9644,.F.);
#9644 = EDGE_CURVE('',#9645,#9617,#9647,.T.);
#9645 = VERTEX_POINT('',#9646);
#9646 = CARTESIAN_POINT('',(154.70158467144,0.,-299.4431336418));
#9647 = SURFACE_CURVE('',#9648,(#9652,#9659),.PCURVE_S1.);
#9648 = LINE('',#9649,#9650);
#9649 = CARTESIAN_POINT('',(154.70158467144,0.,-299.4431336418));
#9650 = VECTOR('',#9651,1.);
#9651 = DIRECTION('',(-0.922122021955,0.,0.386899181475));
#9652 = PCURVE('',#8831,#9653);
#9653 = DEFINITIONAL_REPRESENTATION('',(#9654),#9658);
#9654 = LINE('',#9655,#9656);
#9655 = CARTESIAN_POINT('',(700.55686635812,1.154701584671E+03));
#9656 = VECTOR('',#9657,1.);
#9657 = DIRECTION('',(0.386899181475,-0.922122021955));
#9658 = ( GEOMETRIC_REPRESENTATION_CONTEXT(2) 
PARAMETRIC_REPRESENTATION_CONTEXT() REPRESENTATION_CONTEXT('2D SPACE',''
  ) );
#9659 = PCURVE('',#9660,#9665);
#9660 = CONICAL_SURFACE('',#9661,154.70158467144,1.173529814727);
#9661 = AXIS2_PLACEMENT_3D('',#9662,#9663,#9664);
#9662 = CARTESIAN_POINT('',(0.,0.,-299.4431336418));
#9663 = DIRECTION('',(-0.,-0.,-1.));
#9664 = DIRECTION('',(1.,0.,-0.));
#9665 = DEFINITIONAL_REPRESENTATION('',(#9666),#9670);
#9666 = LINE('',#9667,#9668);
#9667 = CARTESIAN_POINT('',(-0.,-0.));
#9668 = VECTOR('',#9669,1.);
#9669 = DIRECTION('',(-0.,-1.));
#9670 = ( GEOMETRIC_REPRESENTATION_CONTEXT(2) 
PARAMETRIC_REPRESENTATION_CONTEXT() REPRESENTATION_CONTEXT('2D SPACE',''
  ) );
#9671 = ORIENTED_EDGE('',*,*,#9672,.F.);
#9672 = EDGE_CURVE('',#9673,#9645,#9675,.T.);
#9673 = VERTEX_POINT('',#9674);
#9674 = CARTESIAN_POINT('',(156.00209202015,0.,-299.9562648333));
#9675 = SURFACE_CURVE('',#9676,(#9680,#9687),.PCURVE_S1.);
#9676 = LINE('',#9677,#9678);
#9677 = CARTESIAN_POINT('',(156.00209202015,0.,-299.9562648333));
#9678 = VECTOR('',#9679,1.);
#9679 = DIRECTION('',(-0.930210655452,0.,0.367026070576));
#9680 = PCURVE('',#8831,#9681);
#9681 = DEFINITIONAL_REPRESENTATION('',(#9682),#9686);
#9682 = LINE('',#9683,#9684);
#9683 = CARTESIAN_POINT('',(700.04373516665,1.15600209202E+03));
#9684 = VECTOR('',#9685,1.);
#9685 = DIRECTION('',(0.367026070576,-0.930210655452));
#9686 = ( GEOMETRIC_REPRESENTATION_CONTEXT(2) 
PARAMETRIC_REPRESENTATION_CONTEXT() REPRESENTATION_CONTEXT('2D SPACE',''
  ) );
#9687 = PCURVE('',#9688,#9693);
#9688 = CONICAL_SURFACE('',#9689,156.00209202015,1.19498637995);
#9689 = AXIS2_PLACEMENT_3D('',#9690,#9691,#9692);
#9690 = CARTESIAN_POINT('',(0.,0.,-299.9562648333));
#9691 = DIRECTION('',(-0.,-0.,-1.));
#9692 = DIRECTION('',(1.,0.,-0.));
#9693 = DEFINITIONAL_REPRESENTATION('',(#9694),#9698);
#9694 = LINE('',#9695,#9696);
#9695 = CARTESIAN_POINT('',(-0.,-0.));
#9696 = VECTOR('',#9697,1.);
#9697 = DIRECTION('',(-0.,-1.));
#9698 = ( GEOMETRIC_REPRESENTATION_CONTEXT(2) 
PARAMETRIC_REPRESENTATION_CONTEXT() REPRESENTATION_CONTEXT('2D SPACE',''
  ) );
#9699 = ORIENTED_EDGE('',*,*,#9700,.F.);
#9700 = EDGE_CURVE('',#9701,#9673,#9703,.T.);
#9701 = VERTEX_POINT('',#9702);
#9702 = CARTESIAN_POINT('',(157.30688442066,0.,-300.4370486378));
#9703 = SURFACE_CURVE('',#9704,(#9708,#9715),.PCURVE_S1.);
#9704 = LINE('',#9705,#9706);
#9705 = CARTESIAN_POINT('',(157.30688442066,0.,-300.4370486378));
#9706 = VECTOR('',#9707,1.);
#9707 = DIRECTION('',(-0.938326595957,0.,0.345750197859));
#9708 = PCURVE('',#8831,#9709);
#9709 = DEFINITIONAL_REPRESENTATION('',(#9710),#9714);
#9710 = LINE('',#9711,#9712);
#9711 = CARTESIAN_POINT('',(699.56295136217,1.157306884421E+03));
#9712 = VECTOR('',#9713,1.);
#9713 = DIRECTION('',(0.345750197859,-0.938326595957));
#9714 = ( GEOMETRIC_REPRESENTATION_CONTEXT(2) 
PARAMETRIC_REPRESENTATION_CONTEXT() REPRESENTATION_CONTEXT('2D SPACE',''
  ) );
#9715 = PCURVE('',#9716,#9721);
#9716 = CONICAL_SURFACE('',#9717,157.30688442066,1.217758153221);
#9717 = AXIS2_PLACEMENT_3D('',#9718,#9719,#9720);
#9718 = CARTESIAN_POINT('',(0.,0.,-300.4370486378));
#9719 = DIRECTION('',(-0.,-0.,-1.));
#9720 = DIRECTION('',(1.,0.,-0.));
#9721 = DEFINITIONAL_REPRESENTATION('',(#9722),#9726);
#9722 = LINE('',#9723,#9724);
#9723 = CARTESIAN_POINT('',(-0.,-0.));
#9724 = VECTOR('',#9725,1.);
#9725 = DIRECTION('',(-0.,-1.));
#9726 = ( GEOMETRIC_REPRESENTATION_CONTEXT(2) 
PARAMETRIC_REPRESENTATION_CONTEXT() REPRESENTATION_CONTEXT('2D SPACE',''
  ) );
#9727 = ORIENTED_EDGE('',*,*,#9728,.F.);
#9728 = EDGE_CURVE('',#9729,#9701,#9731,.T.);
#9729 = VERTEX_POINT('',#9730);
#9730 = CARTESIAN_POINT('',(158.61594784643,0.,-300.883502125));
#9731 = SURFACE_CURVE('',#9732,(#9736,#9743),.PCURVE_S1.);
#9732 = LINE('',#9733,#9734);
#9733 = CARTESIAN_POINT('',(158.61594784643,0.,-300.883502125));
#9734 = VECTOR('',#9735,1.);
#9735 = DIRECTION('',(-0.946470021743,0.,0.322791725329));
#9736 = PCURVE('',#8831,#9737);
#9737 = DEFINITIONAL_REPRESENTATION('',(#9738),#9742);
#9738 = LINE('',#9739,#9740);
#9739 = CARTESIAN_POINT('',(699.11649787494,1.158615947846E+03));
#9740 = VECTOR('',#9741,1.);
#9741 = DIRECTION('',(0.322791725329,-0.946470021743));
#9742 = ( GEOMETRIC_REPRESENTATION_CONTEXT(2) 
PARAMETRIC_REPRESENTATION_CONTEXT() REPRESENTATION_CONTEXT('2D SPACE',''
  ) );
#9743 = PCURVE('',#9744,#9749);
#9744 = CONICAL_SURFACE('',#9745,158.61594784643,1.242118699009);
#9745 = AXIS2_PLACEMENT_3D('',#9746,#9747,#9748);
#9746 = CARTESIAN_POINT('',(0.,0.,-300.883502125));
#9747 = DIRECTION('',(-0.,-0.,-1.));
#9748 = DIRECTION('',(1.,0.,-0.));
#9749 = DEFINITIONAL_REPRESENTATION('',(#9750),#9754);
#9750 = LINE('',#9751,#9752);
#9751 = CARTESIAN_POINT('',(-0.,-0.));
#9752 = VECTOR('',#9753,1.);
#9753 = DIRECTION('',(-0.,-1.));
#9754 = ( GEOMETRIC_REPRESENTATION_CONTEXT(2) 
PARAMETRIC_REPRESENTATION_CONTEXT() REPRESENTATION_CONTEXT('2D SPACE',''
  ) );
#9755 = ORIENTED_EDGE('',*,*,#9756,.F.);
#9756 = EDGE_CURVE('',#9757,#9729,#9759,.T.);
#9757 = VERTEX_POINT('',#9758);
#9758 = CARTESIAN_POINT('',(159.92926840776,0.,-301.2931345499));
#9759 = SURFACE_CURVE('',#9760,(#9764,#9771),.PCURVE_S1.);
#9760 = LINE('',#9761,#9762);
#9761 = CARTESIAN_POINT('',(159.92926840776,0.,-301.2931345499));
#9762 = VECTOR('',#9763,1.);
#9763 = DIRECTION('',(-0.954641306456,0.,0.297758250949));
#9764 = PCURVE('',#8831,#9765);
#9765 = DEFINITIONAL_REPRESENTATION('',(#9766),#9770);
#9766 = LINE('',#9767,#9768);
#9767 = CARTESIAN_POINT('',(698.70686545004,1.159929268408E+03));
#9768 = VECTOR('',#9769,1.);
#9769 = DIRECTION('',(0.297758250949,-0.954641306456));
#9770 = ( GEOMETRIC_REPRESENTATION_CONTEXT(2) 
PARAMETRIC_REPRESENTATION_CONTEXT() REPRESENTATION_CONTEXT('2D SPACE',''
  ) );
#9771 = PCURVE('',#9772,#9777);
#9772 = CONICAL_SURFACE('',#9773,159.92926840776,1.268452798752);
#9773 = AXIS2_PLACEMENT_3D('',#9774,#9775,#9776);
#9774 = CARTESIAN_POINT('',(0.,0.,-301.2931345499));
#9775 = DIRECTION('',(-0.,-0.,-1.));
#9776 = DIRECTION('',(1.,0.,-0.));
#9777 = DEFINITIONAL_REPRESENTATION('',(#9778),#9782);
#9778 = LINE('',#9779,#9780);
#9779 = CARTESIAN_POINT('',(-0.,-0.));
#9780 = VECTOR('',#9781,1.);
#9781 = DIRECTION('',(-0.,-1.));
#9782 = ( GEOMETRIC_REPRESENTATION_CONTEXT(2) 
PARAMETRIC_REPRESENTATION_CONTEXT() REPRESENTATION_CONTEXT('2D SPACE',''
  ) );
#9783 = ORIENTED_EDGE('',*,*,#9784,.F.);
#9784 = EDGE_CURVE('',#9785,#9757,#9787,.T.);
#9785 = VERTEX_POINT('',#9786);
#9786 = CARTESIAN_POINT('',(161.24683234959,0.,-301.662699035));
#9787 = SURFACE_CURVE('',#9788,(#9792,#9799),.PCURVE_S1.);
#9788 = LINE('',#9789,#9790);
#9789 = CARTESIAN_POINT('',(161.24683234959,0.,-301.662699035));
#9790 = VECTOR('',#9791,1.);
#9791 = DIRECTION('',(-0.962841237045,0.,0.270068051139));
#9792 = PCURVE('',#8831,#9793);
#9793 = DEFINITIONAL_REPRESENTATION('',(#9794),#9798);
#9794 = LINE('',#9795,#9796);
#9795 = CARTESIAN_POINT('',(698.33730096492,1.16124683235E+03));
#9796 = VECTOR('',#9797,1.);
#9797 = DIRECTION('',(0.270068051139,-0.962841237045));
#9798 = ( GEOMETRIC_REPRESENTATION_CONTEXT(2) 
PARAMETRIC_REPRESENTATION_CONTEXT() REPRESENTATION_CONTEXT('2D SPACE',''
  ) );
#9799 = PCURVE('',#9800,#9805);
#9800 = CONICAL_SURFACE('',#9801,161.24683234959,1.297332618603);
#9801 = AXIS2_PLACEMENT_3D('',#9802,#9803,#9804);
#9802 = CARTESIAN_POINT('',(0.,0.,-301.662699035));
#9803 = DIRECTION('',(-0.,-0.,-1.));
#9804 = DIRECTION('',(1.,0.,-0.));
#9805 = DEFINITIONAL_REPRESENTATION('',(#9806),#9810);
#9806 = LINE('',#9807,#9808);
#9807 = CARTESIAN_POINT('',(-0.,-0.));
#9808 = VECTOR('',#9809,1.);
#9809 = DIRECTION('',(-0.,-1.));
#9810 = ( GEOMETRIC_REPRESENTATION_CONTEXT(2) 
PARAMETRIC_REPRESENTATION_CONTEXT() REPRESENTATION_CONTEXT('2D SPACE',''
  ) );
#9811 = ORIENTED_EDGE('',*,*,#9812,.F.);
#9812 = EDGE_CURVE('',#9813,#9785,#9815,.T.);
#9813 = VERTEX_POINT('',#9814);
#9814 = CARTESIAN_POINT('',(162.56862604933,0.,-301.9877307564));
#9815 = SURFACE_CURVE('',#9816,(#9820,#9827),.PCURVE_S1.);
#9816 = LINE('',#9817,#9818);
#9817 = CARTESIAN_POINT('',(162.56862604933,0.,-301.9877307564));
#9818 = VECTOR('',#9819,1.);
#9819 = DIRECTION('',(-0.971071610697,0.,0.238788456376));
#9820 = PCURVE('',#8831,#9821);
#9821 = DEFINITIONAL_REPRESENTATION('',(#9822),#9826);
#9822 = LINE('',#9823,#9824);
#9823 = CARTESIAN_POINT('',(698.01226924354,1.162568626049E+03));
#9824 = VECTOR('',#9825,1.);
#9825 = DIRECTION('',(0.238788456376,-0.971071610697));
#9826 = ( GEOMETRIC_REPRESENTATION_CONTEXT(2) 
PARAMETRIC_REPRESENTATION_CONTEXT() REPRESENTATION_CONTEXT('2D SPACE',''
  ) );
#9827 = PCURVE('',#9828,#9833);
#9828 = CONICAL_SURFACE('',#9829,162.56862604933,1.329678303239);
#9829 = AXIS2_PLACEMENT_3D('',#9830,#9831,#9832);
#9830 = CARTESIAN_POINT('',(0.,0.,-301.9877307564));
#9831 = DIRECTION('',(-0.,-0.,-1.));
#9832 = DIRECTION('',(1.,0.,-0.));
#9833 = DEFINITIONAL_REPRESENTATION('',(#9834),#9838);
#9834 = LINE('',#9835,#9836);
#9835 = CARTESIAN_POINT('',(-0.,-0.));
#9836 = VECTOR('',#9837,1.);
#9837 = DIRECTION('',(-0.,-1.));
#9838 = ( GEOMETRIC_REPRESENTATION_CONTEXT(2) 
PARAMETRIC_REPRESENTATION_CONTEXT() REPRESENTATION_CONTEXT('2D SPACE',''
  ) );
#9839 = ORIENTED_EDGE('',*,*,#9840,.F.);
#9840 = EDGE_CURVE('',#9841,#9813,#9843,.T.);
#9841 = VERTEX_POINT('',#9842);
#9842 = CARTESIAN_POINT('',(163.89463601477,0.,-302.2615524945));
#9843 = SURFACE_CURVE('',#9844,(#9848,#9855),.PCURVE_S1.);
#9844 = LINE('',#9845,#9846);
#9845 = CARTESIAN_POINT('',(163.89463601477,0.,-302.2615524945));
#9846 = VECTOR('',#9847,1.);
#9847 = DIRECTION('',(-0.979337300821,0.,0.202233655013));
#9848 = PCURVE('',#8831,#9849);
#9849 = DEFINITIONAL_REPRESENTATION('',(#9850),#9854);
#9850 = LINE('',#9851,#9852);
#9851 = CARTESIAN_POINT('',(697.73844750544,1.163894636015E+03));
#9852 = VECTOR('',#9853,1.);
#9853 = DIRECTION('',(0.202233655013,-0.979337300821));
#9854 = ( GEOMETRIC_REPRESENTATION_CONTEXT(2) 
PARAMETRIC_REPRESENTATION_CONTEXT() REPRESENTATION_CONTEXT('2D SPACE',''
  ) );
#9855 = PCURVE('',#9856,#9861);
#9856 = CONICAL_SURFACE('',#9857,163.89463601477,1.367158158753);
#9857 = AXIS2_PLACEMENT_3D('',#9858,#9859,#9860);
#9858 = CARTESIAN_POINT('',(0.,0.,-302.2615524945));
#9859 = DIRECTION('',(-0.,-0.,-1.));
#9860 = DIRECTION('',(1.,0.,-0.));
#9861 = DEFINITIONAL_REPRESENTATION('',(#9862),#9866);
#9862 = LINE('',#9863,#9864);
#9863 = CARTESIAN_POINT('',(-0.,-0.));
#9864 = VECTOR('',#9865,1.);
#9865 = DIRECTION('',(-0.,-1.));
#9866 = ( GEOMETRIC_REPRESENTATION_CONTEXT(2) 
PARAMETRIC_REPRESENTATION_CONTEXT() REPRESENTATION_CONTEXT('2D SPACE',''
  ) );
#9867 = ORIENTED_EDGE('',*,*,#9868,.F.);
#9868 = EDGE_CURVE('',#9869,#9841,#9871,.T.);
#9869 = VERTEX_POINT('',#9870);
#9870 = CARTESIAN_POINT('',(165.22484888197,0.,-302.4725097946));
#9871 = SURFACE_CURVE('',#9872,(#9876,#9883),.PCURVE_S1.);
#9872 = LINE('',#9873,#9874);
#9873 = CARTESIAN_POINT('',(165.22484888197,0.,-302.4725097946));
#9874 = VECTOR('',#9875,1.);
#9875 = DIRECTION('',(-0.98765708511,0.,0.156631676973));
#9876 = PCURVE('',#8831,#9877);
#9877 = DEFINITIONAL_REPRESENTATION('',(#9878),#9882);
#9878 = LINE('',#9879,#9880);
#9879 = CARTESIAN_POINT('',(697.52749020532,1.165224848882E+03));
#9880 = VECTOR('',#9881,1.);
#9881 = DIRECTION('',(0.156631676973,-0.98765708511));
#9882 = ( GEOMETRIC_REPRESENTATION_CONTEXT(2) 
PARAMETRIC_REPRESENTATION_CONTEXT() REPRESENTATION_CONTEXT('2D SPACE',''
  ) );
#9883 = PCURVE('',#9884,#9889);
#9884 = CONICAL_SURFACE('',#9885,165.22484888197,1.413517020752);
#9885 = AXIS2_PLACEMENT_3D('',#9886,#9887,#9888);
#9886 = CARTESIAN_POINT('',(0.,0.,-302.4725097946));
#9887 = DIRECTION('',(-0.,-0.,-1.));
#9888 = DIRECTION('',(1.,0.,-0.));
#9889 = DEFINITIONAL_REPRESENTATION('',(#9890),#9894);
#9890 = LINE('',#9891,#9892);
#9891 = CARTESIAN_POINT('',(-0.,-0.));
#9892 = VECTOR('',#9893,1.);
#9893 = DIRECTION('',(-0.,-1.));
#9894 = ( GEOMETRIC_REPRESENTATION_CONTEXT(2) 
PARAMETRIC_REPRESENTATION_CONTEXT() REPRESENTATION_CONTEXT('2D SPACE',''
  ) );
#9895 = ORIENTED_EDGE('',*,*,#9896,.F.);
#9896 = EDGE_CURVE('',#9897,#9869,#9899,.T.);
#9897 = VERTEX_POINT('',#9898);
#9898 = CARTESIAN_POINT('',(166.55925141329,0.,-302.5876340477));
#9899 = SURFACE_CURVE('',#9900,(#9904,#9911),.PCURVE_S1.);
#9900 = LINE('',#9901,#9902);
#9901 = CARTESIAN_POINT('',(166.55925141329,0.,-302.5876340477));
#9902 = VECTOR('',#9903,1.);
#9903 = DIRECTION('',(-0.996299045332,0.,8.59547105834E-02));
#9904 = PCURVE('',#8831,#9905);
#9905 = DEFINITIONAL_REPRESENTATION('',(#9906),#9910);
#9906 = LINE('',#9907,#9908);
#9907 = CARTESIAN_POINT('',(697.41236595229,1.166559251413E+03));
#9908 = VECTOR('',#9909,1.);
#9909 = DIRECTION('',(8.59547105834E-02,-0.996299045332));
#9910 = ( GEOMETRIC_REPRESENTATION_CONTEXT(2) 
PARAMETRIC_REPRESENTATION_CONTEXT() REPRESENTATION_CONTEXT('2D SPACE',''
  ) );
#9911 = PCURVE('',#9912,#9917);
#9912 = CONICAL_SURFACE('',#9913,166.55925141329,1.484735420823);
#9913 = AXIS2_PLACEMENT_3D('',#9914,#9915,#9916);
#9914 = CARTESIAN_POINT('',(0.,0.,-302.5876340477));
#9915 = DIRECTION('',(-0.,-0.,-1.));
#9916 = DIRECTION('',(1.,0.,-0.));
#9917 = DEFINITIONAL_REPRESENTATION('',(#9918),#9922);
#9918 = LINE('',#9919,#9920);
#9919 = CARTESIAN_POINT('',(-0.,-0.));
#9920 = VECTOR('',#9921,1.);
#9921 = DIRECTION('',(-0.,-1.));
#9922 = ( GEOMETRIC_REPRESENTATION_CONTEXT(2) 
PARAMETRIC_REPRESENTATION_CONTEXT() REPRESENTATION_CONTEXT('2D SPACE',''
  ) );
#9923 = ORIENTED_EDGE('',*,*,#9924,.F.);
#9924 = EDGE_CURVE('',#9925,#9897,#9927,.T.);
#9925 = VERTEX_POINT('',#9926);
#9926 = CARTESIAN_POINT('',(160.55925141329,0.,-302.5876340477));
#9927 = SURFACE_CURVE('',#9928,(#9932,#9938),.PCURVE_S1.);
#9928 = LINE('',#9929,#9930);
#9929 = CARTESIAN_POINT('',(-500.,0.,-302.5876340477));
#9930 = VECTOR('',#9931,1.);
#9931 = DIRECTION('',(1.,0.,-0.));
#9932 = PCURVE('',#8831,#9933);
#9933 = DEFINITIONAL_REPRESENTATION('',(#9934),#9937);
#9934 = B_SPLINE_CURVE_WITH_KNOTS('',1,(#9935,#9936),.UNSPECIFIED.,.F.,
  .F.,(2,2),(333.4407485867,666.55925141329),.PIECEWISE_BEZIER_KNOTS.);
#9935 = CARTESIAN_POINT('',(697.41236595229,833.4407485867));
#9936 = CARTESIAN_POINT('',(697.41236595229,1.166559251413E+03));
#9937 = ( GEOMETRIC_REPRESENTATION_CONTEXT(2) 
PARAMETRIC_REPRESENTATION_CONTEXT() REPRESENTATION_CONTEXT('2D SPACE',''
  ) );
#9938 = PCURVE('',#9939,#9944);
#9939 = PLANE('',#9940);
#9940 = AXIS2_PLACEMENT_3D('',#9941,#9942,#9943);
#9941 = CARTESIAN_POINT('',(0.,0.,-302.5876340477));
#9942 = DIRECTION('',(0.,0.,1.));
#9943 = DIRECTION('',(1.,0.,-0.));
#9944 = DEFINITIONAL_REPRESENTATION('',(#9945),#9948);
#9945 = B_SPLINE_CURVE_WITH_KNOTS('',1,(#9946,#9947),.UNSPECIFIED.,.F.,
  .F.,(2,2),(333.4407485867,666.55925141329),.PIECEWISE_BEZIER_KNOTS.);
#9946 = CARTESIAN_POINT('',(-166.5592514132,0.));
#9947 = CARTESIAN_POINT('',(166.55925141329,0.));
#9948 = ( GEOMETRIC_REPRESENTATION_CONTEXT(2) 
PARAMETRIC_REPRESENTATION_CONTEXT() REPRESENTATION_CONTEXT('2D SPACE',''
  ) );
#9949 = ORIENTED_EDGE('',*,*,#9950,.F.);
#9950 = EDGE_CURVE('',#9951,#9925,#9953,.T.);
#9951 = VERTEX_POINT('',#9952);
#9952 = CARTESIAN_POINT('',(159.22484888197,0.,-302.4725097946));
#9953 = SURFACE_CURVE('',#9954,(#9958,#9965),.PCURVE_S1.);
#9954 = LINE('',#9955,#9956);
#9955 = CARTESIAN_POINT('',(159.22484888197,0.,-302.4725097946));
#9956 = VECTOR('',#9957,1.);
#9957 = DIRECTION('',(0.996299045332,0.,-8.59547105834E-02));
#9958 = PCURVE('',#8831,#9959);
#9959 = DEFINITIONAL_REPRESENTATION('',(#9960),#9964);
#9960 = LINE('',#9961,#9962);
#9961 = CARTESIAN_POINT('',(697.52749020532,1.159224848882E+03));
#9962 = VECTOR('',#9963,1.);
#9963 = DIRECTION('',(-8.59547105834E-02,0.996299045332));
#9964 = ( GEOMETRIC_REPRESENTATION_CONTEXT(2) 
PARAMETRIC_REPRESENTATION_CONTEXT() REPRESENTATION_CONTEXT('2D SPACE',''
  ) );
#9965 = PCURVE('',#9966,#9971);
#9966 = CONICAL_SURFACE('',#9967,159.22484888197,1.484735420823);
#9967 = AXIS2_PLACEMENT_3D('',#9968,#9969,#9970);
#9968 = CARTESIAN_POINT('',(0.,0.,-302.4725097946));
#9969 = DIRECTION('',(-0.,-0.,-1.));
#9970 = DIRECTION('',(1.,0.,0.));
#9971 = DEFINITIONAL_REPRESENTATION('',(#9972),#9976);
#9972 = LINE('',#9973,#9974);
#9973 = CARTESIAN_POINT('',(-0.,0.));
#9974 = VECTOR('',#9975,1.);
#9975 = DIRECTION('',(-0.,1.));
#9976 = ( GEOMETRIC_REPRESENTATION_CONTEXT(2) 
PARAMETRIC_REPRESENTATION_CONTEXT() REPRESENTATION_CONTEXT('2D SPACE',''
  ) );
#9977 = ORIENTED_EDGE('',*,*,#9978,.F.);
#9978 = EDGE_CURVE('',#9979,#9951,#9981,.T.);
#9979 = VERTEX_POINT('',#9980);
#9980 = CARTESIAN_POINT('',(157.89463601477,0.,-302.2615524945));
#9981 = SURFACE_CURVE('',#9982,(#9986,#9993),.PCURVE_S1.);
#9982 = LINE('',#9983,#9984);
#9983 = CARTESIAN_POINT('',(157.89463601477,0.,-302.2615524945));
#9984 = VECTOR('',#9985,1.);
#9985 = DIRECTION('',(0.98765708511,0.,-0.156631676973));
#9986 = PCURVE('',#8831,#9987);
#9987 = DEFINITIONAL_REPRESENTATION('',(#9988),#9992);
#9988 = LINE('',#9989,#9990);
#9989 = CARTESIAN_POINT('',(697.73844750544,1.157894636015E+03));
#9990 = VECTOR('',#9991,1.);
#9991 = DIRECTION('',(-0.156631676973,0.98765708511));
#9992 = ( GEOMETRIC_REPRESENTATION_CONTEXT(2) 
PARAMETRIC_REPRESENTATION_CONTEXT() REPRESENTATION_CONTEXT('2D SPACE',''
  ) );
#9993 = PCURVE('',#9994,#9999);
#9994 = CONICAL_SURFACE('',#9995,157.89463601477,1.413517020752);
#9995 = AXIS2_PLACEMENT_3D('',#9996,#9997,#9998);
#9996 = CARTESIAN_POINT('',(0.,0.,-302.2615524945));
#9997 = DIRECTION('',(-0.,-0.,-1.));
#9998 = DIRECTION('',(1.,0.,0.));
#9999 = DEFINITIONAL_REPRESENTATION('',(#10000),#10004);
#10000 = LINE('',#10001,#10002);
#10001 = CARTESIAN_POINT('',(-0.,0.));
#10002 = VECTOR('',#10003,1.);
#10003 = DIRECTION('',(-0.,1.));
#10004 = ( GEOMETRIC_REPRESENTATION_CONTEXT(2) 
PARAMETRIC_REPRESENTATION_CONTEXT() REPRESENTATION_CONTEXT('2D SPACE',''
  ) );
#10005 = ORIENTED_EDGE('',*,*,#10006,.F.);
#10006 = EDGE_CURVE('',#10007,#9979,#10009,.T.);
#10007 = VERTEX_POINT('',#10008);
#10008 = CARTESIAN_POINT('',(156.56862604933,0.,-301.9877307564));
#10009 = SURFACE_CURVE('',#10010,(#10014,#10021),.PCURVE_S1.);
#10010 = LINE('',#10011,#10012);
#10011 = CARTESIAN_POINT('',(156.56862604933,0.,-301.9877307564));
#10012 = VECTOR('',#10013,1.);
#10013 = DIRECTION('',(0.979337300821,0.,-0.202233655013));
#10014 = PCURVE('',#8831,#10015);
#10015 = DEFINITIONAL_REPRESENTATION('',(#10016),#10020);
#10016 = LINE('',#10017,#10018);
#10017 = CARTESIAN_POINT('',(698.01226924354,1.156568626049E+03));
#10018 = VECTOR('',#10019,1.);
#10019 = DIRECTION('',(-0.202233655013,0.979337300821));
#10020 = ( GEOMETRIC_REPRESENTATION_CONTEXT(2) 
PARAMETRIC_REPRESENTATION_CONTEXT() REPRESENTATION_CONTEXT('2D SPACE',''
  ) );
#10021 = PCURVE('',#10022,#10027);
#10022 = CONICAL_SURFACE('',#10023,156.56862604933,1.367158158753);
#10023 = AXIS2_PLACEMENT_3D('',#10024,#10025,#10026);
#10024 = CARTESIAN_POINT('',(0.,0.,-301.9877307564));
#10025 = DIRECTION('',(-0.,-0.,-1.));
#10026 = DIRECTION('',(1.,0.,0.));
#10027 = DEFINITIONAL_REPRESENTATION('',(#10028),#10032);
#10028 = LINE('',#10029,#10030);
#10029 = CARTESIAN_POINT('',(-0.,0.));
#10030 = VECTOR('',#10031,1.);
#10031 = DIRECTION('',(-0.,1.));
#10032 = ( GEOMETRIC_REPRESENTATION_CONTEXT(2) 
PARAMETRIC_REPRESENTATION_CONTEXT() REPRESENTATION_CONTEXT('2D SPACE',''
  ) );
#10033 = ORIENTED_EDGE('',*,*,#10034,.F.);
#10034 = EDGE_CURVE('',#10035,#10007,#10037,.T.);
#10035 = VERTEX_POINT('',#10036);
#10036 = CARTESIAN_POINT('',(155.24683234959,0.,-301.662699035));
#10037 = SURFACE_CURVE('',#10038,(#10042,#10049),.PCURVE_S1.);
#10038 = LINE('',#10039,#10040);
#10039 = CARTESIAN_POINT('',(155.24683234959,0.,-301.662699035));
#10040 = VECTOR('',#10041,1.);
#10041 = DIRECTION('',(0.971071610697,0.,-0.238788456376));
#10042 = PCURVE('',#8831,#10043);
#10043 = DEFINITIONAL_REPRESENTATION('',(#10044),#10048);
#10044 = LINE('',#10045,#10046);
#10045 = CARTESIAN_POINT('',(698.33730096492,1.15524683235E+03));
#10046 = VECTOR('',#10047,1.);
#10047 = DIRECTION('',(-0.238788456376,0.971071610697));
#10048 = ( GEOMETRIC_REPRESENTATION_CONTEXT(2) 
PARAMETRIC_REPRESENTATION_CONTEXT() REPRESENTATION_CONTEXT('2D SPACE',''
  ) );
#10049 = PCURVE('',#10050,#10055);
#10050 = CONICAL_SURFACE('',#10051,155.24683234959,1.329678303239);
#10051 = AXIS2_PLACEMENT_3D('',#10052,#10053,#10054);
#10052 = CARTESIAN_POINT('',(0.,0.,-301.662699035));
#10053 = DIRECTION('',(-0.,-0.,-1.));
#10054 = DIRECTION('',(1.,0.,0.));
#10055 = DEFINITIONAL_REPRESENTATION('',(#10056),#10060);
#10056 = LINE('',#10057,#10058);
#10057 = CARTESIAN_POINT('',(-0.,0.));
#10058 = VECTOR('',#10059,1.);
#10059 = DIRECTION('',(-0.,1.));
#10060 = ( GEOMETRIC_REPRESENTATION_CONTEXT(2) 
PARAMETRIC_REPRESENTATION_CONTEXT() REPRESENTATION_CONTEXT('2D SPACE',''
  ) );
#10061 = ORIENTED_EDGE('',*,*,#10062,.F.);
#10062 = EDGE_CURVE('',#10063,#10035,#10065,.T.);
#10063 = VERTEX_POINT('',#10064);
#10064 = CARTESIAN_POINT('',(153.92926840776,0.,-301.2931345499));
#10065 = SURFACE_CURVE('',#10066,(#10070,#10077),.PCURVE_S1.);
#10066 = LINE('',#10067,#10068);
#10067 = CARTESIAN_POINT('',(153.92926840776,0.,-301.2931345499));
#10068 = VECTOR('',#10069,1.);
#10069 = DIRECTION('',(0.962841237045,0.,-0.270068051139));
#10070 = PCURVE('',#8831,#10071);
#10071 = DEFINITIONAL_REPRESENTATION('',(#10072),#10076);
#10072 = LINE('',#10073,#10074);
#10073 = CARTESIAN_POINT('',(698.70686545004,1.153929268408E+03));
#10074 = VECTOR('',#10075,1.);
#10075 = DIRECTION('',(-0.270068051139,0.962841237045));
#10076 = ( GEOMETRIC_REPRESENTATION_CONTEXT(2) 
PARAMETRIC_REPRESENTATION_CONTEXT() REPRESENTATION_CONTEXT('2D SPACE',''
  ) );
#10077 = PCURVE('',#10078,#10083);
#10078 = CONICAL_SURFACE('',#10079,153.92926840776,1.297332618603);
#10079 = AXIS2_PLACEMENT_3D('',#10080,#10081,#10082);
#10080 = CARTESIAN_POINT('',(0.,0.,-301.2931345499));
#10081 = DIRECTION('',(-0.,-0.,-1.));
#10082 = DIRECTION('',(1.,0.,0.));
#10083 = DEFINITIONAL_REPRESENTATION('',(#10084),#10088);
#10084 = LINE('',#10085,#10086);
#10085 = CARTESIAN_POINT('',(-0.,0.));
#10086 = VECTOR('',#10087,1.);
#10087 = DIRECTION('',(-0.,1.));
#10088 = ( GEOMETRIC_REPRESENTATION_CONTEXT(2) 
PARAMETRIC_REPRESENTATION_CONTEXT() REPRESENTATION_CONTEXT('2D SPACE',''
  ) );
#10089 = ORIENTED_EDGE('',*,*,#10090,.F.);
#10090 = EDGE_CURVE('',#10091,#10063,#10093,.T.);
#10091 = VERTEX_POINT('',#10092);
#10092 = CARTESIAN_POINT('',(152.61594784643,0.,-300.883502125));
#10093 = SURFACE_CURVE('',#10094,(#10098,#10105),.PCURVE_S1.);
#10094 = LINE('',#10095,#10096);
#10095 = CARTESIAN_POINT('',(152.61594784643,0.,-300.883502125));
#10096 = VECTOR('',#10097,1.);
#10097 = DIRECTION('',(0.954641306456,0.,-0.297758250949));
#10098 = PCURVE('',#8831,#10099);
#10099 = DEFINITIONAL_REPRESENTATION('',(#10100),#10104);
#10100 = LINE('',#10101,#10102);
#10101 = CARTESIAN_POINT('',(699.11649787494,1.152615947846E+03));
#10102 = VECTOR('',#10103,1.);
#10103 = DIRECTION('',(-0.297758250949,0.954641306456));
#10104 = ( GEOMETRIC_REPRESENTATION_CONTEXT(2) 
PARAMETRIC_REPRESENTATION_CONTEXT() REPRESENTATION_CONTEXT('2D SPACE',''
  ) );
#10105 = PCURVE('',#10106,#10111);
#10106 = CONICAL_SURFACE('',#10107,152.61594784643,1.268452798752);
#10107 = AXIS2_PLACEMENT_3D('',#10108,#10109,#10110);
#10108 = CARTESIAN_POINT('',(0.,0.,-300.883502125));
#10109 = DIRECTION('',(-0.,-0.,-1.));
#10110 = DIRECTION('',(1.,0.,0.));
#10111 = DEFINITIONAL_REPRESENTATION('',(#10112),#10116);
#10112 = LINE('',#10113,#10114);
#10113 = CARTESIAN_POINT('',(-0.,0.));
#10114 = VECTOR('',#10115,1.);
#10115 = DIRECTION('',(-0.,1.));
#10116 = ( GEOMETRIC_REPRESENTATION_CONTEXT(2) 
PARAMETRIC_REPRESENTATION_CONTEXT() REPRESENTATION_CONTEXT('2D SPACE',''
  ) );
#10117 = ORIENTED_EDGE('',*,*,#10118,.F.);
#10118 = EDGE_CURVE('',#10119,#10091,#10121,.T.);
#10119 = VERTEX_POINT('',#10120);
#10120 = CARTESIAN_POINT('',(151.30688442066,0.,-300.4370486378));
#10121 = SURFACE_CURVE('',#10122,(#10126,#10133),.PCURVE_S1.);
#10122 = LINE('',#10123,#10124);
#10123 = CARTESIAN_POINT('',(151.30688442066,0.,-300.4370486378));
#10124 = VECTOR('',#10125,1.);
#10125 = DIRECTION('',(0.946470021743,0.,-0.322791725329));
#10126 = PCURVE('',#8831,#10127);
#10127 = DEFINITIONAL_REPRESENTATION('',(#10128),#10132);
#10128 = LINE('',#10129,#10130);
#10129 = CARTESIAN_POINT('',(699.56295136217,1.151306884421E+03));
#10130 = VECTOR('',#10131,1.);
#10131 = DIRECTION('',(-0.322791725329,0.946470021743));
#10132 = ( GEOMETRIC_REPRESENTATION_CONTEXT(2) 
PARAMETRIC_REPRESENTATION_CONTEXT() REPRESENTATION_CONTEXT('2D SPACE',''
  ) );
#10133 = PCURVE('',#10134,#10139);
#10134 = CONICAL_SURFACE('',#10135,151.30688442066,1.242118699009);
#10135 = AXIS2_PLACEMENT_3D('',#10136,#10137,#10138);
#10136 = CARTESIAN_POINT('',(0.,0.,-300.4370486378));
#10137 = DIRECTION('',(-0.,-0.,-1.));
#10138 = DIRECTION('',(1.,0.,0.));
#10139 = DEFINITIONAL_REPRESENTATION('',(#10140),#10144);
#10140 = LINE('',#10141,#10142);
#10141 = CARTESIAN_POINT('',(-0.,0.));
#10142 = VECTOR('',#10143,1.);
#10143 = DIRECTION('',(-0.,1.));
#10144 = ( GEOMETRIC_REPRESENTATION_CONTEXT(2) 
PARAMETRIC_REPRESENTATION_CONTEXT() REPRESENTATION_CONTEXT('2D SPACE',''
  ) );
#10145 = ORIENTED_EDGE('',*,*,#10146,.F.);
#10146 = EDGE_CURVE('',#10147,#10119,#10149,.T.);
#10147 = VERTEX_POINT('',#10148);
#10148 = CARTESIAN_POINT('',(150.00209202015,0.,-299.9562648333));
#10149 = SURFACE_CURVE('',#10150,(#10154,#10161),.PCURVE_S1.);
#10150 = LINE('',#10151,#10152);
#10151 = CARTESIAN_POINT('',(150.00209202015,0.,-299.9562648333));
#10152 = VECTOR('',#10153,1.);
#10153 = DIRECTION('',(0.938326595957,0.,-0.345750197859));
#10154 = PCURVE('',#8831,#10155);
#10155 = DEFINITIONAL_REPRESENTATION('',(#10156),#10160);
#10156 = LINE('',#10157,#10158);
#10157 = CARTESIAN_POINT('',(700.04373516665,1.15000209202E+03));
#10158 = VECTOR('',#10159,1.);
#10159 = DIRECTION('',(-0.345750197859,0.938326595957));
#10160 = ( GEOMETRIC_REPRESENTATION_CONTEXT(2) 
PARAMETRIC_REPRESENTATION_CONTEXT() REPRESENTATION_CONTEXT('2D SPACE',''
  ) );
#10161 = PCURVE('',#10162,#10167);
#10162 = CONICAL_SURFACE('',#10163,150.00209202015,1.217758153221);
#10163 = AXIS2_PLACEMENT_3D('',#10164,#10165,#10166);
#10164 = CARTESIAN_POINT('',(0.,0.,-299.9562648333));
#10165 = DIRECTION('',(-0.,-0.,-1.));
#10166 = DIRECTION('',(1.,0.,0.));
#10167 = DEFINITIONAL_REPRESENTATION('',(#10168),#10172);
#10168 = LINE('',#10169,#10170);
#10169 = CARTESIAN_POINT('',(-0.,0.));
#10170 = VECTOR('',#10171,1.);
#10171 = DIRECTION('',(-0.,1.));
#10172 = ( GEOMETRIC_REPRESENTATION_CONTEXT(2) 
PARAMETRIC_REPRESENTATION_CONTEXT() REPRESENTATION_CONTEXT('2D SPACE',''
  ) );
#10173 = ORIENTED_EDGE('',*,*,#10174,.F.);
#10174 = EDGE_CURVE('',#10175,#10147,#10177,.T.);
#10175 = VERTEX_POINT('',#10176);
#10176 = CARTESIAN_POINT('',(148.70158467144,0.,-299.4431336418));
#10177 = SURFACE_CURVE('',#10178,(#10182,#10189),.PCURVE_S1.);
#10178 = LINE('',#10179,#10180);
#10179 = CARTESIAN_POINT('',(148.70158467144,0.,-299.4431336418));
#10180 = VECTOR('',#10181,1.);
#10181 = DIRECTION('',(0.930210655452,0.,-0.367026070576));
#10182 = PCURVE('',#8831,#10183);
#10183 = DEFINITIONAL_REPRESENTATION('',(#10184),#10188);
#10184 = LINE('',#10185,#10186);
#10185 = CARTESIAN_POINT('',(700.55686635812,1.148701584671E+03));
#10186 = VECTOR('',#10187,1.);
#10187 = DIRECTION('',(-0.367026070576,0.930210655452));
#10188 = ( GEOMETRIC_REPRESENTATION_CONTEXT(2) 
PARAMETRIC_REPRESENTATION_CONTEXT() REPRESENTATION_CONTEXT('2D SPACE',''
  ) );
#10189 = PCURVE('',#10190,#10195);
#10190 = CONICAL_SURFACE('',#10191,148.70158467144,1.19498637995);
#10191 = AXIS2_PLACEMENT_3D('',#10192,#10193,#10194);
#10192 = CARTESIAN_POINT('',(0.,0.,-299.4431336418));
#10193 = DIRECTION('',(-0.,-0.,-1.));
#10194 = DIRECTION('',(1.,0.,0.));
#10195 = DEFINITIONAL_REPRESENTATION('',(#10196),#10200);
#10196 = LINE('',#10197,#10198);
#10197 = CARTESIAN_POINT('',(-0.,0.));
#10198 = VECTOR('',#10199,1.);
#10199 = DIRECTION('',(-0.,1.));
#10200 = ( GEOMETRIC_REPRESENTATION_CONTEXT(2) 
PARAMETRIC_REPRESENTATION_CONTEXT() REPRESENTATION_CONTEXT('2D SPACE',''
  ) );
#10201 = ORIENTED_EDGE('',*,*,#10202,.F.);
#10202 = EDGE_CURVE('',#10203,#10175,#10205,.T.);
#10203 = VERTEX_POINT('',#10204);
#10204 = CARTESIAN_POINT('',(147.40537654019,0.,-298.8992773483));
#10205 = SURFACE_CURVE('',#10206,(#10210,#10217),.PCURVE_S1.);
#10206 = LINE('',#10207,#10208);
#10207 = CARTESIAN_POINT('',(147.40537654019,0.,-298.8992773483));
#10208 = VECTOR('',#10209,1.);
#10209 = DIRECTION('',(0.922122021955,0.,-0.386899181475));
#10210 = PCURVE('',#8831,#10211);
#10211 = DEFINITIONAL_REPRESENTATION('',(#10212),#10216);
#10212 = LINE('',#10213,#10214);
#10213 = CARTESIAN_POINT('',(701.1007226516,1.14740537654E+03));
#10214 = VECTOR('',#10215,1.);
#10215 = DIRECTION('',(-0.386899181475,0.922122021955));
#10216 = ( GEOMETRIC_REPRESENTATION_CONTEXT(2) 
PARAMETRIC_REPRESENTATION_CONTEXT() REPRESENTATION_CONTEXT('2D SPACE',''
  ) );
#10217 = PCURVE('',#10218,#10223);
#10218 = CONICAL_SURFACE('',#10219,147.40537654019,1.173529814727);
#10219 = AXIS2_PLACEMENT_3D('',#10220,#10221,#10222);
#10220 = CARTESIAN_POINT('',(0.,0.,-298.8992773483));
#10221 = DIRECTION('',(-0.,-0.,-1.));
#10222 = DIRECTION('',(1.,0.,0.));
#10223 = DEFINITIONAL_REPRESENTATION('',(#10224),#10228);
#10224 = LINE('',#10225,#10226);
#10225 = CARTESIAN_POINT('',(-0.,0.));
#10226 = VECTOR('',#10227,1.);
#10227 = DIRECTION('',(-0.,1.));
#10228 = ( GEOMETRIC_REPRESENTATION_CONTEXT(2) 
PARAMETRIC_REPRESENTATION_CONTEXT() REPRESENTATION_CONTEXT('2D SPACE',''
  ) );
#10229 = ORIENTED_EDGE('',*,*,#10230,.F.);
#10230 = EDGE_CURVE('',#10231,#10203,#10233,.T.);
#10231 = VERTEX_POINT('',#10232);
#10232 = CARTESIAN_POINT('',(146.11348193347,0.,-298.3260511387));
#10233 = SURFACE_CURVE('',#10234,(#10238,#10245),.PCURVE_S1.);
#10234 = LINE('',#10235,#10236);
#10235 = CARTESIAN_POINT('',(146.11348193347,0.,-298.3260511387));
#10236 = VECTOR('',#10237,1.);
#10237 = DIRECTION('',(0.914060619664,0.,-0.405577592552));
#10238 = PCURVE('',#8831,#10239);
#10239 = DEFINITIONAL_REPRESENTATION('',(#10240),#10244);
#10240 = LINE('',#10241,#10242);
#10241 = CARTESIAN_POINT('',(701.67394886128,1.146113481933E+03));
#10242 = VECTOR('',#10243,1.);
#10243 = DIRECTION('',(-0.405577592552,0.914060619664));
#10244 = ( GEOMETRIC_REPRESENTATION_CONTEXT(2) 
PARAMETRIC_REPRESENTATION_CONTEXT() REPRESENTATION_CONTEXT('2D SPACE',''
  ) );
#10245 = PCURVE('',#10246,#10251);
#10246 = CONICAL_SURFACE('',#10247,146.11348193347,1.153185687269);
#10247 = AXIS2_PLACEMENT_3D('',#10248,#10249,#10250);
#10248 = CARTESIAN_POINT('',(0.,0.,-298.3260511387));
#10249 = DIRECTION('',(-0.,-0.,-1.));
#10250 = DIRECTION('',(1.,0.,0.));
#10251 = DEFINITIONAL_REPRESENTATION('',(#10252),#10256);
#10252 = LINE('',#10253,#10254);
#10253 = CARTESIAN_POINT('',(-0.,0.));
#10254 = VECTOR('',#10255,1.);
#10255 = DIRECTION('',(-0.,1.));
#10256 = ( GEOMETRIC_REPRESENTATION_CONTEXT(2) 
PARAMETRIC_REPRESENTATION_CONTEXT() REPRESENTATION_CONTEXT('2D SPACE',''
  ) );
#10257 = ORIENTED_EDGE('',*,*,#10258,.F.);
#10258 = EDGE_CURVE('',#10259,#10231,#10261,.T.);
#10259 = VERTEX_POINT('',#10260);
#10260 = CARTESIAN_POINT('',(144.82591530215,0.,-297.7246057968));
#10261 = SURFACE_CURVE('',#10262,(#10266,#10273),.PCURVE_S1.);
#10262 = LINE('',#10263,#10264);
#10263 = CARTESIAN_POINT('',(144.82591530215,0.,-297.7246057968));
#10264 = VECTOR('',#10265,1.);
#10265 = DIRECTION('',(0.906026430982,0.,-0.423221108124));
#10266 = PCURVE('',#8831,#10267);
#10267 = DEFINITIONAL_REPRESENTATION('',(#10268),#10272);
#10268 = LINE('',#10269,#10270);
#10269 = CARTESIAN_POINT('',(702.27539420311,1.144825915302E+03));
#10270 = VECTOR('',#10271,1.);
#10271 = DIRECTION('',(-0.423221108124,0.906026430982));
#10272 = ( GEOMETRIC_REPRESENTATION_CONTEXT(2) 
PARAMETRIC_REPRESENTATION_CONTEXT() REPRESENTATION_CONTEXT('2D SPACE',''
  ) );
#10273 = PCURVE('',#10274,#10279);
#10274 = CONICAL_SURFACE('',#10275,144.82591530215,1.133798743169);
#10275 = AXIS2_PLACEMENT_3D('',#10276,#10277,#10278);
#10276 = CARTESIAN_POINT('',(0.,0.,-297.7246057968));
#10277 = DIRECTION('',(-0.,-0.,-1.));
#10278 = DIRECTION('',(1.,0.,0.));
#10279 = DEFINITIONAL_REPRESENTATION('',(#10280),#10284);
#10280 = LINE('',#10281,#10282);
#10281 = CARTESIAN_POINT('',(-0.,0.));
#10282 = VECTOR('',#10283,1.);
#10283 = DIRECTION('',(-0.,1.));
#10284 = ( GEOMETRIC_REPRESENTATION_CONTEXT(2) 
PARAMETRIC_REPRESENTATION_CONTEXT() REPRESENTATION_CONTEXT('2D SPACE',''
  ) );
#10285 = ORIENTED_EDGE('',*,*,#10286,.F.);
#10286 = EDGE_CURVE('',#10287,#10259,#10289,.T.);
#10287 = VERTEX_POINT('',#10288);
#10288 = CARTESIAN_POINT('',(143.54269124333,0.,-297.0959315129));
#10289 = SURFACE_CURVE('',#10290,(#10294,#10301),.PCURVE_S1.);
#10290 = LINE('',#10291,#10292);
#10291 = CARTESIAN_POINT('',(143.54269124333,0.,-297.0959315129));
#10292 = VECTOR('',#10293,1.);
#10293 = DIRECTION('',(0.898019473561,0.,-0.439955708118));
#10294 = PCURVE('',#8831,#10295);
#10295 = DEFINITIONAL_REPRESENTATION('',(#10296),#10300);
#10296 = LINE('',#10297,#10298);
#10297 = CARTESIAN_POINT('',(702.90406848701,1.143542691243E+03));
#10298 = VECTOR('',#10299,1.);
#10299 = DIRECTION('',(-0.439955708118,0.898019473561));
#10300 = ( GEOMETRIC_REPRESENTATION_CONTEXT(2) 
PARAMETRIC_REPRESENTATION_CONTEXT() REPRESENTATION_CONTEXT('2D SPACE',''
  ) );
#10301 = PCURVE('',#10302,#10307);
#10302 = CONICAL_SURFACE('',#10303,143.54269124333,1.115246975734);
#10303 = AXIS2_PLACEMENT_3D('',#10304,#10305,#10306);
#10304 = CARTESIAN_POINT('',(0.,0.,-297.0959315129));
#10305 = DIRECTION('',(-0.,-0.,-1.));
#10306 = DIRECTION('',(1.,0.,0.));
#10307 = DEFINITIONAL_REPRESENTATION('',(#10308),#10312);
#10308 = LINE('',#10309,#10310);
#10309 = CARTESIAN_POINT('',(-0.,0.));
#10310 = VECTOR('',#10311,1.);
#10311 = DIRECTION('',(-0.,1.));
#10312 = ( GEOMETRIC_REPRESENTATION_CONTEXT(2) 
PARAMETRIC_REPRESENTATION_CONTEXT() REPRESENTATION_CONTEXT('2D SPACE',''
  ) );
#10313 = ORIENTED_EDGE('',*,*,#10314,.F.);
#10314 = EDGE_CURVE('',#10315,#10287,#10317,.T.);
#10315 = VERTEX_POINT('',#10316);
#10316 = CARTESIAN_POINT('',(142.26382450279,0.,-296.4408895388));
#10317 = SURFACE_CURVE('',#10318,(#10322,#10329),.PCURVE_S1.);
#10318 = LINE('',#10319,#10320);
#10319 = CARTESIAN_POINT('',(142.26382450279,0.,-296.4408895388));
#10320 = VECTOR('',#10321,1.);
#10321 = DIRECTION('',(0.89003978757,0.,-0.455882853968));
#10322 = PCURVE('',#8831,#10323);
#10323 = DEFINITIONAL_REPRESENTATION('',(#10324),#10328);
#10324 = LINE('',#10325,#10326);
#10325 = CARTESIAN_POINT('',(703.55911046116,1.142263824503E+03));
#10326 = VECTOR('',#10327,1.);
#10327 = DIRECTION('',(-0.455882853968,0.89003978757));
#10328 = ( GEOMETRIC_REPRESENTATION_CONTEXT(2) 
PARAMETRIC_REPRESENTATION_CONTEXT() REPRESENTATION_CONTEXT('2D SPACE',''
  ) );
#10329 = PCURVE('',#10330,#10335);
#10330 = CONICAL_SURFACE('',#10331,142.26382450279,1.097432437953);
#10331 = AXIS2_PLACEMENT_3D('',#10332,#10333,#10334);
#10332 = CARTESIAN_POINT('',(0.,0.,-296.4408895388));
#10333 = DIRECTION('',(-0.,-0.,-1.));
#10334 = DIRECTION('',(1.,0.,0.));
#10335 = DEFINITIONAL_REPRESENTATION('',(#10336),#10340);
#10336 = LINE('',#10337,#10338);
#10337 = CARTESIAN_POINT('',(-0.,0.));
#10338 = VECTOR('',#10339,1.);
#10339 = DIRECTION('',(-0.,1.));
#10340 = ( GEOMETRIC_REPRESENTATION_CONTEXT(2) 
PARAMETRIC_REPRESENTATION_CONTEXT() REPRESENTATION_CONTEXT('2D SPACE',''
  ) );
#10341 = ORIENTED_EDGE('',*,*,#10342,.F.);
#10342 = EDGE_CURVE('',#10343,#10315,#10345,.T.);
#10343 = VERTEX_POINT('',#10344);
#10344 = CARTESIAN_POINT('',(140.98932997757,0.,-295.7602357058));
#10345 = SURFACE_CURVE('',#10346,(#10350,#10357),.PCURVE_S1.);
#10346 = LINE('',#10347,#10348);
#10347 = CARTESIAN_POINT('',(140.98932997757,0.,-295.7602357058));
#10348 = VECTOR('',#10349,1.);
#10349 = DIRECTION('',(0.882087428257,0.,-0.471085734141));
#10350 = PCURVE('',#8831,#10351);
#10351 = DEFINITIONAL_REPRESENTATION('',(#10352),#10356);
#10352 = LINE('',#10353,#10354);
#10353 = CARTESIAN_POINT('',(704.23976429415,1.140989329978E+03));
#10354 = VECTOR('',#10355,1.);
#10355 = DIRECTION('',(-0.471085734141,0.882087428257));
#10356 = ( GEOMETRIC_REPRESENTATION_CONTEXT(2) 
PARAMETRIC_REPRESENTATION_CONTEXT() REPRESENTATION_CONTEXT('2D SPACE',''
  ) );
#10357 = PCURVE('',#10358,#10363);
#10358 = CONICAL_SURFACE('',#10359,140.98932997757,1.080275083684);
#10359 = AXIS2_PLACEMENT_3D('',#10360,#10361,#10362);
#10360 = CARTESIAN_POINT('',(0.,0.,-295.7602357058));
#10361 = DIRECTION('',(-0.,-0.,-1.));
#10362 = DIRECTION('',(1.,0.,0.));
#10363 = DEFINITIONAL_REPRESENTATION('',(#10364),#10368);
#10364 = LINE('',#10365,#10366);
#10365 = CARTESIAN_POINT('',(-0.,0.));
#10366 = VECTOR('',#10367,1.);
#10367 = DIRECTION('',(-0.,1.));
#10368 = ( GEOMETRIC_REPRESENTATION_CONTEXT(2) 
PARAMETRIC_REPRESENTATION_CONTEXT() REPRESENTATION_CONTEXT('2D SPACE',''
  ) );
#10369 = ORIENTED_EDGE('',*,*,#10370,.F.);
#10370 = EDGE_CURVE('',#10371,#10343,#10373,.T.);
#10371 = VERTEX_POINT('',#10372);
#10372 = CARTESIAN_POINT('',(139.71922271853,0.,-295.0546383086));
#10373 = SURFACE_CURVE('',#10374,(#10378,#10385),.PCURVE_S1.);
#10374 = LINE('',#10375,#10376);
#10375 = CARTESIAN_POINT('',(139.71922271853,0.,-295.0546383086));
#10376 = VECTOR('',#10377,1.);
#10377 = DIRECTION('',(0.874162461392,0.,-0.485633597574));
#10378 = PCURVE('',#8831,#10379);
#10379 = DEFINITIONAL_REPRESENTATION('',(#10380),#10384);
#10380 = LINE('',#10381,#10382);
#10381 = CARTESIAN_POINT('',(704.94536169138,1.139719222719E+03));
#10382 = VECTOR('',#10383,1.);
#10383 = DIRECTION('',(-0.485633597574,0.874162461392));
#10384 = ( GEOMETRIC_REPRESENTATION_CONTEXT(2) 
PARAMETRIC_REPRESENTATION_CONTEXT() REPRESENTATION_CONTEXT('2D SPACE',''
  ) );
#10385 = PCURVE('',#10386,#10391);
#10386 = CONICAL_SURFACE('',#10387,139.71922271853,1.063708499631);
#10387 = AXIS2_PLACEMENT_3D('',#10388,#10389,#10390);
#10388 = CARTESIAN_POINT('',(0.,0.,-295.0546383086));
#10389 = DIRECTION('',(-0.,-0.,-1.));
#10390 = DIRECTION('',(1.,0.,0.));
#10391 = DEFINITIONAL_REPRESENTATION('',(#10392),#10396);
#10392 = LINE('',#10393,#10394);
#10393 = CARTESIAN_POINT('',(-0.,0.));
#10394 = VECTOR('',#10395,1.);
#10395 = DIRECTION('',(-0.,1.));
#10396 = ( GEOMETRIC_REPRESENTATION_CONTEXT(2) 
PARAMETRIC_REPRESENTATION_CONTEXT() REPRESENTATION_CONTEXT('2D SPACE',''
  ) );
#10397 = ORIENTED_EDGE('',*,*,#10398,.F.);
#10398 = EDGE_CURVE('',#10399,#10371,#10401,.T.);
#10399 = VERTEX_POINT('',#10400);
#10400 = CARTESIAN_POINT('',(138.45351793308,0.,-294.3246919765));
#10401 = SURFACE_CURVE('',#10402,(#10406,#10413),.PCURVE_S1.);
#10402 = LINE('',#10403,#10404);
#10403 = CARTESIAN_POINT('',(138.45351793308,0.,-294.3246919765));
#10404 = VECTOR('',#10405,1.);
#10405 = DIRECTION('',(0.866264960385,0.,-0.499584846056));
#10406 = PCURVE('',#8831,#10407);
#10407 = DEFINITIONAL_REPRESENTATION('',(#10408),#10412);
#10408 = LINE('',#10409,#10410);
#10409 = CARTESIAN_POINT('',(705.6753080234,1.138453517933E+03));
#10410 = VECTOR('',#10411,1.);
#10411 = DIRECTION('',(-0.499584846056,0.866264960385));
#10412 = ( GEOMETRIC_REPRESENTATION_CONTEXT(2) 
PARAMETRIC_REPRESENTATION_CONTEXT() REPRESENTATION_CONTEXT('2D SPACE',''
  ) );
#10413 = PCURVE('',#10414,#10419);
#10414 = CONICAL_SURFACE('',#10415,138.45351793308,1.047676863377);
#10415 = AXIS2_PLACEMENT_3D('',#10416,#10417,#10418);
#10416 = CARTESIAN_POINT('',(0.,0.,-294.3246919765));
#10417 = DIRECTION('',(-0.,-0.,-1.));
#10418 = DIRECTION('',(1.,0.,0.));
#10419 = DEFINITIONAL_REPRESENTATION('',(#10420),#10424);
#10420 = LINE('',#10421,#10422);
#10421 = CARTESIAN_POINT('',(-0.,0.));
#10422 = VECTOR('',#10423,1.);
#10423 = DIRECTION('',(-0.,1.));
#10424 = ( GEOMETRIC_REPRESENTATION_CONTEXT(2) 
PARAMETRIC_REPRESENTATION_CONTEXT() REPRESENTATION_CONTEXT('2D SPACE',''
  ) );
#10425 = ORIENTED_EDGE('',*,*,#10426,.F.);
#10426 = EDGE_CURVE('',#10427,#10399,#10429,.T.);
#10427 = VERTEX_POINT('',#10428);
#10428 = CARTESIAN_POINT('',(137.19223098785,0.,-293.5709286192));
#10429 = SURFACE_CURVE('',#10430,(#10434,#10441),.PCURVE_S1.);
#10430 = LINE('',#10431,#10432);
#10431 = CARTESIAN_POINT('',(137.19223098785,0.,-293.5709286192));
#10432 = VECTOR('',#10433,1.);
#10433 = DIRECTION('',(0.858395004389,0.,-0.512989294664));
#10434 = PCURVE('',#8831,#10435);
#10435 = DEFINITIONAL_REPRESENTATION('',(#10436),#10440);
#10436 = LINE('',#10437,#10438);
#10437 = CARTESIAN_POINT('',(706.42907138071,1.137192230988E+03));
#10438 = VECTOR('',#10439,1.);
#10439 = DIRECTION('',(-0.512989294664,0.858395004389));
#10440 = ( GEOMETRIC_REPRESENTATION_CONTEXT(2) 
PARAMETRIC_REPRESENTATION_CONTEXT() REPRESENTATION_CONTEXT('2D SPACE',''
  ) );
#10441 = PCURVE('',#10442,#10447);
#10442 = CONICAL_SURFACE('',#10443,137.19223098785,1.032132722524);
#10443 = AXIS2_PLACEMENT_3D('',#10444,#10445,#10446);
#10444 = CARTESIAN_POINT('',(0.,0.,-293.5709286192));
#10445 = DIRECTION('',(-0.,-0.,-1.));
#10446 = DIRECTION('',(1.,0.,0.));
#10447 = DEFINITIONAL_REPRESENTATION('',(#10448),#10452);
#10448 = LINE('',#10449,#10450);
#10449 = CARTESIAN_POINT('',(-0.,0.));
#10450 = VECTOR('',#10451,1.);
#10451 = DIRECTION('',(-0.,1.));
#10452 = ( GEOMETRIC_REPRESENTATION_CONTEXT(2) 
PARAMETRIC_REPRESENTATION_CONTEXT() REPRESENTATION_CONTEXT('2D SPACE',''
  ) );
#10453 = ORIENTED_EDGE('',*,*,#10454,.F.);
#10454 = EDGE_CURVE('',#10455,#10427,#10457,.T.);
#10455 = VERTEX_POINT('',#10456);
#10456 = CARTESIAN_POINT('',(135.93537741151,0.,-292.793826192));
#10457 = SURFACE_CURVE('',#10458,(#10462,#10469),.PCURVE_S1.);
#10458 = LINE('',#10459,#10460);
#10459 = CARTESIAN_POINT('',(135.93537741151,0.,-292.793826192));
#10460 = VECTOR('',#10461,1.);
#10461 = DIRECTION('',(0.850552677033,0.,-0.525889858803));
#10462 = PCURVE('',#8831,#10463);
#10463 = DEFINITIONAL_REPRESENTATION('',(#10464),#10468);
#10464 = LINE('',#10465,#10466);
#10465 = CARTESIAN_POINT('',(707.20617380793,1.135935377412E+03));
#10466 = VECTOR('',#10467,1.);
#10467 = DIRECTION('',(-0.525889858803,0.850552677033));
#10468 = ( GEOMETRIC_REPRESENTATION_CONTEXT(2) 
PARAMETRIC_REPRESENTATION_CONTEXT() REPRESENTATION_CONTEXT('2D SPACE',''
  ) );
#10469 = PCURVE('',#10470,#10475);
#10470 = CONICAL_SURFACE('',#10471,135.93537741151,1.017035339214);
#10471 = AXIS2_PLACEMENT_3D('',#10472,#10473,#10474);
#10472 = CARTESIAN_POINT('',(0.,0.,-292.793826192));
#10473 = DIRECTION('',(-0.,-0.,-1.));
#10474 = DIRECTION('',(1.,0.,0.));
#10475 = DEFINITIONAL_REPRESENTATION('',(#10476),#10480);
#10476 = LINE('',#10477,#10478);
#10477 = CARTESIAN_POINT('',(-0.,0.));
#10478 = VECTOR('',#10479,1.);
#10479 = DIRECTION('',(-0.,1.));
#10480 = ( GEOMETRIC_REPRESENTATION_CONTEXT(2) 
PARAMETRIC_REPRESENTATION_CONTEXT() REPRESENTATION_CONTEXT('2D SPACE',''
  ) );
#10481 = ORIENTED_EDGE('',*,*,#10482,.F.);
#10482 = EDGE_CURVE('',#10483,#10455,#10485,.T.);
#10483 = VERTEX_POINT('',#10484);
#10484 = CARTESIAN_POINT('',(134.68297289764,0.,-291.9938158089));
#10485 = SURFACE_CURVE('',#10486,(#10490,#10497),.PCURVE_S1.);
#10486 = LINE('',#10487,#10488);
#10487 = CARTESIAN_POINT('',(134.68297289764,0.,-291.9938158089));
#10488 = VECTOR('',#10489,1.);
#10489 = DIRECTION('',(0.842738065547,0.,-0.538323836439));
#10490 = PCURVE('',#8831,#10491);
#10491 = DEFINITIONAL_REPRESENTATION('',(#10492),#10496);
#10492 = LINE('',#10493,#10494);
#10493 = CARTESIAN_POINT('',(708.00618419103,1.134682972898E+03));
#10494 = VECTOR('',#10495,1.);
#10495 = DIRECTION('',(-0.538323836439,0.842738065547));
#10496 = ( GEOMETRIC_REPRESENTATION_CONTEXT(2) 
PARAMETRIC_REPRESENTATION_CONTEXT() REPRESENTATION_CONTEXT('2D SPACE',''
  ) );
#10497 = PCURVE('',#10498,#10503);
#10498 = CONICAL_SURFACE('',#10499,134.68297289764,1.002349433426);
#10499 = AXIS2_PLACEMENT_3D('',#10500,#10501,#10502);
#10500 = CARTESIAN_POINT('',(0.,0.,-291.9938158089));
#10501 = DIRECTION('',(-0.,-0.,-1.));
#10502 = DIRECTION('',(1.,0.,0.));
#10503 = DEFINITIONAL_REPRESENTATION('',(#10504),#10508);
#10504 = LINE('',#10505,#10506);
#10505 = CARTESIAN_POINT('',(-0.,0.));
#10506 = VECTOR('',#10507,1.);
#10507 = DIRECTION('',(-0.,1.));
#10508 = ( GEOMETRIC_REPRESENTATION_CONTEXT(2) 
PARAMETRIC_REPRESENTATION_CONTEXT() REPRESENTATION_CONTEXT('2D SPACE',''
  ) );
#10509 = ORIENTED_EDGE('',*,*,#10510,.F.);
#10510 = EDGE_CURVE('',#10511,#10483,#10513,.T.);
#10511 = VERTEX_POINT('',#10512);
#10512 = CARTESIAN_POINT('',(133.43503330769,0.,-291.1712875813));
#10513 = SURFACE_CURVE('',#10514,(#10518,#10525),.PCURVE_S1.);
#10514 = LINE('',#10515,#10516);
#10515 = CARTESIAN_POINT('',(133.43503330769,0.,-291.1712875813));
#10516 = VECTOR('',#10517,1.);
#10517 = DIRECTION('',(0.83495126015,0.,-0.550323898422));
#10518 = PCURVE('',#8831,#10519);
#10519 = DEFINITIONAL_REPRESENTATION('',(#10520),#10524);
#10520 = LINE('',#10521,#10522);
#10521 = CARTESIAN_POINT('',(708.82871241863,1.133435033308E+03));
#10522 = VECTOR('',#10523,1.);
#10523 = DIRECTION('',(-0.550323898422,0.83495126015));
#10524 = ( GEOMETRIC_REPRESENTATION_CONTEXT(2) 
PARAMETRIC_REPRESENTATION_CONTEXT() REPRESENTATION_CONTEXT('2D SPACE',''
  ) );
#10525 = PCURVE('',#10526,#10531);
#10526 = CONICAL_SURFACE('',#10527,133.43503330769,0.988044213552);
#10527 = AXIS2_PLACEMENT_3D('',#10528,#10529,#10530);
#10528 = CARTESIAN_POINT('',(0.,0.,-291.1712875813));
#10529 = DIRECTION('',(-0.,-0.,-1.));
#10530 = DIRECTION('',(1.,0.,0.));
#10531 = DEFINITIONAL_REPRESENTATION('',(#10532),#10536);
#10532 = LINE('',#10533,#10534);
#10533 = CARTESIAN_POINT('',(-0.,0.));
#10534 = VECTOR('',#10535,1.);
#10535 = DIRECTION('',(-0.,1.));
#10536 = ( GEOMETRIC_REPRESENTATION_CONTEXT(2) 
PARAMETRIC_REPRESENTATION_CONTEXT() REPRESENTATION_CONTEXT('2D SPACE',''
  ) );
#10537 = ORIENTED_EDGE('',*,*,#10538,.F.);
#10538 = EDGE_CURVE('',#10539,#10511,#10541,.T.);
#10539 = VERTEX_POINT('',#10540);
#10540 = CARTESIAN_POINT('',(132.19157467395,0.,-290.3265954607));
#10541 = SURFACE_CURVE('',#10542,(#10546,#10553),.PCURVE_S1.);
#10542 = LINE('',#10543,#10544);
#10543 = CARTESIAN_POINT('',(132.19157467395,0.,-290.3265954607));
#10544 = VECTOR('',#10545,1.);
#10545 = DIRECTION('',(0.827192353613,0.,-0.561918864361));
#10546 = PCURVE('',#8831,#10547);
#10547 = DEFINITIONAL_REPRESENTATION('',(#10548),#10552);
#10548 = LINE('',#10549,#10550);
#10549 = CARTESIAN_POINT('',(709.67340453926,1.132191574674E+03));
#10550 = VECTOR('',#10551,1.);
#10551 = DIRECTION('',(-0.561918864361,0.827192353613));
#10552 = ( GEOMETRIC_REPRESENTATION_CONTEXT(2) 
PARAMETRIC_REPRESENTATION_CONTEXT() REPRESENTATION_CONTEXT('2D SPACE',''
  ) );
#10553 = PCURVE('',#10554,#10559);
#10554 = CONICAL_SURFACE('',#10555,132.19157467395,0.974092617835);
#10555 = AXIS2_PLACEMENT_3D('',#10556,#10557,#10558);
#10556 = CARTESIAN_POINT('',(0.,0.,-290.3265954607));
#10557 = DIRECTION('',(-0.,-0.,-1.));
#10558 = DIRECTION('',(1.,0.,0.));
#10559 = DEFINITIONAL_REPRESENTATION('',(#10560),#10564);
#10560 = LINE('',#10561,#10562);
#10561 = CARTESIAN_POINT('',(-0.,0.));
#10562 = VECTOR('',#10563,1.);
#10563 = DIRECTION('',(-0.,1.));
#10564 = ( GEOMETRIC_REPRESENTATION_CONTEXT(2) 
PARAMETRIC_REPRESENTATION_CONTEXT() REPRESENTATION_CONTEXT('2D SPACE',''
  ) );
#10565 = ORIENTED_EDGE('',*,*,#10566,.F.);
#10566 = EDGE_CURVE('',#10567,#10539,#10569,.T.);
#10567 = VERTEX_POINT('',#10568);
#10568 = CARTESIAN_POINT('',(130.95261320269,0.,-289.4600612923));
#10569 = SURFACE_CURVE('',#10570,(#10574,#10581),.PCURVE_S1.);
#10570 = LINE('',#10571,#10572);
#10571 = CARTESIAN_POINT('',(130.95261320269,0.,-289.4600612923));
#10572 = VECTOR('',#10573,1.);
#10573 = DIRECTION('',(0.819461440947,0.,-0.57313431829));
#10574 = PCURVE('',#8831,#10575);
#10575 = DEFINITIONAL_REPRESENTATION('',(#10576),#10580);
#10576 = LINE('',#10577,#10578);
#10577 = CARTESIAN_POINT('',(710.53993870761,1.130952613203E+03));
#10578 = VECTOR('',#10579,1.);
#10579 = DIRECTION('',(-0.57313431829,0.819461440947));
#10580 = ( GEOMETRIC_REPRESENTATION_CONTEXT(2) 
PARAMETRIC_REPRESENTATION_CONTEXT() REPRESENTATION_CONTEXT('2D SPACE',''
  ) );
#10581 = PCURVE('',#10582,#10587);
#10582 = CONICAL_SURFACE('',#10583,130.95261320269,0.960470713169);
#10583 = AXIS2_PLACEMENT_3D('',#10584,#10585,#10586);
#10584 = CARTESIAN_POINT('',(0.,0.,-289.4600612923));
#10585 = DIRECTION('',(-0.,-0.,-1.));
#10586 = DIRECTION('',(1.,0.,0.));
#10587 = DEFINITIONAL_REPRESENTATION('',(#10588),#10592);
#10588 = LINE('',#10589,#10590);
#10589 = CARTESIAN_POINT('',(-0.,0.));
#10590 = VECTOR('',#10591,1.);
#10591 = DIRECTION('',(-0.,1.));
#10592 = ( GEOMETRIC_REPRESENTATION_CONTEXT(2) 
PARAMETRIC_REPRESENTATION_CONTEXT() REPRESENTATION_CONTEXT('2D SPACE',''
  ) );
#10593 = ORIENTED_EDGE('',*,*,#10594,.F.);
#10594 = EDGE_CURVE('',#10595,#10567,#10597,.T.);
#10595 = VERTEX_POINT('',#10596);
#10596 = CARTESIAN_POINT('',(129.71816527727,0.,-288.5719782375));
#10597 = SURFACE_CURVE('',#10598,(#10602,#10609),.PCURVE_S1.);
#10598 = LINE('',#10599,#10600);
#10599 = CARTESIAN_POINT('',(129.71816527727,0.,-288.5719782375));
#10600 = VECTOR('',#10601,1.);
#10601 = DIRECTION('',(0.811758619172,0.,-0.58399310287));
#10602 = PCURVE('',#8831,#10603);
#10603 = DEFINITIONAL_REPRESENTATION('',(#10604),#10608);
#10604 = LINE('',#10605,#10606);
#10605 = CARTESIAN_POINT('',(711.42802176243,1.129718165277E+03));
#10606 = VECTOR('',#10607,1.);
#10607 = DIRECTION('',(-0.58399310287,0.811758619172));
#10608 = ( GEOMETRIC_REPRESENTATION_CONTEXT(2) 
PARAMETRIC_REPRESENTATION_CONTEXT() REPRESENTATION_CONTEXT('2D SPACE',''
  ) );
#10609 = PCURVE('',#10610,#10615);
#10610 = CONICAL_SURFACE('',#10611,129.71816527727,0.947157213105);
#10611 = AXIS2_PLACEMENT_3D('',#10612,#10613,#10614);
#10612 = CARTESIAN_POINT('',(0.,0.,-288.5719782375));
#10613 = DIRECTION('',(-0.,-0.,-1.));
#10614 = DIRECTION('',(1.,0.,0.));
#10615 = DEFINITIONAL_REPRESENTATION('',(#10616),#10620);
#10616 = LINE('',#10617,#10618);
#10617 = CARTESIAN_POINT('',(-0.,0.));
#10618 = VECTOR('',#10619,1.);
#10619 = DIRECTION('',(-0.,1.));
#10620 = ( GEOMETRIC_REPRESENTATION_CONTEXT(2) 
PARAMETRIC_REPRESENTATION_CONTEXT() REPRESENTATION_CONTEXT('2D SPACE',''
  ) );
#10621 = ORIENTED_EDGE('',*,*,#10622,.F.);
#10622 = EDGE_CURVE('',#8981,#10595,#10623,.T.);
#10623 = SURFACE_CURVE('',#10624,(#10628,#10635),.PCURVE_S1.);
#10624 = LINE('',#10625,#10626);
#10625 = CARTESIAN_POINT('',(128.48824746145,0.,-287.6626136838));
#10626 = VECTOR('',#10627,1.);
#10627 = DIRECTION('',(0.804083987153,0.,-0.594515720233));
#10628 = PCURVE('',#8831,#10629);
#10629 = DEFINITIONAL_REPRESENTATION('',(#10630),#10634);
#10630 = LINE('',#10631,#10632);
#10631 = CARTESIAN_POINT('',(712.33738631612,1.128488247461E+03));
#10632 = VECTOR('',#10633,1.);
#10633 = DIRECTION('',(-0.594515720233,0.804083987153));
#10634 = ( GEOMETRIC_REPRESENTATION_CONTEXT(2) 
PARAMETRIC_REPRESENTATION_CONTEXT() REPRESENTATION_CONTEXT('2D SPACE',''
  ) );
#10635 = PCURVE('',#8999,#10636);
#10636 = DEFINITIONAL_REPRESENTATION('',(#10637),#10641);
#10637 = LINE('',#10638,#10639);
#10638 = CARTESIAN_POINT('',(-0.,0.));
#10639 = VECTOR('',#10640,1.);
#10640 = DIRECTION('',(-0.,1.));
#10641 = ( GEOMETRIC_REPRESENTATION_CONTEXT(2) 
PARAMETRIC_REPRESENTATION_CONTEXT() REPRESENTATION_CONTEXT('2D SPACE',''
  ) );
#10642 = ORIENTED_EDGE('',*,*,#9011,.F.);
#10643 = ADVANCED_FACE('',(#10644),#8962,.F.);
#10644 = FACE_BOUND('',#10645,.F.);
#10645 = EDGE_LOOP('',(#10646,#10647,#10648,#10649,#10670,#10691,#10712,
    #10733,#10754,#10775,#10796,#10817,#10838,#10859,#10880,#10901,
    #10922,#10943,#10964,#10985,#11006,#11027,#11048,#11069,#11090,
    #11111,#11132,#11153,#11174,#11195,#11216,#11237,#11258,#11279,
    #11300,#11321,#11342,#11363,#11384,#11405,#11426,#11447,#11468,
    #11489,#11510,#11531,#11552,#11573,#11594,#11615,#11636,#11657,
    #11678,#11699,#11720,#11741,#11762,#11783,#11804));
#10646 = ORIENTED_EDGE('',*,*,#8949,.F.);
#10647 = ORIENTED_EDGE('',*,*,#9062,.F.);
#10648 = ORIENTED_EDGE('',*,*,#9036,.T.);
#10649 = ORIENTED_EDGE('',*,*,#10650,.T.);
#10650 = EDGE_CURVE('',#8983,#10651,#10653,.T.);
#10651 = VERTEX_POINT('',#10652);
#10652 = CARTESIAN_POINT('',(7.942946794904E-15,129.71816527727,
    -288.5719782375));
#10653 = SURFACE_CURVE('',#10654,(#10658,#10664),.PCURVE_S1.);
#10654 = LINE('',#10655,#10656);
#10655 = CARTESIAN_POINT('',(0.,0.,-192.6622353632));
#10656 = VECTOR('',#10657,1.);
#10657 = DIRECTION('',(-0.,0.804083987153,-0.594515720233));
#10658 = PCURVE('',#8962,#10659);
#10659 = DEFINITIONAL_REPRESENTATION('',(#10660),#10663);
#10660 = B_SPLINE_CURVE_WITH_KNOTS('',1,(#10661,#10662),.UNSPECIFIED.,
  .F.,.F.,(2,2),(159.79456066078,161.32414940458),
  .PIECEWISE_BEZIER_KNOTS.);
#10661 = CARTESIAN_POINT('',(712.33738631612,-1.128488247461E+03));
#10662 = CARTESIAN_POINT('',(711.42802176243,-1.129718165277E+03));
#10663 = ( GEOMETRIC_REPRESENTATION_CONTEXT(2) 
PARAMETRIC_REPRESENTATION_CONTEXT() REPRESENTATION_CONTEXT('2D SPACE',''
  ) );
#10664 = PCURVE('',#8999,#10665);
#10665 = DEFINITIONAL_REPRESENTATION('',(#10666),#10669);
#10666 = B_SPLINE_CURVE_WITH_KNOTS('',1,(#10667,#10668),.UNSPECIFIED.,
  .F.,.F.,(2,2),(159.79456066078,161.32414940458),
  .PIECEWISE_BEZIER_KNOTS.);
#10667 = CARTESIAN_POINT('',(-1.570796326795,1.689715305228E-14));
#10668 = CARTESIAN_POINT('',(-1.570796326795,0.909364553683));
#10669 = ( GEOMETRIC_REPRESENTATION_CONTEXT(2) 
PARAMETRIC_REPRESENTATION_CONTEXT() REPRESENTATION_CONTEXT('2D SPACE',''
  ) );
#10670 = ORIENTED_EDGE('',*,*,#10671,.T.);
#10671 = EDGE_CURVE('',#10651,#10672,#10674,.T.);
#10672 = VERTEX_POINT('',#10673);
#10673 = CARTESIAN_POINT('',(8.018534929933E-15,130.95261320269,
    -289.4600612923));
#10674 = SURFACE_CURVE('',#10675,(#10679,#10685),.PCURVE_S1.);
#10675 = LINE('',#10676,#10677);
#10676 = CARTESIAN_POINT('',(0.,0.,-195.2505005842));
#10677 = VECTOR('',#10678,1.);
#10678 = DIRECTION('',(-0.,0.811758619172,-0.58399310287));
#10679 = PCURVE('',#8962,#10680);
#10680 = DEFINITIONAL_REPRESENTATION('',(#10681),#10684);
#10681 = B_SPLINE_CURVE_WITH_KNOTS('',1,(#10682,#10683),.UNSPECIFIED.,
  .F.,.F.,(2,2),(159.79893802618,161.31964614835),
  .PIECEWISE_BEZIER_KNOTS.);
#10682 = CARTESIAN_POINT('',(711.42802176243,-1.129718165277E+03));
#10683 = CARTESIAN_POINT('',(710.53993870761,-1.130952613203E+03));
#10684 = ( GEOMETRIC_REPRESENTATION_CONTEXT(2) 
PARAMETRIC_REPRESENTATION_CONTEXT() REPRESENTATION_CONTEXT('2D SPACE',''
  ) );
#10685 = PCURVE('',#10610,#10686);
#10686 = DEFINITIONAL_REPRESENTATION('',(#10687),#10690);
#10687 = B_SPLINE_CURVE_WITH_KNOTS('',1,(#10688,#10689),.UNSPECIFIED.,
  .F.,.F.,(2,2),(159.79893802618,161.31964614835),
  .PIECEWISE_BEZIER_KNOTS.);
#10688 = CARTESIAN_POINT('',(-1.570796326795,-3.319616455828E-14));
#10689 = CARTESIAN_POINT('',(-1.570796326795,0.888083054827));
#10690 = ( GEOMETRIC_REPRESENTATION_CONTEXT(2) 
PARAMETRIC_REPRESENTATION_CONTEXT() REPRESENTATION_CONTEXT('2D SPACE',''
  ) );
#10691 = ORIENTED_EDGE('',*,*,#10692,.T.);
#10692 = EDGE_CURVE('',#10672,#10693,#10695,.T.);
#10693 = VERTEX_POINT('',#10694);
#10694 = CARTESIAN_POINT('',(8.094399439936E-15,132.19157467395,
    -290.3265954607));
#10695 = SURFACE_CURVE('',#10696,(#10700,#10706),.PCURVE_S1.);
#10696 = LINE('',#10697,#10698);
#10697 = CARTESIAN_POINT('',(0.,0.,-197.8713263672));
#10698 = VECTOR('',#10699,1.);
#10699 = DIRECTION('',(-0.,0.819461440947,-0.57313431829));
#10700 = PCURVE('',#8962,#10701);
#10701 = DEFINITIONAL_REPRESENTATION('',(#10702),#10705);
#10702 = B_SPLINE_CURVE_WITH_KNOTS('',1,(#10703,#10704),.UNSPECIFIED.,
  .F.,.F.,(2,2),(159.80326426515,161.31518588752),
  .PIECEWISE_BEZIER_KNOTS.);
#10703 = CARTESIAN_POINT('',(710.53993870761,-1.130952613203E+03));
#10704 = CARTESIAN_POINT('',(709.67340453926,-1.132191574674E+03));
#10705 = ( GEOMETRIC_REPRESENTATION_CONTEXT(2) 
PARAMETRIC_REPRESENTATION_CONTEXT() REPRESENTATION_CONTEXT('2D SPACE',''
  ) );
#10706 = PCURVE('',#10582,#10707);
#10707 = DEFINITIONAL_REPRESENTATION('',(#10708),#10711);
#10708 = B_SPLINE_CURVE_WITH_KNOTS('',1,(#10709,#10710),.UNSPECIFIED.,
  .F.,.F.,(2,2),(159.80326426515,161.31518588752),
  .PIECEWISE_BEZIER_KNOTS.);
#10709 = CARTESIAN_POINT('',(-1.570796326795,0.));
#10710 = CARTESIAN_POINT('',(-1.570796326795,0.866534168344));
#10711 = ( GEOMETRIC_REPRESENTATION_CONTEXT(2) 
PARAMETRIC_REPRESENTATION_CONTEXT() REPRESENTATION_CONTEXT('2D SPACE',''
  ) );
#10712 = ORIENTED_EDGE('',*,*,#10713,.T.);
#10713 = EDGE_CURVE('',#10693,#10714,#10716,.T.);
#10714 = VERTEX_POINT('',#10715);
#10715 = CARTESIAN_POINT('',(8.170539321719E-15,133.43503330769,
    -291.1712875813));
#10716 = SURFACE_CURVE('',#10717,(#10721,#10727),.PCURVE_S1.);
#10717 = LINE('',#10718,#10719);
#10718 = CARTESIAN_POINT('',(0.,0.,-200.5277243826));
#10719 = VECTOR('',#10720,1.);
#10720 = DIRECTION('',(-0.,0.827192353613,-0.561918864361));
#10721 = PCURVE('',#8962,#10722);
#10722 = DEFINITIONAL_REPRESENTATION('',(#10723),#10726);
#10723 = B_SPLINE_CURVE_WITH_KNOTS('',1,(#10724,#10725),.UNSPECIFIED.,
  .F.,.F.,(2,2),(159.8075394394,161.31076735043),
  .PIECEWISE_BEZIER_KNOTS.);
#10724 = CARTESIAN_POINT('',(709.67340453926,-1.132191574674E+03));
#10725 = CARTESIAN_POINT('',(708.82871241862,-1.133435033308E+03));
#10726 = ( GEOMETRIC_REPRESENTATION_CONTEXT(2) 
PARAMETRIC_REPRESENTATION_CONTEXT() REPRESENTATION_CONTEXT('2D SPACE',''
  ) );
#10727 = PCURVE('',#10554,#10728);
#10728 = DEFINITIONAL_REPRESENTATION('',(#10729),#10732);
#10729 = B_SPLINE_CURVE_WITH_KNOTS('',1,(#10730,#10731),.UNSPECIFIED.,
  .F.,.F.,(2,2),(159.8075394394,161.31076735043),
  .PIECEWISE_BEZIER_KNOTS.);
#10730 = CARTESIAN_POINT('',(-1.570796326795,1.597069468632E-14));
#10731 = CARTESIAN_POINT('',(-1.570796326795,0.844692120637));
#10732 = ( GEOMETRIC_REPRESENTATION_CONTEXT(2) 
PARAMETRIC_REPRESENTATION_CONTEXT() REPRESENTATION_CONTEXT('2D SPACE',''
  ) );
#10733 = ORIENTED_EDGE('',*,*,#10734,.T.);
#10734 = EDGE_CURVE('',#10714,#10735,#10737,.T.);
#10735 = VERTEX_POINT('',#10736);
#10736 = CARTESIAN_POINT('',(8.246953582937E-15,134.68297289764,
    -291.9938158089));
#10737 = SURFACE_CURVE('',#10738,(#10742,#10748),.PCURVE_S1.);
#10738 = LINE('',#10739,#10740);
#10739 = CARTESIAN_POINT('',(0.,0.,-203.2230548872));
#10740 = VECTOR('',#10741,1.);
#10741 = DIRECTION('',(-0.,0.83495126015,-0.550323898422));
#10742 = PCURVE('',#8962,#10743);
#10743 = DEFINITIONAL_REPRESENTATION('',(#10744),#10747);
#10744 = B_SPLINE_CURVE_WITH_KNOTS('',1,(#10745,#10746),.UNSPECIFIED.,
  .F.,.F.,(2,2),(159.81176348395,161.30638915794),
  .PIECEWISE_BEZIER_KNOTS.);
#10745 = CARTESIAN_POINT('',(708.82871241863,-1.133435033308E+03));
#10746 = CARTESIAN_POINT('',(708.00618419103,-1.134682972898E+03));
#10747 = ( GEOMETRIC_REPRESENTATION_CONTEXT(2) 
PARAMETRIC_REPRESENTATION_CONTEXT() REPRESENTATION_CONTEXT('2D SPACE',''
  ) );
#10748 = PCURVE('',#10526,#10749);
#10749 = DEFINITIONAL_REPRESENTATION('',(#10750),#10753);
#10750 = B_SPLINE_CURVE_WITH_KNOTS('',1,(#10751,#10752),.UNSPECIFIED.,
  .F.,.F.,(2,2),(159.81176348395,161.30638915794),
  .PIECEWISE_BEZIER_KNOTS.);
#10751 = CARTESIAN_POINT('',(-1.570796326795,0.));
#10752 = CARTESIAN_POINT('',(-1.570796326795,0.822528227592));
#10753 = ( GEOMETRIC_REPRESENTATION_CONTEXT(2) 
PARAMETRIC_REPRESENTATION_CONTEXT() REPRESENTATION_CONTEXT('2D SPACE',''
  ) );
#10754 = ORIENTED_EDGE('',*,*,#10755,.T.);
#10755 = EDGE_CURVE('',#10735,#10756,#10758,.T.);
#10756 = VERTEX_POINT('',#10757);
#10757 = CARTESIAN_POINT('',(8.323641241895E-15,135.93537741151,
    -292.793826192));
#10758 = SURFACE_CURVE('',#10759,(#10763,#10769),.PCURVE_S1.);
#10759 = LINE('',#10760,#10761);
#10760 = CARTESIAN_POINT('',(0.,0.,-205.9610879219));
#10761 = VECTOR('',#10762,1.);
#10762 = DIRECTION('',(-0.,0.842738065547,-0.538323836439));
#10763 = PCURVE('',#8962,#10764);
#10764 = DEFINITIONAL_REPRESENTATION('',(#10765),#10768);
#10765 = B_SPLINE_CURVE_WITH_KNOTS('',1,(#10766,#10767),.UNSPECIFIED.,
  .F.,.F.,(2,2),(159.81593617729,161.30204979321),
  .PIECEWISE_BEZIER_KNOTS.);
#10766 = CARTESIAN_POINT('',(708.00618419103,-1.134682972898E+03));
#10767 = CARTESIAN_POINT('',(707.20617380793,-1.135935377412E+03));
#10768 = ( GEOMETRIC_REPRESENTATION_CONTEXT(2) 
PARAMETRIC_REPRESENTATION_CONTEXT() REPRESENTATION_CONTEXT('2D SPACE',''
  ) );
#10769 = PCURVE('',#10498,#10770);
#10770 = DEFINITIONAL_REPRESENTATION('',(#10771),#10774);
#10771 = B_SPLINE_CURVE_WITH_KNOTS('',1,(#10772,#10773),.UNSPECIFIED.,
  .F.,.F.,(2,2),(159.81593617729,161.30204979321),
  .PIECEWISE_BEZIER_KNOTS.);
#10772 = CARTESIAN_POINT('',(-1.570796326795,0.));
#10773 = CARTESIAN_POINT('',(-1.570796326795,0.800010383107));
#10774 = ( GEOMETRIC_REPRESENTATION_CONTEXT(2) 
PARAMETRIC_REPRESENTATION_CONTEXT() REPRESENTATION_CONTEXT('2D SPACE',''
  ) );
#10775 = ORIENTED_EDGE('',*,*,#10776,.T.);
#10776 = EDGE_CURVE('',#10756,#10777,#10779,.T.);
#10777 = VERTEX_POINT('',#10778);
#10778 = CARTESIAN_POINT('',(8.400601327358E-15,137.19223098785,
    -293.5709286192));
#10779 = SURFACE_CURVE('',#10780,(#10784,#10790),.PCURVE_S1.);
#10780 = LINE('',#10781,#10782);
#10781 = CARTESIAN_POINT('',(0.,0.,-208.7460789288));
#10782 = VECTOR('',#10783,1.);
#10783 = DIRECTION('',(-0.,0.850552677033,-0.525889858803));
#10784 = PCURVE('',#8962,#10785);
#10785 = DEFINITIONAL_REPRESENTATION('',(#10786),#10789);
#10786 = B_SPLINE_CURVE_WITH_KNOTS('',1,(#10787,#10788),.UNSPECIFIED.,
  .F.,.F.,(2,2),(159.8200571018,161.29774756152),
  .PIECEWISE_BEZIER_KNOTS.);
#10787 = CARTESIAN_POINT('',(707.20617380793,-1.135935377412E+03));
#10788 = CARTESIAN_POINT('',(706.42907138071,-1.137192230988E+03));
#10789 = ( GEOMETRIC_REPRESENTATION_CONTEXT(2) 
PARAMETRIC_REPRESENTATION_CONTEXT() REPRESENTATION_CONTEXT('2D SPACE',''
  ) );
#10790 = PCURVE('',#10470,#10791);
#10791 = DEFINITIONAL_REPRESENTATION('',(#10792),#10795);
#10792 = B_SPLINE_CURVE_WITH_KNOTS('',1,(#10793,#10794),.UNSPECIFIED.,
  .F.,.F.,(2,2),(159.8200571018,161.29774756152),
  .PIECEWISE_BEZIER_KNOTS.);
#10793 = CARTESIAN_POINT('',(-1.570796326795,0.));
#10794 = CARTESIAN_POINT('',(-1.570796326795,0.777102427218));
#10795 = ( GEOMETRIC_REPRESENTATION_CONTEXT(2) 
PARAMETRIC_REPRESENTATION_CONTEXT() REPRESENTATION_CONTEXT('2D SPACE',''
  ) );
#10796 = ORIENTED_EDGE('',*,*,#10797,.T.);
#10797 = EDGE_CURVE('',#10777,#10798,#10800,.T.);
#10798 = VERTEX_POINT('',#10799);
#10799 = CARTESIAN_POINT('',(8.477832878372E-15,138.45351793308,
    -294.3246919765));
#10800 = SURFACE_CURVE('',#10801,(#10805,#10811),.PCURVE_S1.);
#10801 = LINE('',#10802,#10803);
#10802 = CARTESIAN_POINT('',(0.,0.,-211.5828631622));
#10803 = VECTOR('',#10804,1.);
#10804 = DIRECTION('',(-0.,0.858395004389,-0.512989294664));
#10805 = PCURVE('',#8962,#10806);
#10806 = DEFINITIONAL_REPRESENTATION('',(#10807),#10810);
#10807 = B_SPLINE_CURVE_WITH_KNOTS('',1,(#10808,#10809),.UNSPECIFIED.,
  .F.,.F.,(2,2),(159.82412559065,161.29348053655),
  .PIECEWISE_BEZIER_KNOTS.);
#10808 = CARTESIAN_POINT('',(706.42907138071,-1.137192230988E+03));
#10809 = CARTESIAN_POINT('',(705.6753080234,-1.138453517933E+03));
#10810 = ( GEOMETRIC_REPRESENTATION_CONTEXT(2) 
PARAMETRIC_REPRESENTATION_CONTEXT() REPRESENTATION_CONTEXT('2D SPACE',''
  ) );
#10811 = PCURVE('',#10442,#10812);
#10812 = DEFINITIONAL_REPRESENTATION('',(#10813),#10816);
#10813 = B_SPLINE_CURVE_WITH_KNOTS('',1,(#10814,#10815),.UNSPECIFIED.,
  .F.,.F.,(2,2),(159.82412559065,161.29348053655),
  .PIECEWISE_BEZIER_KNOTS.);
#10814 = CARTESIAN_POINT('',(-1.570796326795,0.));
#10815 = CARTESIAN_POINT('',(-1.570796326795,0.753763357309));
#10816 = ( GEOMETRIC_REPRESENTATION_CONTEXT(2) 
PARAMETRIC_REPRESENTATION_CONTEXT() REPRESENTATION_CONTEXT('2D SPACE',''
  ) );
#10817 = ORIENTED_EDGE('',*,*,#10818,.T.);
#10818 = EDGE_CURVE('',#10798,#10819,#10821,.T.);
#10819 = VERTEX_POINT('',#10820);
#10820 = CARTESIAN_POINT('',(8.555334944081E-15,139.71922271853,
    -295.0546383086));
#10821 = SURFACE_CURVE('',#10822,(#10826,#10832),.PCURVE_S1.);
#10822 = LINE('',#10823,#10824);
#10823 = CARTESIAN_POINT('',(0.,0.,-214.4769749319));
#10824 = VECTOR('',#10825,1.);
#10825 = DIRECTION('',(-0.,0.866264960385,-0.499584846056));
#10826 = PCURVE('',#8962,#10827);
#10827 = DEFINITIONAL_REPRESENTATION('',(#10828),#10831);
#10828 = B_SPLINE_CURVE_WITH_KNOTS('',1,(#10829,#10830),.UNSPECIFIED.,
  .F.,.F.,(2,2),(159.82814065519,161.28924648693),
  .PIECEWISE_BEZIER_KNOTS.);
#10829 = CARTESIAN_POINT('',(705.6753080234,-1.138453517933E+03));
#10830 = CARTESIAN_POINT('',(704.94536169138,-1.139719222719E+03));
#10831 = ( GEOMETRIC_REPRESENTATION_CONTEXT(2) 
PARAMETRIC_REPRESENTATION_CONTEXT() REPRESENTATION_CONTEXT('2D SPACE',''
  ) );
#10832 = PCURVE('',#10414,#10833);
#10833 = DEFINITIONAL_REPRESENTATION('',(#10834),#10837);
#10834 = B_SPLINE_CURVE_WITH_KNOTS('',1,(#10835,#10836),.UNSPECIFIED.,
  .F.,.F.,(2,2),(159.82814065519,161.28924648693),
  .PIECEWISE_BEZIER_KNOTS.);
#10835 = CARTESIAN_POINT('',(-1.570796326795,1.419905533045E-14));
#10836 = CARTESIAN_POINT('',(-1.570796326795,0.729946332022));
#10837 = ( GEOMETRIC_REPRESENTATION_CONTEXT(2) 
PARAMETRIC_REPRESENTATION_CONTEXT() REPRESENTATION_CONTEXT('2D SPACE',''
  ) );
#10838 = ORIENTED_EDGE('',*,*,#10839,.T.);
#10839 = EDGE_CURVE('',#10819,#10840,#10842,.T.);
#10840 = VERTEX_POINT('',#10841);
#10841 = CARTESIAN_POINT('',(8.633106583548E-15,140.98932997757,
    -295.7602357058));
#10842 = SURFACE_CURVE('',#10843,(#10847,#10853),.PCURVE_S1.);
#10843 = LINE('',#10844,#10845);
#10844 = CARTESIAN_POINT('',(0.,0.,-217.4348001483));
#10845 = VECTOR('',#10846,1.);
#10846 = DIRECTION('',(-0.,0.874162461392,-0.485633597574));
#10847 = PCURVE('',#8962,#10848);
#10848 = DEFINITIONAL_REPRESENTATION('',(#10849),#10852);
#10849 = B_SPLINE_CURVE_WITH_KNOTS('',1,(#10850,#10851),.UNSPECIFIED.,
  .F.,.F.,(2,2),(159.83210088432,161.28504277456),
  .PIECEWISE_BEZIER_KNOTS.);
#10850 = CARTESIAN_POINT('',(704.94536169138,-1.139719222719E+03));
#10851 = CARTESIAN_POINT('',(704.23976429415,-1.140989329978E+03));
#10852 = ( GEOMETRIC_REPRESENTATION_CONTEXT(2) 
PARAMETRIC_REPRESENTATION_CONTEXT() REPRESENTATION_CONTEXT('2D SPACE',''
  ) );
#10853 = PCURVE('',#10386,#10854);
#10854 = DEFINITIONAL_REPRESENTATION('',(#10855),#10858);
#10855 = B_SPLINE_CURVE_WITH_KNOTS('',1,(#10856,#10857),.UNSPECIFIED.,
  .F.,.F.,(2,2),(159.83210088432,161.28504277456),
  .PIECEWISE_BEZIER_KNOTS.);
#10856 = CARTESIAN_POINT('',(-1.570796326795,1.380253699989E-14));
#10857 = CARTESIAN_POINT('',(-1.570796326795,0.705597397223));
#10858 = ( GEOMETRIC_REPRESENTATION_CONTEXT(2) 
PARAMETRIC_REPRESENTATION_CONTEXT() REPRESENTATION_CONTEXT('2D SPACE',''
  ) );
#10859 = ORIENTED_EDGE('',*,*,#10860,.T.);
#10860 = EDGE_CURVE('',#10840,#10861,#10863,.T.);
#10861 = VERTEX_POINT('',#10862);
#10862 = CARTESIAN_POINT('',(8.711146865591E-15,142.26382450279,
    -296.4408895388));
#10863 = SURFACE_CURVE('',#10864,(#10868,#10874),.PCURVE_S1.);
#10864 = LINE('',#10865,#10866);
#10865 = CARTESIAN_POINT('',(0.,0.,-220.463774277));
#10866 = VECTOR('',#10867,1.);
#10867 = DIRECTION('',(-0.,0.882087428257,-0.471085734141));
#10868 = PCURVE('',#8962,#10869);
#10869 = DEFINITIONAL_REPRESENTATION('',(#10870),#10873);
#10870 = B_SPLINE_CURVE_WITH_KNOTS('',1,(#10871,#10872),.UNSPECIFIED.,
  .F.,.F.,(2,2),(159.83600430199,161.28086621068),
  .PIECEWISE_BEZIER_KNOTS.);
#10871 = CARTESIAN_POINT('',(704.23976429415,-1.140989329978E+03));
#10872 = CARTESIAN_POINT('',(703.55911046116,-1.142263824503E+03));
#10873 = ( GEOMETRIC_REPRESENTATION_CONTEXT(2) 
PARAMETRIC_REPRESENTATION_CONTEXT() REPRESENTATION_CONTEXT('2D SPACE',''
  ) );
#10874 = PCURVE('',#10358,#10875);
#10875 = DEFINITIONAL_REPRESENTATION('',(#10876),#10879);
#10876 = B_SPLINE_CURVE_WITH_KNOTS('',1,(#10877,#10878),.UNSPECIFIED.,
  .F.,.F.,(2,2),(159.83600430199,161.28086621068),
  .PIECEWISE_BEZIER_KNOTS.);
#10877 = CARTESIAN_POINT('',(-1.570796326795,0.));
#10878 = CARTESIAN_POINT('',(-1.570796326795,0.680653832989));
#10879 = ( GEOMETRIC_REPRESENTATION_CONTEXT(2) 
PARAMETRIC_REPRESENTATION_CONTEXT() REPRESENTATION_CONTEXT('2D SPACE',''
  ) );
#10880 = ORIENTED_EDGE('',*,*,#10881,.T.);
#10881 = EDGE_CURVE('',#10861,#10882,#10884,.T.);
#10882 = VERTEX_POINT('',#10883);
#10883 = CARTESIAN_POINT('',(8.789454868607E-15,143.54269124333,
    -297.0959315129));
#10884 = SURFACE_CURVE('',#10885,(#10889,#10895),.PCURVE_S1.);
#10885 = LINE('',#10886,#10887);
#10886 = CARTESIAN_POINT('',(0.,0.,-223.5726433811));
#10887 = VECTOR('',#10888,1.);
#10888 = DIRECTION('',(-0.,0.89003978757,-0.455882853968));
#10889 = PCURVE('',#8962,#10890);
#10890 = DEFINITIONAL_REPRESENTATION('',(#10891),#10894);
#10891 = B_SPLINE_CURVE_WITH_KNOTS('',1,(#10892,#10893),.UNSPECIFIED.,
  .F.,.F.,(2,2),(159.8398481614,161.27671284812),
  .PIECEWISE_BEZIER_KNOTS.);
#10892 = CARTESIAN_POINT('',(703.55911046116,-1.142263824503E+03));
#10893 = CARTESIAN_POINT('',(702.90406848701,-1.143542691243E+03));
#10894 = ( GEOMETRIC_REPRESENTATION_CONTEXT(2) 
PARAMETRIC_REPRESENTATION_CONTEXT() REPRESENTATION_CONTEXT('2D SPACE',''
  ) );
#10895 = PCURVE('',#10330,#10896);
#10896 = DEFINITIONAL_REPRESENTATION('',(#10897),#10900);
#10897 = B_SPLINE_CURVE_WITH_KNOTS('',1,(#10898,#10899),.UNSPECIFIED.,
  .F.,.F.,(2,2),(159.8398481614,161.27671284812),
  .PIECEWISE_BEZIER_KNOTS.);
#10898 = CARTESIAN_POINT('',(-1.570796326795,-2.591394001958E-14));
#10899 = CARTESIAN_POINT('',(-1.570796326795,0.65504197415));
#10900 = ( GEOMETRIC_REPRESENTATION_CONTEXT(2) 
PARAMETRIC_REPRESENTATION_CONTEXT() REPRESENTATION_CONTEXT('2D SPACE',''
  ) );
#10901 = ORIENTED_EDGE('',*,*,#10902,.T.);
#10902 = EDGE_CURVE('',#10882,#10903,#10905,.T.);
#10903 = VERTEX_POINT('',#10904);
#10904 = CARTESIAN_POINT('',(8.868029680419E-15,144.82591530215,
    -297.7246057968));
#10905 = SURFACE_CURVE('',#10906,(#10910,#10916),.PCURVE_S1.);
#10906 = LINE('',#10907,#10908);
#10907 = CARTESIAN_POINT('',(0.,0.,-226.7718146865));
#10908 = VECTOR('',#10909,1.);
#10909 = DIRECTION('',(-0.,0.898019473561,-0.439955708118));
#10910 = PCURVE('',#8962,#10911);
#10911 = DEFINITIONAL_REPRESENTATION('',(#10912),#10915);
#10912 = B_SPLINE_CURVE_WITH_KNOTS('',1,(#10913,#10914),.UNSPECIFIED.,
  .F.,.F.,(2,2),(159.84362863999,161.2725776735),
  .PIECEWISE_BEZIER_KNOTS.);
#10913 = CARTESIAN_POINT('',(702.90406848701,-1.143542691243E+03));
#10914 = CARTESIAN_POINT('',(702.27539420311,-1.144825915302E+03));
#10915 = ( GEOMETRIC_REPRESENTATION_CONTEXT(2) 
PARAMETRIC_REPRESENTATION_CONTEXT() REPRESENTATION_CONTEXT('2D SPACE',''
  ) );
#10916 = PCURVE('',#10302,#10917);
#10917 = DEFINITIONAL_REPRESENTATION('',(#10918),#10921);
#10918 = B_SPLINE_CURVE_WITH_KNOTS('',1,(#10919,#10920),.UNSPECIFIED.,
  .F.,.F.,(2,2),(159.84362863999,161.2725776735),
  .PIECEWISE_BEZIER_KNOTS.);
#10919 = CARTESIAN_POINT('',(-1.570796326795,1.250429329838E-14));
#10920 = CARTESIAN_POINT('',(-1.570796326795,0.628674283904));
#10921 = ( GEOMETRIC_REPRESENTATION_CONTEXT(2) 
PARAMETRIC_REPRESENTATION_CONTEXT() REPRESENTATION_CONTEXT('2D SPACE',''
  ) );
#10922 = ORIENTED_EDGE('',*,*,#10923,.T.);
#10923 = EDGE_CURVE('',#10903,#10924,#10926,.T.);
#10924 = VERTEX_POINT('',#10925);
#10925 = CARTESIAN_POINT('',(8.946870398105E-15,146.11348193347,
    -298.3260511387));
#10926 = SURFACE_CURVE('',#10927,(#10931,#10937),.PCURVE_S1.);
#10927 = LINE('',#10928,#10929);
#10928 = CARTESIAN_POINT('',(0.,0.,-230.0738372726));
#10929 = VECTOR('',#10930,1.);
#10930 = DIRECTION('',(-0.,0.906026430982,-0.423221108124));
#10931 = PCURVE('',#8962,#10932);
#10932 = DEFINITIONAL_REPRESENTATION('',(#10933),#10936);
#10933 = B_SPLINE_CURVE_WITH_KNOTS('',1,(#10934,#10935),.UNSPECIFIED.,
  .F.,.F.,(2,2),(159.84734037522,161.26845413889),
  .PIECEWISE_BEZIER_KNOTS.);
#10934 = CARTESIAN_POINT('',(702.27539420311,-1.144825915302E+03));
#10935 = CARTESIAN_POINT('',(701.67394886128,-1.146113481933E+03));
#10936 = ( GEOMETRIC_REPRESENTATION_CONTEXT(2) 
PARAMETRIC_REPRESENTATION_CONTEXT() REPRESENTATION_CONTEXT('2D SPACE',''
  ) );
#10937 = PCURVE('',#10274,#10938);
#10938 = DEFINITIONAL_REPRESENTATION('',(#10939),#10942);
#10939 = B_SPLINE_CURVE_WITH_KNOTS('',1,(#10940,#10941),.UNSPECIFIED.,
  .F.,.F.,(2,2),(159.84734037522,161.26845413889),
  .PIECEWISE_BEZIER_KNOTS.);
#10940 = CARTESIAN_POINT('',(-1.570796326795,0.));
#10941 = CARTESIAN_POINT('',(-1.570796326795,0.60144534183));
#10942 = ( GEOMETRIC_REPRESENTATION_CONTEXT(2) 
PARAMETRIC_REPRESENTATION_CONTEXT() REPRESENTATION_CONTEXT('2D SPACE',''
  ) );
#10943 = ORIENTED_EDGE('',*,*,#10944,.T.);
#10944 = EDGE_CURVE('',#10924,#10945,#10947,.T.);
#10945 = VERTEX_POINT('',#10946);
#10946 = CARTESIAN_POINT('',(9.025976127853E-15,147.40537654019,
    -298.8992773483));
#10947 = SURFACE_CURVE('',#10948,(#10952,#10958),.PCURVE_S1.);
#10948 = LINE('',#10949,#10950);
#10949 = CARTESIAN_POINT('',(0.,0.,-233.4940772333));
#10950 = VECTOR('',#10951,1.);
#10951 = DIRECTION('',(-0.,0.914060619664,-0.405577592552));
#10952 = PCURVE('',#8962,#10953);
#10953 = DEFINITIONAL_REPRESENTATION('',(#10954),#10957);
#10954 = B_SPLINE_CURVE_WITH_KNOTS('',1,(#10955,#10956),.UNSPECIFIED.,
  .F.,.F.,(2,2),(159.85097573424,161.26433342511),
  .PIECEWISE_BEZIER_KNOTS.);
#10955 = CARTESIAN_POINT('',(701.67394886128,-1.146113481933E+03));
#10956 = CARTESIAN_POINT('',(701.1007226516,-1.14740537654E+03));
#10957 = ( GEOMETRIC_REPRESENTATION_CONTEXT(2) 
PARAMETRIC_REPRESENTATION_CONTEXT() REPRESENTATION_CONTEXT('2D SPACE',''
  ) );
#10958 = PCURVE('',#10246,#10959);
#10959 = DEFINITIONAL_REPRESENTATION('',(#10960),#10963);
#10960 = B_SPLINE_CURVE_WITH_KNOTS('',1,(#10961,#10962),.UNSPECIFIED.,
  .F.,.F.,(2,2),(159.85097573424,161.26433342511),
  .PIECEWISE_BEZIER_KNOTS.);
#10961 = CARTESIAN_POINT('',(-1.570796326795,0.));
#10962 = CARTESIAN_POINT('',(-1.570796326795,0.573226209676));
#10963 = ( GEOMETRIC_REPRESENTATION_CONTEXT(2) 
PARAMETRIC_REPRESENTATION_CONTEXT() REPRESENTATION_CONTEXT('2D SPACE',''
  ) );
#10964 = ORIENTED_EDGE('',*,*,#10965,.T.);
#10965 = EDGE_CURVE('',#10945,#10966,#10968,.T.);
#10966 = VERTEX_POINT('',#10967);
#10967 = CARTESIAN_POINT('',(9.105345984801E-15,148.70158467144,
    -299.4431336418));
#10968 = SURFACE_CURVE('',#10969,(#10973,#10979),.PCURVE_S1.);
#10969 = LINE('',#10970,#10971);
#10970 = CARTESIAN_POINT('',(0.,0.,-237.0516930043));
#10971 = VECTOR('',#10972,1.);
#10972 = DIRECTION('',(-0.,0.922122021955,-0.386899181475));
#10973 = PCURVE('',#8962,#10974);
#10974 = DEFINITIONAL_REPRESENTATION('',(#10975),#10978);
#10975 = B_SPLINE_CURVE_WITH_KNOTS('',1,(#10976,#10977),.UNSPECIFIED.,
  .F.,.F.,(2,2),(159.85452362117,161.26020323883),
  .PIECEWISE_BEZIER_KNOTS.);
#10976 = CARTESIAN_POINT('',(701.1007226516,-1.14740537654E+03));
#10977 = CARTESIAN_POINT('',(700.55686635812,-1.148701584671E+03));
#10978 = ( GEOMETRIC_REPRESENTATION_CONTEXT(2) 
PARAMETRIC_REPRESENTATION_CONTEXT() REPRESENTATION_CONTEXT('2D SPACE',''
  ) );
#10979 = PCURVE('',#10218,#10980);
#10980 = DEFINITIONAL_REPRESENTATION('',(#10981),#10984);
#10981 = B_SPLINE_CURVE_WITH_KNOTS('',1,(#10982,#10983),.UNSPECIFIED.,
  .F.,.F.,(2,2),(159.85452362117,161.26020323883),
  .PIECEWISE_BEZIER_KNOTS.);
#10982 = CARTESIAN_POINT('',(-1.570796326795,0.));
#10983 = CARTESIAN_POINT('',(-1.570796326795,0.543856293486));
#10984 = ( GEOMETRIC_REPRESENTATION_CONTEXT(2) 
PARAMETRIC_REPRESENTATION_CONTEXT() REPRESENTATION_CONTEXT('2D SPACE',''
  ) );
#10985 = ORIENTED_EDGE('',*,*,#10986,.T.);
#10986 = EDGE_CURVE('',#10966,#10987,#10989,.T.);
#10987 = VERTEX_POINT('',#10988);
#10988 = CARTESIAN_POINT('',(9.184979092894E-15,150.00209202015,
    -299.9562648333));
#10989 = SURFACE_CURVE('',#10990,(#10994,#11000),.PCURVE_S1.);
#10990 = LINE('',#10991,#10992);
#10991 = CARTESIAN_POINT('',(0.,0.,-240.7710920021));
#10992 = VECTOR('',#10993,1.);
#10993 = DIRECTION('',(-0.,0.930210655452,-0.367026070576));
#10994 = PCURVE('',#8962,#10995);
#10995 = DEFINITIONAL_REPRESENTATION('',(#10996),#10999);
#10996 = B_SPLINE_CURVE_WITH_KNOTS('',1,(#10997,#10998),.UNSPECIFIED.,
  .F.,.F.,(2,2),(159.85796743977,161.25604575793),
  .PIECEWISE_BEZIER_KNOTS.);
#10997 = CARTESIAN_POINT('',(700.55686635812,-1.148701584671E+03));
#10998 = CARTESIAN_POINT('',(700.04373516665,-1.15000209202E+03));
#10999 = ( GEOMETRIC_REPRESENTATION_CONTEXT(2) 
PARAMETRIC_REPRESENTATION_CONTEXT() REPRESENTATION_CONTEXT('2D SPACE',''
  ) );
#11000 = PCURVE('',#10190,#11001);
#11001 = DEFINITIONAL_REPRESENTATION('',(#11002),#11005);
#11002 = B_SPLINE_CURVE_WITH_KNOTS('',1,(#11003,#11004),.UNSPECIFIED.,
  .F.,.F.,(2,2),(159.85796743977,161.25604575793),
  .PIECEWISE_BEZIER_KNOTS.);
#11003 = CARTESIAN_POINT('',(-1.570796326795,0.));
#11004 = CARTESIAN_POINT('',(-1.570796326795,0.513131191472));
#11005 = ( GEOMETRIC_REPRESENTATION_CONTEXT(2) 
PARAMETRIC_REPRESENTATION_CONTEXT() REPRESENTATION_CONTEXT('2D SPACE',''
  ) );
#11006 = ORIENTED_EDGE('',*,*,#11007,.T.);
#11007 = EDGE_CURVE('',#10987,#11008,#11010,.T.);
#11008 = VERTEX_POINT('',#11009);
#11009 = CARTESIAN_POINT('',(9.264874584736E-15,151.30688442066,
    -300.4370486378));
#11010 = SURFACE_CURVE('',#11011,(#11015,#11021),.PCURVE_S1.);
#11011 = LINE('',#11012,#11013);
#11012 = CARTESIAN_POINT('',(0.,0.,-244.6841951523));
#11013 = VECTOR('',#11014,1.);
#11014 = DIRECTION('',(-0.,0.938326595957,-0.345750197859));
#11015 = PCURVE('',#8962,#11016);
#11016 = DEFINITIONAL_REPRESENTATION('',(#11017),#11020);
#11017 = B_SPLINE_CURVE_WITH_KNOTS('',1,(#11018,#11019),.UNSPECIFIED.,
  .F.,.F.,(2,2),(159.86128141998,161.25183392711),
  .PIECEWISE_BEZIER_KNOTS.);
#11018 = CARTESIAN_POINT('',(700.04373516665,-1.15000209202E+03));
#11019 = CARTESIAN_POINT('',(699.56295136217,-1.151306884421E+03));
#11020 = ( GEOMETRIC_REPRESENTATION_CONTEXT(2) 
PARAMETRIC_REPRESENTATION_CONTEXT() REPRESENTATION_CONTEXT('2D SPACE',''
  ) );
#11021 = PCURVE('',#10162,#11022);
#11022 = DEFINITIONAL_REPRESENTATION('',(#11023),#11026);
#11023 = B_SPLINE_CURVE_WITH_KNOTS('',1,(#11024,#11025),.UNSPECIFIED.,
  .F.,.F.,(2,2),(159.86128141998,161.25183392711),
  .PIECEWISE_BEZIER_KNOTS.);
#11024 = CARTESIAN_POINT('',(-1.570796326795,0.));
#11025 = CARTESIAN_POINT('',(-1.570796326795,0.480783804472));
#11026 = ( GEOMETRIC_REPRESENTATION_CONTEXT(2) 
PARAMETRIC_REPRESENTATION_CONTEXT() REPRESENTATION_CONTEXT('2D SPACE',''
  ) );
#11027 = ORIENTED_EDGE('',*,*,#11028,.T.);
#11028 = EDGE_CURVE('',#11008,#11029,#11031,.T.);
#11029 = VERTEX_POINT('',#11030);
#11030 = CARTESIAN_POINT('',(9.345031601449E-15,152.61594784643,
    -300.883502125));
#11031 = SURFACE_CURVE('',#11032,(#11036,#11042),.PCURVE_S1.);
#11032 = LINE('',#11033,#11034);
#11033 = CARTESIAN_POINT('',(0.,0.,-248.8341355456));
#11034 = VECTOR('',#11035,1.);
#11035 = DIRECTION('',(-0.,0.946470021743,-0.322791725329));
#11036 = PCURVE('',#8962,#11037);
#11037 = DEFINITIONAL_REPRESENTATION('',(#11038),#11041);
#11038 = B_SPLINE_CURVE_WITH_KNOTS('',1,(#11039,#11040),.UNSPECIFIED.,
  .F.,.F.,(2,2),(159.86442353658,161.24752431705),
  .PIECEWISE_BEZIER_KNOTS.);
#11039 = CARTESIAN_POINT('',(699.56295136217,-1.151306884421E+03));
#11040 = CARTESIAN_POINT('',(699.11649787494,-1.152615947846E+03));
#11041 = ( GEOMETRIC_REPRESENTATION_CONTEXT(2) 
PARAMETRIC_REPRESENTATION_CONTEXT() REPRESENTATION_CONTEXT('2D SPACE',''
  ) );
#11042 = PCURVE('',#10134,#11043);
#11043 = DEFINITIONAL_REPRESENTATION('',(#11044),#11047);
#11044 = B_SPLINE_CURVE_WITH_KNOTS('',1,(#11045,#11046),.UNSPECIFIED.,
  .F.,.F.,(2,2),(159.86442353658,161.24752431705),
  .PIECEWISE_BEZIER_KNOTS.);
#11045 = CARTESIAN_POINT('',(-1.570796326795,0.));
#11046 = CARTESIAN_POINT('',(-1.570796326795,0.446453487233));
#11047 = ( GEOMETRIC_REPRESENTATION_CONTEXT(2) 
PARAMETRIC_REPRESENTATION_CONTEXT() REPRESENTATION_CONTEXT('2D SPACE',''
  ) );
#11048 = ORIENTED_EDGE('',*,*,#11049,.T.);
#11049 = EDGE_CURVE('',#11029,#11050,#11052,.T.);
#11050 = VERTEX_POINT('',#11051);
#11051 = CARTESIAN_POINT('',(9.425449292533E-15,153.92926840776,
    -301.2931345499));
#11052 = SURFACE_CURVE('',#11053,(#11057,#11063),.PCURVE_S1.);
#11053 = LINE('',#11054,#11055);
#11054 = CARTESIAN_POINT('',(0.,0.,-253.2816883439));
#11055 = VECTOR('',#11056,1.);
#11056 = DIRECTION('',(-0.,0.954641306456,-0.297758250949));
#11057 = PCURVE('',#8962,#11058);
#11058 = DEFINITIONAL_REPRESENTATION('',(#11059),#11062);
#11059 = B_SPLINE_CURVE_WITH_KNOTS('',1,(#11060,#11061),.UNSPECIFIED.,
  .F.,.F.,(2,2),(159.86732065156,161.2430421424),
  .PIECEWISE_BEZIER_KNOTS.);
#11060 = CARTESIAN_POINT('',(699.11649787494,-1.152615947846E+03));
#11061 = CARTESIAN_POINT('',(698.70686545004,-1.153929268408E+03));
#11062 = ( GEOMETRIC_REPRESENTATION_CONTEXT(2) 
PARAMETRIC_REPRESENTATION_CONTEXT() REPRESENTATION_CONTEXT('2D SPACE',''
  ) );
#11063 = PCURVE('',#10106,#11064);
#11064 = DEFINITIONAL_REPRESENTATION('',(#11065),#11068);
#11065 = B_SPLINE_CURVE_WITH_KNOTS('',1,(#11066,#11067),.UNSPECIFIED.,
  .F.,.F.,(2,2),(159.86732065156,161.2430421424),
  .PIECEWISE_BEZIER_KNOTS.);
#11066 = CARTESIAN_POINT('',(-1.570796326795,8.462798488968E-15));
#11067 = CARTESIAN_POINT('',(-1.570796326795,0.409632424903));
#11068 = ( GEOMETRIC_REPRESENTATION_CONTEXT(2) 
PARAMETRIC_REPRESENTATION_CONTEXT() REPRESENTATION_CONTEXT('2D SPACE',''
  ) );
#11069 = ORIENTED_EDGE('',*,*,#11070,.T.);
#11070 = EDGE_CURVE('',#11050,#11071,#11073,.T.);
#11071 = VERTEX_POINT('',#11072);
#11072 = CARTESIAN_POINT('',(9.506126815735E-15,155.24683234959,
    -301.662699035));
#11073 = SURFACE_CURVE('',#11074,(#11078,#11084),.PCURVE_S1.);
#11074 = LINE('',#11075,#11076);
#11075 = CARTESIAN_POINT('',(0.,0.,-258.1174001373));
#11076 = VECTOR('',#11077,1.);
#11077 = DIRECTION('',(-0.,0.962841237045,-0.270068051139));
#11078 = PCURVE('',#8962,#11079);
#11079 = DEFINITIONAL_REPRESENTATION('',(#11080),#11083);
#11080 = B_SPLINE_CURVE_WITH_KNOTS('',1,(#11081,#11082),.UNSPECIFIED.,
  .F.,.F.,(2,2),(159.86983366044,161.23824611634),
  .PIECEWISE_BEZIER_KNOTS.);
#11081 = CARTESIAN_POINT('',(698.70686545004,-1.153929268408E+03));
#11082 = CARTESIAN_POINT('',(698.33730096492,-1.15524683235E+03));
#11083 = ( GEOMETRIC_REPRESENTATION_CONTEXT(2) 
PARAMETRIC_REPRESENTATION_CONTEXT() REPRESENTATION_CONTEXT('2D SPACE',''
  ) );
#11084 = PCURVE('',#10078,#11085);
#11085 = DEFINITIONAL_REPRESENTATION('',(#11086),#11089);
#11086 = B_SPLINE_CURVE_WITH_KNOTS('',1,(#11087,#11088),.UNSPECIFIED.,
  .F.,.F.,(2,2),(159.86983366044,161.23824611634),
  .PIECEWISE_BEZIER_KNOTS.);
#11087 = CARTESIAN_POINT('',(-1.570796326795,0.));
#11088 = CARTESIAN_POINT('',(-1.570796326795,0.36956448512));
#11089 = ( GEOMETRIC_REPRESENTATION_CONTEXT(2) 
PARAMETRIC_REPRESENTATION_CONTEXT() REPRESENTATION_CONTEXT('2D SPACE',''
  ) );
#11090 = ORIENTED_EDGE('',*,*,#11091,.T.);
#11091 = EDGE_CURVE('',#11071,#11092,#11094,.T.);
#11092 = VERTEX_POINT('',#11093);
#11093 = CARTESIAN_POINT('',(9.587063336911E-15,156.56862604933,
    -301.9877307564));
#11094 = SURFACE_CURVE('',#11095,(#11099,#11105),.PCURVE_S1.);
#11095 = LINE('',#11096,#11097);
#11096 = CARTESIAN_POINT('',(0.,0.,-263.4871916412));
#11097 = VECTOR('',#11098,1.);
#11098 = DIRECTION('',(-0.,0.971071610697,-0.238788456376));
#11099 = PCURVE('',#8962,#11100);
#11100 = DEFINITIONAL_REPRESENTATION('',(#11101),#11104);
#11101 = B_SPLINE_CURVE_WITH_KNOTS('',1,(#11102,#11103),.UNSPECIFIED.,
  .F.,.F.,(2,2),(159.87166202724,161.23283218728),
  .PIECEWISE_BEZIER_KNOTS.);
#11102 = CARTESIAN_POINT('',(698.33730096492,-1.15524683235E+03));
#11103 = CARTESIAN_POINT('',(698.01226924354,-1.156568626049E+03));
#11104 = ( GEOMETRIC_REPRESENTATION_CONTEXT(2) 
PARAMETRIC_REPRESENTATION_CONTEXT() REPRESENTATION_CONTEXT('2D SPACE',''
  ) );
#11105 = PCURVE('',#10050,#11106);
#11106 = DEFINITIONAL_REPRESENTATION('',(#11107),#11110);
#11107 = B_SPLINE_CURVE_WITH_KNOTS('',1,(#11108,#11109),.UNSPECIFIED.,
  .F.,.F.,(2,2),(159.87166202724,161.23283218728),
  .PIECEWISE_BEZIER_KNOTS.);
#11108 = CARTESIAN_POINT('',(-1.570796326795,0.));
#11109 = CARTESIAN_POINT('',(-1.570796326795,0.325031721382));
#11110 = ( GEOMETRIC_REPRESENTATION_CONTEXT(2) 
PARAMETRIC_REPRESENTATION_CONTEXT() REPRESENTATION_CONTEXT('2D SPACE',''
  ) );
#11111 = ORIENTED_EDGE('',*,*,#11112,.T.);
#11112 = EDGE_CURVE('',#11092,#11113,#11115,.T.);
#11113 = VERTEX_POINT('',#11114);
#11114 = CARTESIAN_POINT('',(9.668258029901E-15,157.89463601477,
    -302.2615524945));
#11115 = SURFACE_CURVE('',#11116,(#11120,#11126),.PCURVE_S1.);
#11116 = LINE('',#11117,#11118);
#11117 = CARTESIAN_POINT('',(0.,0.,-269.6562291586));
#11118 = VECTOR('',#11119,1.);
#11119 = DIRECTION('',(-0.,0.979337300821,-0.202233655013));
#11120 = PCURVE('',#8962,#11121);
#11121 = DEFINITIONAL_REPRESENTATION('',(#11122),#11125);
#11122 = B_SPLINE_CURVE_WITH_KNOTS('',1,(#11123,#11124),.UNSPECIFIED.,
  .F.,.F.,(2,2),(159.87201336865,161.22600035998),
  .PIECEWISE_BEZIER_KNOTS.);
#11123 = CARTESIAN_POINT('',(698.01226924354,-1.156568626049E+03));
#11124 = CARTESIAN_POINT('',(697.73844750544,-1.157894636015E+03));
#11125 = ( GEOMETRIC_REPRESENTATION_CONTEXT(2) 
PARAMETRIC_REPRESENTATION_CONTEXT() REPRESENTATION_CONTEXT('2D SPACE',''
  ) );
#11126 = PCURVE('',#10022,#11127);
#11127 = DEFINITIONAL_REPRESENTATION('',(#11128),#11131);
#11128 = B_SPLINE_CURVE_WITH_KNOTS('',1,(#11129,#11130),.UNSPECIFIED.,
  .F.,.F.,(2,2),(159.87201336865,161.22600035998),
  .PIECEWISE_BEZIER_KNOTS.);
#11129 = CARTESIAN_POINT('',(-1.570796326795,5.747826179828E-15));
#11130 = CARTESIAN_POINT('',(-1.570796326795,0.273821738097));
#11131 = ( GEOMETRIC_REPRESENTATION_CONTEXT(2) 
PARAMETRIC_REPRESENTATION_CONTEXT() REPRESENTATION_CONTEXT('2D SPACE',''
  ) );
#11132 = ORIENTED_EDGE('',*,*,#11133,.T.);
#11133 = EDGE_CURVE('',#11113,#11134,#11136,.T.);
#11134 = VERTEX_POINT('',#11135);
#11135 = CARTESIAN_POINT('',(9.749710076402E-15,159.22484888197,
    -302.4725097946));
#11136 = SURFACE_CURVE('',#11137,(#11141,#11147),.PCURVE_S1.);
#11137 = LINE('',#11138,#11139);
#11138 = CARTESIAN_POINT('',(0.,0.,-277.22117968));
#11139 = VECTOR('',#11140,1.);
#11140 = DIRECTION('',(-0.,0.98765708511,-0.156631676973));
#11141 = PCURVE('',#8962,#11142);
#11142 = DEFINITIONAL_REPRESENTATION('',(#11143),#11146);
#11143 = B_SPLINE_CURVE_WITH_KNOTS('',1,(#11144,#11145),.UNSPECIFIED.,
  .F.,.F.,(2,2),(159.86787154687,161.21470830556),
  .PIECEWISE_BEZIER_KNOTS.);
#11144 = CARTESIAN_POINT('',(697.73844750544,-1.157894636015E+03));
#11145 = CARTESIAN_POINT('',(697.52749020532,-1.159224848882E+03));
#11146 = ( GEOMETRIC_REPRESENTATION_CONTEXT(2) 
PARAMETRIC_REPRESENTATION_CONTEXT() REPRESENTATION_CONTEXT('2D SPACE',''
  ) );
#11147 = PCURVE('',#9994,#11148);
#11148 = DEFINITIONAL_REPRESENTATION('',(#11149),#11152);
#11149 = B_SPLINE_CURVE_WITH_KNOTS('',1,(#11150,#11151),.UNSPECIFIED.,
  .F.,.F.,(2,2),(159.86787154687,161.21470830556),
  .PIECEWISE_BEZIER_KNOTS.);
#11150 = CARTESIAN_POINT('',(-1.570796326795,-8.903480021064E-15));
#11151 = CARTESIAN_POINT('',(-1.570796326795,0.210957300122));
#11152 = ( GEOMETRIC_REPRESENTATION_CONTEXT(2) 
PARAMETRIC_REPRESENTATION_CONTEXT() REPRESENTATION_CONTEXT('2D SPACE',''
  ) );
#11153 = ORIENTED_EDGE('',*,*,#11154,.T.);
#11154 = EDGE_CURVE('',#11134,#11155,#11157,.T.);
#11155 = VERTEX_POINT('',#11156);
#11156 = CARTESIAN_POINT('',(9.831418665839E-15,160.55925141329,
    -302.5876340477));
#11157 = SURFACE_CURVE('',#11158,(#11162,#11168),.PCURVE_S1.);
#11158 = LINE('',#11159,#11160);
#11159 = CARTESIAN_POINT('',(0.,0.,-288.735544104));
#11160 = VECTOR('',#11161,1.);
#11161 = DIRECTION('',(-0.,0.996299045332,-8.59547105834E-02));
#11162 = PCURVE('',#8962,#11163);
#11163 = DEFINITIONAL_REPRESENTATION('',(#11164),#11167);
#11164 = B_SPLINE_CURVE_WITH_KNOTS('',1,(#11165,#11166),.UNSPECIFIED.,
  .F.,.F.,(2,2),(159.8163218444,161.15568128429),
  .PIECEWISE_BEZIER_KNOTS.);
#11165 = CARTESIAN_POINT('',(697.52749020532,-1.159224848882E+03));
#11166 = CARTESIAN_POINT('',(697.41236595229,-1.160559251413E+03));
#11167 = ( GEOMETRIC_REPRESENTATION_CONTEXT(2) 
PARAMETRIC_REPRESENTATION_CONTEXT() REPRESENTATION_CONTEXT('2D SPACE',''
  ) );
#11168 = PCURVE('',#9966,#11169);
#11169 = DEFINITIONAL_REPRESENTATION('',(#11170),#11173);
#11170 = B_SPLINE_CURVE_WITH_KNOTS('',1,(#11171,#11172),.UNSPECIFIED.,
  .F.,.F.,(2,2),(159.8163218444,161.15568128429),
  .PIECEWISE_BEZIER_KNOTS.);
#11171 = CARTESIAN_POINT('',(-1.570796326795,0.));
#11172 = CARTESIAN_POINT('',(-1.570796326795,0.115124253023));
#11173 = ( GEOMETRIC_REPRESENTATION_CONTEXT(2) 
PARAMETRIC_REPRESENTATION_CONTEXT() REPRESENTATION_CONTEXT('2D SPACE',''
  ) );
#11174 = ORIENTED_EDGE('',*,*,#11175,.F.);
#11175 = EDGE_CURVE('',#11176,#11155,#11178,.T.);
#11176 = VERTEX_POINT('',#11177);
#11177 = CARTESIAN_POINT('',(1.019881270558E-14,166.55925141329,
    -302.5876340477));
#11178 = SURFACE_CURVE('',#11179,(#11183,#11189),.PCURVE_S1.);
#11179 = LINE('',#11180,#11181);
#11180 = CARTESIAN_POINT('',(0.,-500.,-302.5876340477));
#11181 = VECTOR('',#11182,1.);
#11182 = DIRECTION('',(0.,-1.,0.));
#11183 = PCURVE('',#8962,#11184);
#11184 = DEFINITIONAL_REPRESENTATION('',(#11185),#11188);
#11185 = B_SPLINE_CURVE_WITH_KNOTS('',1,(#11186,#11187),.UNSPECIFIED.,
  .F.,.F.,(2,2),(-666.5592514132,-500.),.PIECEWISE_BEZIER_KNOTS.);
#11186 = CARTESIAN_POINT('',(697.41236595229,-1.166559251413E+03));
#11187 = CARTESIAN_POINT('',(697.41236595229,-1.E+03));
#11188 = ( GEOMETRIC_REPRESENTATION_CONTEXT(2) 
PARAMETRIC_REPRESENTATION_CONTEXT() REPRESENTATION_CONTEXT('2D SPACE',''
  ) );
#11189 = PCURVE('',#9939,#11190);
#11190 = DEFINITIONAL_REPRESENTATION('',(#11191),#11194);
#11191 = B_SPLINE_CURVE_WITH_KNOTS('',1,(#11192,#11193),.UNSPECIFIED.,
  .F.,.F.,(2,2),(-666.5592514132,-500.),.PIECEWISE_BEZIER_KNOTS.);
#11192 = CARTESIAN_POINT('',(0.,166.55925141329));
#11193 = CARTESIAN_POINT('',(0.,0.));
#11194 = ( GEOMETRIC_REPRESENTATION_CONTEXT(2) 
PARAMETRIC_REPRESENTATION_CONTEXT() REPRESENTATION_CONTEXT('2D SPACE',''
  ) );
#11195 = ORIENTED_EDGE('',*,*,#11196,.F.);
#11196 = EDGE_CURVE('',#11197,#11176,#11199,.T.);
#11197 = VERTEX_POINT('',#11198);
#11198 = CARTESIAN_POINT('',(1.011710411615E-14,165.22484888197,
    -302.4725097946));
#11199 = SURFACE_CURVE('',#11200,(#11204,#11210),.PCURVE_S1.);
#11200 = LINE('',#11201,#11202);
#11201 = CARTESIAN_POINT('',(0.,0.,-288.2179000634));
#11202 = VECTOR('',#11203,1.);
#11203 = DIRECTION('',(-0.,0.996299045332,-8.59547105834E-02));
#11204 = PCURVE('',#8962,#11205);
#11205 = DEFINITIONAL_REPRESENTATION('',(#11206),#11209);
#11206 = B_SPLINE_CURVE_WITH_KNOTS('',1,(#11207,#11208),.UNSPECIFIED.,
  .F.,.F.,(2,2),(165.83861006008,167.17796949998),
  .PIECEWISE_BEZIER_KNOTS.);
#11207 = CARTESIAN_POINT('',(697.52749020532,-1.165224848882E+03));
#11208 = CARTESIAN_POINT('',(697.41236595229,-1.166559251413E+03));
#11209 = ( GEOMETRIC_REPRESENTATION_CONTEXT(2) 
PARAMETRIC_REPRESENTATION_CONTEXT() REPRESENTATION_CONTEXT('2D SPACE',''
  ) );
#11210 = PCURVE('',#9912,#11211);
#11211 = DEFINITIONAL_REPRESENTATION('',(#11212),#11215);
#11212 = B_SPLINE_CURVE_WITH_KNOTS('',1,(#11213,#11214),.UNSPECIFIED.,
  .F.,.F.,(2,2),(165.83861006008,167.17796949998),
  .PIECEWISE_BEZIER_KNOTS.);
#11213 = CARTESIAN_POINT('',(-1.570796326795,-0.115124253023));
#11214 = CARTESIAN_POINT('',(-1.570796326795,4.885959616752E-15));
#11215 = ( GEOMETRIC_REPRESENTATION_CONTEXT(2) 
PARAMETRIC_REPRESENTATION_CONTEXT() REPRESENTATION_CONTEXT('2D SPACE',''
  ) );
#11216 = ORIENTED_EDGE('',*,*,#11217,.F.);
#11217 = EDGE_CURVE('',#11218,#11197,#11220,.T.);
#11218 = VERTEX_POINT('',#11219);
#11219 = CARTESIAN_POINT('',(1.003565206965E-14,163.89463601477,
    -302.2615524945));
#11220 = SURFACE_CURVE('',#11221,(#11225,#11231),.PCURVE_S1.);
#11221 = LINE('',#11222,#11223);
#11222 = CARTESIAN_POINT('',(0.,0.,-276.2696449054));
#11223 = VECTOR('',#11224,1.);
#11224 = DIRECTION('',(-0.,0.98765708511,-0.156631676973));
#11225 = PCURVE('',#8962,#11226);
#11226 = DEFINITIONAL_REPRESENTATION('',(#11227),#11230);
#11227 = B_SPLINE_CURVE_WITH_KNOTS('',1,(#11228,#11229),.UNSPECIFIED.,
  .F.,.F.,(2,2),(165.94285454497,167.28969130366),
  .PIECEWISE_BEZIER_KNOTS.);
#11228 = CARTESIAN_POINT('',(697.73844750544,-1.163894636015E+03));
#11229 = CARTESIAN_POINT('',(697.52749020532,-1.165224848882E+03));
#11230 = ( GEOMETRIC_REPRESENTATION_CONTEXT(2) 
PARAMETRIC_REPRESENTATION_CONTEXT() REPRESENTATION_CONTEXT('2D SPACE',''
  ) );
#11231 = PCURVE('',#9884,#11232);
#11232 = DEFINITIONAL_REPRESENTATION('',(#11233),#11236);
#11233 = B_SPLINE_CURVE_WITH_KNOTS('',1,(#11234,#11235),.UNSPECIFIED.,
  .F.,.F.,(2,2),(165.94285454497,167.28969130366),
  .PIECEWISE_BEZIER_KNOTS.);
#11234 = CARTESIAN_POINT('',(-1.570796326795,-0.210957300122));
#11235 = CARTESIAN_POINT('',(-1.570796326795,0.));
#11236 = ( GEOMETRIC_REPRESENTATION_CONTEXT(2) 
PARAMETRIC_REPRESENTATION_CONTEXT() REPRESENTATION_CONTEXT('2D SPACE',''
  ) );
#11237 = ORIENTED_EDGE('',*,*,#11238,.F.);
#11238 = EDGE_CURVE('',#11239,#11218,#11241,.T.);
#11239 = VERTEX_POINT('',#11240);
#11240 = CARTESIAN_POINT('',(9.954457376655E-15,162.56862604933,
    -301.9877307564));
#11241 = SURFACE_CURVE('',#11242,(#11246,#11252),.PCURVE_S1.);
#11242 = LINE('',#11243,#11244);
#11243 = CARTESIAN_POINT('',(0.,0.,-268.4172260806));
#11244 = VECTOR('',#11245,1.);
#11245 = DIRECTION('',(-0.,0.979337300821,-0.202233655013));
#11246 = PCURVE('',#8962,#11247);
#11247 = DEFINITIONAL_REPRESENTATION('',(#11248),#11251);
#11248 = B_SPLINE_CURVE_WITH_KNOTS('',1,(#11249,#11250),.UNSPECIFIED.,
  .F.,.F.,(2,2),(165.9986052946,167.35259228594),
  .PIECEWISE_BEZIER_KNOTS.);
#11249 = CARTESIAN_POINT('',(698.01226924354,-1.162568626049E+03));
#11250 = CARTESIAN_POINT('',(697.73844750544,-1.163894636015E+03));
#11251 = ( GEOMETRIC_REPRESENTATION_CONTEXT(2) 
PARAMETRIC_REPRESENTATION_CONTEXT() REPRESENTATION_CONTEXT('2D SPACE',''
  ) );
#11252 = PCURVE('',#9856,#11253);
#11253 = DEFINITIONAL_REPRESENTATION('',(#11254),#11257);
#11254 = B_SPLINE_CURVE_WITH_KNOTS('',1,(#11255,#11256),.UNSPECIFIED.,
  .F.,.F.,(2,2),(165.9986052946,167.35259228594),
  .PIECEWISE_BEZIER_KNOTS.);
#11255 = CARTESIAN_POINT('',(-1.570796326795,-0.273821738097));
#11256 = CARTESIAN_POINT('',(-1.570796326795,1.149565235966E-14));
#11257 = ( GEOMETRIC_REPRESENTATION_CONTEXT(2) 
PARAMETRIC_REPRESENTATION_CONTEXT() REPRESENTATION_CONTEXT('2D SPACE',''
  ) );
#11258 = ORIENTED_EDGE('',*,*,#11259,.F.);
#11259 = EDGE_CURVE('',#11260,#11239,#11262,.T.);
#11260 = VERTEX_POINT('',#11261);
#11261 = CARTESIAN_POINT('',(9.873520855479E-15,161.24683234959,
    -301.662699035));
#11262 = SURFACE_CURVE('',#11263,(#11267,#11273),.PCURVE_S1.);
#11263 = LINE('',#11264,#11265);
#11264 = CARTESIAN_POINT('',(0.,0.,-262.0117796094));
#11265 = VECTOR('',#11266,1.);
#11266 = DIRECTION('',(-0.,0.971071610697,-0.238788456376));
#11267 = PCURVE('',#8962,#11268);
#11268 = DEFINITIONAL_REPRESENTATION('',(#11269),#11272);
#11269 = B_SPLINE_CURVE_WITH_KNOTS('',1,(#11270,#11271),.UNSPECIFIED.,
  .F.,.F.,(2,2),(166.05040305304,167.41157321308),
  .PIECEWISE_BEZIER_KNOTS.);
#11270 = CARTESIAN_POINT('',(698.33730096492,-1.16124683235E+03));
#11271 = CARTESIAN_POINT('',(698.01226924354,-1.162568626049E+03));
#11272 = ( GEOMETRIC_REPRESENTATION_CONTEXT(2) 
PARAMETRIC_REPRESENTATION_CONTEXT() REPRESENTATION_CONTEXT('2D SPACE',''
  ) );
#11273 = PCURVE('',#9828,#11274);
#11274 = DEFINITIONAL_REPRESENTATION('',(#11275),#11278);
#11275 = B_SPLINE_CURVE_WITH_KNOTS('',1,(#11276,#11277),.UNSPECIFIED.,
  .F.,.F.,(2,2),(166.05040305304,167.41157321308),
  .PIECEWISE_BEZIER_KNOTS.);
#11276 = CARTESIAN_POINT('',(-1.570796326795,-0.325031721382));
#11277 = CARTESIAN_POINT('',(-1.570796326795,-6.786776122458E-15));
#11278 = ( GEOMETRIC_REPRESENTATION_CONTEXT(2) 
PARAMETRIC_REPRESENTATION_CONTEXT() REPRESENTATION_CONTEXT('2D SPACE',''
  ) );
#11279 = ORIENTED_EDGE('',*,*,#11280,.F.);
#11280 = EDGE_CURVE('',#11281,#11260,#11283,.T.);
#11281 = VERTEX_POINT('',#11282);
#11282 = CARTESIAN_POINT('',(9.792843332277E-15,159.92926840776,
    -301.2931345499));
#11283 = SURFACE_CURVE('',#11284,(#11288,#11294),.PCURVE_S1.);
#11284 = LINE('',#11285,#11286);
#11285 = CARTESIAN_POINT('',(0.,0.,-256.4344556969));
#11286 = VECTOR('',#11287,1.);
#11287 = DIRECTION('',(-0.,0.962841237045,-0.270068051139));
#11288 = PCURVE('',#8962,#11289);
#11289 = DEFINITIONAL_REPRESENTATION('',(#11290),#11293);
#11290 = B_SPLINE_CURVE_WITH_KNOTS('',1,(#11291,#11292),.UNSPECIFIED.,
  .F.,.F.,(2,2),(166.10139060789,167.46980306379),
  .PIECEWISE_BEZIER_KNOTS.);
#11291 = CARTESIAN_POINT('',(698.70686545004,-1.159929268408E+03));
#11292 = CARTESIAN_POINT('',(698.33730096492,-1.16124683235E+03));
#11293 = ( GEOMETRIC_REPRESENTATION_CONTEXT(2) 
PARAMETRIC_REPRESENTATION_CONTEXT() REPRESENTATION_CONTEXT('2D SPACE',''
  ) );
#11294 = PCURVE('',#9800,#11295);
#11295 = DEFINITIONAL_REPRESENTATION('',(#11296),#11299);
#11296 = B_SPLINE_CURVE_WITH_KNOTS('',1,(#11297,#11298),.UNSPECIFIED.,
  .F.,.F.,(2,2),(166.10139060789,167.46980306379),
  .PIECEWISE_BEZIER_KNOTS.);
#11297 = CARTESIAN_POINT('',(-1.570796326795,-0.36956448512));
#11298 = CARTESIAN_POINT('',(-1.570796326795,0.));
#11299 = ( GEOMETRIC_REPRESENTATION_CONTEXT(2) 
PARAMETRIC_REPRESENTATION_CONTEXT() REPRESENTATION_CONTEXT('2D SPACE',''
  ) );
#11300 = ORIENTED_EDGE('',*,*,#11301,.F.);
#11301 = EDGE_CURVE('',#11302,#11281,#11304,.T.);
#11302 = VERTEX_POINT('',#11303);
#11303 = CARTESIAN_POINT('',(9.712425641193E-15,158.61594784643,
    -300.883502125));
#11304 = SURFACE_CURVE('',#11305,(#11309,#11315),.PCURVE_S1.);
#11305 = LINE('',#11306,#11307);
#11306 = CARTESIAN_POINT('',(0.,0.,-251.4102529749));
#11307 = VECTOR('',#11308,1.);
#11308 = DIRECTION('',(-0.,0.954641306456,-0.297758250949));
#11309 = PCURVE('',#8962,#11310);
#11310 = DEFINITIONAL_REPRESENTATION('',(#11311),#11314);
#11311 = B_SPLINE_CURVE_WITH_KNOTS('',1,(#11312,#11313),.UNSPECIFIED.,
  .F.,.F.,(2,2),(166.15240381256,167.5281253034),
  .PIECEWISE_BEZIER_KNOTS.);
#11312 = CARTESIAN_POINT('',(699.11649787494,-1.158615947846E+03));
#11313 = CARTESIAN_POINT('',(698.70686545004,-1.159929268408E+03));
#11314 = ( GEOMETRIC_REPRESENTATION_CONTEXT(2) 
PARAMETRIC_REPRESENTATION_CONTEXT() REPRESENTATION_CONTEXT('2D SPACE',''
  ) );
#11315 = PCURVE('',#9772,#11316);
#11316 = DEFINITIONAL_REPRESENTATION('',(#11317),#11320);
#11317 = B_SPLINE_CURVE_WITH_KNOTS('',1,(#11318,#11319),.UNSPECIFIED.,
  .F.,.F.,(2,2),(166.15240381256,167.5281253034),
  .PIECEWISE_BEZIER_KNOTS.);
#11318 = CARTESIAN_POINT('',(-1.570796326795,-0.409632424903));
#11319 = CARTESIAN_POINT('',(-1.570796326795,1.692559697794E-14));
#11320 = ( GEOMETRIC_REPRESENTATION_CONTEXT(2) 
PARAMETRIC_REPRESENTATION_CONTEXT() REPRESENTATION_CONTEXT('2D SPACE',''
  ) );
#11321 = ORIENTED_EDGE('',*,*,#11322,.F.);
#11322 = EDGE_CURVE('',#11323,#11302,#11325,.T.);
#11323 = VERTEX_POINT('',#11324);
#11324 = CARTESIAN_POINT('',(9.63226862448E-15,157.30688442066,
    -300.4370486378));
#11325 = SURFACE_CURVE('',#11326,(#11330,#11336),.PCURVE_S1.);
#11326 = LINE('',#11327,#11328);
#11327 = CARTESIAN_POINT('',(0.,0.,-246.7878474356));
#11328 = VECTOR('',#11329,1.);
#11329 = DIRECTION('',(-0.,0.946470021743,-0.322791725329));
#11330 = PCURVE('',#8962,#11331);
#11331 = DEFINITIONAL_REPRESENTATION('',(#11332),#11335);
#11332 = B_SPLINE_CURVE_WITH_KNOTS('',1,(#11333,#11334),.UNSPECIFIED.,
  .F.,.F.,(2,2),(166.20376853659,167.58686931706),
  .PIECEWISE_BEZIER_KNOTS.);
#11333 = CARTESIAN_POINT('',(699.56295136217,-1.157306884421E+03));
#11334 = CARTESIAN_POINT('',(699.11649787494,-1.158615947846E+03));
#11335 = ( GEOMETRIC_REPRESENTATION_CONTEXT(2) 
PARAMETRIC_REPRESENTATION_CONTEXT() REPRESENTATION_CONTEXT('2D SPACE',''
  ) );
#11336 = PCURVE('',#9744,#11337);
#11337 = DEFINITIONAL_REPRESENTATION('',(#11338),#11341);
#11338 = B_SPLINE_CURVE_WITH_KNOTS('',1,(#11339,#11340),.UNSPECIFIED.,
  .F.,.F.,(2,2),(166.20376853659,167.58686931706),
  .PIECEWISE_BEZIER_KNOTS.);
#11339 = CARTESIAN_POINT('',(-1.570796326795,-0.446453487233));
#11340 = CARTESIAN_POINT('',(-1.570796326795,0.));
#11341 = ( GEOMETRIC_REPRESENTATION_CONTEXT(2) 
PARAMETRIC_REPRESENTATION_CONTEXT() REPRESENTATION_CONTEXT('2D SPACE',''
  ) );
#11342 = ORIENTED_EDGE('',*,*,#11343,.F.);
#11343 = EDGE_CURVE('',#11344,#11323,#11346,.T.);
#11344 = VERTEX_POINT('',#11345);
#11345 = CARTESIAN_POINT('',(9.552373132639E-15,156.00209202015,
    -299.9562648333));
#11346 = SURFACE_CURVE('',#11347,(#11351,#11357),.PCURVE_S1.);
#11347 = LINE('',#11348,#11349);
#11348 = CARTESIAN_POINT('',(0.,0.,-242.4733431994));
#11349 = VECTOR('',#11350,1.);
#11350 = DIRECTION('',(-0.,0.938326595957,-0.345750197859));
#11351 = PCURVE('',#8962,#11352);
#11352 = DEFINITIONAL_REPRESENTATION('',(#11353),#11356);
#11353 = B_SPLINE_CURVE_WITH_KNOTS('',1,(#11354,#11355),.UNSPECIFIED.,
  .F.,.F.,(2,2),(166.25564349589,167.64619600301),
  .PIECEWISE_BEZIER_KNOTS.);
#11354 = CARTESIAN_POINT('',(700.04373516665,-1.15600209202E+03));
#11355 = CARTESIAN_POINT('',(699.56295136217,-1.157306884421E+03));
#11356 = ( GEOMETRIC_REPRESENTATION_CONTEXT(2) 
PARAMETRIC_REPRESENTATION_CONTEXT() REPRESENTATION_CONTEXT('2D SPACE',''
  ) );
#11357 = PCURVE('',#9716,#11358);
#11358 = DEFINITIONAL_REPRESENTATION('',(#11359),#11362);
#11359 = B_SPLINE_CURVE_WITH_KNOTS('',1,(#11360,#11361),.UNSPECIFIED.,
  .F.,.F.,(2,2),(166.25564349589,167.64619600301),
  .PIECEWISE_BEZIER_KNOTS.);
#11360 = CARTESIAN_POINT('',(-1.570796326795,-0.480783804472));
#11361 = CARTESIAN_POINT('',(-1.570796326795,0.));
#11362 = ( GEOMETRIC_REPRESENTATION_CONTEXT(2) 
PARAMETRIC_REPRESENTATION_CONTEXT() REPRESENTATION_CONTEXT('2D SPACE',''
  ) );
#11363 = ORIENTED_EDGE('',*,*,#11364,.F.);
#11364 = EDGE_CURVE('',#11365,#11344,#11367,.T.);
#11365 = VERTEX_POINT('',#11366);
#11366 = CARTESIAN_POINT('',(9.472740024545E-15,154.70158467144,
    -299.4431336418));
#11367 = SURFACE_CURVE('',#11368,(#11372,#11378),.PCURVE_S1.);
#11368 = LINE('',#11369,#11370);
#11369 = CARTESIAN_POINT('',(0.,0.,-238.4037181061));
#11370 = VECTOR('',#11371,1.);
#11371 = DIRECTION('',(-0.,0.930210655452,-0.367026070576));
#11372 = PCURVE('',#8962,#11373);
#11373 = DEFINITIONAL_REPRESENTATION('',(#11374),#11377);
#11374 = B_SPLINE_CURVE_WITH_KNOTS('',1,(#11375,#11376),.UNSPECIFIED.,
  .F.,.F.,(2,2),(166.30811931111,167.70619762927),
  .PIECEWISE_BEZIER_KNOTS.);
#11375 = CARTESIAN_POINT('',(700.55686635812,-1.154701584671E+03));
#11376 = CARTESIAN_POINT('',(700.04373516665,-1.15600209202E+03));
#11377 = ( GEOMETRIC_REPRESENTATION_CONTEXT(2) 
PARAMETRIC_REPRESENTATION_CONTEXT() REPRESENTATION_CONTEXT('2D SPACE',''
  ) );
#11378 = PCURVE('',#9688,#11379);
#11379 = DEFINITIONAL_REPRESENTATION('',(#11380),#11383);
#11380 = B_SPLINE_CURVE_WITH_KNOTS('',1,(#11381,#11382),.UNSPECIFIED.,
  .F.,.F.,(2,2),(166.30811931111,167.70619762927),
  .PIECEWISE_BEZIER_KNOTS.);
#11381 = CARTESIAN_POINT('',(-1.570796326795,-0.513131191472));
#11382 = CARTESIAN_POINT('',(-1.570796326795,0.));
#11383 = ( GEOMETRIC_REPRESENTATION_CONTEXT(2) 
PARAMETRIC_REPRESENTATION_CONTEXT() REPRESENTATION_CONTEXT('2D SPACE',''
  ) );
#11384 = ORIENTED_EDGE('',*,*,#11385,.F.);
#11385 = EDGE_CURVE('',#11386,#11365,#11388,.T.);
#11386 = VERTEX_POINT('',#11387);
#11387 = CARTESIAN_POINT('',(9.393370167597E-15,153.40537654019,
    -298.8992773483));
#11388 = SURFACE_CURVE('',#11389,(#11393,#11399),.PCURVE_S1.);
#11389 = LINE('',#11390,#11391);
#11390 = CARTESIAN_POINT('',(0.,0.,-234.5342440837));
#11391 = VECTOR('',#11392,1.);
#11392 = DIRECTION('',(-0.,0.922122021955,-0.386899181475));
#11393 = PCURVE('',#8962,#11394);
#11394 = DEFINITIONAL_REPRESENTATION('',(#11395),#11398);
#11395 = B_SPLINE_CURVE_WITH_KNOTS('',1,(#11396,#11397),.UNSPECIFIED.,
  .F.,.F.,(2,2),(166.36125467969,167.76693429735),
  .PIECEWISE_BEZIER_KNOTS.);
#11396 = CARTESIAN_POINT('',(701.1007226516,-1.15340537654E+03));
#11397 = CARTESIAN_POINT('',(700.55686635812,-1.154701584671E+03));
#11398 = ( GEOMETRIC_REPRESENTATION_CONTEXT(2) 
PARAMETRIC_REPRESENTATION_CONTEXT() REPRESENTATION_CONTEXT('2D SPACE',''
  ) );
#11399 = PCURVE('',#9660,#11400);
#11400 = DEFINITIONAL_REPRESENTATION('',(#11401),#11404);
#11401 = B_SPLINE_CURVE_WITH_KNOTS('',1,(#11402,#11403),.UNSPECIFIED.,
  .F.,.F.,(2,2),(166.36125467969,167.76693429735),
  .PIECEWISE_BEZIER_KNOTS.);
#11402 = CARTESIAN_POINT('',(-1.570796326795,-0.543856293486));
#11403 = CARTESIAN_POINT('',(-1.570796326795,0.));
#11404 = ( GEOMETRIC_REPRESENTATION_CONTEXT(2) 
PARAMETRIC_REPRESENTATION_CONTEXT() REPRESENTATION_CONTEXT('2D SPACE',''
  ) );
#11405 = ORIENTED_EDGE('',*,*,#11406,.F.);
#11406 = EDGE_CURVE('',#11407,#11386,#11409,.T.);
#11407 = VERTEX_POINT('',#11408);
#11408 = CARTESIAN_POINT('',(9.314264437849E-15,152.11348193347,
    -298.3260511387));
#11409 = SURFACE_CURVE('',#11410,(#11414,#11420),.PCURVE_S1.);
#11410 = LINE('',#11411,#11412);
#11411 = CARTESIAN_POINT('',(0.,0.,-230.8318188415));
#11412 = VECTOR('',#11413,1.);
#11413 = DIRECTION('',(-0.,0.914060619664,-0.405577592552));
#11414 = PCURVE('',#8962,#11415);
#11415 = DEFINITIONAL_REPRESENTATION('',(#11416),#11419);
#11416 = B_SPLINE_CURVE_WITH_KNOTS('',1,(#11417,#11418),.UNSPECIFIED.,
  .F.,.F.,(2,2),(166.41509180152,167.82844949239),
  .PIECEWISE_BEZIER_KNOTS.);
#11417 = CARTESIAN_POINT('',(701.67394886128,-1.152113481933E+03));
#11418 = CARTESIAN_POINT('',(701.1007226516,-1.15340537654E+03));
#11419 = ( GEOMETRIC_REPRESENTATION_CONTEXT(2) 
PARAMETRIC_REPRESENTATION_CONTEXT() REPRESENTATION_CONTEXT('2D SPACE',''
  ) );
#11420 = PCURVE('',#9632,#11421);
#11421 = DEFINITIONAL_REPRESENTATION('',(#11422),#11425);
#11422 = B_SPLINE_CURVE_WITH_KNOTS('',1,(#11423,#11424),.UNSPECIFIED.,
  .F.,.F.,(2,2),(166.41509180152,167.82844949239),
  .PIECEWISE_BEZIER_KNOTS.);
#11423 = CARTESIAN_POINT('',(-1.570796326795,-0.573226209676));
#11424 = CARTESIAN_POINT('',(-1.570796326795,-1.1527208487E-14));
#11425 = ( GEOMETRIC_REPRESENTATION_CONTEXT(2) 
PARAMETRIC_REPRESENTATION_CONTEXT() REPRESENTATION_CONTEXT('2D SPACE',''
  ) );
#11426 = ORIENTED_EDGE('',*,*,#11427,.F.);
#11427 = EDGE_CURVE('',#11428,#11407,#11430,.T.);
#11428 = VERTEX_POINT('',#11429);
#11429 = CARTESIAN_POINT('',(9.235423720163E-15,150.82591530215,
    -297.7246057968));
#11430 = SURFACE_CURVE('',#11431,(#11435,#11441),.PCURVE_S1.);
#11431 = LINE('',#11432,#11433);
#11432 = CARTESIAN_POINT('',(0.,0.,-227.2711302412));
#11433 = VECTOR('',#11434,1.);
#11434 = DIRECTION('',(-0.,0.906026430982,-0.423221108124));
#11435 = PCURVE('',#8962,#11436);
#11436 = DEFINITIONAL_REPRESENTATION('',(#11437),#11440);
#11437 = B_SPLINE_CURVE_WITH_KNOTS('',1,(#11438,#11439),.UNSPECIFIED.,
  .F.,.F.,(2,2),(166.46966373669,167.89077750036),
  .PIECEWISE_BEZIER_KNOTS.);
#11438 = CARTESIAN_POINT('',(702.27539420311,-1.150825915302E+03));
#11439 = CARTESIAN_POINT('',(701.67394886128,-1.152113481933E+03));
#11440 = ( GEOMETRIC_REPRESENTATION_CONTEXT(2) 
PARAMETRIC_REPRESENTATION_CONTEXT() REPRESENTATION_CONTEXT('2D SPACE',''
  ) );
#11441 = PCURVE('',#9604,#11442);
#11442 = DEFINITIONAL_REPRESENTATION('',(#11443),#11446);
#11443 = B_SPLINE_CURVE_WITH_KNOTS('',1,(#11444,#11445),.UNSPECIFIED.,
  .F.,.F.,(2,2),(166.46966373669,167.89077750036),
  .PIECEWISE_BEZIER_KNOTS.);
#11444 = CARTESIAN_POINT('',(-1.570796326795,-0.60144534183));
#11445 = CARTESIAN_POINT('',(-1.570796326795,0.));
#11446 = ( GEOMETRIC_REPRESENTATION_CONTEXT(2) 
PARAMETRIC_REPRESENTATION_CONTEXT() REPRESENTATION_CONTEXT('2D SPACE',''
  ) );
#11447 = ORIENTED_EDGE('',*,*,#11448,.F.);
#11448 = EDGE_CURVE('',#11449,#11428,#11451,.T.);
#11449 = VERTEX_POINT('',#11450);
#11450 = CARTESIAN_POINT('',(9.156848908352E-15,149.54269124333,
    -297.0959315129));
#11451 = SURFACE_CURVE('',#11452,(#11456,#11462),.PCURVE_S1.);
#11452 = LINE('',#11453,#11454);
#11453 = CARTESIAN_POINT('',(0.,0.,-223.8323079982));
#11454 = VECTOR('',#11455,1.);
#11455 = DIRECTION('',(-0.,0.898019473561,-0.439955708118));
#11456 = PCURVE('',#8962,#11457);
#11457 = DEFINITIONAL_REPRESENTATION('',(#11458),#11461);
#11458 = B_SPLINE_CURVE_WITH_KNOTS('',1,(#11459,#11460),.UNSPECIFIED.,
  .F.,.F.,(2,2),(166.5249982279,167.95394726141),
  .PIECEWISE_BEZIER_KNOTS.);
#11459 = CARTESIAN_POINT('',(702.90406848701,-1.149542691243E+03));
#11460 = CARTESIAN_POINT('',(702.27539420311,-1.150825915302E+03));
#11461 = ( GEOMETRIC_REPRESENTATION_CONTEXT(2) 
PARAMETRIC_REPRESENTATION_CONTEXT() REPRESENTATION_CONTEXT('2D SPACE',''
  ) );
#11462 = PCURVE('',#9576,#11463);
#11463 = DEFINITIONAL_REPRESENTATION('',(#11464),#11467);
#11464 = B_SPLINE_CURVE_WITH_KNOTS('',1,(#11465,#11466),.UNSPECIFIED.,
  .F.,.F.,(2,2),(166.5249982279,167.95394726141),
  .PIECEWISE_BEZIER_KNOTS.);
#11465 = CARTESIAN_POINT('',(-1.570796326795,-0.628674283904));
#11466 = CARTESIAN_POINT('',(-1.570796326795,2.500858659675E-14));
#11467 = ( GEOMETRIC_REPRESENTATION_CONTEXT(2) 
PARAMETRIC_REPRESENTATION_CONTEXT() REPRESENTATION_CONTEXT('2D SPACE',''
  ) );
#11468 = ORIENTED_EDGE('',*,*,#11469,.F.);
#11469 = EDGE_CURVE('',#11470,#11449,#11472,.T.);
#11470 = VERTEX_POINT('',#11471);
#11471 = CARTESIAN_POINT('',(9.078540905335E-15,148.26382450279,
    -296.4408895388));
#11472 = SURFACE_CURVE('',#11473,(#11477,#11483),.PCURVE_S1.);
#11473 = LINE('',#11474,#11475);
#11474 = CARTESIAN_POINT('',(0.,0.,-220.4994132154));
#11475 = VECTOR('',#11476,1.);
#11476 = DIRECTION('',(-0.,0.89003978757,-0.455882853968));
#11477 = PCURVE('',#8962,#11478);
#11478 = DEFINITIONAL_REPRESENTATION('',(#11479),#11482);
#11479 = B_SPLINE_CURVE_WITH_KNOTS('',1,(#11480,#11481),.UNSPECIFIED.,
  .F.,.F.,(2,2),(166.58111982565,168.01798451237),
  .PIECEWISE_BEZIER_KNOTS.);
#11480 = CARTESIAN_POINT('',(703.55911046116,-1.148263824503E+03));
#11481 = CARTESIAN_POINT('',(702.90406848701,-1.149542691243E+03));
#11482 = ( GEOMETRIC_REPRESENTATION_CONTEXT(2) 
PARAMETRIC_REPRESENTATION_CONTEXT() REPRESENTATION_CONTEXT('2D SPACE',''
  ) );
#11483 = PCURVE('',#9548,#11484);
#11484 = DEFINITIONAL_REPRESENTATION('',(#11485),#11488);
#11485 = B_SPLINE_CURVE_WITH_KNOTS('',1,(#11486,#11487),.UNSPECIFIED.,
  .F.,.F.,(2,2),(166.58111982565,168.01798451237),
  .PIECEWISE_BEZIER_KNOTS.);
#11486 = CARTESIAN_POINT('',(-1.570796326795,-0.65504197415));
#11487 = CARTESIAN_POINT('',(-1.570796326795,-1.295697000979E-14));
#11488 = ( GEOMETRIC_REPRESENTATION_CONTEXT(2) 
PARAMETRIC_REPRESENTATION_CONTEXT() REPRESENTATION_CONTEXT('2D SPACE',''
  ) );
#11489 = ORIENTED_EDGE('',*,*,#11490,.F.);
#11490 = EDGE_CURVE('',#11491,#11470,#11493,.T.);
#11491 = VERTEX_POINT('',#11492);
#11492 = CARTESIAN_POINT('',(9.000500623292E-15,146.98932997757,
    -295.7602357058));
#11493 = SURFACE_CURVE('',#11494,(#11498,#11504),.PCURVE_S1.);
#11494 = LINE('',#11495,#11496);
#11495 = CARTESIAN_POINT('',(0.,0.,-217.2594270498));
#11496 = VECTOR('',#11497,1.);
#11497 = DIRECTION('',(-0.,0.882087428257,-0.471085734141));
#11498 = PCURVE('',#8962,#11499);
#11499 = DEFINITIONAL_REPRESENTATION('',(#11500),#11503);
#11500 = B_SPLINE_CURVE_WITH_KNOTS('',1,(#11501,#11502),.UNSPECIFIED.,
  .F.,.F.,(2,2),(166.63805113748,168.08291304618),
  .PIECEWISE_BEZIER_KNOTS.);
#11501 = CARTESIAN_POINT('',(704.23976429415,-1.146989329978E+03));
#11502 = CARTESIAN_POINT('',(703.55911046116,-1.148263824503E+03));
#11503 = ( GEOMETRIC_REPRESENTATION_CONTEXT(2) 
PARAMETRIC_REPRESENTATION_CONTEXT() REPRESENTATION_CONTEXT('2D SPACE',''
  ) );
#11504 = PCURVE('',#9520,#11505);
#11505 = DEFINITIONAL_REPRESENTATION('',(#11506),#11509);
#11506 = B_SPLINE_CURVE_WITH_KNOTS('',1,(#11507,#11508),.UNSPECIFIED.,
  .F.,.F.,(2,2),(166.63805113748,168.08291304618),
  .PIECEWISE_BEZIER_KNOTS.);
#11507 = CARTESIAN_POINT('',(-1.570796326795,-0.680653832989));
#11508 = CARTESIAN_POINT('',(-1.570796326795,-1.338906185257E-14));
#11509 = ( GEOMETRIC_REPRESENTATION_CONTEXT(2) 
PARAMETRIC_REPRESENTATION_CONTEXT() REPRESENTATION_CONTEXT('2D SPACE',''
  ) );
#11510 = ORIENTED_EDGE('',*,*,#11511,.F.);
#11511 = EDGE_CURVE('',#11512,#11491,#11514,.T.);
#11512 = VERTEX_POINT('',#11513);
#11513 = CARTESIAN_POINT('',(8.922728983825E-15,145.71922271853,
    -295.0546383086));
#11514 = SURFACE_CURVE('',#11515,(#11519,#11525),.PCURVE_S1.);
#11515 = LINE('',#11516,#11517);
#11516 = CARTESIAN_POINT('',(0.,0.,-214.1015506505));
#11517 = VECTOR('',#11518,1.);
#11518 = DIRECTION('',(-0.,0.874162461392,-0.485633597574));
#11519 = PCURVE('',#8962,#11520);
#11520 = DEFINITIONAL_REPRESENTATION('',(#11521),#11524);
#11521 = B_SPLINE_CURVE_WITH_KNOTS('',1,(#11522,#11523),.UNSPECIFIED.,
  .F.,.F.,(2,2),(166.69581359791,168.14875548815),
  .PIECEWISE_BEZIER_KNOTS.);
#11522 = CARTESIAN_POINT('',(704.94536169138,-1.145719222719E+03));
#11523 = CARTESIAN_POINT('',(704.23976429415,-1.146989329978E+03));
#11524 = ( GEOMETRIC_REPRESENTATION_CONTEXT(2) 
PARAMETRIC_REPRESENTATION_CONTEXT() REPRESENTATION_CONTEXT('2D SPACE',''
  ) );
#11525 = PCURVE('',#9492,#11526);
#11526 = DEFINITIONAL_REPRESENTATION('',(#11527),#11530);
#11527 = B_SPLINE_CURVE_WITH_KNOTS('',1,(#11528,#11529),.UNSPECIFIED.,
  .F.,.F.,(2,2),(166.69581359791,168.14875548815),
  .PIECEWISE_BEZIER_KNOTS.);
#11528 = CARTESIAN_POINT('',(-1.570796326795,-0.705597397223));
#11529 = CARTESIAN_POINT('',(-1.570796326795,2.760507399978E-14));
#11530 = ( GEOMETRIC_REPRESENTATION_CONTEXT(2) 
PARAMETRIC_REPRESENTATION_CONTEXT() REPRESENTATION_CONTEXT('2D SPACE',''
  ) );
#11531 = ORIENTED_EDGE('',*,*,#11532,.F.);
#11532 = EDGE_CURVE('',#11533,#11512,#11535,.T.);
#11533 = VERTEX_POINT('',#11534);
#11534 = CARTESIAN_POINT('',(8.845226918117E-15,144.45351793308,
    -294.3246919765));
#11535 = SURFACE_CURVE('',#11536,(#11540,#11546),.PCURVE_S1.);
#11536 = LINE('',#11537,#11538);
#11537 = CARTESIAN_POINT('',(0.,0.,-211.0167067536));
#11538 = VECTOR('',#11539,1.);
#11539 = DIRECTION('',(-0.,0.866264960385,-0.499584846056));
#11540 = PCURVE('',#8962,#11541);
#11541 = DEFINITIONAL_REPRESENTATION('',(#11542),#11545);
#11542 = B_SPLINE_CURVE_WITH_KNOTS('',1,(#11543,#11544),.UNSPECIFIED.,
  .F.,.F.,(2,2),(166.75442796264,168.21553379438),
  .PIECEWISE_BEZIER_KNOTS.);
#11543 = CARTESIAN_POINT('',(705.6753080234,-1.144453517933E+03));
#11544 = CARTESIAN_POINT('',(704.94536169138,-1.145719222719E+03));
#11545 = ( GEOMETRIC_REPRESENTATION_CONTEXT(2) 
PARAMETRIC_REPRESENTATION_CONTEXT() REPRESENTATION_CONTEXT('2D SPACE',''
  ) );
#11546 = PCURVE('',#9464,#11547);
#11547 = DEFINITIONAL_REPRESENTATION('',(#11548),#11551);
#11548 = B_SPLINE_CURVE_WITH_KNOTS('',1,(#11549,#11550),.UNSPECIFIED.,
  .F.,.F.,(2,2),(166.75442796264,168.21553379438),
  .PIECEWISE_BEZIER_KNOTS.);
#11549 = CARTESIAN_POINT('',(-1.570796326795,-0.729946332022));
#11550 = CARTESIAN_POINT('',(-1.570796326795,0.));
#11551 = ( GEOMETRIC_REPRESENTATION_CONTEXT(2) 
PARAMETRIC_REPRESENTATION_CONTEXT() REPRESENTATION_CONTEXT('2D SPACE',''
  ) );
#11552 = ORIENTED_EDGE('',*,*,#11553,.F.);
#11553 = EDGE_CURVE('',#11554,#11533,#11556,.T.);
#11554 = VERTEX_POINT('',#11555);
#11555 = CARTESIAN_POINT('',(8.767995367102E-15,143.19223098785,
    -293.5709286192));
#11556 = SURFACE_CURVE('',#11557,(#11561,#11567),.PCURVE_S1.);
#11557 = LINE('',#11558,#11559);
#11558 = CARTESIAN_POINT('',(0.,0.,-207.9971762089));
#11559 = VECTOR('',#11560,1.);
#11560 = DIRECTION('',(-0.,0.858395004389,-0.512989294664));
#11561 = PCURVE('',#8962,#11562);
#11562 = DEFINITIONAL_REPRESENTATION('',(#11563),#11566);
#11563 = B_SPLINE_CURVE_WITH_KNOTS('',1,(#11564,#11565),.UNSPECIFIED.,
  .F.,.F.,(2,2),(166.81391463802,168.28326958392),
  .PIECEWISE_BEZIER_KNOTS.);
#11564 = CARTESIAN_POINT('',(706.42907138071,-1.143192230988E+03));
#11565 = CARTESIAN_POINT('',(705.6753080234,-1.144453517933E+03));
#11566 = ( GEOMETRIC_REPRESENTATION_CONTEXT(2) 
PARAMETRIC_REPRESENTATION_CONTEXT() REPRESENTATION_CONTEXT('2D SPACE',''
  ) );
#11567 = PCURVE('',#9436,#11568);
#11568 = DEFINITIONAL_REPRESENTATION('',(#11569),#11572);
#11569 = B_SPLINE_CURVE_WITH_KNOTS('',1,(#11570,#11571),.UNSPECIFIED.,
  .F.,.F.,(2,2),(166.81391463802,168.28326958392),
  .PIECEWISE_BEZIER_KNOTS.);
#11570 = CARTESIAN_POINT('',(-1.570796326795,-0.753763357309));
#11571 = CARTESIAN_POINT('',(-1.570796326795,0.));
#11572 = ( GEOMETRIC_REPRESENTATION_CONTEXT(2) 
PARAMETRIC_REPRESENTATION_CONTEXT() REPRESENTATION_CONTEXT('2D SPACE',''
  ) );
#11573 = ORIENTED_EDGE('',*,*,#11574,.F.);
#11574 = EDGE_CURVE('',#11575,#11554,#11577,.T.);
#11575 = VERTEX_POINT('',#11576);
#11576 = CARTESIAN_POINT('',(8.691035281639E-15,141.93537741151,
    -292.793826192));
#11577 = SURFACE_CURVE('',#11578,(#11582,#11588),.PCURVE_S1.);
#11578 = LINE('',#11579,#11580);
#11579 = CARTESIAN_POINT('',(0.,0.,-205.0363273308));
#11580 = VECTOR('',#11581,1.);
#11581 = DIRECTION('',(-0.,0.850552677033,-0.525889858803));
#11582 = PCURVE('',#8962,#11583);
#11583 = DEFINITIONAL_REPRESENTATION('',(#11584),#11587);
#11584 = B_SPLINE_CURVE_WITH_KNOTS('',1,(#11585,#11586),.UNSPECIFIED.,
  .F.,.F.,(2,2),(166.87429390807,168.3519843678),
  .PIECEWISE_BEZIER_KNOTS.);
#11585 = CARTESIAN_POINT('',(707.20617380793,-1.141935377412E+03));
#11586 = CARTESIAN_POINT('',(706.42907138071,-1.143192230988E+03));
#11587 = ( GEOMETRIC_REPRESENTATION_CONTEXT(2) 
PARAMETRIC_REPRESENTATION_CONTEXT() REPRESENTATION_CONTEXT('2D SPACE',''
  ) );
#11588 = PCURVE('',#9408,#11589);
#11589 = DEFINITIONAL_REPRESENTATION('',(#11590),#11593);
#11590 = B_SPLINE_CURVE_WITH_KNOTS('',1,(#11591,#11592),.UNSPECIFIED.,
  .F.,.F.,(2,2),(166.87429390807,168.3519843678),
  .PIECEWISE_BEZIER_KNOTS.);
#11591 = CARTESIAN_POINT('',(-1.570796326795,-0.777102427218));
#11592 = CARTESIAN_POINT('',(-1.570796326795,0.));
#11593 = ( GEOMETRIC_REPRESENTATION_CONTEXT(2) 
PARAMETRIC_REPRESENTATION_CONTEXT() REPRESENTATION_CONTEXT('2D SPACE',''
  ) );
#11594 = ORIENTED_EDGE('',*,*,#11595,.F.);
#11595 = EDGE_CURVE('',#11596,#11575,#11598,.T.);
#11596 = VERTEX_POINT('',#11597);
#11597 = CARTESIAN_POINT('',(8.614347622682E-15,140.68297289764,
    -291.9938158089));
#11598 = SURFACE_CURVE('',#11599,(#11603,#11609),.PCURVE_S1.);
#11599 = LINE('',#11600,#11601);
#11600 = CARTESIAN_POINT('',(0.,0.,-202.1284106635));
#11601 = VECTOR('',#11602,1.);
#11602 = DIRECTION('',(-0.,0.842738065547,-0.538323836439));
#11603 = PCURVE('',#8962,#11604);
#11604 = DEFINITIONAL_REPRESENTATION('',(#11605),#11608);
#11605 = B_SPLINE_CURVE_WITH_KNOTS('',1,(#11606,#11607),.UNSPECIFIED.,
  .F.,.F.,(2,2),(166.93558609615,168.42169971208),
  .PIECEWISE_BEZIER_KNOTS.);
#11606 = CARTESIAN_POINT('',(708.00618419103,-1.140682972898E+03));
#11607 = CARTESIAN_POINT('',(707.20617380793,-1.141935377412E+03));
#11608 = ( GEOMETRIC_REPRESENTATION_CONTEXT(2) 
PARAMETRIC_REPRESENTATION_CONTEXT() REPRESENTATION_CONTEXT('2D SPACE',''
  ) );
#11609 = PCURVE('',#9380,#11610);
#11610 = DEFINITIONAL_REPRESENTATION('',(#11611),#11614);
#11611 = B_SPLINE_CURVE_WITH_KNOTS('',1,(#11612,#11613),.UNSPECIFIED.,
  .F.,.F.,(2,2),(166.93558609615,168.42169971208),
  .PIECEWISE_BEZIER_KNOTS.);
#11612 = CARTESIAN_POINT('',(-1.570796326795,-0.800010383107));
#11613 = CARTESIAN_POINT('',(-1.570796326795,0.));
#11614 = ( GEOMETRIC_REPRESENTATION_CONTEXT(2) 
PARAMETRIC_REPRESENTATION_CONTEXT() REPRESENTATION_CONTEXT('2D SPACE',''
  ) );
#11615 = ORIENTED_EDGE('',*,*,#11616,.F.);
#11616 = EDGE_CURVE('',#11617,#11596,#11619,.T.);
#11617 = VERTEX_POINT('',#11618);
#11618 = CARTESIAN_POINT('',(8.537933361464E-15,139.43503330769,
    -291.1712875813));
#11619 = SURFACE_CURVE('',#11620,(#11624,#11630),.PCURVE_S1.);
#11620 = LINE('',#11621,#11622);
#11621 = CARTESIAN_POINT('',(0.,0.,-199.2684008275));
#11622 = VECTOR('',#11623,1.);
#11623 = DIRECTION('',(-0.,0.83495126015,-0.550323898422));
#11624 = PCURVE('',#8962,#11625);
#11625 = DEFINITIONAL_REPRESENTATION('',(#11626),#11629);
#11626 = B_SPLINE_CURVE_WITH_KNOTS('',1,(#11627,#11628),.UNSPECIFIED.,
  .F.,.F.,(2,2),(166.99781168385,168.49243735784),
  .PIECEWISE_BEZIER_KNOTS.);
#11627 = CARTESIAN_POINT('',(708.82871241863,-1.139435033308E+03));
#11628 = CARTESIAN_POINT('',(708.00618419103,-1.140682972898E+03));
#11629 = ( GEOMETRIC_REPRESENTATION_CONTEXT(2) 
PARAMETRIC_REPRESENTATION_CONTEXT() REPRESENTATION_CONTEXT('2D SPACE',''
  ) );
#11630 = PCURVE('',#9352,#11631);
#11631 = DEFINITIONAL_REPRESENTATION('',(#11632),#11635);
#11632 = B_SPLINE_CURVE_WITH_KNOTS('',1,(#11633,#11634),.UNSPECIFIED.,
  .F.,.F.,(2,2),(166.99781168385,168.49243735784),
  .PIECEWISE_BEZIER_KNOTS.);
#11633 = CARTESIAN_POINT('',(-1.570796326795,-0.822528227592));
#11634 = CARTESIAN_POINT('',(-1.570796326795,0.));
#11635 = ( GEOMETRIC_REPRESENTATION_CONTEXT(2) 
PARAMETRIC_REPRESENTATION_CONTEXT() REPRESENTATION_CONTEXT('2D SPACE',''
  ) );
#11636 = ORIENTED_EDGE('',*,*,#11637,.F.);
#11637 = EDGE_CURVE('',#11638,#11617,#11640,.T.);
#11638 = VERTEX_POINT('',#11639);
#11639 = CARTESIAN_POINT('',(8.46179347968E-15,138.19157467395,
    -290.3265954607));
#11640 = SURFACE_CURVE('',#11641,(#11645,#11651),.PCURVE_S1.);
#11641 = LINE('',#11642,#11643);
#11642 = CARTESIAN_POINT('',(0.,0.,-196.4518728936));
#11643 = VECTOR('',#11644,1.);
#11644 = DIRECTION('',(-0.,0.827192353613,-0.561918864361));
#11645 = PCURVE('',#8962,#11646);
#11646 = DEFINITIONAL_REPRESENTATION('',(#11647),#11650);
#11647 = B_SPLINE_CURVE_WITH_KNOTS('',1,(#11648,#11649),.UNSPECIFIED.,
  .F.,.F.,(2,2),(167.06099140108,168.56421931211),
  .PIECEWISE_BEZIER_KNOTS.);
#11648 = CARTESIAN_POINT('',(709.67340453926,-1.138191574674E+03));
#11649 = CARTESIAN_POINT('',(708.82871241862,-1.139435033308E+03));
#11650 = ( GEOMETRIC_REPRESENTATION_CONTEXT(2) 
PARAMETRIC_REPRESENTATION_CONTEXT() REPRESENTATION_CONTEXT('2D SPACE',''
  ) );
#11651 = PCURVE('',#9324,#11652);
#11652 = DEFINITIONAL_REPRESENTATION('',(#11653),#11656);
#11653 = B_SPLINE_CURVE_WITH_KNOTS('',1,(#11654,#11655),.UNSPECIFIED.,
  .F.,.F.,(2,2),(167.06099140108,168.56421931211),
  .PIECEWISE_BEZIER_KNOTS.);
#11654 = CARTESIAN_POINT('',(-1.570796326795,-0.844692120637));
#11655 = CARTESIAN_POINT('',(-1.570796326795,0.));
#11656 = ( GEOMETRIC_REPRESENTATION_CONTEXT(2) 
PARAMETRIC_REPRESENTATION_CONTEXT() REPRESENTATION_CONTEXT('2D SPACE',''
  ) );
#11657 = ORIENTED_EDGE('',*,*,#11658,.F.);
#11658 = EDGE_CURVE('',#11659,#11638,#11661,.T.);
#11659 = VERTEX_POINT('',#11660);
#11660 = CARTESIAN_POINT('',(8.385928969677E-15,136.95261320269,
    -289.4600612923));
#11661 = SURFACE_CURVE('',#11662,(#11666,#11672),.PCURVE_S1.);
#11662 = LINE('',#11663,#11664);
#11663 = CARTESIAN_POINT('',(0.,0.,-193.6749045005));
#11664 = VECTOR('',#11665,1.);
#11665 = DIRECTION('',(-0.,0.819461440947,-0.57313431829));
#11666 = PCURVE('',#8962,#11667);
#11667 = DEFINITIONAL_REPRESENTATION('',(#11668),#11671);
#11668 = B_SPLINE_CURVE_WITH_KNOTS('',1,(#11669,#11670),.UNSPECIFIED.,
  .F.,.F.,(2,2),(167.12514629668,168.63706791905),
  .PIECEWISE_BEZIER_KNOTS.);
#11669 = CARTESIAN_POINT('',(710.53993870761,-1.136952613203E+03));
#11670 = CARTESIAN_POINT('',(709.67340453926,-1.138191574674E+03));
#11671 = ( GEOMETRIC_REPRESENTATION_CONTEXT(2) 
PARAMETRIC_REPRESENTATION_CONTEXT() REPRESENTATION_CONTEXT('2D SPACE',''
  ) );
#11672 = PCURVE('',#9296,#11673);
#11673 = DEFINITIONAL_REPRESENTATION('',(#11674),#11677);
#11674 = B_SPLINE_CURVE_WITH_KNOTS('',1,(#11675,#11676),.UNSPECIFIED.,
  .F.,.F.,(2,2),(167.12514629668,168.63706791905),
  .PIECEWISE_BEZIER_KNOTS.);
#11675 = CARTESIAN_POINT('',(-1.570796326795,-0.866534168344));
#11676 = CARTESIAN_POINT('',(-1.570796326795,3.257891411806E-14));
#11677 = ( GEOMETRIC_REPRESENTATION_CONTEXT(2) 
PARAMETRIC_REPRESENTATION_CONTEXT() REPRESENTATION_CONTEXT('2D SPACE',''
  ) );
#11678 = ORIENTED_EDGE('',*,*,#11679,.F.);
#11679 = EDGE_CURVE('',#11680,#11659,#11682,.T.);
#11680 = VERTEX_POINT('',#11681);
#11681 = CARTESIAN_POINT('',(8.310340834648E-15,135.71816527727,
    -288.5719782375));
#11682 = SURFACE_CURVE('',#11683,(#11687,#11693),.PCURVE_S1.);
#11683 = LINE('',#11684,#11685);
#11684 = CARTESIAN_POINT('',(0.,0.,-190.9339974582));
#11685 = VECTOR('',#11686,1.);
#11686 = DIRECTION('',(-0.,0.811758619172,-0.58399310287));
#11687 = PCURVE('',#8962,#11688);
#11688 = DEFINITIONAL_REPRESENTATION('',(#11689),#11692);
#11689 = B_SPLINE_CURVE_WITH_KNOTS('',1,(#11690,#11691),.UNSPECIFIED.,
  .F.,.F.,(2,2),(167.19029779532,168.71100591749),
  .PIECEWISE_BEZIER_KNOTS.);
#11690 = CARTESIAN_POINT('',(711.42802176243,-1.135718165277E+03));
#11691 = CARTESIAN_POINT('',(710.53993870761,-1.136952613203E+03));
#11692 = ( GEOMETRIC_REPRESENTATION_CONTEXT(2) 
PARAMETRIC_REPRESENTATION_CONTEXT() REPRESENTATION_CONTEXT('2D SPACE',''
  ) );
#11693 = PCURVE('',#9268,#11694);
#11694 = DEFINITIONAL_REPRESENTATION('',(#11695),#11698);
#11695 = B_SPLINE_CURVE_WITH_KNOTS('',1,(#11696,#11697),.UNSPECIFIED.,
  .F.,.F.,(2,2),(167.19029779532,168.71100591749),
  .PIECEWISE_BEZIER_KNOTS.);
#11696 = CARTESIAN_POINT('',(-1.570796326795,-0.888083054827));
#11697 = CARTESIAN_POINT('',(-1.570796326795,-1.659808227914E-14));
#11698 = ( GEOMETRIC_REPRESENTATION_CONTEXT(2) 
PARAMETRIC_REPRESENTATION_CONTEXT() REPRESENTATION_CONTEXT('2D SPACE',''
  ) );
#11699 = ORIENTED_EDGE('',*,*,#11700,.F.);
#11700 = EDGE_CURVE('',#11701,#11680,#11703,.T.);
#11701 = VERTEX_POINT('',#11702);
#11702 = CARTESIAN_POINT('',(8.23503008883E-15,134.48824746145,
    -287.6626136838));
#11703 = SURFACE_CURVE('',#11704,(#11708,#11714),.PCURVE_S1.);
#11704 = LINE('',#11705,#11706);
#11705 = CARTESIAN_POINT('',(0.,0.,-188.2260142988));
#11706 = VECTOR('',#11707,1.);
#11707 = DIRECTION('',(-0.,0.804083987153,-0.594515720233));
#11708 = PCURVE('',#8962,#11709);
#11709 = DEFINITIONAL_REPRESENTATION('',(#11710),#11713);
#11710 = B_SPLINE_CURVE_WITH_KNOTS('',1,(#11711,#11712),.UNSPECIFIED.,
  .F.,.F.,(2,2),(167.25646774494,168.78605648875),
  .PIECEWISE_BEZIER_KNOTS.);
#11711 = CARTESIAN_POINT('',(712.33738631612,-1.134488247461E+03));
#11712 = CARTESIAN_POINT('',(711.42802176243,-1.135718165277E+03));
#11713 = ( GEOMETRIC_REPRESENTATION_CONTEXT(2) 
PARAMETRIC_REPRESENTATION_CONTEXT() REPRESENTATION_CONTEXT('2D SPACE',''
  ) );
#11714 = PCURVE('',#9240,#11715);
#11715 = DEFINITIONAL_REPRESENTATION('',(#11716),#11719);
#11716 = B_SPLINE_CURVE_WITH_KNOTS('',1,(#11717,#11718),.UNSPECIFIED.,
  .F.,.F.,(2,2),(167.25646774494,168.78605648875),
  .PIECEWISE_BEZIER_KNOTS.);
#11717 = CARTESIAN_POINT('',(-1.570796326795,-0.909364553683));
#11718 = CARTESIAN_POINT('',(-1.570796326795,0.));
#11719 = ( GEOMETRIC_REPRESENTATION_CONTEXT(2) 
PARAMETRIC_REPRESENTATION_CONTEXT() REPRESENTATION_CONTEXT('2D SPACE',''
  ) );
#11720 = ORIENTED_EDGE('',*,*,#11721,.F.);
#11721 = EDGE_CURVE('',#11722,#11701,#11724,.T.);
#11722 = VERTEX_POINT('',#11723);
#11723 = CARTESIAN_POINT('',(8.159997757709E-15,133.26287650268,
    -286.7322117379));
#11724 = SURFACE_CURVE('',#11725,(#11729,#11735),.PCURVE_S1.);
#11725 = LINE('',#11726,#11727);
#11726 = CARTESIAN_POINT('',(0.,0.,-185.548126434));
#11727 = VECTOR('',#11728,1.);
#11728 = DIRECTION('',(-0.,0.796437645474,-0.6047206602));
#11729 = PCURVE('',#8962,#11730);
#11730 = DEFINITIONAL_REPRESENTATION('',(#11731),#11734);
#11731 = B_SPLINE_CURVE_WITH_KNOTS('',1,(#11732,#11733),.UNSPECIFIED.,
  .F.,.F.,(2,2),(167.32367845749,168.86224329773),
  .PIECEWISE_BEZIER_KNOTS.);
#11732 = CARTESIAN_POINT('',(713.26778826207,-1.133262876503E+03));
#11733 = CARTESIAN_POINT('',(712.33738631612,-1.134488247461E+03));
#11734 = ( GEOMETRIC_REPRESENTATION_CONTEXT(2) 
PARAMETRIC_REPRESENTATION_CONTEXT() REPRESENTATION_CONTEXT('2D SPACE',''
  ) );
#11735 = PCURVE('',#9212,#11736);
#11736 = DEFINITIONAL_REPRESENTATION('',(#11737),#11740);
#11737 = B_SPLINE_CURVE_WITH_KNOTS('',1,(#11738,#11739),.UNSPECIFIED.,
  .F.,.F.,(2,2),(167.32367845749,168.86224329773),
  .PIECEWISE_BEZIER_KNOTS.);
#11738 = CARTESIAN_POINT('',(-1.570796326795,-0.930401945949));
#11739 = CARTESIAN_POINT('',(-1.570796326795,3.437438978151E-14));
#11740 = ( GEOMETRIC_REPRESENTATION_CONTEXT(2) 
PARAMETRIC_REPRESENTATION_CONTEXT() REPRESENTATION_CONTEXT('2D SPACE',''
  ) );
#11741 = ORIENTED_EDGE('',*,*,#11742,.F.);
#11742 = EDGE_CURVE('',#11743,#11722,#11745,.T.);
#11743 = VERTEX_POINT('',#11744);
#11744 = CARTESIAN_POINT('',(8.085244878229E-15,132.04206933555,
    -285.7809953733));
#11745 = SURFACE_CURVE('',#11746,(#11750,#11756),.PCURVE_S1.);
#11746 = LINE('',#11747,#11748);
#11747 = CARTESIAN_POINT('',(0.,0.,-182.8977714283));
#11748 = VECTOR('',#11749,1.);
#11749 = DIRECTION('',(-0.,0.78881969635,-0.614624671365));
#11750 = PCURVE('',#8962,#11751);
#11751 = DEFINITIONAL_REPRESENTATION('',(#11752),#11755);
#11752 = B_SPLINE_CURVE_WITH_KNOTS('',1,(#11753,#11754),.UNSPECIFIED.,
  .F.,.F.,(2,2),(167.3919527448,168.93959052918),
  .PIECEWISE_BEZIER_KNOTS.);
#11753 = CARTESIAN_POINT('',(714.21900462668,-1.132042069336E+03));
#11754 = CARTESIAN_POINT('',(713.26778826207,-1.133262876503E+03));
#11755 = ( GEOMETRIC_REPRESENTATION_CONTEXT(2) 
PARAMETRIC_REPRESENTATION_CONTEXT() REPRESENTATION_CONTEXT('2D SPACE',''
  ) );
#11756 = PCURVE('',#9184,#11757);
#11757 = DEFINITIONAL_REPRESENTATION('',(#11758),#11761);
#11758 = B_SPLINE_CURVE_WITH_KNOTS('',1,(#11759,#11760),.UNSPECIFIED.,
  .F.,.F.,(2,2),(167.3919527448,168.93959052918),
  .PIECEWISE_BEZIER_KNOTS.);
#11759 = CARTESIAN_POINT('',(-1.570796326795,-0.951216364616));
#11760 = CARTESIAN_POINT('',(-1.570796326795,1.74686838183E-14));
#11761 = ( GEOMETRIC_REPRESENTATION_CONTEXT(2) 
PARAMETRIC_REPRESENTATION_CONTEXT() REPRESENTATION_CONTEXT('2D SPACE',''
  ) );
#11762 = ORIENTED_EDGE('',*,*,#11763,.F.);
#11763 = EDGE_CURVE('',#11764,#11743,#11766,.T.);
#11764 = VERTEX_POINT('',#11765);
#11765 = CARTESIAN_POINT('',(8.010772499007E-15,130.82584308528,
    -284.8091682924));
#11766 = SURFACE_CURVE('',#11767,(#11771,#11777),.PCURVE_S1.);
#11767 = LINE('',#11768,#11769);
#11768 = CARTESIAN_POINT('',(0.,0.,-180.2726175015));
#11769 = VECTOR('',#11770,1.);
#11770 = DIRECTION('',(-0.,0.781230243562,-0.62424298678));
#11771 = PCURVE('',#8962,#11772);
#11772 = DEFINITIONAL_REPRESENTATION('',(#11773),#11776);
#11773 = B_SPLINE_CURVE_WITH_KNOTS('',1,(#11774,#11775),.UNSPECIFIED.,
  .F.,.F.,(2,2),(167.46131395114,169.01812292045),
  .PIECEWISE_BEZIER_KNOTS.);
#11774 = CARTESIAN_POINT('',(715.19083170753,-1.130825843085E+03));
#11775 = CARTESIAN_POINT('',(714.21900462668,-1.132042069336E+03));
#11776 = ( GEOMETRIC_REPRESENTATION_CONTEXT(2) 
PARAMETRIC_REPRESENTATION_CONTEXT() REPRESENTATION_CONTEXT('2D SPACE',''
  ) );
#11777 = PCURVE('',#9156,#11778);
#11778 = DEFINITIONAL_REPRESENTATION('',(#11779),#11782);
#11779 = B_SPLINE_CURVE_WITH_KNOTS('',1,(#11780,#11781),.UNSPECIFIED.,
  .F.,.F.,(2,2),(167.46131395114,169.01812292045),
  .PIECEWISE_BEZIER_KNOTS.);
#11780 = CARTESIAN_POINT('',(-1.570796326795,-0.971827080848));
#11781 = CARTESIAN_POINT('',(-1.570796326795,0.));
#11782 = ( GEOMETRIC_REPRESENTATION_CONTEXT(2) 
PARAMETRIC_REPRESENTATION_CONTEXT() REPRESENTATION_CONTEXT('2D SPACE',''
  ) );
#11783 = ORIENTED_EDGE('',*,*,#11784,.F.);
#11784 = EDGE_CURVE('',#11785,#11764,#11787,.T.);
#11785 = VERTEX_POINT('',#11786);
#11786 = CARTESIAN_POINT('',(7.936581680555E-15,129.61421507133,
    -283.8169165489));
#11787 = SURFACE_CURVE('',#11788,(#11792,#11798),.PCURVE_S1.);
#11788 = LINE('',#11789,#11790);
#11789 = CARTESIAN_POINT('',(0.,0.,-177.670533821));
#11790 = VECTOR('',#11791,1.);
#11791 = DIRECTION('',(-0.,0.773669392411,-0.633589513207));
#11792 = PCURVE('',#8962,#11793);
#11793 = DEFINITIONAL_REPRESENTATION('',(#11794),#11797);
#11794 = B_SPLINE_CURVE_WITH_KNOTS('',1,(#11795,#11796),.UNSPECIFIED.,
  .F.,.F.,(2,2),(167.53178598334,169.09786579189),
  .PIECEWISE_BEZIER_KNOTS.);
#11795 = CARTESIAN_POINT('',(716.18308345107,-1.129614215071E+03));
#11796 = CARTESIAN_POINT('',(715.19083170753,-1.130825843085E+03));
#11797 = ( GEOMETRIC_REPRESENTATION_CONTEXT(2) 
PARAMETRIC_REPRESENTATION_CONTEXT() REPRESENTATION_CONTEXT('2D SPACE',''
  ) );
#11798 = PCURVE('',#9128,#11799);
#11799 = DEFINITIONAL_REPRESENTATION('',(#11800),#11803);
#11800 = B_SPLINE_CURVE_WITH_KNOTS('',1,(#11801,#11802),.UNSPECIFIED.,
  .F.,.F.,(2,2),(167.53178598334,169.09786579189),
  .PIECEWISE_BEZIER_KNOTS.);
#11801 = CARTESIAN_POINT('',(-1.570796326795,-0.992251743544));
#11802 = CARTESIAN_POINT('',(-1.570796326795,0.));
#11803 = ( GEOMETRIC_REPRESENTATION_CONTEXT(2) 
PARAMETRIC_REPRESENTATION_CONTEXT() REPRESENTATION_CONTEXT('2D SPACE',''
  ) );
#11804 = ORIENTED_EDGE('',*,*,#11805,.F.);
#11805 = EDGE_CURVE('',#8921,#11785,#11806,.T.);
#11806 = SURFACE_CURVE('',#11807,(#11811,#11817),.PCURVE_S1.);
#11807 = LINE('',#11808,#11809);
#11808 = CARTESIAN_POINT('',(0.,0.,-175.0895654703));
#11809 = VECTOR('',#11810,1.);
#11810 = DIRECTION('',(-0.,0.766137249686,-0.642676990908));
#11811 = PCURVE('',#8962,#11812);
#11812 = DEFINITIONAL_REPRESENTATION('',(#11813),#11816);
#11813 = B_SPLINE_CURVE_WITH_KNOTS('',1,(#11814,#11815),.UNSPECIFIED.,
  .F.,.F.,(2,2),(167.60339333935,169.17884507559),
  .PIECEWISE_BEZIER_KNOTS.);
#11814 = CARTESIAN_POINT('',(717.19559003224,-1.128407202811E+03));
#11815 = CARTESIAN_POINT('',(716.18308345107,-1.129614215071E+03));
#11816 = ( GEOMETRIC_REPRESENTATION_CONTEXT(2) 
PARAMETRIC_REPRESENTATION_CONTEXT() REPRESENTATION_CONTEXT('2D SPACE',''
  ) );
#11817 = PCURVE('',#8937,#11818);
#11818 = DEFINITIONAL_REPRESENTATION('',(#11819),#11822);
#11819 = B_SPLINE_CURVE_WITH_KNOTS('',1,(#11820,#11821),.UNSPECIFIED.,
  .F.,.F.,(2,2),(167.60339333935,169.17884507559),
  .PIECEWISE_BEZIER_KNOTS.);
#11820 = CARTESIAN_POINT('',(-1.570796326795,-1.01250658117));
#11821 = CARTESIAN_POINT('',(-1.570796326795,3.653195738641E-14));
#11822 = ( GEOMETRIC_REPRESENTATION_CONTEXT(2) 
PARAMETRIC_REPRESENTATION_CONTEXT() REPRESENTATION_CONTEXT('2D SPACE',''
  ) );
#11823 = ADVANCED_FACE('',(#11824),#8937,.T.);
#11824 = FACE_BOUND('',#11825,.T.);
#11825 = EDGE_LOOP('',(#11826,#11827,#11849,#11850));
#11826 = ORIENTED_EDGE('',*,*,#9089,.F.);
#11827 = ORIENTED_EDGE('',*,*,#11828,.T.);
#11828 = EDGE_CURVE('',#9090,#11785,#11829,.T.);
#11829 = SURFACE_CURVE('',#11830,(#11835,#11842),.PCURVE_S1.);
#11830 = CIRCLE('',#11831,129.61421507133);
#11831 = AXIS2_PLACEMENT_3D('',#11832,#11833,#11834);
#11832 = CARTESIAN_POINT('',(0.,0.,-283.8169165489));
#11833 = DIRECTION('',(0.,0.,1.));
#11834 = DIRECTION('',(1.,0.,-0.));
#11835 = PCURVE('',#8937,#11836);
#11836 = DEFINITIONAL_REPRESENTATION('',(#11837),#11841);
#11837 = LINE('',#11838,#11839);
#11838 = CARTESIAN_POINT('',(-0.,-0.));
#11839 = VECTOR('',#11840,1.);
#11840 = DIRECTION('',(-1.,-0.));
#11841 = ( GEOMETRIC_REPRESENTATION_CONTEXT(2) 
PARAMETRIC_REPRESENTATION_CONTEXT() REPRESENTATION_CONTEXT('2D SPACE',''
  ) );
#11842 = PCURVE('',#9128,#11843);
#11843 = DEFINITIONAL_REPRESENTATION('',(#11844),#11848);
#11844 = LINE('',#11845,#11846);
#11845 = CARTESIAN_POINT('',(-0.,-0.992251743544));
#11846 = VECTOR('',#11847,1.);
#11847 = DIRECTION('',(-1.,-0.));
#11848 = ( GEOMETRIC_REPRESENTATION_CONTEXT(2) 
PARAMETRIC_REPRESENTATION_CONTEXT() REPRESENTATION_CONTEXT('2D SPACE',''
  ) );
#11849 = ORIENTED_EDGE('',*,*,#11805,.F.);
#11850 = ORIENTED_EDGE('',*,*,#8920,.F.);
#11851 = ADVANCED_FACE('',(#11852),#8999,.F.);
#11852 = FACE_BOUND('',#11853,.T.);
#11853 = EDGE_LOOP('',(#11854,#11855,#11856,#11857));
#11854 = ORIENTED_EDGE('',*,*,#10622,.F.);
#11855 = ORIENTED_EDGE('',*,*,#8980,.T.);
#11856 = ORIENTED_EDGE('',*,*,#10650,.T.);
#11857 = ORIENTED_EDGE('',*,*,#11858,.F.);
#11858 = EDGE_CURVE('',#10595,#10651,#11859,.T.);
#11859 = SURFACE_CURVE('',#11860,(#11865,#11872),.PCURVE_S1.);
#11860 = CIRCLE('',#11861,129.71816527727);
#11861 = AXIS2_PLACEMENT_3D('',#11862,#11863,#11864);
#11862 = CARTESIAN_POINT('',(0.,0.,-288.5719782375));
#11863 = DIRECTION('',(0.,0.,1.));
#11864 = DIRECTION('',(1.,0.,-0.));
#11865 = PCURVE('',#8999,#11866);
#11866 = DEFINITIONAL_REPRESENTATION('',(#11867),#11871);
#11867 = LINE('',#11868,#11869);
#11868 = CARTESIAN_POINT('',(-0.,0.909364553683));
#11869 = VECTOR('',#11870,1.);
#11870 = DIRECTION('',(-1.,0.));
#11871 = ( GEOMETRIC_REPRESENTATION_CONTEXT(2) 
PARAMETRIC_REPRESENTATION_CONTEXT() REPRESENTATION_CONTEXT('2D SPACE',''
  ) );
#11872 = PCURVE('',#10610,#11873);
#11873 = DEFINITIONAL_REPRESENTATION('',(#11874),#11878);
#11874 = LINE('',#11875,#11876);
#11875 = CARTESIAN_POINT('',(-0.,0.));
#11876 = VECTOR('',#11877,1.);
#11877 = DIRECTION('',(-1.,0.));
#11878 = ( GEOMETRIC_REPRESENTATION_CONTEXT(2) 
PARAMETRIC_REPRESENTATION_CONTEXT() REPRESENTATION_CONTEXT('2D SPACE',''
  ) );
#11879 = ADVANCED_FACE('',(#11880),#10610,.F.);
#11880 = FACE_BOUND('',#11881,.T.);
#11881 = EDGE_LOOP('',(#11882,#11883,#11884,#11885));
#11882 = ORIENTED_EDGE('',*,*,#10594,.F.);
#11883 = ORIENTED_EDGE('',*,*,#11858,.T.);
#11884 = ORIENTED_EDGE('',*,*,#10671,.T.);
#11885 = ORIENTED_EDGE('',*,*,#11886,.F.);
#11886 = EDGE_CURVE('',#10567,#10672,#11887,.T.);
#11887 = SURFACE_CURVE('',#11888,(#11893,#11900),.PCURVE_S1.);
#11888 = CIRCLE('',#11889,130.95261320269);
#11889 = AXIS2_PLACEMENT_3D('',#11890,#11891,#11892);
#11890 = CARTESIAN_POINT('',(0.,0.,-289.4600612923));
#11891 = DIRECTION('',(0.,0.,1.));
#11892 = DIRECTION('',(1.,0.,-0.));
#11893 = PCURVE('',#10610,#11894);
#11894 = DEFINITIONAL_REPRESENTATION('',(#11895),#11899);
#11895 = LINE('',#11896,#11897);
#11896 = CARTESIAN_POINT('',(-0.,0.888083054827));
#11897 = VECTOR('',#11898,1.);
#11898 = DIRECTION('',(-1.,0.));
#11899 = ( GEOMETRIC_REPRESENTATION_CONTEXT(2) 
PARAMETRIC_REPRESENTATION_CONTEXT() REPRESENTATION_CONTEXT('2D SPACE',''
  ) );
#11900 = PCURVE('',#10582,#11901);
#11901 = DEFINITIONAL_REPRESENTATION('',(#11902),#11906);
#11902 = LINE('',#11903,#11904);
#11903 = CARTESIAN_POINT('',(-0.,0.));
#11904 = VECTOR('',#11905,1.);
#11905 = DIRECTION('',(-1.,0.));
#11906 = ( GEOMETRIC_REPRESENTATION_CONTEXT(2) 
PARAMETRIC_REPRESENTATION_CONTEXT() REPRESENTATION_CONTEXT('2D SPACE',''
  ) );
#11907 = ADVANCED_FACE('',(#11908),#10582,.F.);
#11908 = FACE_BOUND('',#11909,.T.);
#11909 = EDGE_LOOP('',(#11910,#11911,#11912,#11913));
#11910 = ORIENTED_EDGE('',*,*,#10566,.F.);
#11911 = ORIENTED_EDGE('',*,*,#11886,.T.);
#11912 = ORIENTED_EDGE('',*,*,#10692,.T.);
#11913 = ORIENTED_EDGE('',*,*,#11914,.F.);
#11914 = EDGE_CURVE('',#10539,#10693,#11915,.T.);
#11915 = SURFACE_CURVE('',#11916,(#11921,#11928),.PCURVE_S1.);
#11916 = CIRCLE('',#11917,132.19157467395);
#11917 = AXIS2_PLACEMENT_3D('',#11918,#11919,#11920);
#11918 = CARTESIAN_POINT('',(0.,0.,-290.3265954607));
#11919 = DIRECTION('',(0.,0.,1.));
#11920 = DIRECTION('',(1.,0.,-0.));
#11921 = PCURVE('',#10582,#11922);
#11922 = DEFINITIONAL_REPRESENTATION('',(#11923),#11927);
#11923 = LINE('',#11924,#11925);
#11924 = CARTESIAN_POINT('',(-0.,0.866534168344));
#11925 = VECTOR('',#11926,1.);
#11926 = DIRECTION('',(-1.,0.));
#11927 = ( GEOMETRIC_REPRESENTATION_CONTEXT(2) 
PARAMETRIC_REPRESENTATION_CONTEXT() REPRESENTATION_CONTEXT('2D SPACE',''
  ) );
#11928 = PCURVE('',#10554,#11929);
#11929 = DEFINITIONAL_REPRESENTATION('',(#11930),#11934);
#11930 = LINE('',#11931,#11932);
#11931 = CARTESIAN_POINT('',(-0.,0.));
#11932 = VECTOR('',#11933,1.);
#11933 = DIRECTION('',(-1.,0.));
#11934 = ( GEOMETRIC_REPRESENTATION_CONTEXT(2) 
PARAMETRIC_REPRESENTATION_CONTEXT() REPRESENTATION_CONTEXT('2D SPACE',''
  ) );
#11935 = ADVANCED_FACE('',(#11936),#10554,.F.);
#11936 = FACE_BOUND('',#11937,.T.);
#11937 = EDGE_LOOP('',(#11938,#11939,#11940,#11941));
#11938 = ORIENTED_EDGE('',*,*,#10538,.F.);
#11939 = ORIENTED_EDGE('',*,*,#11914,.T.);
#11940 = ORIENTED_EDGE('',*,*,#10713,.T.);
#11941 = ORIENTED_EDGE('',*,*,#11942,.F.);
#11942 = EDGE_CURVE('',#10511,#10714,#11943,.T.);
#11943 = SURFACE_CURVE('',#11944,(#11949,#11956),.PCURVE_S1.);
#11944 = CIRCLE('',#11945,133.43503330769);
#11945 = AXIS2_PLACEMENT_3D('',#11946,#11947,#11948);
#11946 = CARTESIAN_POINT('',(0.,0.,-291.1712875813));
#11947 = DIRECTION('',(0.,0.,1.));
#11948 = DIRECTION('',(1.,0.,-0.));
#11949 = PCURVE('',#10554,#11950);
#11950 = DEFINITIONAL_REPRESENTATION('',(#11951),#11955);
#11951 = LINE('',#11952,#11953);
#11952 = CARTESIAN_POINT('',(-0.,0.844692120637));
#11953 = VECTOR('',#11954,1.);
#11954 = DIRECTION('',(-1.,0.));
#11955 = ( GEOMETRIC_REPRESENTATION_CONTEXT(2) 
PARAMETRIC_REPRESENTATION_CONTEXT() REPRESENTATION_CONTEXT('2D SPACE',''
  ) );
#11956 = PCURVE('',#10526,#11957);
#11957 = DEFINITIONAL_REPRESENTATION('',(#11958),#11962);
#11958 = LINE('',#11959,#11960);
#11959 = CARTESIAN_POINT('',(-0.,0.));
#11960 = VECTOR('',#11961,1.);
#11961 = DIRECTION('',(-1.,0.));
#11962 = ( GEOMETRIC_REPRESENTATION_CONTEXT(2) 
PARAMETRIC_REPRESENTATION_CONTEXT() REPRESENTATION_CONTEXT('2D SPACE',''
  ) );
#11963 = ADVANCED_FACE('',(#11964),#10526,.F.);
#11964 = FACE_BOUND('',#11965,.T.);
#11965 = EDGE_LOOP('',(#11966,#11967,#11968,#11969));
#11966 = ORIENTED_EDGE('',*,*,#10510,.F.);
#11967 = ORIENTED_EDGE('',*,*,#11942,.T.);
#11968 = ORIENTED_EDGE('',*,*,#10734,.T.);
#11969 = ORIENTED_EDGE('',*,*,#11970,.F.);
#11970 = EDGE_CURVE('',#10483,#10735,#11971,.T.);
#11971 = SURFACE_CURVE('',#11972,(#11977,#11984),.PCURVE_S1.);
#11972 = CIRCLE('',#11973,134.68297289764);
#11973 = AXIS2_PLACEMENT_3D('',#11974,#11975,#11976);
#11974 = CARTESIAN_POINT('',(0.,0.,-291.9938158089));
#11975 = DIRECTION('',(0.,0.,1.));
#11976 = DIRECTION('',(1.,0.,-0.));
#11977 = PCURVE('',#10526,#11978);
#11978 = DEFINITIONAL_REPRESENTATION('',(#11979),#11983);
#11979 = LINE('',#11980,#11981);
#11980 = CARTESIAN_POINT('',(-0.,0.822528227592));
#11981 = VECTOR('',#11982,1.);
#11982 = DIRECTION('',(-1.,0.));
#11983 = ( GEOMETRIC_REPRESENTATION_CONTEXT(2) 
PARAMETRIC_REPRESENTATION_CONTEXT() REPRESENTATION_CONTEXT('2D SPACE',''
  ) );
#11984 = PCURVE('',#10498,#11985);
#11985 = DEFINITIONAL_REPRESENTATION('',(#11986),#11990);
#11986 = LINE('',#11987,#11988);
#11987 = CARTESIAN_POINT('',(-0.,0.));
#11988 = VECTOR('',#11989,1.);
#11989 = DIRECTION('',(-1.,0.));
#11990 = ( GEOMETRIC_REPRESENTATION_CONTEXT(2) 
PARAMETRIC_REPRESENTATION_CONTEXT() REPRESENTATION_CONTEXT('2D SPACE',''
  ) );
#11991 = ADVANCED_FACE('',(#11992),#10498,.F.);
#11992 = FACE_BOUND('',#11993,.T.);
#11993 = EDGE_LOOP('',(#11994,#11995,#11996,#11997));
#11994 = ORIENTED_EDGE('',*,*,#10482,.F.);
#11995 = ORIENTED_EDGE('',*,*,#11970,.T.);
#11996 = ORIENTED_EDGE('',*,*,#10755,.T.);
#11997 = ORIENTED_EDGE('',*,*,#11998,.F.);
#11998 = EDGE_CURVE('',#10455,#10756,#11999,.T.);
#11999 = SURFACE_CURVE('',#12000,(#12005,#12012),.PCURVE_S1.);
#12000 = CIRCLE('',#12001,135.93537741151);
#12001 = AXIS2_PLACEMENT_3D('',#12002,#12003,#12004);
#12002 = CARTESIAN_POINT('',(0.,0.,-292.793826192));
#12003 = DIRECTION('',(0.,0.,1.));
#12004 = DIRECTION('',(1.,0.,-0.));
#12005 = PCURVE('',#10498,#12006);
#12006 = DEFINITIONAL_REPRESENTATION('',(#12007),#12011);
#12007 = LINE('',#12008,#12009);
#12008 = CARTESIAN_POINT('',(-0.,0.800010383107));
#12009 = VECTOR('',#12010,1.);
#12010 = DIRECTION('',(-1.,0.));
#12011 = ( GEOMETRIC_REPRESENTATION_CONTEXT(2) 
PARAMETRIC_REPRESENTATION_CONTEXT() REPRESENTATION_CONTEXT('2D SPACE',''
  ) );
#12012 = PCURVE('',#10470,#12013);
#12013 = DEFINITIONAL_REPRESENTATION('',(#12014),#12018);
#12014 = LINE('',#12015,#12016);
#12015 = CARTESIAN_POINT('',(-0.,0.));
#12016 = VECTOR('',#12017,1.);
#12017 = DIRECTION('',(-1.,0.));
#12018 = ( GEOMETRIC_REPRESENTATION_CONTEXT(2) 
PARAMETRIC_REPRESENTATION_CONTEXT() REPRESENTATION_CONTEXT('2D SPACE',''
  ) );
#12019 = ADVANCED_FACE('',(#12020),#10470,.F.);
#12020 = FACE_BOUND('',#12021,.T.);
#12021 = EDGE_LOOP('',(#12022,#12023,#12024,#12025));
#12022 = ORIENTED_EDGE('',*,*,#10454,.F.);
#12023 = ORIENTED_EDGE('',*,*,#11998,.T.);
#12024 = ORIENTED_EDGE('',*,*,#10776,.T.);
#12025 = ORIENTED_EDGE('',*,*,#12026,.F.);
#12026 = EDGE_CURVE('',#10427,#10777,#12027,.T.);
#12027 = SURFACE_CURVE('',#12028,(#12033,#12040),.PCURVE_S1.);
#12028 = CIRCLE('',#12029,137.19223098785);
#12029 = AXIS2_PLACEMENT_3D('',#12030,#12031,#12032);
#12030 = CARTESIAN_POINT('',(0.,0.,-293.5709286192));
#12031 = DIRECTION('',(0.,0.,1.));
#12032 = DIRECTION('',(1.,0.,-0.));
#12033 = PCURVE('',#10470,#12034);
#12034 = DEFINITIONAL_REPRESENTATION('',(#12035),#12039);
#12035 = LINE('',#12036,#12037);
#12036 = CARTESIAN_POINT('',(-0.,0.777102427218));
#12037 = VECTOR('',#12038,1.);
#12038 = DIRECTION('',(-1.,0.));
#12039 = ( GEOMETRIC_REPRESENTATION_CONTEXT(2) 
PARAMETRIC_REPRESENTATION_CONTEXT() REPRESENTATION_CONTEXT('2D SPACE',''
  ) );
#12040 = PCURVE('',#10442,#12041);
#12041 = DEFINITIONAL_REPRESENTATION('',(#12042),#12046);
#12042 = LINE('',#12043,#12044);
#12043 = CARTESIAN_POINT('',(-0.,0.));
#12044 = VECTOR('',#12045,1.);
#12045 = DIRECTION('',(-1.,0.));
#12046 = ( GEOMETRIC_REPRESENTATION_CONTEXT(2) 
PARAMETRIC_REPRESENTATION_CONTEXT() REPRESENTATION_CONTEXT('2D SPACE',''
  ) );
#12047 = ADVANCED_FACE('',(#12048),#10442,.F.);
#12048 = FACE_BOUND('',#12049,.T.);
#12049 = EDGE_LOOP('',(#12050,#12051,#12052,#12053));
#12050 = ORIENTED_EDGE('',*,*,#10426,.F.);
#12051 = ORIENTED_EDGE('',*,*,#12026,.T.);
#12052 = ORIENTED_EDGE('',*,*,#10797,.T.);
#12053 = ORIENTED_EDGE('',*,*,#12054,.F.);
#12054 = EDGE_CURVE('',#10399,#10798,#12055,.T.);
#12055 = SURFACE_CURVE('',#12056,(#12061,#12068),.PCURVE_S1.);
#12056 = CIRCLE('',#12057,138.45351793308);
#12057 = AXIS2_PLACEMENT_3D('',#12058,#12059,#12060);
#12058 = CARTESIAN_POINT('',(0.,0.,-294.3246919765));
#12059 = DIRECTION('',(0.,0.,1.));
#12060 = DIRECTION('',(1.,0.,-0.));
#12061 = PCURVE('',#10442,#12062);
#12062 = DEFINITIONAL_REPRESENTATION('',(#12063),#12067);
#12063 = LINE('',#12064,#12065);
#12064 = CARTESIAN_POINT('',(-0.,0.753763357309));
#12065 = VECTOR('',#12066,1.);
#12066 = DIRECTION('',(-1.,0.));
#12067 = ( GEOMETRIC_REPRESENTATION_CONTEXT(2) 
PARAMETRIC_REPRESENTATION_CONTEXT() REPRESENTATION_CONTEXT('2D SPACE',''
  ) );
#12068 = PCURVE('',#10414,#12069);
#12069 = DEFINITIONAL_REPRESENTATION('',(#12070),#12074);
#12070 = LINE('',#12071,#12072);
#12071 = CARTESIAN_POINT('',(-0.,0.));
#12072 = VECTOR('',#12073,1.);
#12073 = DIRECTION('',(-1.,0.));
#12074 = ( GEOMETRIC_REPRESENTATION_CONTEXT(2) 
PARAMETRIC_REPRESENTATION_CONTEXT() REPRESENTATION_CONTEXT('2D SPACE',''
  ) );
#12075 = ADVANCED_FACE('',(#12076),#10414,.F.);
#12076 = FACE_BOUND('',#12077,.T.);
#12077 = EDGE_LOOP('',(#12078,#12079,#12080,#12081));
#12078 = ORIENTED_EDGE('',*,*,#10398,.F.);
#12079 = ORIENTED_EDGE('',*,*,#12054,.T.);
#12080 = ORIENTED_EDGE('',*,*,#10818,.T.);
#12081 = ORIENTED_EDGE('',*,*,#12082,.F.);
#12082 = EDGE_CURVE('',#10371,#10819,#12083,.T.);
#12083 = SURFACE_CURVE('',#12084,(#12089,#12096),.PCURVE_S1.);
#12084 = CIRCLE('',#12085,139.71922271853);
#12085 = AXIS2_PLACEMENT_3D('',#12086,#12087,#12088);
#12086 = CARTESIAN_POINT('',(0.,0.,-295.0546383086));
#12087 = DIRECTION('',(0.,0.,1.));
#12088 = DIRECTION('',(1.,0.,-0.));
#12089 = PCURVE('',#10414,#12090);
#12090 = DEFINITIONAL_REPRESENTATION('',(#12091),#12095);
#12091 = LINE('',#12092,#12093);
#12092 = CARTESIAN_POINT('',(-0.,0.729946332022));
#12093 = VECTOR('',#12094,1.);
#12094 = DIRECTION('',(-1.,0.));
#12095 = ( GEOMETRIC_REPRESENTATION_CONTEXT(2) 
PARAMETRIC_REPRESENTATION_CONTEXT() REPRESENTATION_CONTEXT('2D SPACE',''
  ) );
#12096 = PCURVE('',#10386,#12097);
#12097 = DEFINITIONAL_REPRESENTATION('',(#12098),#12102);
#12098 = LINE('',#12099,#12100);
#12099 = CARTESIAN_POINT('',(-0.,0.));
#12100 = VECTOR('',#12101,1.);
#12101 = DIRECTION('',(-1.,0.));
#12102 = ( GEOMETRIC_REPRESENTATION_CONTEXT(2) 
PARAMETRIC_REPRESENTATION_CONTEXT() REPRESENTATION_CONTEXT('2D SPACE',''
  ) );
#12103 = ADVANCED_FACE('',(#12104),#10386,.F.);
#12104 = FACE_BOUND('',#12105,.T.);
#12105 = EDGE_LOOP('',(#12106,#12107,#12108,#12109));
#12106 = ORIENTED_EDGE('',*,*,#10370,.F.);
#12107 = ORIENTED_EDGE('',*,*,#12082,.T.);
#12108 = ORIENTED_EDGE('',*,*,#10839,.T.);
#12109 = ORIENTED_EDGE('',*,*,#12110,.F.);
#12110 = EDGE_CURVE('',#10343,#10840,#12111,.T.);
#12111 = SURFACE_CURVE('',#12112,(#12117,#12124),.PCURVE_S1.);
#12112 = CIRCLE('',#12113,140.98932997757);
#12113 = AXIS2_PLACEMENT_3D('',#12114,#12115,#12116);
#12114 = CARTESIAN_POINT('',(0.,0.,-295.7602357058));
#12115 = DIRECTION('',(0.,0.,1.));
#12116 = DIRECTION('',(1.,0.,-0.));
#12117 = PCURVE('',#10386,#12118);
#12118 = DEFINITIONAL_REPRESENTATION('',(#12119),#12123);
#12119 = LINE('',#12120,#12121);
#12120 = CARTESIAN_POINT('',(-0.,0.705597397223));
#12121 = VECTOR('',#12122,1.);
#12122 = DIRECTION('',(-1.,0.));
#12123 = ( GEOMETRIC_REPRESENTATION_CONTEXT(2) 
PARAMETRIC_REPRESENTATION_CONTEXT() REPRESENTATION_CONTEXT('2D SPACE',''
  ) );
#12124 = PCURVE('',#10358,#12125);
#12125 = DEFINITIONAL_REPRESENTATION('',(#12126),#12130);
#12126 = LINE('',#12127,#12128);
#12127 = CARTESIAN_POINT('',(-0.,0.));
#12128 = VECTOR('',#12129,1.);
#12129 = DIRECTION('',(-1.,0.));
#12130 = ( GEOMETRIC_REPRESENTATION_CONTEXT(2) 
PARAMETRIC_REPRESENTATION_CONTEXT() REPRESENTATION_CONTEXT('2D SPACE',''
  ) );
#12131 = ADVANCED_FACE('',(#12132),#10358,.F.);
#12132 = FACE_BOUND('',#12133,.T.);
#12133 = EDGE_LOOP('',(#12134,#12135,#12136,#12137));
#12134 = ORIENTED_EDGE('',*,*,#10342,.F.);
#12135 = ORIENTED_EDGE('',*,*,#12110,.T.);
#12136 = ORIENTED_EDGE('',*,*,#10860,.T.);
#12137 = ORIENTED_EDGE('',*,*,#12138,.F.);
#12138 = EDGE_CURVE('',#10315,#10861,#12139,.T.);
#12139 = SURFACE_CURVE('',#12140,(#12145,#12152),.PCURVE_S1.);
#12140 = CIRCLE('',#12141,142.26382450279);
#12141 = AXIS2_PLACEMENT_3D('',#12142,#12143,#12144);
#12142 = CARTESIAN_POINT('',(0.,0.,-296.4408895388));
#12143 = DIRECTION('',(0.,0.,1.));
#12144 = DIRECTION('',(1.,0.,-0.));
#12145 = PCURVE('',#10358,#12146);
#12146 = DEFINITIONAL_REPRESENTATION('',(#12147),#12151);
#12147 = LINE('',#12148,#12149);
#12148 = CARTESIAN_POINT('',(-0.,0.680653832989));
#12149 = VECTOR('',#12150,1.);
#12150 = DIRECTION('',(-1.,0.));
#12151 = ( GEOMETRIC_REPRESENTATION_CONTEXT(2) 
PARAMETRIC_REPRESENTATION_CONTEXT() REPRESENTATION_CONTEXT('2D SPACE',''
  ) );
#12152 = PCURVE('',#10330,#12153);
#12153 = DEFINITIONAL_REPRESENTATION('',(#12154),#12158);
#12154 = LINE('',#12155,#12156);
#12155 = CARTESIAN_POINT('',(-0.,0.));
#12156 = VECTOR('',#12157,1.);
#12157 = DIRECTION('',(-1.,0.));
#12158 = ( GEOMETRIC_REPRESENTATION_CONTEXT(2) 
PARAMETRIC_REPRESENTATION_CONTEXT() REPRESENTATION_CONTEXT('2D SPACE',''
  ) );
#12159 = ADVANCED_FACE('',(#12160),#10330,.F.);
#12160 = FACE_BOUND('',#12161,.T.);
#12161 = EDGE_LOOP('',(#12162,#12163,#12164,#12165));
#12162 = ORIENTED_EDGE('',*,*,#10314,.F.);
#12163 = ORIENTED_EDGE('',*,*,#12138,.T.);
#12164 = ORIENTED_EDGE('',*,*,#10881,.T.);
#12165 = ORIENTED_EDGE('',*,*,#12166,.F.);
#12166 = EDGE_CURVE('',#10287,#10882,#12167,.T.);
#12167 = SURFACE_CURVE('',#12168,(#12173,#12180),.PCURVE_S1.);
#12168 = CIRCLE('',#12169,143.54269124333);
#12169 = AXIS2_PLACEMENT_3D('',#12170,#12171,#12172);
#12170 = CARTESIAN_POINT('',(0.,0.,-297.0959315129));
#12171 = DIRECTION('',(0.,0.,1.));
#12172 = DIRECTION('',(1.,0.,-0.));
#12173 = PCURVE('',#10330,#12174);
#12174 = DEFINITIONAL_REPRESENTATION('',(#12175),#12179);
#12175 = LINE('',#12176,#12177);
#12176 = CARTESIAN_POINT('',(-0.,0.65504197415));
#12177 = VECTOR('',#12178,1.);
#12178 = DIRECTION('',(-1.,0.));
#12179 = ( GEOMETRIC_REPRESENTATION_CONTEXT(2) 
PARAMETRIC_REPRESENTATION_CONTEXT() REPRESENTATION_CONTEXT('2D SPACE',''
  ) );
#12180 = PCURVE('',#10302,#12181);
#12181 = DEFINITIONAL_REPRESENTATION('',(#12182),#12186);
#12182 = LINE('',#12183,#12184);
#12183 = CARTESIAN_POINT('',(-0.,0.));
#12184 = VECTOR('',#12185,1.);
#12185 = DIRECTION('',(-1.,0.));
#12186 = ( GEOMETRIC_REPRESENTATION_CONTEXT(2) 
PARAMETRIC_REPRESENTATION_CONTEXT() REPRESENTATION_CONTEXT('2D SPACE',''
  ) );
#12187 = ADVANCED_FACE('',(#12188),#10302,.F.);
#12188 = FACE_BOUND('',#12189,.T.);
#12189 = EDGE_LOOP('',(#12190,#12191,#12192,#12193));
#12190 = ORIENTED_EDGE('',*,*,#10286,.F.);
#12191 = ORIENTED_EDGE('',*,*,#12166,.T.);
#12192 = ORIENTED_EDGE('',*,*,#10902,.T.);
#12193 = ORIENTED_EDGE('',*,*,#12194,.F.);
#12194 = EDGE_CURVE('',#10259,#10903,#12195,.T.);
#12195 = SURFACE_CURVE('',#12196,(#12201,#12208),.PCURVE_S1.);
#12196 = CIRCLE('',#12197,144.82591530215);
#12197 = AXIS2_PLACEMENT_3D('',#12198,#12199,#12200);
#12198 = CARTESIAN_POINT('',(0.,0.,-297.7246057968));
#12199 = DIRECTION('',(0.,0.,1.));
#12200 = DIRECTION('',(1.,0.,-0.));
#12201 = PCURVE('',#10302,#12202);
#12202 = DEFINITIONAL_REPRESENTATION('',(#12203),#12207);
#12203 = LINE('',#12204,#12205);
#12204 = CARTESIAN_POINT('',(-0.,0.628674283904));
#12205 = VECTOR('',#12206,1.);
#12206 = DIRECTION('',(-1.,0.));
#12207 = ( GEOMETRIC_REPRESENTATION_CONTEXT(2) 
PARAMETRIC_REPRESENTATION_CONTEXT() REPRESENTATION_CONTEXT('2D SPACE',''
  ) );
#12208 = PCURVE('',#10274,#12209);
#12209 = DEFINITIONAL_REPRESENTATION('',(#12210),#12214);
#12210 = LINE('',#12211,#12212);
#12211 = CARTESIAN_POINT('',(-0.,0.));
#12212 = VECTOR('',#12213,1.);
#12213 = DIRECTION('',(-1.,0.));
#12214 = ( GEOMETRIC_REPRESENTATION_CONTEXT(2) 
PARAMETRIC_REPRESENTATION_CONTEXT() REPRESENTATION_CONTEXT('2D SPACE',''
  ) );
#12215 = ADVANCED_FACE('',(#12216),#10274,.F.);
#12216 = FACE_BOUND('',#12217,.T.);
#12217 = EDGE_LOOP('',(#12218,#12219,#12220,#12221));
#12218 = ORIENTED_EDGE('',*,*,#10258,.F.);
#12219 = ORIENTED_EDGE('',*,*,#12194,.T.);
#12220 = ORIENTED_EDGE('',*,*,#10923,.T.);
#12221 = ORIENTED_EDGE('',*,*,#12222,.F.);
#12222 = EDGE_CURVE('',#10231,#10924,#12223,.T.);
#12223 = SURFACE_CURVE('',#12224,(#12229,#12236),.PCURVE_S1.);
#12224 = CIRCLE('',#12225,146.11348193347);
#12225 = AXIS2_PLACEMENT_3D('',#12226,#12227,#12228);
#12226 = CARTESIAN_POINT('',(0.,0.,-298.3260511387));
#12227 = DIRECTION('',(0.,0.,1.));
#12228 = DIRECTION('',(1.,0.,-0.));
#12229 = PCURVE('',#10274,#12230);
#12230 = DEFINITIONAL_REPRESENTATION('',(#12231),#12235);
#12231 = LINE('',#12232,#12233);
#12232 = CARTESIAN_POINT('',(-0.,0.60144534183));
#12233 = VECTOR('',#12234,1.);
#12234 = DIRECTION('',(-1.,0.));
#12235 = ( GEOMETRIC_REPRESENTATION_CONTEXT(2) 
PARAMETRIC_REPRESENTATION_CONTEXT() REPRESENTATION_CONTEXT('2D SPACE',''
  ) );
#12236 = PCURVE('',#10246,#12237);
#12237 = DEFINITIONAL_REPRESENTATION('',(#12238),#12242);
#12238 = LINE('',#12239,#12240);
#12239 = CARTESIAN_POINT('',(-0.,0.));
#12240 = VECTOR('',#12241,1.);
#12241 = DIRECTION('',(-1.,0.));
#12242 = ( GEOMETRIC_REPRESENTATION_CONTEXT(2) 
PARAMETRIC_REPRESENTATION_CONTEXT() REPRESENTATION_CONTEXT('2D SPACE',''
  ) );
#12243 = ADVANCED_FACE('',(#12244),#10246,.F.);
#12244 = FACE_BOUND('',#12245,.T.);
#12245 = EDGE_LOOP('',(#12246,#12247,#12248,#12249));
#12246 = ORIENTED_EDGE('',*,*,#10230,.F.);
#12247 = ORIENTED_EDGE('',*,*,#12222,.T.);
#12248 = ORIENTED_EDGE('',*,*,#10944,.T.);
#12249 = ORIENTED_EDGE('',*,*,#12250,.F.);
#12250 = EDGE_CURVE('',#10203,#10945,#12251,.T.);
#12251 = SURFACE_CURVE('',#12252,(#12257,#12264),.PCURVE_S1.);
#12252 = CIRCLE('',#12253,147.40537654019);
#12253 = AXIS2_PLACEMENT_3D('',#12254,#12255,#12256);
#12254 = CARTESIAN_POINT('',(0.,0.,-298.8992773483));
#12255 = DIRECTION('',(0.,0.,1.));
#12256 = DIRECTION('',(1.,0.,-0.));
#12257 = PCURVE('',#10246,#12258);
#12258 = DEFINITIONAL_REPRESENTATION('',(#12259),#12263);
#12259 = LINE('',#12260,#12261);
#12260 = CARTESIAN_POINT('',(-0.,0.573226209676));
#12261 = VECTOR('',#12262,1.);
#12262 = DIRECTION('',(-1.,0.));
#12263 = ( GEOMETRIC_REPRESENTATION_CONTEXT(2) 
PARAMETRIC_REPRESENTATION_CONTEXT() REPRESENTATION_CONTEXT('2D SPACE',''
  ) );
#12264 = PCURVE('',#10218,#12265);
#12265 = DEFINITIONAL_REPRESENTATION('',(#12266),#12270);
#12266 = LINE('',#12267,#12268);
#12267 = CARTESIAN_POINT('',(-0.,0.));
#12268 = VECTOR('',#12269,1.);
#12269 = DIRECTION('',(-1.,0.));
#12270 = ( GEOMETRIC_REPRESENTATION_CONTEXT(2) 
PARAMETRIC_REPRESENTATION_CONTEXT() REPRESENTATION_CONTEXT('2D SPACE',''
  ) );
#12271 = ADVANCED_FACE('',(#12272),#10218,.F.);
#12272 = FACE_BOUND('',#12273,.T.);
#12273 = EDGE_LOOP('',(#12274,#12275,#12276,#12277));
#12274 = ORIENTED_EDGE('',*,*,#10202,.F.);
#12275 = ORIENTED_EDGE('',*,*,#12250,.T.);
#12276 = ORIENTED_EDGE('',*,*,#10965,.T.);
#12277 = ORIENTED_EDGE('',*,*,#12278,.F.);
#12278 = EDGE_CURVE('',#10175,#10966,#12279,.T.);
#12279 = SURFACE_CURVE('',#12280,(#12285,#12292),.PCURVE_S1.);
#12280 = CIRCLE('',#12281,148.70158467144);
#12281 = AXIS2_PLACEMENT_3D('',#12282,#12283,#12284);
#12282 = CARTESIAN_POINT('',(0.,0.,-299.4431336418));
#12283 = DIRECTION('',(0.,0.,1.));
#12284 = DIRECTION('',(1.,0.,-0.));
#12285 = PCURVE('',#10218,#12286);
#12286 = DEFINITIONAL_REPRESENTATION('',(#12287),#12291);
#12287 = LINE('',#12288,#12289);
#12288 = CARTESIAN_POINT('',(-0.,0.543856293486));
#12289 = VECTOR('',#12290,1.);
#12290 = DIRECTION('',(-1.,0.));
#12291 = ( GEOMETRIC_REPRESENTATION_CONTEXT(2) 
PARAMETRIC_REPRESENTATION_CONTEXT() REPRESENTATION_CONTEXT('2D SPACE',''
  ) );
#12292 = PCURVE('',#10190,#12293);
#12293 = DEFINITIONAL_REPRESENTATION('',(#12294),#12298);
#12294 = LINE('',#12295,#12296);
#12295 = CARTESIAN_POINT('',(-0.,0.));
#12296 = VECTOR('',#12297,1.);
#12297 = DIRECTION('',(-1.,0.));
#12298 = ( GEOMETRIC_REPRESENTATION_CONTEXT(2) 
PARAMETRIC_REPRESENTATION_CONTEXT() REPRESENTATION_CONTEXT('2D SPACE',''
  ) );
#12299 = ADVANCED_FACE('',(#12300),#10190,.F.);
#12300 = FACE_BOUND('',#12301,.T.);
#12301 = EDGE_LOOP('',(#12302,#12303,#12304,#12305));
#12302 = ORIENTED_EDGE('',*,*,#10174,.F.);
#12303 = ORIENTED_EDGE('',*,*,#12278,.T.);
#12304 = ORIENTED_EDGE('',*,*,#10986,.T.);
#12305 = ORIENTED_EDGE('',*,*,#12306,.F.);
#12306 = EDGE_CURVE('',#10147,#10987,#12307,.T.);
#12307 = SURFACE_CURVE('',#12308,(#12313,#12320),.PCURVE_S1.);
#12308 = CIRCLE('',#12309,150.00209202015);
#12309 = AXIS2_PLACEMENT_3D('',#12310,#12311,#12312);
#12310 = CARTESIAN_POINT('',(0.,0.,-299.9562648333));
#12311 = DIRECTION('',(0.,0.,1.));
#12312 = DIRECTION('',(1.,0.,-0.));
#12313 = PCURVE('',#10190,#12314);
#12314 = DEFINITIONAL_REPRESENTATION('',(#12315),#12319);
#12315 = LINE('',#12316,#12317);
#12316 = CARTESIAN_POINT('',(-0.,0.513131191472));
#12317 = VECTOR('',#12318,1.);
#12318 = DIRECTION('',(-1.,0.));
#12319 = ( GEOMETRIC_REPRESENTATION_CONTEXT(2) 
PARAMETRIC_REPRESENTATION_CONTEXT() REPRESENTATION_CONTEXT('2D SPACE',''
  ) );
#12320 = PCURVE('',#10162,#12321);
#12321 = DEFINITIONAL_REPRESENTATION('',(#12322),#12326);
#12322 = LINE('',#12323,#12324);
#12323 = CARTESIAN_POINT('',(-0.,0.));
#12324 = VECTOR('',#12325,1.);
#12325 = DIRECTION('',(-1.,0.));
#12326 = ( GEOMETRIC_REPRESENTATION_CONTEXT(2) 
PARAMETRIC_REPRESENTATION_CONTEXT() REPRESENTATION_CONTEXT('2D SPACE',''
  ) );
#12327 = ADVANCED_FACE('',(#12328),#10162,.F.);
#12328 = FACE_BOUND('',#12329,.T.);
#12329 = EDGE_LOOP('',(#12330,#12331,#12332,#12333));
#12330 = ORIENTED_EDGE('',*,*,#10146,.F.);
#12331 = ORIENTED_EDGE('',*,*,#12306,.T.);
#12332 = ORIENTED_EDGE('',*,*,#11007,.T.);
#12333 = ORIENTED_EDGE('',*,*,#12334,.F.);
#12334 = EDGE_CURVE('',#10119,#11008,#12335,.T.);
#12335 = SURFACE_CURVE('',#12336,(#12341,#12348),.PCURVE_S1.);
#12336 = CIRCLE('',#12337,151.30688442066);
#12337 = AXIS2_PLACEMENT_3D('',#12338,#12339,#12340);
#12338 = CARTESIAN_POINT('',(0.,0.,-300.4370486378));
#12339 = DIRECTION('',(0.,0.,1.));
#12340 = DIRECTION('',(1.,0.,-0.));
#12341 = PCURVE('',#10162,#12342);
#12342 = DEFINITIONAL_REPRESENTATION('',(#12343),#12347);
#12343 = LINE('',#12344,#12345);
#12344 = CARTESIAN_POINT('',(-0.,0.480783804472));
#12345 = VECTOR('',#12346,1.);
#12346 = DIRECTION('',(-1.,0.));
#12347 = ( GEOMETRIC_REPRESENTATION_CONTEXT(2) 
PARAMETRIC_REPRESENTATION_CONTEXT() REPRESENTATION_CONTEXT('2D SPACE',''
  ) );
#12348 = PCURVE('',#10134,#12349);
#12349 = DEFINITIONAL_REPRESENTATION('',(#12350),#12354);
#12350 = LINE('',#12351,#12352);
#12351 = CARTESIAN_POINT('',(-0.,0.));
#12352 = VECTOR('',#12353,1.);
#12353 = DIRECTION('',(-1.,0.));
#12354 = ( GEOMETRIC_REPRESENTATION_CONTEXT(2) 
PARAMETRIC_REPRESENTATION_CONTEXT() REPRESENTATION_CONTEXT('2D SPACE',''
  ) );
#12355 = ADVANCED_FACE('',(#12356),#10134,.F.);
#12356 = FACE_BOUND('',#12357,.T.);
#12357 = EDGE_LOOP('',(#12358,#12359,#12360,#12361));
#12358 = ORIENTED_EDGE('',*,*,#10118,.F.);
#12359 = ORIENTED_EDGE('',*,*,#12334,.T.);
#12360 = ORIENTED_EDGE('',*,*,#11028,.T.);
#12361 = ORIENTED_EDGE('',*,*,#12362,.F.);
#12362 = EDGE_CURVE('',#10091,#11029,#12363,.T.);
#12363 = SURFACE_CURVE('',#12364,(#12369,#12376),.PCURVE_S1.);
#12364 = CIRCLE('',#12365,152.61594784643);
#12365 = AXIS2_PLACEMENT_3D('',#12366,#12367,#12368);
#12366 = CARTESIAN_POINT('',(0.,0.,-300.883502125));
#12367 = DIRECTION('',(0.,0.,1.));
#12368 = DIRECTION('',(1.,0.,-0.));
#12369 = PCURVE('',#10134,#12370);
#12370 = DEFINITIONAL_REPRESENTATION('',(#12371),#12375);
#12371 = LINE('',#12372,#12373);
#12372 = CARTESIAN_POINT('',(-0.,0.446453487233));
#12373 = VECTOR('',#12374,1.);
#12374 = DIRECTION('',(-1.,0.));
#12375 = ( GEOMETRIC_REPRESENTATION_CONTEXT(2) 
PARAMETRIC_REPRESENTATION_CONTEXT() REPRESENTATION_CONTEXT('2D SPACE',''
  ) );
#12376 = PCURVE('',#10106,#12377);
#12377 = DEFINITIONAL_REPRESENTATION('',(#12378),#12382);
#12378 = LINE('',#12379,#12380);
#12379 = CARTESIAN_POINT('',(-0.,0.));
#12380 = VECTOR('',#12381,1.);
#12381 = DIRECTION('',(-1.,0.));
#12382 = ( GEOMETRIC_REPRESENTATION_CONTEXT(2) 
PARAMETRIC_REPRESENTATION_CONTEXT() REPRESENTATION_CONTEXT('2D SPACE',''
  ) );
#12383 = ADVANCED_FACE('',(#12384),#10106,.F.);
#12384 = FACE_BOUND('',#12385,.T.);
#12385 = EDGE_LOOP('',(#12386,#12387,#12388,#12389));
#12386 = ORIENTED_EDGE('',*,*,#10090,.F.);
#12387 = ORIENTED_EDGE('',*,*,#12362,.T.);
#12388 = ORIENTED_EDGE('',*,*,#11049,.T.);
#12389 = ORIENTED_EDGE('',*,*,#12390,.F.);
#12390 = EDGE_CURVE('',#10063,#11050,#12391,.T.);
#12391 = SURFACE_CURVE('',#12392,(#12397,#12404),.PCURVE_S1.);
#12392 = CIRCLE('',#12393,153.92926840776);
#12393 = AXIS2_PLACEMENT_3D('',#12394,#12395,#12396);
#12394 = CARTESIAN_POINT('',(0.,0.,-301.2931345499));
#12395 = DIRECTION('',(0.,0.,1.));
#12396 = DIRECTION('',(1.,0.,-0.));
#12397 = PCURVE('',#10106,#12398);
#12398 = DEFINITIONAL_REPRESENTATION('',(#12399),#12403);
#12399 = LINE('',#12400,#12401);
#12400 = CARTESIAN_POINT('',(-0.,0.409632424903));
#12401 = VECTOR('',#12402,1.);
#12402 = DIRECTION('',(-1.,0.));
#12403 = ( GEOMETRIC_REPRESENTATION_CONTEXT(2) 
PARAMETRIC_REPRESENTATION_CONTEXT() REPRESENTATION_CONTEXT('2D SPACE',''
  ) );
#12404 = PCURVE('',#10078,#12405);
#12405 = DEFINITIONAL_REPRESENTATION('',(#12406),#12410);
#12406 = LINE('',#12407,#12408);
#12407 = CARTESIAN_POINT('',(-0.,0.));
#12408 = VECTOR('',#12409,1.);
#12409 = DIRECTION('',(-1.,0.));
#12410 = ( GEOMETRIC_REPRESENTATION_CONTEXT(2) 
PARAMETRIC_REPRESENTATION_CONTEXT() REPRESENTATION_CONTEXT('2D SPACE',''
  ) );
#12411 = ADVANCED_FACE('',(#12412),#10078,.F.);
#12412 = FACE_BOUND('',#12413,.T.);
#12413 = EDGE_LOOP('',(#12414,#12415,#12416,#12417));
#12414 = ORIENTED_EDGE('',*,*,#10062,.F.);
#12415 = ORIENTED_EDGE('',*,*,#12390,.T.);
#12416 = ORIENTED_EDGE('',*,*,#11070,.T.);
#12417 = ORIENTED_EDGE('',*,*,#12418,.F.);
#12418 = EDGE_CURVE('',#10035,#11071,#12419,.T.);
#12419 = SURFACE_CURVE('',#12420,(#12425,#12432),.PCURVE_S1.);
#12420 = CIRCLE('',#12421,155.24683234959);
#12421 = AXIS2_PLACEMENT_3D('',#12422,#12423,#12424);
#12422 = CARTESIAN_POINT('',(0.,0.,-301.662699035));
#12423 = DIRECTION('',(0.,0.,1.));
#12424 = DIRECTION('',(1.,0.,-0.));
#12425 = PCURVE('',#10078,#12426);
#12426 = DEFINITIONAL_REPRESENTATION('',(#12427),#12431);
#12427 = LINE('',#12428,#12429);
#12428 = CARTESIAN_POINT('',(-0.,0.36956448512));
#12429 = VECTOR('',#12430,1.);
#12430 = DIRECTION('',(-1.,0.));
#12431 = ( GEOMETRIC_REPRESENTATION_CONTEXT(2) 
PARAMETRIC_REPRESENTATION_CONTEXT() REPRESENTATION_CONTEXT('2D SPACE',''
  ) );
#12432 = PCURVE('',#10050,#12433);
#12433 = DEFINITIONAL_REPRESENTATION('',(#12434),#12438);
#12434 = LINE('',#12435,#12436);
#12435 = CARTESIAN_POINT('',(-0.,0.));
#12436 = VECTOR('',#12437,1.);
#12437 = DIRECTION('',(-1.,0.));
#12438 = ( GEOMETRIC_REPRESENTATION_CONTEXT(2) 
PARAMETRIC_REPRESENTATION_CONTEXT() REPRESENTATION_CONTEXT('2D SPACE',''
  ) );
#12439 = ADVANCED_FACE('',(#12440),#10050,.F.);
#12440 = FACE_BOUND('',#12441,.T.);
#12441 = EDGE_LOOP('',(#12442,#12443,#12444,#12445));
#12442 = ORIENTED_EDGE('',*,*,#10034,.F.);
#12443 = ORIENTED_EDGE('',*,*,#12418,.T.);
#12444 = ORIENTED_EDGE('',*,*,#11091,.T.);
#12445 = ORIENTED_EDGE('',*,*,#12446,.F.);
#12446 = EDGE_CURVE('',#10007,#11092,#12447,.T.);
#12447 = SURFACE_CURVE('',#12448,(#12453,#12460),.PCURVE_S1.);
#12448 = CIRCLE('',#12449,156.56862604933);
#12449 = AXIS2_PLACEMENT_3D('',#12450,#12451,#12452);
#12450 = CARTESIAN_POINT('',(0.,0.,-301.9877307564));
#12451 = DIRECTION('',(0.,0.,1.));
#12452 = DIRECTION('',(1.,0.,-0.));
#12453 = PCURVE('',#10050,#12454);
#12454 = DEFINITIONAL_REPRESENTATION('',(#12455),#12459);
#12455 = LINE('',#12456,#12457);
#12456 = CARTESIAN_POINT('',(-0.,0.325031721382));
#12457 = VECTOR('',#12458,1.);
#12458 = DIRECTION('',(-1.,0.));
#12459 = ( GEOMETRIC_REPRESENTATION_CONTEXT(2) 
PARAMETRIC_REPRESENTATION_CONTEXT() REPRESENTATION_CONTEXT('2D SPACE',''
  ) );
#12460 = PCURVE('',#10022,#12461);
#12461 = DEFINITIONAL_REPRESENTATION('',(#12462),#12466);
#12462 = LINE('',#12463,#12464);
#12463 = CARTESIAN_POINT('',(-0.,0.));
#12464 = VECTOR('',#12465,1.);
#12465 = DIRECTION('',(-1.,0.));
#12466 = ( GEOMETRIC_REPRESENTATION_CONTEXT(2) 
PARAMETRIC_REPRESENTATION_CONTEXT() REPRESENTATION_CONTEXT('2D SPACE',''
  ) );
#12467 = ADVANCED_FACE('',(#12468),#10022,.F.);
#12468 = FACE_BOUND('',#12469,.T.);
#12469 = EDGE_LOOP('',(#12470,#12471,#12472,#12473));
#12470 = ORIENTED_EDGE('',*,*,#10006,.F.);
#12471 = ORIENTED_EDGE('',*,*,#12446,.T.);
#12472 = ORIENTED_EDGE('',*,*,#11112,.T.);
#12473 = ORIENTED_EDGE('',*,*,#12474,.F.);
#12474 = EDGE_CURVE('',#9979,#11113,#12475,.T.);
#12475 = SURFACE_CURVE('',#12476,(#12481,#12488),.PCURVE_S1.);
#12476 = CIRCLE('',#12477,157.89463601477);
#12477 = AXIS2_PLACEMENT_3D('',#12478,#12479,#12480);
#12478 = CARTESIAN_POINT('',(0.,0.,-302.2615524945));
#12479 = DIRECTION('',(0.,0.,1.));
#12480 = DIRECTION('',(1.,0.,-0.));
#12481 = PCURVE('',#10022,#12482);
#12482 = DEFINITIONAL_REPRESENTATION('',(#12483),#12487);
#12483 = LINE('',#12484,#12485);
#12484 = CARTESIAN_POINT('',(-0.,0.273821738097));
#12485 = VECTOR('',#12486,1.);
#12486 = DIRECTION('',(-1.,0.));
#12487 = ( GEOMETRIC_REPRESENTATION_CONTEXT(2) 
PARAMETRIC_REPRESENTATION_CONTEXT() REPRESENTATION_CONTEXT('2D SPACE',''
  ) );
#12488 = PCURVE('',#9994,#12489);
#12489 = DEFINITIONAL_REPRESENTATION('',(#12490),#12494);
#12490 = LINE('',#12491,#12492);
#12491 = CARTESIAN_POINT('',(-0.,0.));
#12492 = VECTOR('',#12493,1.);
#12493 = DIRECTION('',(-1.,0.));
#12494 = ( GEOMETRIC_REPRESENTATION_CONTEXT(2) 
PARAMETRIC_REPRESENTATION_CONTEXT() REPRESENTATION_CONTEXT('2D SPACE',''
  ) );
#12495 = ADVANCED_FACE('',(#12496),#9994,.F.);
#12496 = FACE_BOUND('',#12497,.T.);
#12497 = EDGE_LOOP('',(#12498,#12499,#12500,#12501));
#12498 = ORIENTED_EDGE('',*,*,#9978,.F.);
#12499 = ORIENTED_EDGE('',*,*,#12474,.T.);
#12500 = ORIENTED_EDGE('',*,*,#11133,.T.);
#12501 = ORIENTED_EDGE('',*,*,#12502,.F.);
#12502 = EDGE_CURVE('',#9951,#11134,#12503,.T.);
#12503 = SURFACE_CURVE('',#12504,(#12509,#12516),.PCURVE_S1.);
#12504 = CIRCLE('',#12505,159.22484888197);
#12505 = AXIS2_PLACEMENT_3D('',#12506,#12507,#12508);
#12506 = CARTESIAN_POINT('',(0.,0.,-302.4725097946));
#12507 = DIRECTION('',(0.,0.,1.));
#12508 = DIRECTION('',(1.,0.,-0.));
#12509 = PCURVE('',#9994,#12510);
#12510 = DEFINITIONAL_REPRESENTATION('',(#12511),#12515);
#12511 = LINE('',#12512,#12513);
#12512 = CARTESIAN_POINT('',(-0.,0.210957300122));
#12513 = VECTOR('',#12514,1.);
#12514 = DIRECTION('',(-1.,0.));
#12515 = ( GEOMETRIC_REPRESENTATION_CONTEXT(2) 
PARAMETRIC_REPRESENTATION_CONTEXT() REPRESENTATION_CONTEXT('2D SPACE',''
  ) );
#12516 = PCURVE('',#9966,#12517);
#12517 = DEFINITIONAL_REPRESENTATION('',(#12518),#12522);
#12518 = LINE('',#12519,#12520);
#12519 = CARTESIAN_POINT('',(-0.,0.));
#12520 = VECTOR('',#12521,1.);
#12521 = DIRECTION('',(-1.,0.));
#12522 = ( GEOMETRIC_REPRESENTATION_CONTEXT(2) 
PARAMETRIC_REPRESENTATION_CONTEXT() REPRESENTATION_CONTEXT('2D SPACE',''
  ) );
#12523 = ADVANCED_FACE('',(#12524),#9966,.F.);
#12524 = FACE_BOUND('',#12525,.T.);
#12525 = EDGE_LOOP('',(#12526,#12527,#12528,#12529));
#12526 = ORIENTED_EDGE('',*,*,#9950,.F.);
#12527 = ORIENTED_EDGE('',*,*,#12502,.T.);
#12528 = ORIENTED_EDGE('',*,*,#11154,.T.);
#12529 = ORIENTED_EDGE('',*,*,#12530,.F.);
#12530 = EDGE_CURVE('',#9925,#11155,#12531,.T.);
#12531 = SURFACE_CURVE('',#12532,(#12537,#12544),.PCURVE_S1.);
#12532 = CIRCLE('',#12533,160.55925141329);
#12533 = AXIS2_PLACEMENT_3D('',#12534,#12535,#12536);
#12534 = CARTESIAN_POINT('',(0.,0.,-302.5876340477));
#12535 = DIRECTION('',(0.,0.,1.));
#12536 = DIRECTION('',(1.,0.,-0.));
#12537 = PCURVE('',#9966,#12538);
#12538 = DEFINITIONAL_REPRESENTATION('',(#12539),#12543);
#12539 = LINE('',#12540,#12541);
#12540 = CARTESIAN_POINT('',(-0.,0.115124253023));
#12541 = VECTOR('',#12542,1.);
#12542 = DIRECTION('',(-1.,0.));
#12543 = ( GEOMETRIC_REPRESENTATION_CONTEXT(2) 
PARAMETRIC_REPRESENTATION_CONTEXT() REPRESENTATION_CONTEXT('2D SPACE',''
  ) );
#12544 = PCURVE('',#9939,#12545);
#12545 = DEFINITIONAL_REPRESENTATION('',(#12546),#12550);
#12546 = CIRCLE('',#12547,160.55925141329);
#12547 = AXIS2_PLACEMENT_2D('',#12548,#12549);
#12548 = CARTESIAN_POINT('',(0.,0.));
#12549 = DIRECTION('',(1.,-0.));
#12550 = ( GEOMETRIC_REPRESENTATION_CONTEXT(2) 
PARAMETRIC_REPRESENTATION_CONTEXT() REPRESENTATION_CONTEXT('2D SPACE',''
  ) );
#12551 = ADVANCED_FACE('',(#12552),#9939,.F.);
#12552 = FACE_BOUND('',#12553,.T.);
#12553 = EDGE_LOOP('',(#12554,#12555,#12556,#12557));
#12554 = ORIENTED_EDGE('',*,*,#9924,.F.);
#12555 = ORIENTED_EDGE('',*,*,#12530,.T.);
#12556 = ORIENTED_EDGE('',*,*,#11175,.F.);
#12557 = ORIENTED_EDGE('',*,*,#12558,.F.);
#12558 = EDGE_CURVE('',#9897,#11176,#12559,.T.);
#12559 = SURFACE_CURVE('',#12560,(#12565,#12572),.PCURVE_S1.);
#12560 = CIRCLE('',#12561,166.55925141329);
#12561 = AXIS2_PLACEMENT_3D('',#12562,#12563,#12564);
#12562 = CARTESIAN_POINT('',(0.,0.,-302.5876340477));
#12563 = DIRECTION('',(0.,0.,1.));
#12564 = DIRECTION('',(1.,0.,-0.));
#12565 = PCURVE('',#9939,#12566);
#12566 = DEFINITIONAL_REPRESENTATION('',(#12567),#12571);
#12567 = CIRCLE('',#12568,166.55925141329);
#12568 = AXIS2_PLACEMENT_2D('',#12569,#12570);
#12569 = CARTESIAN_POINT('',(0.,0.));
#12570 = DIRECTION('',(1.,-0.));
#12571 = ( GEOMETRIC_REPRESENTATION_CONTEXT(2) 
PARAMETRIC_REPRESENTATION_CONTEXT() REPRESENTATION_CONTEXT('2D SPACE',''
  ) );
#12572 = PCURVE('',#9912,#12573);
#12573 = DEFINITIONAL_REPRESENTATION('',(#12574),#12578);
#12574 = LINE('',#12575,#12576);
#12575 = CARTESIAN_POINT('',(-0.,-0.));
#12576 = VECTOR('',#12577,1.);
#12577 = DIRECTION('',(-1.,-0.));
#12578 = ( GEOMETRIC_REPRESENTATION_CONTEXT(2) 
PARAMETRIC_REPRESENTATION_CONTEXT() REPRESENTATION_CONTEXT('2D SPACE',''
  ) );
#12579 = ADVANCED_FACE('',(#12580),#9912,.T.);
#12580 = FACE_BOUND('',#12581,.T.);
#12581 = EDGE_LOOP('',(#12582,#12583,#12584,#12585));
#12582 = ORIENTED_EDGE('',*,*,#9896,.F.);
#12583 = ORIENTED_EDGE('',*,*,#12558,.T.);
#12584 = ORIENTED_EDGE('',*,*,#11196,.F.);
#12585 = ORIENTED_EDGE('',*,*,#12586,.F.);
#12586 = EDGE_CURVE('',#9869,#11197,#12587,.T.);
#12587 = SURFACE_CURVE('',#12588,(#12593,#12600),.PCURVE_S1.);
#12588 = CIRCLE('',#12589,165.22484888197);
#12589 = AXIS2_PLACEMENT_3D('',#12590,#12591,#12592);
#12590 = CARTESIAN_POINT('',(0.,0.,-302.4725097946));
#12591 = DIRECTION('',(0.,0.,1.));
#12592 = DIRECTION('',(1.,0.,-0.));
#12593 = PCURVE('',#9912,#12594);
#12594 = DEFINITIONAL_REPRESENTATION('',(#12595),#12599);
#12595 = LINE('',#12596,#12597);
#12596 = CARTESIAN_POINT('',(-0.,-0.115124253023));
#12597 = VECTOR('',#12598,1.);
#12598 = DIRECTION('',(-1.,-0.));
#12599 = ( GEOMETRIC_REPRESENTATION_CONTEXT(2) 
PARAMETRIC_REPRESENTATION_CONTEXT() REPRESENTATION_CONTEXT('2D SPACE',''
  ) );
#12600 = PCURVE('',#9884,#12601);
#12601 = DEFINITIONAL_REPRESENTATION('',(#12602),#12606);
#12602 = LINE('',#12603,#12604);
#12603 = CARTESIAN_POINT('',(-0.,-0.));
#12604 = VECTOR('',#12605,1.);
#12605 = DIRECTION('',(-1.,-0.));
#12606 = ( GEOMETRIC_REPRESENTATION_CONTEXT(2) 
PARAMETRIC_REPRESENTATION_CONTEXT() REPRESENTATION_CONTEXT('2D SPACE',''
  ) );
#12607 = ADVANCED_FACE('',(#12608),#9884,.T.);
#12608 = FACE_BOUND('',#12609,.T.);
#12609 = EDGE_LOOP('',(#12610,#12611,#12612,#12613));
#12610 = ORIENTED_EDGE('',*,*,#9868,.F.);
#12611 = ORIENTED_EDGE('',*,*,#12586,.T.);
#12612 = ORIENTED_EDGE('',*,*,#11217,.F.);
#12613 = ORIENTED_EDGE('',*,*,#12614,.F.);
#12614 = EDGE_CURVE('',#9841,#11218,#12615,.T.);
#12615 = SURFACE_CURVE('',#12616,(#12621,#12628),.PCURVE_S1.);
#12616 = CIRCLE('',#12617,163.89463601477);
#12617 = AXIS2_PLACEMENT_3D('',#12618,#12619,#12620);
#12618 = CARTESIAN_POINT('',(0.,0.,-302.2615524945));
#12619 = DIRECTION('',(0.,0.,1.));
#12620 = DIRECTION('',(1.,0.,-0.));
#12621 = PCURVE('',#9884,#12622);
#12622 = DEFINITIONAL_REPRESENTATION('',(#12623),#12627);
#12623 = LINE('',#12624,#12625);
#12624 = CARTESIAN_POINT('',(-0.,-0.210957300122));
#12625 = VECTOR('',#12626,1.);
#12626 = DIRECTION('',(-1.,-0.));
#12627 = ( GEOMETRIC_REPRESENTATION_CONTEXT(2) 
PARAMETRIC_REPRESENTATION_CONTEXT() REPRESENTATION_CONTEXT('2D SPACE',''
  ) );
#12628 = PCURVE('',#9856,#12629);
#12629 = DEFINITIONAL_REPRESENTATION('',(#12630),#12634);
#12630 = LINE('',#12631,#12632);
#12631 = CARTESIAN_POINT('',(-0.,-0.));
#12632 = VECTOR('',#12633,1.);
#12633 = DIRECTION('',(-1.,-0.));
#12634 = ( GEOMETRIC_REPRESENTATION_CONTEXT(2) 
PARAMETRIC_REPRESENTATION_CONTEXT() REPRESENTATION_CONTEXT('2D SPACE',''
  ) );
#12635 = ADVANCED_FACE('',(#12636),#9856,.T.);
#12636 = FACE_BOUND('',#12637,.T.);
#12637 = EDGE_LOOP('',(#12638,#12639,#12640,#12641));
#12638 = ORIENTED_EDGE('',*,*,#9840,.F.);
#12639 = ORIENTED_EDGE('',*,*,#12614,.T.);
#12640 = ORIENTED_EDGE('',*,*,#11238,.F.);
#12641 = ORIENTED_EDGE('',*,*,#12642,.F.);
#12642 = EDGE_CURVE('',#9813,#11239,#12643,.T.);
#12643 = SURFACE_CURVE('',#12644,(#12649,#12656),.PCURVE_S1.);
#12644 = CIRCLE('',#12645,162.56862604933);
#12645 = AXIS2_PLACEMENT_3D('',#12646,#12647,#12648);
#12646 = CARTESIAN_POINT('',(0.,0.,-301.9877307564));
#12647 = DIRECTION('',(0.,0.,1.));
#12648 = DIRECTION('',(1.,0.,-0.));
#12649 = PCURVE('',#9856,#12650);
#12650 = DEFINITIONAL_REPRESENTATION('',(#12651),#12655);
#12651 = LINE('',#12652,#12653);
#12652 = CARTESIAN_POINT('',(-0.,-0.273821738097));
#12653 = VECTOR('',#12654,1.);
#12654 = DIRECTION('',(-1.,-0.));
#12655 = ( GEOMETRIC_REPRESENTATION_CONTEXT(2) 
PARAMETRIC_REPRESENTATION_CONTEXT() REPRESENTATION_CONTEXT('2D SPACE',''
  ) );
#12656 = PCURVE('',#9828,#12657);
#12657 = DEFINITIONAL_REPRESENTATION('',(#12658),#12662);
#12658 = LINE('',#12659,#12660);
#12659 = CARTESIAN_POINT('',(-0.,-0.));
#12660 = VECTOR('',#12661,1.);
#12661 = DIRECTION('',(-1.,-0.));
#12662 = ( GEOMETRIC_REPRESENTATION_CONTEXT(2) 
PARAMETRIC_REPRESENTATION_CONTEXT() REPRESENTATION_CONTEXT('2D SPACE',''
  ) );
#12663 = ADVANCED_FACE('',(#12664),#9828,.T.);
#12664 = FACE_BOUND('',#12665,.T.);
#12665 = EDGE_LOOP('',(#12666,#12667,#12668,#12669));
#12666 = ORIENTED_EDGE('',*,*,#9812,.F.);
#12667 = ORIENTED_EDGE('',*,*,#12642,.T.);
#12668 = ORIENTED_EDGE('',*,*,#11259,.F.);
#12669 = ORIENTED_EDGE('',*,*,#12670,.F.);
#12670 = EDGE_CURVE('',#9785,#11260,#12671,.T.);
#12671 = SURFACE_CURVE('',#12672,(#12677,#12684),.PCURVE_S1.);
#12672 = CIRCLE('',#12673,161.24683234959);
#12673 = AXIS2_PLACEMENT_3D('',#12674,#12675,#12676);
#12674 = CARTESIAN_POINT('',(0.,0.,-301.662699035));
#12675 = DIRECTION('',(0.,0.,1.));
#12676 = DIRECTION('',(1.,0.,-0.));
#12677 = PCURVE('',#9828,#12678);
#12678 = DEFINITIONAL_REPRESENTATION('',(#12679),#12683);
#12679 = LINE('',#12680,#12681);
#12680 = CARTESIAN_POINT('',(-0.,-0.325031721382));
#12681 = VECTOR('',#12682,1.);
#12682 = DIRECTION('',(-1.,-0.));
#12683 = ( GEOMETRIC_REPRESENTATION_CONTEXT(2) 
PARAMETRIC_REPRESENTATION_CONTEXT() REPRESENTATION_CONTEXT('2D SPACE',''
  ) );
#12684 = PCURVE('',#9800,#12685);
#12685 = DEFINITIONAL_REPRESENTATION('',(#12686),#12690);
#12686 = LINE('',#12687,#12688);
#12687 = CARTESIAN_POINT('',(-0.,-0.));
#12688 = VECTOR('',#12689,1.);
#12689 = DIRECTION('',(-1.,-0.));
#12690 = ( GEOMETRIC_REPRESENTATION_CONTEXT(2) 
PARAMETRIC_REPRESENTATION_CONTEXT() REPRESENTATION_CONTEXT('2D SPACE',''
  ) );
#12691 = ADVANCED_FACE('',(#12692),#9800,.T.);
#12692 = FACE_BOUND('',#12693,.T.);
#12693 = EDGE_LOOP('',(#12694,#12695,#12696,#12697));
#12694 = ORIENTED_EDGE('',*,*,#9784,.F.);
#12695 = ORIENTED_EDGE('',*,*,#12670,.T.);
#12696 = ORIENTED_EDGE('',*,*,#11280,.F.);
#12697 = ORIENTED_EDGE('',*,*,#12698,.F.);
#12698 = EDGE_CURVE('',#9757,#11281,#12699,.T.);
#12699 = SURFACE_CURVE('',#12700,(#12705,#12712),.PCURVE_S1.);
#12700 = CIRCLE('',#12701,159.92926840776);
#12701 = AXIS2_PLACEMENT_3D('',#12702,#12703,#12704);
#12702 = CARTESIAN_POINT('',(0.,0.,-301.2931345499));
#12703 = DIRECTION('',(0.,0.,1.));
#12704 = DIRECTION('',(1.,0.,-0.));
#12705 = PCURVE('',#9800,#12706);
#12706 = DEFINITIONAL_REPRESENTATION('',(#12707),#12711);
#12707 = LINE('',#12708,#12709);
#12708 = CARTESIAN_POINT('',(-0.,-0.36956448512));
#12709 = VECTOR('',#12710,1.);
#12710 = DIRECTION('',(-1.,-0.));
#12711 = ( GEOMETRIC_REPRESENTATION_CONTEXT(2) 
PARAMETRIC_REPRESENTATION_CONTEXT() REPRESENTATION_CONTEXT('2D SPACE',''
  ) );
#12712 = PCURVE('',#9772,#12713);
#12713 = DEFINITIONAL_REPRESENTATION('',(#12714),#12718);
#12714 = LINE('',#12715,#12716);
#12715 = CARTESIAN_POINT('',(-0.,-0.));
#12716 = VECTOR('',#12717,1.);
#12717 = DIRECTION('',(-1.,-0.));
#12718 = ( GEOMETRIC_REPRESENTATION_CONTEXT(2) 
PARAMETRIC_REPRESENTATION_CONTEXT() REPRESENTATION_CONTEXT('2D SPACE',''
  ) );
#12719 = ADVANCED_FACE('',(#12720),#9772,.T.);
#12720 = FACE_BOUND('',#12721,.T.);
#12721 = EDGE_LOOP('',(#12722,#12723,#12724,#12725));
#12722 = ORIENTED_EDGE('',*,*,#9756,.F.);
#12723 = ORIENTED_EDGE('',*,*,#12698,.T.);
#12724 = ORIENTED_EDGE('',*,*,#11301,.F.);
#12725 = ORIENTED_EDGE('',*,*,#12726,.F.);
#12726 = EDGE_CURVE('',#9729,#11302,#12727,.T.);
#12727 = SURFACE_CURVE('',#12728,(#12733,#12740),.PCURVE_S1.);
#12728 = CIRCLE('',#12729,158.61594784643);
#12729 = AXIS2_PLACEMENT_3D('',#12730,#12731,#12732);
#12730 = CARTESIAN_POINT('',(0.,0.,-300.883502125));
#12731 = DIRECTION('',(0.,0.,1.));
#12732 = DIRECTION('',(1.,0.,-0.));
#12733 = PCURVE('',#9772,#12734);
#12734 = DEFINITIONAL_REPRESENTATION('',(#12735),#12739);
#12735 = LINE('',#12736,#12737);
#12736 = CARTESIAN_POINT('',(-0.,-0.409632424903));
#12737 = VECTOR('',#12738,1.);
#12738 = DIRECTION('',(-1.,-0.));
#12739 = ( GEOMETRIC_REPRESENTATION_CONTEXT(2) 
PARAMETRIC_REPRESENTATION_CONTEXT() REPRESENTATION_CONTEXT('2D SPACE',''
  ) );
#12740 = PCURVE('',#9744,#12741);
#12741 = DEFINITIONAL_REPRESENTATION('',(#12742),#12746);
#12742 = LINE('',#12743,#12744);
#12743 = CARTESIAN_POINT('',(-0.,-0.));
#12744 = VECTOR('',#12745,1.);
#12745 = DIRECTION('',(-1.,-0.));
#12746 = ( GEOMETRIC_REPRESENTATION_CONTEXT(2) 
PARAMETRIC_REPRESENTATION_CONTEXT() REPRESENTATION_CONTEXT('2D SPACE',''
  ) );
#12747 = ADVANCED_FACE('',(#12748),#9744,.T.);
#12748 = FACE_BOUND('',#12749,.T.);
#12749 = EDGE_LOOP('',(#12750,#12751,#12752,#12753));
#12750 = ORIENTED_EDGE('',*,*,#9728,.F.);
#12751 = ORIENTED_EDGE('',*,*,#12726,.T.);
#12752 = ORIENTED_EDGE('',*,*,#11322,.F.);
#12753 = ORIENTED_EDGE('',*,*,#12754,.F.);
#12754 = EDGE_CURVE('',#9701,#11323,#12755,.T.);
#12755 = SURFACE_CURVE('',#12756,(#12761,#12768),.PCURVE_S1.);
#12756 = CIRCLE('',#12757,157.30688442066);
#12757 = AXIS2_PLACEMENT_3D('',#12758,#12759,#12760);
#12758 = CARTESIAN_POINT('',(0.,0.,-300.4370486378));
#12759 = DIRECTION('',(0.,0.,1.));
#12760 = DIRECTION('',(1.,0.,-0.));
#12761 = PCURVE('',#9744,#12762);
#12762 = DEFINITIONAL_REPRESENTATION('',(#12763),#12767);
#12763 = LINE('',#12764,#12765);
#12764 = CARTESIAN_POINT('',(-0.,-0.446453487233));
#12765 = VECTOR('',#12766,1.);
#12766 = DIRECTION('',(-1.,-0.));
#12767 = ( GEOMETRIC_REPRESENTATION_CONTEXT(2) 
PARAMETRIC_REPRESENTATION_CONTEXT() REPRESENTATION_CONTEXT('2D SPACE',''
  ) );
#12768 = PCURVE('',#9716,#12769);
#12769 = DEFINITIONAL_REPRESENTATION('',(#12770),#12774);
#12770 = LINE('',#12771,#12772);
#12771 = CARTESIAN_POINT('',(-0.,-0.));
#12772 = VECTOR('',#12773,1.);
#12773 = DIRECTION('',(-1.,-0.));
#12774 = ( GEOMETRIC_REPRESENTATION_CONTEXT(2) 
PARAMETRIC_REPRESENTATION_CONTEXT() REPRESENTATION_CONTEXT('2D SPACE',''
  ) );
#12775 = ADVANCED_FACE('',(#12776),#9716,.T.);
#12776 = FACE_BOUND('',#12777,.T.);
#12777 = EDGE_LOOP('',(#12778,#12779,#12780,#12781));
#12778 = ORIENTED_EDGE('',*,*,#9700,.F.);
#12779 = ORIENTED_EDGE('',*,*,#12754,.T.);
#12780 = ORIENTED_EDGE('',*,*,#11343,.F.);
#12781 = ORIENTED_EDGE('',*,*,#12782,.F.);
#12782 = EDGE_CURVE('',#9673,#11344,#12783,.T.);
#12783 = SURFACE_CURVE('',#12784,(#12789,#12796),.PCURVE_S1.);
#12784 = CIRCLE('',#12785,156.00209202015);
#12785 = AXIS2_PLACEMENT_3D('',#12786,#12787,#12788);
#12786 = CARTESIAN_POINT('',(0.,0.,-299.9562648333));
#12787 = DIRECTION('',(0.,0.,1.));
#12788 = DIRECTION('',(1.,0.,-0.));
#12789 = PCURVE('',#9716,#12790);
#12790 = DEFINITIONAL_REPRESENTATION('',(#12791),#12795);
#12791 = LINE('',#12792,#12793);
#12792 = CARTESIAN_POINT('',(-0.,-0.480783804472));
#12793 = VECTOR('',#12794,1.);
#12794 = DIRECTION('',(-1.,-0.));
#12795 = ( GEOMETRIC_REPRESENTATION_CONTEXT(2) 
PARAMETRIC_REPRESENTATION_CONTEXT() REPRESENTATION_CONTEXT('2D SPACE',''
  ) );
#12796 = PCURVE('',#9688,#12797);
#12797 = DEFINITIONAL_REPRESENTATION('',(#12798),#12802);
#12798 = LINE('',#12799,#12800);
#12799 = CARTESIAN_POINT('',(-0.,-0.));
#12800 = VECTOR('',#12801,1.);
#12801 = DIRECTION('',(-1.,-0.));
#12802 = ( GEOMETRIC_REPRESENTATION_CONTEXT(2) 
PARAMETRIC_REPRESENTATION_CONTEXT() REPRESENTATION_CONTEXT('2D SPACE',''
  ) );
#12803 = ADVANCED_FACE('',(#12804),#9688,.T.);
#12804 = FACE_BOUND('',#12805,.T.);
#12805 = EDGE_LOOP('',(#12806,#12807,#12808,#12809));
#12806 = ORIENTED_EDGE('',*,*,#9672,.F.);
#12807 = ORIENTED_EDGE('',*,*,#12782,.T.);
#12808 = ORIENTED_EDGE('',*,*,#11364,.F.);
#12809 = ORIENTED_EDGE('',*,*,#12810,.F.);
#12810 = EDGE_CURVE('',#9645,#11365,#12811,.T.);
#12811 = SURFACE_CURVE('',#12812,(#12817,#12824),.PCURVE_S1.);
#12812 = CIRCLE('',#12813,154.70158467144);
#12813 = AXIS2_PLACEMENT_3D('',#12814,#12815,#12816);
#12814 = CARTESIAN_POINT('',(0.,0.,-299.4431336418));
#12815 = DIRECTION('',(0.,0.,1.));
#12816 = DIRECTION('',(1.,0.,-0.));
#12817 = PCURVE('',#9688,#12818);
#12818 = DEFINITIONAL_REPRESENTATION('',(#12819),#12823);
#12819 = LINE('',#12820,#12821);
#12820 = CARTESIAN_POINT('',(-0.,-0.513131191472));
#12821 = VECTOR('',#12822,1.);
#12822 = DIRECTION('',(-1.,-0.));
#12823 = ( GEOMETRIC_REPRESENTATION_CONTEXT(2) 
PARAMETRIC_REPRESENTATION_CONTEXT() REPRESENTATION_CONTEXT('2D SPACE',''
  ) );
#12824 = PCURVE('',#9660,#12825);
#12825 = DEFINITIONAL_REPRESENTATION('',(#12826),#12830);
#12826 = LINE('',#12827,#12828);
#12827 = CARTESIAN_POINT('',(-0.,-0.));
#12828 = VECTOR('',#12829,1.);
#12829 = DIRECTION('',(-1.,-0.));
#12830 = ( GEOMETRIC_REPRESENTATION_CONTEXT(2) 
PARAMETRIC_REPRESENTATION_CONTEXT() REPRESENTATION_CONTEXT('2D SPACE',''
  ) );
#12831 = ADVANCED_FACE('',(#12832),#9660,.T.);
#12832 = FACE_BOUND('',#12833,.T.);
#12833 = EDGE_LOOP('',(#12834,#12835,#12836,#12837));
#12834 = ORIENTED_EDGE('',*,*,#9644,.F.);
#12835 = ORIENTED_EDGE('',*,*,#12810,.T.);
#12836 = ORIENTED_EDGE('',*,*,#11385,.F.);
#12837 = ORIENTED_EDGE('',*,*,#12838,.F.);
#12838 = EDGE_CURVE('',#9617,#11386,#12839,.T.);
#12839 = SURFACE_CURVE('',#12840,(#12845,#12852),.PCURVE_S1.);
#12840 = CIRCLE('',#12841,153.40537654019);
#12841 = AXIS2_PLACEMENT_3D('',#12842,#12843,#12844);
#12842 = CARTESIAN_POINT('',(0.,0.,-298.8992773483));
#12843 = DIRECTION('',(0.,0.,1.));
#12844 = DIRECTION('',(1.,0.,-0.));
#12845 = PCURVE('',#9660,#12846);
#12846 = DEFINITIONAL_REPRESENTATION('',(#12847),#12851);
#12847 = LINE('',#12848,#12849);
#12848 = CARTESIAN_POINT('',(-0.,-0.543856293486));
#12849 = VECTOR('',#12850,1.);
#12850 = DIRECTION('',(-1.,-0.));
#12851 = ( GEOMETRIC_REPRESENTATION_CONTEXT(2) 
PARAMETRIC_REPRESENTATION_CONTEXT() REPRESENTATION_CONTEXT('2D SPACE',''
  ) );
#12852 = PCURVE('',#9632,#12853);
#12853 = DEFINITIONAL_REPRESENTATION('',(#12854),#12858);
#12854 = LINE('',#12855,#12856);
#12855 = CARTESIAN_POINT('',(-0.,-0.));
#12856 = VECTOR('',#12857,1.);
#12857 = DIRECTION('',(-1.,-0.));
#12858 = ( GEOMETRIC_REPRESENTATION_CONTEXT(2) 
PARAMETRIC_REPRESENTATION_CONTEXT() REPRESENTATION_CONTEXT('2D SPACE',''
  ) );
#12859 = ADVANCED_FACE('',(#12860),#9632,.T.);
#12860 = FACE_BOUND('',#12861,.T.);
#12861 = EDGE_LOOP('',(#12862,#12863,#12864,#12865));
#12862 = ORIENTED_EDGE('',*,*,#9616,.F.);
#12863 = ORIENTED_EDGE('',*,*,#12838,.T.);
#12864 = ORIENTED_EDGE('',*,*,#11406,.F.);
#12865 = ORIENTED_EDGE('',*,*,#12866,.F.);
#12866 = EDGE_CURVE('',#9589,#11407,#12867,.T.);
#12867 = SURFACE_CURVE('',#12868,(#12873,#12880),.PCURVE_S1.);
#12868 = CIRCLE('',#12869,152.11348193347);
#12869 = AXIS2_PLACEMENT_3D('',#12870,#12871,#12872);
#12870 = CARTESIAN_POINT('',(0.,0.,-298.3260511387));
#12871 = DIRECTION('',(0.,0.,1.));
#12872 = DIRECTION('',(1.,0.,-0.));
#12873 = PCURVE('',#9632,#12874);
#12874 = DEFINITIONAL_REPRESENTATION('',(#12875),#12879);
#12875 = LINE('',#12876,#12877);
#12876 = CARTESIAN_POINT('',(-0.,-0.573226209676));
#12877 = VECTOR('',#12878,1.);
#12878 = DIRECTION('',(-1.,-0.));
#12879 = ( GEOMETRIC_REPRESENTATION_CONTEXT(2) 
PARAMETRIC_REPRESENTATION_CONTEXT() REPRESENTATION_CONTEXT('2D SPACE',''
  ) );
#12880 = PCURVE('',#9604,#12881);
#12881 = DEFINITIONAL_REPRESENTATION('',(#12882),#12886);
#12882 = LINE('',#12883,#12884);
#12883 = CARTESIAN_POINT('',(-0.,-0.));
#12884 = VECTOR('',#12885,1.);
#12885 = DIRECTION('',(-1.,-0.));
#12886 = ( GEOMETRIC_REPRESENTATION_CONTEXT(2) 
PARAMETRIC_REPRESENTATION_CONTEXT() REPRESENTATION_CONTEXT('2D SPACE',''
  ) );
#12887 = ADVANCED_FACE('',(#12888),#9604,.T.);
#12888 = FACE_BOUND('',#12889,.T.);
#12889 = EDGE_LOOP('',(#12890,#12891,#12892,#12893));
#12890 = ORIENTED_EDGE('',*,*,#9588,.F.);
#12891 = ORIENTED_EDGE('',*,*,#12866,.T.);
#12892 = ORIENTED_EDGE('',*,*,#11427,.F.);
#12893 = ORIENTED_EDGE('',*,*,#12894,.F.);
#12894 = EDGE_CURVE('',#9561,#11428,#12895,.T.);
#12895 = SURFACE_CURVE('',#12896,(#12901,#12908),.PCURVE_S1.);
#12896 = CIRCLE('',#12897,150.82591530215);
#12897 = AXIS2_PLACEMENT_3D('',#12898,#12899,#12900);
#12898 = CARTESIAN_POINT('',(0.,0.,-297.7246057968));
#12899 = DIRECTION('',(0.,0.,1.));
#12900 = DIRECTION('',(1.,0.,-0.));
#12901 = PCURVE('',#9604,#12902);
#12902 = DEFINITIONAL_REPRESENTATION('',(#12903),#12907);
#12903 = LINE('',#12904,#12905);
#12904 = CARTESIAN_POINT('',(-0.,-0.60144534183));
#12905 = VECTOR('',#12906,1.);
#12906 = DIRECTION('',(-1.,-0.));
#12907 = ( GEOMETRIC_REPRESENTATION_CONTEXT(2) 
PARAMETRIC_REPRESENTATION_CONTEXT() REPRESENTATION_CONTEXT('2D SPACE',''
  ) );
#12908 = PCURVE('',#9576,#12909);
#12909 = DEFINITIONAL_REPRESENTATION('',(#12910),#12914);
#12910 = LINE('',#12911,#12912);
#12911 = CARTESIAN_POINT('',(-0.,-0.));
#12912 = VECTOR('',#12913,1.);
#12913 = DIRECTION('',(-1.,-0.));
#12914 = ( GEOMETRIC_REPRESENTATION_CONTEXT(2) 
PARAMETRIC_REPRESENTATION_CONTEXT() REPRESENTATION_CONTEXT('2D SPACE',''
  ) );
#12915 = ADVANCED_FACE('',(#12916),#9576,.T.);
#12916 = FACE_BOUND('',#12917,.T.);
#12917 = EDGE_LOOP('',(#12918,#12919,#12920,#12921));
#12918 = ORIENTED_EDGE('',*,*,#9560,.F.);
#12919 = ORIENTED_EDGE('',*,*,#12894,.T.);
#12920 = ORIENTED_EDGE('',*,*,#11448,.F.);
#12921 = ORIENTED_EDGE('',*,*,#12922,.F.);
#12922 = EDGE_CURVE('',#9533,#11449,#12923,.T.);
#12923 = SURFACE_CURVE('',#12924,(#12929,#12936),.PCURVE_S1.);
#12924 = CIRCLE('',#12925,149.54269124333);
#12925 = AXIS2_PLACEMENT_3D('',#12926,#12927,#12928);
#12926 = CARTESIAN_POINT('',(0.,0.,-297.0959315129));
#12927 = DIRECTION('',(0.,0.,1.));
#12928 = DIRECTION('',(1.,0.,-0.));
#12929 = PCURVE('',#9576,#12930);
#12930 = DEFINITIONAL_REPRESENTATION('',(#12931),#12935);
#12931 = LINE('',#12932,#12933);
#12932 = CARTESIAN_POINT('',(-0.,-0.628674283904));
#12933 = VECTOR('',#12934,1.);
#12934 = DIRECTION('',(-1.,-0.));
#12935 = ( GEOMETRIC_REPRESENTATION_CONTEXT(2) 
PARAMETRIC_REPRESENTATION_CONTEXT() REPRESENTATION_CONTEXT('2D SPACE',''
  ) );
#12936 = PCURVE('',#9548,#12937);
#12937 = DEFINITIONAL_REPRESENTATION('',(#12938),#12942);
#12938 = LINE('',#12939,#12940);
#12939 = CARTESIAN_POINT('',(-0.,-0.));
#12940 = VECTOR('',#12941,1.);
#12941 = DIRECTION('',(-1.,-0.));
#12942 = ( GEOMETRIC_REPRESENTATION_CONTEXT(2) 
PARAMETRIC_REPRESENTATION_CONTEXT() REPRESENTATION_CONTEXT('2D SPACE',''
  ) );
#12943 = ADVANCED_FACE('',(#12944),#9548,.T.);
#12944 = FACE_BOUND('',#12945,.T.);
#12945 = EDGE_LOOP('',(#12946,#12947,#12948,#12949));
#12946 = ORIENTED_EDGE('',*,*,#9532,.F.);
#12947 = ORIENTED_EDGE('',*,*,#12922,.T.);
#12948 = ORIENTED_EDGE('',*,*,#11469,.F.);
#12949 = ORIENTED_EDGE('',*,*,#12950,.F.);
#12950 = EDGE_CURVE('',#9505,#11470,#12951,.T.);
#12951 = SURFACE_CURVE('',#12952,(#12957,#12964),.PCURVE_S1.);
#12952 = CIRCLE('',#12953,148.26382450279);
#12953 = AXIS2_PLACEMENT_3D('',#12954,#12955,#12956);
#12954 = CARTESIAN_POINT('',(0.,0.,-296.4408895388));
#12955 = DIRECTION('',(0.,0.,1.));
#12956 = DIRECTION('',(1.,0.,-0.));
#12957 = PCURVE('',#9548,#12958);
#12958 = DEFINITIONAL_REPRESENTATION('',(#12959),#12963);
#12959 = LINE('',#12960,#12961);
#12960 = CARTESIAN_POINT('',(-0.,-0.65504197415));
#12961 = VECTOR('',#12962,1.);
#12962 = DIRECTION('',(-1.,-0.));
#12963 = ( GEOMETRIC_REPRESENTATION_CONTEXT(2) 
PARAMETRIC_REPRESENTATION_CONTEXT() REPRESENTATION_CONTEXT('2D SPACE',''
  ) );
#12964 = PCURVE('',#9520,#12965);
#12965 = DEFINITIONAL_REPRESENTATION('',(#12966),#12970);
#12966 = LINE('',#12967,#12968);
#12967 = CARTESIAN_POINT('',(-0.,-0.));
#12968 = VECTOR('',#12969,1.);
#12969 = DIRECTION('',(-1.,-0.));
#12970 = ( GEOMETRIC_REPRESENTATION_CONTEXT(2) 
PARAMETRIC_REPRESENTATION_CONTEXT() REPRESENTATION_CONTEXT('2D SPACE',''
  ) );
#12971 = ADVANCED_FACE('',(#12972),#9520,.T.);
#12972 = FACE_BOUND('',#12973,.T.);
#12973 = EDGE_LOOP('',(#12974,#12975,#12976,#12977));
#12974 = ORIENTED_EDGE('',*,*,#9504,.F.);
#12975 = ORIENTED_EDGE('',*,*,#12950,.T.);
#12976 = ORIENTED_EDGE('',*,*,#11490,.F.);
#12977 = ORIENTED_EDGE('',*,*,#12978,.F.);
#12978 = EDGE_CURVE('',#9477,#11491,#12979,.T.);
#12979 = SURFACE_CURVE('',#12980,(#12985,#12992),.PCURVE_S1.);
#12980 = CIRCLE('',#12981,146.98932997757);
#12981 = AXIS2_PLACEMENT_3D('',#12982,#12983,#12984);
#12982 = CARTESIAN_POINT('',(0.,0.,-295.7602357058));
#12983 = DIRECTION('',(0.,0.,1.));
#12984 = DIRECTION('',(1.,0.,-0.));
#12985 = PCURVE('',#9520,#12986);
#12986 = DEFINITIONAL_REPRESENTATION('',(#12987),#12991);
#12987 = LINE('',#12988,#12989);
#12988 = CARTESIAN_POINT('',(-0.,-0.680653832989));
#12989 = VECTOR('',#12990,1.);
#12990 = DIRECTION('',(-1.,-0.));
#12991 = ( GEOMETRIC_REPRESENTATION_CONTEXT(2) 
PARAMETRIC_REPRESENTATION_CONTEXT() REPRESENTATION_CONTEXT('2D SPACE',''
  ) );
#12992 = PCURVE('',#9492,#12993);
#12993 = DEFINITIONAL_REPRESENTATION('',(#12994),#12998);
#12994 = LINE('',#12995,#12996);
#12995 = CARTESIAN_POINT('',(-0.,-0.));
#12996 = VECTOR('',#12997,1.);
#12997 = DIRECTION('',(-1.,-0.));
#12998 = ( GEOMETRIC_REPRESENTATION_CONTEXT(2) 
PARAMETRIC_REPRESENTATION_CONTEXT() REPRESENTATION_CONTEXT('2D SPACE',''
  ) );
#12999 = ADVANCED_FACE('',(#13000),#9492,.T.);
#13000 = FACE_BOUND('',#13001,.T.);
#13001 = EDGE_LOOP('',(#13002,#13003,#13004,#13005));
#13002 = ORIENTED_EDGE('',*,*,#9476,.F.);
#13003 = ORIENTED_EDGE('',*,*,#12978,.T.);
#13004 = ORIENTED_EDGE('',*,*,#11511,.F.);
#13005 = ORIENTED_EDGE('',*,*,#13006,.F.);
#13006 = EDGE_CURVE('',#9449,#11512,#13007,.T.);
#13007 = SURFACE_CURVE('',#13008,(#13013,#13020),.PCURVE_S1.);
#13008 = CIRCLE('',#13009,145.71922271853);
#13009 = AXIS2_PLACEMENT_3D('',#13010,#13011,#13012);
#13010 = CARTESIAN_POINT('',(0.,0.,-295.0546383086));
#13011 = DIRECTION('',(0.,0.,1.));
#13012 = DIRECTION('',(1.,0.,-0.));
#13013 = PCURVE('',#9492,#13014);
#13014 = DEFINITIONAL_REPRESENTATION('',(#13015),#13019);
#13015 = LINE('',#13016,#13017);
#13016 = CARTESIAN_POINT('',(-0.,-0.705597397223));
#13017 = VECTOR('',#13018,1.);
#13018 = DIRECTION('',(-1.,-0.));
#13019 = ( GEOMETRIC_REPRESENTATION_CONTEXT(2) 
PARAMETRIC_REPRESENTATION_CONTEXT() REPRESENTATION_CONTEXT('2D SPACE',''
  ) );
#13020 = PCURVE('',#9464,#13021);
#13021 = DEFINITIONAL_REPRESENTATION('',(#13022),#13026);
#13022 = LINE('',#13023,#13024);
#13023 = CARTESIAN_POINT('',(-0.,-0.));
#13024 = VECTOR('',#13025,1.);
#13025 = DIRECTION('',(-1.,-0.));
#13026 = ( GEOMETRIC_REPRESENTATION_CONTEXT(2) 
PARAMETRIC_REPRESENTATION_CONTEXT() REPRESENTATION_CONTEXT('2D SPACE',''
  ) );
#13027 = ADVANCED_FACE('',(#13028),#9464,.T.);
#13028 = FACE_BOUND('',#13029,.T.);
#13029 = EDGE_LOOP('',(#13030,#13031,#13032,#13033));
#13030 = ORIENTED_EDGE('',*,*,#9448,.F.);
#13031 = ORIENTED_EDGE('',*,*,#13006,.T.);
#13032 = ORIENTED_EDGE('',*,*,#11532,.F.);
#13033 = ORIENTED_EDGE('',*,*,#13034,.F.);
#13034 = EDGE_CURVE('',#9421,#11533,#13035,.T.);
#13035 = SURFACE_CURVE('',#13036,(#13041,#13048),.PCURVE_S1.);
#13036 = CIRCLE('',#13037,144.45351793308);
#13037 = AXIS2_PLACEMENT_3D('',#13038,#13039,#13040);
#13038 = CARTESIAN_POINT('',(0.,0.,-294.3246919765));
#13039 = DIRECTION('',(0.,0.,1.));
#13040 = DIRECTION('',(1.,0.,-0.));
#13041 = PCURVE('',#9464,#13042);
#13042 = DEFINITIONAL_REPRESENTATION('',(#13043),#13047);
#13043 = LINE('',#13044,#13045);
#13044 = CARTESIAN_POINT('',(-0.,-0.729946332022));
#13045 = VECTOR('',#13046,1.);
#13046 = DIRECTION('',(-1.,-0.));
#13047 = ( GEOMETRIC_REPRESENTATION_CONTEXT(2) 
PARAMETRIC_REPRESENTATION_CONTEXT() REPRESENTATION_CONTEXT('2D SPACE',''
  ) );
#13048 = PCURVE('',#9436,#13049);
#13049 = DEFINITIONAL_REPRESENTATION('',(#13050),#13054);
#13050 = LINE('',#13051,#13052);
#13051 = CARTESIAN_POINT('',(-0.,-0.));
#13052 = VECTOR('',#13053,1.);
#13053 = DIRECTION('',(-1.,-0.));
#13054 = ( GEOMETRIC_REPRESENTATION_CONTEXT(2) 
PARAMETRIC_REPRESENTATION_CONTEXT() REPRESENTATION_CONTEXT('2D SPACE',''
  ) );
#13055 = ADVANCED_FACE('',(#13056),#9436,.T.);
#13056 = FACE_BOUND('',#13057,.T.);
#13057 = EDGE_LOOP('',(#13058,#13059,#13060,#13061));
#13058 = ORIENTED_EDGE('',*,*,#9420,.F.);
#13059 = ORIENTED_EDGE('',*,*,#13034,.T.);
#13060 = ORIENTED_EDGE('',*,*,#11553,.F.);
#13061 = ORIENTED_EDGE('',*,*,#13062,.F.);
#13062 = EDGE_CURVE('',#9393,#11554,#13063,.T.);
#13063 = SURFACE_CURVE('',#13064,(#13069,#13076),.PCURVE_S1.);
#13064 = CIRCLE('',#13065,143.19223098785);
#13065 = AXIS2_PLACEMENT_3D('',#13066,#13067,#13068);
#13066 = CARTESIAN_POINT('',(0.,0.,-293.5709286192));
#13067 = DIRECTION('',(0.,0.,1.));
#13068 = DIRECTION('',(1.,0.,-0.));
#13069 = PCURVE('',#9436,#13070);
#13070 = DEFINITIONAL_REPRESENTATION('',(#13071),#13075);
#13071 = LINE('',#13072,#13073);
#13072 = CARTESIAN_POINT('',(-0.,-0.753763357309));
#13073 = VECTOR('',#13074,1.);
#13074 = DIRECTION('',(-1.,-0.));
#13075 = ( GEOMETRIC_REPRESENTATION_CONTEXT(2) 
PARAMETRIC_REPRESENTATION_CONTEXT() REPRESENTATION_CONTEXT('2D SPACE',''
  ) );
#13076 = PCURVE('',#9408,#13077);
#13077 = DEFINITIONAL_REPRESENTATION('',(#13078),#13082);
#13078 = LINE('',#13079,#13080);
#13079 = CARTESIAN_POINT('',(-0.,-0.));
#13080 = VECTOR('',#13081,1.);
#13081 = DIRECTION('',(-1.,-0.));
#13082 = ( GEOMETRIC_REPRESENTATION_CONTEXT(2) 
PARAMETRIC_REPRESENTATION_CONTEXT() REPRESENTATION_CONTEXT('2D SPACE',''
  ) );
#13083 = ADVANCED_FACE('',(#13084),#9408,.T.);
#13084 = FACE_BOUND('',#13085,.T.);
#13085 = EDGE_LOOP('',(#13086,#13087,#13088,#13089));
#13086 = ORIENTED_EDGE('',*,*,#9392,.F.);
#13087 = ORIENTED_EDGE('',*,*,#13062,.T.);
#13088 = ORIENTED_EDGE('',*,*,#11574,.F.);
#13089 = ORIENTED_EDGE('',*,*,#13090,.F.);
#13090 = EDGE_CURVE('',#9365,#11575,#13091,.T.);
#13091 = SURFACE_CURVE('',#13092,(#13097,#13104),.PCURVE_S1.);
#13092 = CIRCLE('',#13093,141.93537741151);
#13093 = AXIS2_PLACEMENT_3D('',#13094,#13095,#13096);
#13094 = CARTESIAN_POINT('',(0.,0.,-292.793826192));
#13095 = DIRECTION('',(0.,0.,1.));
#13096 = DIRECTION('',(1.,0.,-0.));
#13097 = PCURVE('',#9408,#13098);
#13098 = DEFINITIONAL_REPRESENTATION('',(#13099),#13103);
#13099 = LINE('',#13100,#13101);
#13100 = CARTESIAN_POINT('',(-0.,-0.777102427218));
#13101 = VECTOR('',#13102,1.);
#13102 = DIRECTION('',(-1.,-0.));
#13103 = ( GEOMETRIC_REPRESENTATION_CONTEXT(2) 
PARAMETRIC_REPRESENTATION_CONTEXT() REPRESENTATION_CONTEXT('2D SPACE',''
  ) );
#13104 = PCURVE('',#9380,#13105);
#13105 = DEFINITIONAL_REPRESENTATION('',(#13106),#13110);
#13106 = LINE('',#13107,#13108);
#13107 = CARTESIAN_POINT('',(-0.,-0.));
#13108 = VECTOR('',#13109,1.);
#13109 = DIRECTION('',(-1.,-0.));
#13110 = ( GEOMETRIC_REPRESENTATION_CONTEXT(2) 
PARAMETRIC_REPRESENTATION_CONTEXT() REPRESENTATION_CONTEXT('2D SPACE',''
  ) );
#13111 = ADVANCED_FACE('',(#13112),#9380,.T.);
#13112 = FACE_BOUND('',#13113,.T.);
#13113 = EDGE_LOOP('',(#13114,#13115,#13116,#13117));
#13114 = ORIENTED_EDGE('',*,*,#9364,.F.);
#13115 = ORIENTED_EDGE('',*,*,#13090,.T.);
#13116 = ORIENTED_EDGE('',*,*,#11595,.F.);
#13117 = ORIENTED_EDGE('',*,*,#13118,.F.);
#13118 = EDGE_CURVE('',#9337,#11596,#13119,.T.);
#13119 = SURFACE_CURVE('',#13120,(#13125,#13132),.PCURVE_S1.);
#13120 = CIRCLE('',#13121,140.68297289764);
#13121 = AXIS2_PLACEMENT_3D('',#13122,#13123,#13124);
#13122 = CARTESIAN_POINT('',(0.,0.,-291.9938158089));
#13123 = DIRECTION('',(0.,0.,1.));
#13124 = DIRECTION('',(1.,0.,-0.));
#13125 = PCURVE('',#9380,#13126);
#13126 = DEFINITIONAL_REPRESENTATION('',(#13127),#13131);
#13127 = LINE('',#13128,#13129);
#13128 = CARTESIAN_POINT('',(-0.,-0.800010383107));
#13129 = VECTOR('',#13130,1.);
#13130 = DIRECTION('',(-1.,-0.));
#13131 = ( GEOMETRIC_REPRESENTATION_CONTEXT(2) 
PARAMETRIC_REPRESENTATION_CONTEXT() REPRESENTATION_CONTEXT('2D SPACE',''
  ) );
#13132 = PCURVE('',#9352,#13133);
#13133 = DEFINITIONAL_REPRESENTATION('',(#13134),#13138);
#13134 = LINE('',#13135,#13136);
#13135 = CARTESIAN_POINT('',(-0.,-0.));
#13136 = VECTOR('',#13137,1.);
#13137 = DIRECTION('',(-1.,-0.));
#13138 = ( GEOMETRIC_REPRESENTATION_CONTEXT(2) 
PARAMETRIC_REPRESENTATION_CONTEXT() REPRESENTATION_CONTEXT('2D SPACE',''
  ) );
#13139 = ADVANCED_FACE('',(#13140),#9352,.T.);
#13140 = FACE_BOUND('',#13141,.T.);
#13141 = EDGE_LOOP('',(#13142,#13143,#13144,#13145));
#13142 = ORIENTED_EDGE('',*,*,#9336,.F.);
#13143 = ORIENTED_EDGE('',*,*,#13118,.T.);
#13144 = ORIENTED_EDGE('',*,*,#11616,.F.);
#13145 = ORIENTED_EDGE('',*,*,#13146,.F.);
#13146 = EDGE_CURVE('',#9309,#11617,#13147,.T.);
#13147 = SURFACE_CURVE('',#13148,(#13153,#13160),.PCURVE_S1.);
#13148 = CIRCLE('',#13149,139.43503330769);
#13149 = AXIS2_PLACEMENT_3D('',#13150,#13151,#13152);
#13150 = CARTESIAN_POINT('',(0.,0.,-291.1712875813));
#13151 = DIRECTION('',(0.,0.,1.));
#13152 = DIRECTION('',(1.,0.,-0.));
#13153 = PCURVE('',#9352,#13154);
#13154 = DEFINITIONAL_REPRESENTATION('',(#13155),#13159);
#13155 = LINE('',#13156,#13157);
#13156 = CARTESIAN_POINT('',(-0.,-0.822528227592));
#13157 = VECTOR('',#13158,1.);
#13158 = DIRECTION('',(-1.,-0.));
#13159 = ( GEOMETRIC_REPRESENTATION_CONTEXT(2) 
PARAMETRIC_REPRESENTATION_CONTEXT() REPRESENTATION_CONTEXT('2D SPACE',''
  ) );
#13160 = PCURVE('',#9324,#13161);
#13161 = DEFINITIONAL_REPRESENTATION('',(#13162),#13166);
#13162 = LINE('',#13163,#13164);
#13163 = CARTESIAN_POINT('',(-0.,-0.));
#13164 = VECTOR('',#13165,1.);
#13165 = DIRECTION('',(-1.,-0.));
#13166 = ( GEOMETRIC_REPRESENTATION_CONTEXT(2) 
PARAMETRIC_REPRESENTATION_CONTEXT() REPRESENTATION_CONTEXT('2D SPACE',''
  ) );
#13167 = ADVANCED_FACE('',(#13168),#9324,.T.);
#13168 = FACE_BOUND('',#13169,.T.);
#13169 = EDGE_LOOP('',(#13170,#13171,#13172,#13173));
#13170 = ORIENTED_EDGE('',*,*,#9308,.F.);
#13171 = ORIENTED_EDGE('',*,*,#13146,.T.);
#13172 = ORIENTED_EDGE('',*,*,#11637,.F.);
#13173 = ORIENTED_EDGE('',*,*,#13174,.F.);
#13174 = EDGE_CURVE('',#9281,#11638,#13175,.T.);
#13175 = SURFACE_CURVE('',#13176,(#13181,#13188),.PCURVE_S1.);
#13176 = CIRCLE('',#13177,138.19157467395);
#13177 = AXIS2_PLACEMENT_3D('',#13178,#13179,#13180);
#13178 = CARTESIAN_POINT('',(0.,0.,-290.3265954607));
#13179 = DIRECTION('',(0.,0.,1.));
#13180 = DIRECTION('',(1.,0.,-0.));
#13181 = PCURVE('',#9324,#13182);
#13182 = DEFINITIONAL_REPRESENTATION('',(#13183),#13187);
#13183 = LINE('',#13184,#13185);
#13184 = CARTESIAN_POINT('',(-0.,-0.844692120637));
#13185 = VECTOR('',#13186,1.);
#13186 = DIRECTION('',(-1.,-0.));
#13187 = ( GEOMETRIC_REPRESENTATION_CONTEXT(2) 
PARAMETRIC_REPRESENTATION_CONTEXT() REPRESENTATION_CONTEXT('2D SPACE',''
  ) );
#13188 = PCURVE('',#9296,#13189);
#13189 = DEFINITIONAL_REPRESENTATION('',(#13190),#13194);
#13190 = LINE('',#13191,#13192);
#13191 = CARTESIAN_POINT('',(-0.,-0.));
#13192 = VECTOR('',#13193,1.);
#13193 = DIRECTION('',(-1.,-0.));
#13194 = ( GEOMETRIC_REPRESENTATION_CONTEXT(2) 
PARAMETRIC_REPRESENTATION_CONTEXT() REPRESENTATION_CONTEXT('2D SPACE',''
  ) );
#13195 = ADVANCED_FACE('',(#13196),#9296,.T.);
#13196 = FACE_BOUND('',#13197,.T.);
#13197 = EDGE_LOOP('',(#13198,#13199,#13200,#13201));
#13198 = ORIENTED_EDGE('',*,*,#9280,.F.);
#13199 = ORIENTED_EDGE('',*,*,#13174,.T.);
#13200 = ORIENTED_EDGE('',*,*,#11658,.F.);
#13201 = ORIENTED_EDGE('',*,*,#13202,.F.);
#13202 = EDGE_CURVE('',#9253,#11659,#13203,.T.);
#13203 = SURFACE_CURVE('',#13204,(#13209,#13216),.PCURVE_S1.);
#13204 = CIRCLE('',#13205,136.95261320269);
#13205 = AXIS2_PLACEMENT_3D('',#13206,#13207,#13208);
#13206 = CARTESIAN_POINT('',(0.,0.,-289.4600612923));
#13207 = DIRECTION('',(0.,0.,1.));
#13208 = DIRECTION('',(1.,0.,-0.));
#13209 = PCURVE('',#9296,#13210);
#13210 = DEFINITIONAL_REPRESENTATION('',(#13211),#13215);
#13211 = LINE('',#13212,#13213);
#13212 = CARTESIAN_POINT('',(-0.,-0.866534168344));
#13213 = VECTOR('',#13214,1.);
#13214 = DIRECTION('',(-1.,-0.));
#13215 = ( GEOMETRIC_REPRESENTATION_CONTEXT(2) 
PARAMETRIC_REPRESENTATION_CONTEXT() REPRESENTATION_CONTEXT('2D SPACE',''
  ) );
#13216 = PCURVE('',#9268,#13217);
#13217 = DEFINITIONAL_REPRESENTATION('',(#13218),#13222);
#13218 = LINE('',#13219,#13220);
#13219 = CARTESIAN_POINT('',(-0.,-0.));
#13220 = VECTOR('',#13221,1.);
#13221 = DIRECTION('',(-1.,-0.));
#13222 = ( GEOMETRIC_REPRESENTATION_CONTEXT(2) 
PARAMETRIC_REPRESENTATION_CONTEXT() REPRESENTATION_CONTEXT('2D SPACE',''
  ) );
#13223 = ADVANCED_FACE('',(#13224),#9268,.T.);
#13224 = FACE_BOUND('',#13225,.T.);
#13225 = EDGE_LOOP('',(#13226,#13227,#13228,#13229));
#13226 = ORIENTED_EDGE('',*,*,#9252,.F.);
#13227 = ORIENTED_EDGE('',*,*,#13202,.T.);
#13228 = ORIENTED_EDGE('',*,*,#11679,.F.);
#13229 = ORIENTED_EDGE('',*,*,#13230,.F.);
#13230 = EDGE_CURVE('',#9225,#11680,#13231,.T.);
#13231 = SURFACE_CURVE('',#13232,(#13237,#13244),.PCURVE_S1.);
#13232 = CIRCLE('',#13233,135.71816527727);
#13233 = AXIS2_PLACEMENT_3D('',#13234,#13235,#13236);
#13234 = CARTESIAN_POINT('',(0.,0.,-288.5719782375));
#13235 = DIRECTION('',(0.,0.,1.));
#13236 = DIRECTION('',(1.,0.,-0.));
#13237 = PCURVE('',#9268,#13238);
#13238 = DEFINITIONAL_REPRESENTATION('',(#13239),#13243);
#13239 = LINE('',#13240,#13241);
#13240 = CARTESIAN_POINT('',(-0.,-0.888083054827));
#13241 = VECTOR('',#13242,1.);
#13242 = DIRECTION('',(-1.,-0.));
#13243 = ( GEOMETRIC_REPRESENTATION_CONTEXT(2) 
PARAMETRIC_REPRESENTATION_CONTEXT() REPRESENTATION_CONTEXT('2D SPACE',''
  ) );
#13244 = PCURVE('',#9240,#13245);
#13245 = DEFINITIONAL_REPRESENTATION('',(#13246),#13250);
#13246 = LINE('',#13247,#13248);
#13247 = CARTESIAN_POINT('',(-0.,-0.));
#13248 = VECTOR('',#13249,1.);
#13249 = DIRECTION('',(-1.,-0.));
#13250 = ( GEOMETRIC_REPRESENTATION_CONTEXT(2) 
PARAMETRIC_REPRESENTATION_CONTEXT() REPRESENTATION_CONTEXT('2D SPACE',''
  ) );
#13251 = ADVANCED_FACE('',(#13252),#9240,.T.);
#13252 = FACE_BOUND('',#13253,.T.);
#13253 = EDGE_LOOP('',(#13254,#13255,#13256,#13257));
#13254 = ORIENTED_EDGE('',*,*,#9224,.F.);
#13255 = ORIENTED_EDGE('',*,*,#13230,.T.);
#13256 = ORIENTED_EDGE('',*,*,#11700,.F.);
#13257 = ORIENTED_EDGE('',*,*,#13258,.F.);
#13258 = EDGE_CURVE('',#9197,#11701,#13259,.T.);
#13259 = SURFACE_CURVE('',#13260,(#13265,#13272),.PCURVE_S1.);
#13260 = CIRCLE('',#13261,134.48824746145);
#13261 = AXIS2_PLACEMENT_3D('',#13262,#13263,#13264);
#13262 = CARTESIAN_POINT('',(0.,0.,-287.6626136838));
#13263 = DIRECTION('',(0.,0.,1.));
#13264 = DIRECTION('',(1.,0.,-0.));
#13265 = PCURVE('',#9240,#13266);
#13266 = DEFINITIONAL_REPRESENTATION('',(#13267),#13271);
#13267 = LINE('',#13268,#13269);
#13268 = CARTESIAN_POINT('',(-0.,-0.909364553683));
#13269 = VECTOR('',#13270,1.);
#13270 = DIRECTION('',(-1.,-0.));
#13271 = ( GEOMETRIC_REPRESENTATION_CONTEXT(2) 
PARAMETRIC_REPRESENTATION_CONTEXT() REPRESENTATION_CONTEXT('2D SPACE',''
  ) );
#13272 = PCURVE('',#9212,#13273);
#13273 = DEFINITIONAL_REPRESENTATION('',(#13274),#13278);
#13274 = LINE('',#13275,#13276);
#13275 = CARTESIAN_POINT('',(-0.,-0.));
#13276 = VECTOR('',#13277,1.);
#13277 = DIRECTION('',(-1.,-0.));
#13278 = ( GEOMETRIC_REPRESENTATION_CONTEXT(2) 
PARAMETRIC_REPRESENTATION_CONTEXT() REPRESENTATION_CONTEXT('2D SPACE',''
  ) );
#13279 = ADVANCED_FACE('',(#13280),#9212,.T.);
#13280 = FACE_BOUND('',#13281,.T.);
#13281 = EDGE_LOOP('',(#13282,#13283,#13284,#13285));
#13282 = ORIENTED_EDGE('',*,*,#9196,.F.);
#13283 = ORIENTED_EDGE('',*,*,#13258,.T.);
#13284 = ORIENTED_EDGE('',*,*,#11721,.F.);
#13285 = ORIENTED_EDGE('',*,*,#13286,.F.);
#13286 = EDGE_CURVE('',#9169,#11722,#13287,.T.);
#13287 = SURFACE_CURVE('',#13288,(#13293,#13300),.PCURVE_S1.);
#13288 = CIRCLE('',#13289,133.26287650268);
#13289 = AXIS2_PLACEMENT_3D('',#13290,#13291,#13292);
#13290 = CARTESIAN_POINT('',(0.,0.,-286.7322117379));
#13291 = DIRECTION('',(0.,0.,1.));
#13292 = DIRECTION('',(1.,0.,-0.));
#13293 = PCURVE('',#9212,#13294);
#13294 = DEFINITIONAL_REPRESENTATION('',(#13295),#13299);
#13295 = LINE('',#13296,#13297);
#13296 = CARTESIAN_POINT('',(-0.,-0.930401945949));
#13297 = VECTOR('',#13298,1.);
#13298 = DIRECTION('',(-1.,-0.));
#13299 = ( GEOMETRIC_REPRESENTATION_CONTEXT(2) 
PARAMETRIC_REPRESENTATION_CONTEXT() REPRESENTATION_CONTEXT('2D SPACE',''
  ) );
#13300 = PCURVE('',#9184,#13301);
#13301 = DEFINITIONAL_REPRESENTATION('',(#13302),#13306);
#13302 = LINE('',#13303,#13304);
#13303 = CARTESIAN_POINT('',(-0.,-0.));
#13304 = VECTOR('',#13305,1.);
#13305 = DIRECTION('',(-1.,-0.));
#13306 = ( GEOMETRIC_REPRESENTATION_CONTEXT(2) 
PARAMETRIC_REPRESENTATION_CONTEXT() REPRESENTATION_CONTEXT('2D SPACE',''
  ) );
#13307 = ADVANCED_FACE('',(#13308),#9184,.T.);
#13308 = FACE_BOUND('',#13309,.T.);
#13309 = EDGE_LOOP('',(#13310,#13311,#13312,#13313));
#13310 = ORIENTED_EDGE('',*,*,#9168,.F.);
#13311 = ORIENTED_EDGE('',*,*,#13286,.T.);
#13312 = ORIENTED_EDGE('',*,*,#11742,.F.);
#13313 = ORIENTED_EDGE('',*,*,#13314,.F.);
#13314 = EDGE_CURVE('',#9141,#11743,#13315,.T.);
#13315 = SURFACE_CURVE('',#13316,(#13321,#13328),.PCURVE_S1.);
#13316 = CIRCLE('',#13317,132.04206933555);
#13317 = AXIS2_PLACEMENT_3D('',#13318,#13319,#13320);
#13318 = CARTESIAN_POINT('',(0.,0.,-285.7809953733));
#13319 = DIRECTION('',(0.,0.,1.));
#13320 = DIRECTION('',(1.,0.,-0.));
#13321 = PCURVE('',#9184,#13322);
#13322 = DEFINITIONAL_REPRESENTATION('',(#13323),#13327);
#13323 = LINE('',#13324,#13325);
#13324 = CARTESIAN_POINT('',(-0.,-0.951216364616));
#13325 = VECTOR('',#13326,1.);
#13326 = DIRECTION('',(-1.,-0.));
#13327 = ( GEOMETRIC_REPRESENTATION_CONTEXT(2) 
PARAMETRIC_REPRESENTATION_CONTEXT() REPRESENTATION_CONTEXT('2D SPACE',''
  ) );
#13328 = PCURVE('',#9156,#13329);
#13329 = DEFINITIONAL_REPRESENTATION('',(#13330),#13334);
#13330 = LINE('',#13331,#13332);
#13331 = CARTESIAN_POINT('',(-0.,-0.));
#13332 = VECTOR('',#13333,1.);
#13333 = DIRECTION('',(-1.,-0.));
#13334 = ( GEOMETRIC_REPRESENTATION_CONTEXT(2) 
PARAMETRIC_REPRESENTATION_CONTEXT() REPRESENTATION_CONTEXT('2D SPACE',''
  ) );
#13335 = ADVANCED_FACE('',(#13336),#9156,.T.);
#13336 = FACE_BOUND('',#13337,.T.);
#13337 = EDGE_LOOP('',(#13338,#13339,#13340,#13341));
#13338 = ORIENTED_EDGE('',*,*,#9140,.F.);
#13339 = ORIENTED_EDGE('',*,*,#13314,.T.);
#13340 = ORIENTED_EDGE('',*,*,#11763,.F.);
#13341 = ORIENTED_EDGE('',*,*,#13342,.F.);
#13342 = EDGE_CURVE('',#9113,#11764,#13343,.T.);
#13343 = SURFACE_CURVE('',#13344,(#13349,#13356),.PCURVE_S1.);
#13344 = CIRCLE('',#13345,130.82584308528);
#13345 = AXIS2_PLACEMENT_3D('',#13346,#13347,#13348);
#13346 = CARTESIAN_POINT('',(0.,0.,-284.8091682924));
#13347 = DIRECTION('',(0.,0.,1.));
#13348 = DIRECTION('',(1.,0.,-0.));
#13349 = PCURVE('',#9156,#13350);
#13350 = DEFINITIONAL_REPRESENTATION('',(#13351),#13355);
#13351 = LINE('',#13352,#13353);
#13352 = CARTESIAN_POINT('',(-0.,-0.971827080848));
#13353 = VECTOR('',#13354,1.);
#13354 = DIRECTION('',(-1.,-0.));
#13355 = ( GEOMETRIC_REPRESENTATION_CONTEXT(2) 
PARAMETRIC_REPRESENTATION_CONTEXT() REPRESENTATION_CONTEXT('2D SPACE',''
  ) );
#13356 = PCURVE('',#9128,#13357);
#13357 = DEFINITIONAL_REPRESENTATION('',(#13358),#13362);
#13358 = LINE('',#13359,#13360);
#13359 = CARTESIAN_POINT('',(-0.,-0.));
#13360 = VECTOR('',#13361,1.);
#13361 = DIRECTION('',(-1.,-0.));
#13362 = ( GEOMETRIC_REPRESENTATION_CONTEXT(2) 
PARAMETRIC_REPRESENTATION_CONTEXT() REPRESENTATION_CONTEXT('2D SPACE',''
  ) );
#13363 = ADVANCED_FACE('',(#13364),#9128,.T.);
#13364 = FACE_BOUND('',#13365,.T.);
#13365 = EDGE_LOOP('',(#13366,#13367,#13368,#13369));
#13366 = ORIENTED_EDGE('',*,*,#9112,.F.);
#13367 = ORIENTED_EDGE('',*,*,#13342,.T.);
#13368 = ORIENTED_EDGE('',*,*,#11784,.F.);
#13369 = ORIENTED_EDGE('',*,*,#11828,.F.);
#13370 = MANIFOLD_SOLID_BREP('',#13371);
#13371 = CLOSED_SHELL('',(#13372,#13494,#13542,#13590,#13614));
#13372 = ADVANCED_FACE('',(#13373),#13387,.T.);
#13373 = FACE_BOUND('',#13374,.T.);
#13374 = EDGE_LOOP('',(#13375,#13408,#13437,#13463));
#13375 = ORIENTED_EDGE('',*,*,#13376,.F.);
#13376 = EDGE_CURVE('',#13377,#13379,#13381,.T.);
#13377 = VERTEX_POINT('',#13378);
#13378 = CARTESIAN_POINT('',(80.806420866126,0.,-230.));
#13379 = VERTEX_POINT('',#13380);
#13380 = CARTESIAN_POINT('',(80.172307970376,0.,-230.));
#13381 = SURFACE_CURVE('',#13382,(#13386,#13397),.PCURVE_S1.);
#13382 = LINE('',#13383,#13384);
#13383 = CARTESIAN_POINT('',(-1.E+03,0.,-230.));
#13384 = VECTOR('',#13385,1.);
#13385 = DIRECTION('',(-1.,-0.,0.));
#13386 = PCURVE('',#13387,#13392);
#13387 = PLANE('',#13388);
#13388 = AXIS2_PLACEMENT_3D('',#13389,#13390,#13391);
#13389 = CARTESIAN_POINT('',(-1.E+03,-1.E+03,-230.));
#13390 = DIRECTION('',(0.,0.,1.));
#13391 = DIRECTION('',(1.,0.,-0.));
#13392 = DEFINITIONAL_REPRESENTATION('',(#13393),#13396);
#13393 = B_SPLINE_CURVE_WITH_KNOTS('',1,(#13394,#13395),.UNSPECIFIED.,
  .F.,.F.,(2,2),(-1.080806420866E+03,-919.1935791338),
  .PIECEWISE_BEZIER_KNOTS.);
#13394 = CARTESIAN_POINT('',(1.080806420866E+03,1.E+03));
#13395 = CARTESIAN_POINT('',(919.19357913387,1.E+03));
#13396 = ( GEOMETRIC_REPRESENTATION_CONTEXT(2) 
PARAMETRIC_REPRESENTATION_CONTEXT() REPRESENTATION_CONTEXT('2D SPACE',''
  ) );
#13397 = PCURVE('',#13398,#13403);
#13398 = PLANE('',#13399);
#13399 = AXIS2_PLACEMENT_3D('',#13400,#13401,#13402);
#13400 = CARTESIAN_POINT('',(-1.E+03,0.,-1.E+03));
#13401 = DIRECTION('',(-0.,1.,0.));
#13402 = DIRECTION('',(0.,0.,1.));
#13403 = DEFINITIONAL_REPRESENTATION('',(#13404),#13407);
#13404 = B_SPLINE_CURVE_WITH_KNOTS('',1,(#13405,#13406),.UNSPECIFIED.,
  .F.,.F.,(2,2),(-1.080806420866E+03,-919.1935791338),
  .PIECEWISE_BEZIER_KNOTS.);
#13405 = CARTESIAN_POINT('',(770.,1.080806420866E+03));
#13406 = CARTESIAN_POINT('',(770.,919.19357913387));
#13407 = ( GEOMETRIC_REPRESENTATION_CONTEXT(2) 
PARAMETRIC_REPRESENTATION_CONTEXT() REPRESENTATION_CONTEXT('2D SPACE',''
  ) );
#13408 = ORIENTED_EDGE('',*,*,#13409,.T.);
#13409 = EDGE_CURVE('',#13377,#13410,#13412,.T.);
#13410 = VERTEX_POINT('',#13411);
#13411 = CARTESIAN_POINT('',(4.947966233213E-15,80.806420866126,-230.));
#13412 = SURFACE_CURVE('',#13413,(#13418,#13425),.PCURVE_S1.);
#13413 = CIRCLE('',#13414,80.806420866126);
#13414 = AXIS2_PLACEMENT_3D('',#13415,#13416,#13417);
#13415 = CARTESIAN_POINT('',(0.,0.,-230.));
#13416 = DIRECTION('',(0.,0.,1.));
#13417 = DIRECTION('',(1.,0.,0.));
#13418 = PCURVE('',#13387,#13419);
#13419 = DEFINITIONAL_REPRESENTATION('',(#13420),#13424);
#13420 = CIRCLE('',#13421,80.806420866126);
#13421 = AXIS2_PLACEMENT_2D('',#13422,#13423);
#13422 = CARTESIAN_POINT('',(1.E+03,1.E+03));
#13423 = DIRECTION('',(1.,0.));
#13424 = ( GEOMETRIC_REPRESENTATION_CONTEXT(2) 
PARAMETRIC_REPRESENTATION_CONTEXT() REPRESENTATION_CONTEXT('2D SPACE',''
  ) );
#13425 = PCURVE('',#13426,#13431);
#13426 = CYLINDRICAL_SURFACE('',#13427,80.806420866126);
#13427 = AXIS2_PLACEMENT_3D('',#13428,#13429,#13430);
#13428 = CARTESIAN_POINT('',(0.,0.,-230.));
#13429 = DIRECTION('',(0.,0.,1.));
#13430 = DIRECTION('',(1.,0.,0.));
#13431 = DEFINITIONAL_REPRESENTATION('',(#13432),#13436);
#13432 = LINE('',#13433,#13434);
#13433 = CARTESIAN_POINT('',(0.,0.));
#13434 = VECTOR('',#13435,1.);
#13435 = DIRECTION('',(1.,0.));
#13436 = ( GEOMETRIC_REPRESENTATION_CONTEXT(2) 
PARAMETRIC_REPRESENTATION_CONTEXT() REPRESENTATION_CONTEXT('2D SPACE',''
  ) );
#13437 = ORIENTED_EDGE('',*,*,#13438,.F.);
#13438 = EDGE_CURVE('',#13439,#13410,#13441,.T.);
#13439 = VERTEX_POINT('',#13440);
#13440 = CARTESIAN_POINT('',(-1.472741405043E-14,80.172307970376,-230.)
  );
#13441 = SURFACE_CURVE('',#13442,(#13446,#13452),.PCURVE_S1.);
#13442 = LINE('',#13443,#13444);
#13443 = CARTESIAN_POINT('',(0.,-1.E+03,-230.));
#13444 = VECTOR('',#13445,1.);
#13445 = DIRECTION('',(-0.,1.,0.));
#13446 = PCURVE('',#13387,#13447);
#13447 = DEFINITIONAL_REPRESENTATION('',(#13448),#13451);
#13448 = B_SPLINE_CURVE_WITH_KNOTS('',1,(#13449,#13450),.UNSPECIFIED.,
  .F.,.F.,(2,2),(1.E+03,1.080806420866E+03),.PIECEWISE_BEZIER_KNOTS.);
#13449 = CARTESIAN_POINT('',(1.E+03,1.E+03));
#13450 = CARTESIAN_POINT('',(1.E+03,1.080806420866E+03));
#13451 = ( GEOMETRIC_REPRESENTATION_CONTEXT(2) 
PARAMETRIC_REPRESENTATION_CONTEXT() REPRESENTATION_CONTEXT('2D SPACE',''
  ) );
#13452 = PCURVE('',#13453,#13458);
#13453 = PLANE('',#13454);
#13454 = AXIS2_PLACEMENT_3D('',#13455,#13456,#13457);
#13455 = CARTESIAN_POINT('',(0.,-1.E+03,-1.E+03));
#13456 = DIRECTION('',(1.,0.,-0.));
#13457 = DIRECTION('',(0.,0.,1.));
#13458 = DEFINITIONAL_REPRESENTATION('',(#13459),#13462);
#13459 = B_SPLINE_CURVE_WITH_KNOTS('',1,(#13460,#13461),.UNSPECIFIED.,
  .F.,.F.,(2,2),(1.E+03,1.080806420866E+03),.PIECEWISE_BEZIER_KNOTS.);
#13460 = CARTESIAN_POINT('',(770.,-1.E+03));
#13461 = CARTESIAN_POINT('',(770.,-1.080806420866E+03));
#13462 = ( GEOMETRIC_REPRESENTATION_CONTEXT(2) 
PARAMETRIC_REPRESENTATION_CONTEXT() REPRESENTATION_CONTEXT('2D SPACE',''
  ) );
#13463 = ORIENTED_EDGE('',*,*,#13464,.T.);
#13464 = EDGE_CURVE('',#13439,#13379,#13465,.T.);
#13465 = SURFACE_CURVE('',#13466,(#13471,#13482),.PCURVE_S1.);
#13466 = CIRCLE('',#13467,80.172307970376);
#13467 = AXIS2_PLACEMENT_3D('',#13468,#13469,#13470);
#13468 = CARTESIAN_POINT('',(0.,0.,-230.));
#13469 = DIRECTION('',(0.,0.,-1.));
#13470 = DIRECTION('',(1.,0.,0.));
#13471 = PCURVE('',#13387,#13472);
#13472 = DEFINITIONAL_REPRESENTATION('',(#13473),#13481);
#13473 = ( BOUNDED_CURVE() B_SPLINE_CURVE(2,(#13474,#13475,#13476,#13477
    ,#13478,#13479,#13480),.UNSPECIFIED.,.T.,.F.) 
B_SPLINE_CURVE_WITH_KNOTS((1,2,2,2,2,1),(-2.094395102393,0.,
    2.094395102393,4.188790204786,6.28318530718,8.377580409573),
.UNSPECIFIED.) CURVE() GEOMETRIC_REPRESENTATION_ITEM() 
RATIONAL_B_SPLINE_CURVE((1.,0.5,1.,0.5,1.,0.5,1.)) REPRESENTATION_ITEM(
  '') );
#13474 = CARTESIAN_POINT('',(1.08017230797E+03,1.E+03));
#13475 = CARTESIAN_POINT('',(1.08017230797E+03,861.13748923525));
#13476 = CARTESIAN_POINT('',(959.91384601481,930.56874461762));
#13477 = CARTESIAN_POINT('',(839.65538405924,1.E+03));
#13478 = CARTESIAN_POINT('',(959.91384601481,1.069431255382E+03));
#13479 = CARTESIAN_POINT('',(1.08017230797E+03,1.138862510765E+03));
#13480 = CARTESIAN_POINT('',(1.08017230797E+03,1.E+03));
#13481 = ( GEOMETRIC_REPRESENTATION_CONTEXT(2) 
PARAMETRIC_REPRESENTATION_CONTEXT() REPRESENTATION_CONTEXT('2D SPACE',''
  ) );
#13482 = PCURVE('',#13483,#13488);
#13483 = CONICAL_SURFACE('',#13484,80.158020194694,0.526374175791);
#13484 = AXIS2_PLACEMENT_3D('',#13485,#13486,#13487);
#13485 = CARTESIAN_POINT('',(0.,0.,-229.9754107053));
#13486 = DIRECTION('',(-0.,-0.,-1.));
#13487 = DIRECTION('',(1.,0.,0.));
#13488 = DEFINITIONAL_REPRESENTATION('',(#13489),#13493);
#13489 = LINE('',#13490,#13491);
#13490 = CARTESIAN_POINT('',(-6.28318530718,2.458929466943E-02));
#13491 = VECTOR('',#13492,1.);
#13492 = DIRECTION('',(1.,-0.));
#13493 = ( GEOMETRIC_REPRESENTATION_CONTEXT(2) 
PARAMETRIC_REPRESENTATION_CONTEXT() REPRESENTATION_CONTEXT('2D SPACE',''
  ) );
#13494 = ADVANCED_FACE('',(#13495),#13398,.F.);
#13495 = FACE_BOUND('',#13496,.F.);
#13496 = EDGE_LOOP('',(#13497,#13498,#13521));
#13497 = ORIENTED_EDGE('',*,*,#13376,.F.);
#13498 = ORIENTED_EDGE('',*,*,#13499,.T.);
#13499 = EDGE_CURVE('',#13377,#13500,#13502,.T.);
#13500 = VERTEX_POINT('',#13501);
#13501 = CARTESIAN_POINT('',(80.806420866126,0.,-231.0913097457));
#13502 = SURFACE_CURVE('',#13503,(#13507,#13514),.PCURVE_S1.);
#13503 = LINE('',#13504,#13505);
#13504 = CARTESIAN_POINT('',(80.806420866126,0.,-230.));
#13505 = VECTOR('',#13506,1.);
#13506 = DIRECTION('',(-0.,-0.,-1.));
#13507 = PCURVE('',#13398,#13508);
#13508 = DEFINITIONAL_REPRESENTATION('',(#13509),#13513);
#13509 = LINE('',#13510,#13511);
#13510 = CARTESIAN_POINT('',(770.,1.080806420866E+03));
#13511 = VECTOR('',#13512,1.);
#13512 = DIRECTION('',(-1.,0.));
#13513 = ( GEOMETRIC_REPRESENTATION_CONTEXT(2) 
PARAMETRIC_REPRESENTATION_CONTEXT() REPRESENTATION_CONTEXT('2D SPACE',''
  ) );
#13514 = PCURVE('',#13426,#13515);
#13515 = DEFINITIONAL_REPRESENTATION('',(#13516),#13520);
#13516 = LINE('',#13517,#13518);
#13517 = CARTESIAN_POINT('',(0.,0.));
#13518 = VECTOR('',#13519,1.);
#13519 = DIRECTION('',(0.,-1.));
#13520 = ( GEOMETRIC_REPRESENTATION_CONTEXT(2) 
PARAMETRIC_REPRESENTATION_CONTEXT() REPRESENTATION_CONTEXT('2D SPACE',''
  ) );
#13521 = ORIENTED_EDGE('',*,*,#13522,.F.);
#13522 = EDGE_CURVE('',#13379,#13500,#13523,.T.);
#13523 = SURFACE_CURVE('',#13524,(#13528,#13535),.PCURVE_S1.);
#13524 = LINE('',#13525,#13526);
#13525 = CARTESIAN_POINT('',(80.158020194694,0.,-229.9754107053));
#13526 = VECTOR('',#13527,1.);
#13527 = DIRECTION('',(0.502401638276,0.,-0.864634370042));
#13528 = PCURVE('',#13398,#13529);
#13529 = DEFINITIONAL_REPRESENTATION('',(#13530),#13534);
#13530 = LINE('',#13531,#13532);
#13531 = CARTESIAN_POINT('',(770.02458929466,1.080158020195E+03));
#13532 = VECTOR('',#13533,1.);
#13533 = DIRECTION('',(-0.864634370042,0.502401638276));
#13534 = ( GEOMETRIC_REPRESENTATION_CONTEXT(2) 
PARAMETRIC_REPRESENTATION_CONTEXT() REPRESENTATION_CONTEXT('2D SPACE',''
  ) );
#13535 = PCURVE('',#13483,#13536);
#13536 = DEFINITIONAL_REPRESENTATION('',(#13537),#13541);
#13537 = LINE('',#13538,#13539);
#13538 = CARTESIAN_POINT('',(-0.,0.));
#13539 = VECTOR('',#13540,1.);
#13540 = DIRECTION('',(-0.,1.));
#13541 = ( GEOMETRIC_REPRESENTATION_CONTEXT(2) 
PARAMETRIC_REPRESENTATION_CONTEXT() REPRESENTATION_CONTEXT('2D SPACE',''
  ) );
#13542 = ADVANCED_FACE('',(#13543),#13483,.F.);
#13543 = FACE_BOUND('',#13544,.T.);
#13544 = EDGE_LOOP('',(#13545,#13546,#13547,#13568));
#13545 = ORIENTED_EDGE('',*,*,#13522,.F.);
#13546 = ORIENTED_EDGE('',*,*,#13464,.F.);
#13547 = ORIENTED_EDGE('',*,*,#13548,.T.);
#13548 = EDGE_CURVE('',#13439,#13549,#13551,.T.);
#13549 = VERTEX_POINT('',#13550);
#13550 = CARTESIAN_POINT('',(9.895932466426E-15,80.806420866126,
    -231.0913097457));
#13551 = SURFACE_CURVE('',#13552,(#13556,#13562),.PCURVE_S1.);
#13552 = LINE('',#13553,#13554);
#13553 = CARTESIAN_POINT('',(0.,0.,-92.02327437749));
#13554 = VECTOR('',#13555,1.);
#13555 = DIRECTION('',(-0.,0.502401638276,-0.864634370042));
#13556 = PCURVE('',#13483,#13557);
#13557 = DEFINITIONAL_REPRESENTATION('',(#13558),#13561);
#13558 = B_SPLINE_CURVE_WITH_KNOTS('',1,(#13559,#13560),.UNSPECIFIED.,
  .F.,.F.,(2,2),(159.57811810773,160.84028137997),
  .PIECEWISE_BEZIER_KNOTS.);
#13559 = CARTESIAN_POINT('',(-1.570796326795,2.458929466942E-02));
#13560 = CARTESIAN_POINT('',(-1.570796326795,1.11589904046));
#13561 = ( GEOMETRIC_REPRESENTATION_CONTEXT(2) 
PARAMETRIC_REPRESENTATION_CONTEXT() REPRESENTATION_CONTEXT('2D SPACE',''
  ) );
#13562 = PCURVE('',#13453,#13563);
#13563 = DEFINITIONAL_REPRESENTATION('',(#13564),#13567);
#13564 = B_SPLINE_CURVE_WITH_KNOTS('',1,(#13565,#13566),.UNSPECIFIED.,
  .F.,.F.,(2,2),(159.57811810773,160.84028137997),
  .PIECEWISE_BEZIER_KNOTS.);
#13565 = CARTESIAN_POINT('',(770.,-1.08017230797E+03));
#13566 = CARTESIAN_POINT('',(768.9086902542,-1.080806420866E+03));
#13567 = ( GEOMETRIC_REPRESENTATION_CONTEXT(2) 
PARAMETRIC_REPRESENTATION_CONTEXT() REPRESENTATION_CONTEXT('2D SPACE',''
  ) );
#13568 = ORIENTED_EDGE('',*,*,#13569,.F.);
#13569 = EDGE_CURVE('',#13500,#13549,#13570,.T.);
#13570 = SURFACE_CURVE('',#13571,(#13576,#13583),.PCURVE_S1.);
#13571 = CIRCLE('',#13572,80.806420866126);
#13572 = AXIS2_PLACEMENT_3D('',#13573,#13574,#13575);
#13573 = CARTESIAN_POINT('',(0.,0.,-231.0913097457));
#13574 = DIRECTION('',(0.,0.,1.));
#13575 = DIRECTION('',(0.,-1.,0.));
#13576 = PCURVE('',#13483,#13577);
#13577 = DEFINITIONAL_REPRESENTATION('',(#13578),#13582);
#13578 = LINE('',#13579,#13580);
#13579 = CARTESIAN_POINT('',(1.570796326795,1.11589904046));
#13580 = VECTOR('',#13581,1.);
#13581 = DIRECTION('',(-1.,0.));
#13582 = ( GEOMETRIC_REPRESENTATION_CONTEXT(2) 
PARAMETRIC_REPRESENTATION_CONTEXT() REPRESENTATION_CONTEXT('2D SPACE',''
  ) );
#13583 = PCURVE('',#13426,#13584);
#13584 = DEFINITIONAL_REPRESENTATION('',(#13585),#13589);
#13585 = LINE('',#13586,#13587);
#13586 = CARTESIAN_POINT('',(-1.570796326795,-1.091309745791));
#13587 = VECTOR('',#13588,1.);
#13588 = DIRECTION('',(1.,0.));
#13589 = ( GEOMETRIC_REPRESENTATION_CONTEXT(2) 
PARAMETRIC_REPRESENTATION_CONTEXT() REPRESENTATION_CONTEXT('2D SPACE',''
  ) );
#13590 = ADVANCED_FACE('',(#13591),#13453,.F.);
#13591 = FACE_BOUND('',#13592,.F.);
#13592 = EDGE_LOOP('',(#13593,#13594,#13595));
#13593 = ORIENTED_EDGE('',*,*,#13438,.F.);
#13594 = ORIENTED_EDGE('',*,*,#13548,.T.);
#13595 = ORIENTED_EDGE('',*,*,#13596,.T.);
#13596 = EDGE_CURVE('',#13549,#13410,#13597,.T.);
#13597 = SURFACE_CURVE('',#13598,(#13602,#13608),.PCURVE_S1.);
#13598 = LINE('',#13599,#13600);
#13599 = CARTESIAN_POINT('',(0.,80.806420866126,-230.));
#13600 = VECTOR('',#13601,1.);
#13601 = DIRECTION('',(0.,0.,1.));
#13602 = PCURVE('',#13453,#13603);
#13603 = DEFINITIONAL_REPRESENTATION('',(#13604),#13607);
#13604 = B_SPLINE_CURVE_WITH_KNOTS('',1,(#13605,#13606),.UNSPECIFIED.,
  .F.,.F.,(2,2),(-1.091310345791,5.999999928008E-07),
  .PIECEWISE_BEZIER_KNOTS.);
#13605 = CARTESIAN_POINT('',(768.9086896542,-1.080806420866E+03));
#13606 = CARTESIAN_POINT('',(770.0000006,-1.080806420866E+03));
#13607 = ( GEOMETRIC_REPRESENTATION_CONTEXT(2) 
PARAMETRIC_REPRESENTATION_CONTEXT() REPRESENTATION_CONTEXT('2D SPACE',''
  ) );
#13608 = PCURVE('',#13426,#13609);
#13609 = DEFINITIONAL_REPRESENTATION('',(#13610),#13613);
#13610 = B_SPLINE_CURVE_WITH_KNOTS('',1,(#13611,#13612),.UNSPECIFIED.,
  .F.,.F.,(2,2),(-1.091310345791,5.999999928008E-07),
  .PIECEWISE_BEZIER_KNOTS.);
#13611 = CARTESIAN_POINT('',(1.570796326795,-1.091310345791));
#13612 = CARTESIAN_POINT('',(1.570796326795,5.999999928008E-07));
#13613 = ( GEOMETRIC_REPRESENTATION_CONTEXT(2) 
PARAMETRIC_REPRESENTATION_CONTEXT() REPRESENTATION_CONTEXT('2D SPACE',''
  ) );
#13614 = ADVANCED_FACE('',(#13615),#13426,.T.);
#13615 = FACE_BOUND('',#13616,.T.);
#13616 = EDGE_LOOP('',(#13617,#13618,#13619,#13620));
#13617 = ORIENTED_EDGE('',*,*,#13409,.F.);
#13618 = ORIENTED_EDGE('',*,*,#13499,.T.);
#13619 = ORIENTED_EDGE('',*,*,#13569,.T.);
#13620 = ORIENTED_EDGE('',*,*,#13596,.T.);
#13621 = ( GEOMETRIC_REPRESENTATION_CONTEXT(3) 
GLOBAL_UNCERTAINTY_ASSIGNED_CONTEXT((#13625)) 
GLOBAL_UNIT_ASSIGNED_CONTEXT((#13622,#13623,#13624)) 
REPRESENTATION_CONTEXT('Context #1',
  '3D Context with UNIT and UNCERTAINTY') );
#13622 = ( LENGTH_UNIT() NAMED_UNIT(*) SI_UNIT(.MILLI.,.METRE.) );
#13623 = ( NAMED_UNIT(*) PLANE_ANGLE_UNIT() SI_UNIT($,.RADIAN.) );
#13624 = ( NAMED_UNIT(*) SI_UNIT($,.STERADIAN.) SOLID_ANGLE_UNIT() );
#13625 = UNCERTAINTY_MEASURE_WITH_UNIT(LENGTH_MEASURE(1.E-07),#13622,
  'distance_accuracy_value','confusion accuracy');
#13626 = PRODUCT_RELATED_PRODUCT_CATEGORY('part',$,(#7));
ENDSEC;
END-ISO-10303-21;
