ISO-10303-21;
HEADER;
FILE_DESCRIPTION(('Open CASCADE Model'),'2;1');
FILE_NAME('Open CASCADE Shape Model','2026-08-09T11:06:29',('Author'),(
    'Open CASCADE'),'Open CASCADE STEP processor 7.9','build123d',
  'Unknown');
FILE_SCHEMA(('AUTOMOTIVE_DESIGN { 1 0 10303 214 1 1 1 1 }'));
ENDSEC;
DATA;
#1 = APPLICATION_PROTOCOL_DEFINITION('international standard',
  'automotive_design',2000,#2);
#2 = APPLICATION_CONTEXT(
  'core data for automotive mechanical design processes');
#3 = SHAPE_DEFINITION_REPRESENTATION(#4,#10);
#4 = PRODUCT_DEFINITION_SHAPE('','',#5);
#5 = PRODUCT_DEFINITION('design','',#6,#9);
#6 = PRODUCT_DEFINITION_FORMATION('','',#7);
#7 = PRODUCT('COMPOUND','COMPOUND','',(#8));
#8 = PRODUCT_CONTEXT('',#2,'mechanical');
#9 = PRODUCT_DEFINITION_CONTEXT('part definition',#2,'design');
#10 = SHAPE_REPRESENTATION('',(#11,#15,#10376),#10893);
#11 = AXIS2_PLACEMENT_3D('',#12,#13,#14);
#12 = CARTESIAN_POINT('',(0.,0.,0.));
#13 = DIRECTION('',(0.,0.,1.));
#14 = DIRECTION('',(1.,0.,-0.));
#15 = MANIFOLD_SOLID_BREP('',#16);
#16 = CLOSED_SHELL('',(#17,#105,#160,#215,#270,#325,#380,#435,#490,#545,
    #600,#655,#710,#765,#820,#875,#930,#985,#1040,#1095,#1150,#1205,
    #1260,#1315,#1370,#1425,#1480,#1535,#1590,#1645,#1700,#1755,#1810,
    #1865,#1920,#1975,#2030,#2085,#2140,#2195,#2250,#2305,#2360,#2415,
    #2470,#2525,#2580,#2635,#2690,#2745,#2800,#2855,#2910,#2965,#3020,
    #3075,#3130,#3185,#3240,#3295,#3350,#3405,#3460,#3515,#3570,#3625,
    #3680,#3735,#3790,#3845,#3900,#3955,#4010,#4065,#4120,#4175,#4230,
    #4285,#4340,#4395,#4450,#4505,#4560,#4615,#4670,#4725,#4780,#4835,
    #4890,#4945,#5000,#5055,#5110,#5165,#5220,#5275,#5330,#5385,#5440,
    #5495,#5550,#5605,#5660,#5715,#5770,#5825,#5880,#5935,#5990,#6045,
    #6100,#6155,#6210,#6265,#6320,#6375,#6430,#6485,#6540,#6595,#6650,
    #6705,#6760,#6815,#6870,#6925,#6980,#7035,#7090,#7145,#7200,#7255,
    #7310,#7365,#7420,#7475,#7530,#7585,#7640,#7695,#7750,#7805,#7860,
    #7915,#7970,#8025,#8080,#8135,#8190,#8245,#8300,#8355,#8410,#8465,
    #8520,#8575,#8630,#8685,#8740,#8795,#8850,#8905,#8960,#9015,#9070,
    #9125,#9180,#9235,#9290,#9345,#9400,#9455,#9510,#9565,#9620,#9675,
    #9730,#9785,#9840,#9895,#9950,#10005,#10060,#10095,#10150,#10205,
    #10264,#10319,#10349));
#17 = ADVANCED_FACE('',(#18),#32,.T.);
#18 = FACE_BOUND('',#19,.T.);
#19 = EDGE_LOOP('',(#20,#50,#77,#78));
#20 = ORIENTED_EDGE('',*,*,#21,.F.);
#21 = EDGE_CURVE('',#22,#24,#26,.T.);
#22 = VERTEX_POINT('',#23);
#23 = CARTESIAN_POINT('',(23.962176069991,0.,-0.672648876034));
#24 = VERTEX_POINT('',#25);
#25 = CARTESIAN_POINT('',(18.,0.,0.));
#26 = SEAM_CURVE('',#27,(#31,#43),.PCURVE_S1.);
#27 = LINE('',#28,#29);
#28 = CARTESIAN_POINT('',(23.962176069991,0.,-0.672648876034));
#29 = VECTOR('',#30,1.);
#30 = DIRECTION('',(-0.993696011665,0.,0.112108146006));
#31 = PCURVE('',#32,#37);
#32 = CONICAL_SURFACE('',#33,23.962176069991,1.458452009004);
#33 = AXIS2_PLACEMENT_3D('',#34,#35,#36);
#34 = CARTESIAN_POINT('',(0.,0.,-0.672648876034));
#35 = DIRECTION('',(-0.,-0.,-1.));
#36 = DIRECTION('',(1.,0.,-0.));
#37 = DEFINITIONAL_REPRESENTATION('',(#38),#42);
#38 = LINE('',#39,#40);
#39 = CARTESIAN_POINT('',(-0.,-0.));
#40 = VECTOR('',#41,1.);
#41 = DIRECTION('',(-0.,-1.));
#42 = ( GEOMETRIC_REPRESENTATION_CONTEXT(2) 
PARAMETRIC_REPRESENTATION_CONTEXT() REPRESENTATION_CONTEXT('2D SPACE',''
  ) );
#43 = PCURVE('',#32,#44);
#44 = DEFINITIONAL_REPRESENTATION('',(#45),#49);
#45 = LINE('',#46,#47);
#46 = CARTESIAN_POINT('',(-6.28318530718,-0.));
#47 = VECTOR('',#48,1.);
#48 = DIRECTION('',(-0.,-1.));
#49 = ( GEOMETRIC_REPRESENTATION_CONTEXT(2) 
PARAMETRIC_REPRESENTATION_CONTEXT() REPRESENTATION_CONTEXT('2D SPACE',''
  ) );
#50 = ORIENTED_EDGE('',*,*,#51,.T.);
#51 = EDGE_CURVE('',#22,#22,#52,.T.);
#52 = SURFACE_CURVE('',#53,(#58,#65),.PCURVE_S1.);
#53 = CIRCLE('',#54,23.962176069991);
#54 = AXIS2_PLACEMENT_3D('',#55,#56,#57);
#55 = CARTESIAN_POINT('',(0.,0.,-0.672648876034));
#56 = DIRECTION('',(0.,0.,1.));
#57 = DIRECTION('',(1.,0.,-0.));
#58 = PCURVE('',#32,#59);
#59 = DEFINITIONAL_REPRESENTATION('',(#60),#64);
#60 = LINE('',#61,#62);
#61 = CARTESIAN_POINT('',(-0.,-0.));
#62 = VECTOR('',#63,1.);
#63 = DIRECTION('',(-1.,-0.));
#64 = ( GEOMETRIC_REPRESENTATION_CONTEXT(2) 
PARAMETRIC_REPRESENTATION_CONTEXT() REPRESENTATION_CONTEXT('2D SPACE',''
  ) );
#65 = PCURVE('',#66,#71);
#66 = CONICAL_SURFACE('',#67,24.032317874859,0.111625780899);
#67 = AXIS2_PLACEMENT_3D('',#68,#69,#70);
#68 = CARTESIAN_POINT('',(0.,0.,-1.298402464085));
#69 = DIRECTION('',(-0.,-0.,-1.));
#70 = DIRECTION('',(1.,0.,-0.));
#71 = DEFINITIONAL_REPRESENTATION('',(#72),#76);
#72 = LINE('',#73,#74);
#73 = CARTESIAN_POINT('',(-0.,-0.625753588051));
#74 = VECTOR('',#75,1.);
#75 = DIRECTION('',(-1.,-0.));
#76 = ( GEOMETRIC_REPRESENTATION_CONTEXT(2) 
PARAMETRIC_REPRESENTATION_CONTEXT() REPRESENTATION_CONTEXT('2D SPACE',''
  ) );
#77 = ORIENTED_EDGE('',*,*,#21,.T.);
#78 = ORIENTED_EDGE('',*,*,#79,.F.);
#79 = EDGE_CURVE('',#24,#24,#80,.T.);
#80 = SURFACE_CURVE('',#81,(#86,#93),.PCURVE_S1.);
#81 = CIRCLE('',#82,18.);
#82 = AXIS2_PLACEMENT_3D('',#83,#84,#85);
#83 = CARTESIAN_POINT('',(0.,0.,0.));
#84 = DIRECTION('',(0.,0.,1.));
#85 = DIRECTION('',(1.,0.,-0.));
#86 = PCURVE('',#32,#87);
#87 = DEFINITIONAL_REPRESENTATION('',(#88),#92);
#88 = LINE('',#89,#90);
#89 = CARTESIAN_POINT('',(-0.,-0.672648876034));
#90 = VECTOR('',#91,1.);
#91 = DIRECTION('',(-1.,-0.));
#92 = ( GEOMETRIC_REPRESENTATION_CONTEXT(2) 
PARAMETRIC_REPRESENTATION_CONTEXT() REPRESENTATION_CONTEXT('2D SPACE',''
  ) );
#93 = PCURVE('',#94,#99);
#94 = CONICAL_SURFACE('',#95,18.,0.112564925649);
#95 = AXIS2_PLACEMENT_3D('',#96,#97,#98);
#96 = CARTESIAN_POINT('',(0.,0.,0.));
#97 = DIRECTION('',(-0.,-0.,-1.));
#98 = DIRECTION('',(1.,0.,0.));
#99 = DEFINITIONAL_REPRESENTATION('',(#100),#104);
#100 = LINE('',#101,#102);
#101 = CARTESIAN_POINT('',(-0.,0.));
#102 = VECTOR('',#103,1.);
#103 = DIRECTION('',(-1.,0.));
#104 = ( GEOMETRIC_REPRESENTATION_CONTEXT(2) 
PARAMETRIC_REPRESENTATION_CONTEXT() REPRESENTATION_CONTEXT('2D SPACE',''
  ) );
#105 = ADVANCED_FACE('',(#106),#94,.F.);
#106 = FACE_BOUND('',#107,.T.);
#107 = EDGE_LOOP('',(#108,#131,#132,#133));
#108 = ORIENTED_EDGE('',*,*,#109,.F.);
#109 = EDGE_CURVE('',#24,#110,#112,.T.);
#110 = VERTEX_POINT('',#111);
#111 = CARTESIAN_POINT('',(18.070439364999,0.,-0.623121312512));
#112 = SEAM_CURVE('',#113,(#117,#124),.PCURVE_S1.);
#113 = LINE('',#114,#115);
#114 = CARTESIAN_POINT('',(18.,0.,0.));
#115 = VECTOR('',#116,1.);
#116 = DIRECTION('',(0.112327360424,0.,-0.993671255547));
#117 = PCURVE('',#94,#118);
#118 = DEFINITIONAL_REPRESENTATION('',(#119),#123);
#119 = LINE('',#120,#121);
#120 = CARTESIAN_POINT('',(-0.,0.));
#121 = VECTOR('',#122,1.);
#122 = DIRECTION('',(-0.,1.));
#123 = ( GEOMETRIC_REPRESENTATION_CONTEXT(2) 
PARAMETRIC_REPRESENTATION_CONTEXT() REPRESENTATION_CONTEXT('2D SPACE',''
  ) );
#124 = PCURVE('',#94,#125);
#125 = DEFINITIONAL_REPRESENTATION('',(#126),#130);
#126 = LINE('',#127,#128);
#127 = CARTESIAN_POINT('',(-6.28318530718,0.));
#128 = VECTOR('',#129,1.);
#129 = DIRECTION('',(-0.,1.));
#130 = ( GEOMETRIC_REPRESENTATION_CONTEXT(2) 
PARAMETRIC_REPRESENTATION_CONTEXT() REPRESENTATION_CONTEXT('2D SPACE',''
  ) );
#131 = ORIENTED_EDGE('',*,*,#79,.T.);
#132 = ORIENTED_EDGE('',*,*,#109,.T.);
#133 = ORIENTED_EDGE('',*,*,#134,.F.);
#134 = EDGE_CURVE('',#110,#110,#135,.T.);
#135 = SURFACE_CURVE('',#136,(#141,#148),.PCURVE_S1.);
#136 = CIRCLE('',#137,18.070439364999);
#137 = AXIS2_PLACEMENT_3D('',#138,#139,#140);
#138 = CARTESIAN_POINT('',(0.,0.,-0.623121312512));
#139 = DIRECTION('',(0.,0.,1.));
#140 = DIRECTION('',(1.,0.,-0.));
#141 = PCURVE('',#94,#142);
#142 = DEFINITIONAL_REPRESENTATION('',(#143),#147);
#143 = LINE('',#144,#145);
#144 = CARTESIAN_POINT('',(-0.,0.623121312512));
#145 = VECTOR('',#146,1.);
#146 = DIRECTION('',(-1.,0.));
#147 = ( GEOMETRIC_REPRESENTATION_CONTEXT(2) 
PARAMETRIC_REPRESENTATION_CONTEXT() REPRESENTATION_CONTEXT('2D SPACE',''
  ) );
#148 = PCURVE('',#149,#154);
#149 = CONICAL_SURFACE('',#150,18.070439364999,0.113189000671);
#150 = AXIS2_PLACEMENT_3D('',#151,#152,#153);
#151 = CARTESIAN_POINT('',(0.,0.,-0.623121312512));
#152 = DIRECTION('',(-0.,-0.,-1.));
#153 = DIRECTION('',(1.,0.,0.));
#154 = DEFINITIONAL_REPRESENTATION('',(#155),#159);
#155 = LINE('',#156,#157);
#156 = CARTESIAN_POINT('',(-0.,0.));
#157 = VECTOR('',#158,1.);
#158 = DIRECTION('',(-1.,0.));
#159 = ( GEOMETRIC_REPRESENTATION_CONTEXT(2) 
PARAMETRIC_REPRESENTATION_CONTEXT() REPRESENTATION_CONTEXT('2D SPACE',''
  ) );
#160 = ADVANCED_FACE('',(#161),#66,.T.);
#161 = FACE_BOUND('',#162,.T.);
#162 = EDGE_LOOP('',(#163,#192,#213,#214));
#163 = ORIENTED_EDGE('',*,*,#164,.T.);
#164 = EDGE_CURVE('',#165,#165,#167,.T.);
#165 = VERTEX_POINT('',#166);
#166 = CARTESIAN_POINT('',(24.032317874859,0.,-1.298402464085));
#167 = SURFACE_CURVE('',#168,(#173,#180),.PCURVE_S1.);
#168 = CIRCLE('',#169,24.032317874859);
#169 = AXIS2_PLACEMENT_3D('',#170,#171,#172);
#170 = CARTESIAN_POINT('',(0.,0.,-1.298402464085));
#171 = DIRECTION('',(0.,0.,1.));
#172 = DIRECTION('',(1.,0.,-0.));
#173 = PCURVE('',#66,#174);
#174 = DEFINITIONAL_REPRESENTATION('',(#175),#179);
#175 = LINE('',#176,#177);
#176 = CARTESIAN_POINT('',(-0.,-0.));
#177 = VECTOR('',#178,1.);
#178 = DIRECTION('',(-1.,-0.));
#179 = ( GEOMETRIC_REPRESENTATION_CONTEXT(2) 
PARAMETRIC_REPRESENTATION_CONTEXT() REPRESENTATION_CONTEXT('2D SPACE',''
  ) );
#180 = PCURVE('',#181,#186);
#181 = CONICAL_SURFACE('',#182,24.160564009586,0.112239477426);
#182 = AXIS2_PLACEMENT_3D('',#183,#184,#185);
#183 = CARTESIAN_POINT('',(0.,0.,-2.436211988585));
#184 = DIRECTION('',(-0.,-0.,-1.));
#185 = DIRECTION('',(1.,0.,-0.));
#186 = DEFINITIONAL_REPRESENTATION('',(#187),#191);
#187 = LINE('',#188,#189);
#188 = CARTESIAN_POINT('',(-0.,-1.1378095245));
#189 = VECTOR('',#190,1.);
#190 = DIRECTION('',(-1.,-0.));
#191 = ( GEOMETRIC_REPRESENTATION_CONTEXT(2) 
PARAMETRIC_REPRESENTATION_CONTEXT() REPRESENTATION_CONTEXT('2D SPACE',''
  ) );
#192 = ORIENTED_EDGE('',*,*,#193,.T.);
#193 = EDGE_CURVE('',#165,#22,#194,.T.);
#194 = SEAM_CURVE('',#195,(#199,#206),.PCURVE_S1.);
#195 = LINE('',#196,#197);
#196 = CARTESIAN_POINT('',(24.032317874859,0.,-1.298402464085));
#197 = VECTOR('',#198,1.);
#198 = DIRECTION('',(-0.111394109883,0.,0.993776308977));
#199 = PCURVE('',#66,#200);
#200 = DEFINITIONAL_REPRESENTATION('',(#201),#205);
#201 = LINE('',#202,#203);
#202 = CARTESIAN_POINT('',(-0.,-0.));
#203 = VECTOR('',#204,1.);
#204 = DIRECTION('',(-0.,-1.));
#205 = ( GEOMETRIC_REPRESENTATION_CONTEXT(2) 
PARAMETRIC_REPRESENTATION_CONTEXT() REPRESENTATION_CONTEXT('2D SPACE',''
  ) );
#206 = PCURVE('',#66,#207);
#207 = DEFINITIONAL_REPRESENTATION('',(#208),#212);
#208 = LINE('',#209,#210);
#209 = CARTESIAN_POINT('',(-6.28318530718,-0.));
#210 = VECTOR('',#211,1.);
#211 = DIRECTION('',(-0.,-1.));
#212 = ( GEOMETRIC_REPRESENTATION_CONTEXT(2) 
PARAMETRIC_REPRESENTATION_CONTEXT() REPRESENTATION_CONTEXT('2D SPACE',''
  ) );
#213 = ORIENTED_EDGE('',*,*,#51,.F.);
#214 = ORIENTED_EDGE('',*,*,#193,.F.);
#215 = ADVANCED_FACE('',(#216),#149,.F.);
#216 = FACE_BOUND('',#217,.T.);
#217 = EDGE_LOOP('',(#218,#219,#242,#269));
#218 = ORIENTED_EDGE('',*,*,#134,.T.);
#219 = ORIENTED_EDGE('',*,*,#220,.T.);
#220 = EDGE_CURVE('',#110,#221,#223,.T.);
#221 = VERTEX_POINT('',#222);
#222 = CARTESIAN_POINT('',(18.199232610614,0.,-1.756117913018));
#223 = SEAM_CURVE('',#224,(#228,#235),.PCURVE_S1.);
#224 = LINE('',#225,#226);
#225 = CARTESIAN_POINT('',(18.070439364999,0.,-0.623121312512));
#226 = VECTOR('',#227,1.);
#227 = DIRECTION('',(0.112947463921,0.,-0.993600961349));
#228 = PCURVE('',#149,#229);
#229 = DEFINITIONAL_REPRESENTATION('',(#230),#234);
#230 = LINE('',#231,#232);
#231 = CARTESIAN_POINT('',(-0.,0.));
#232 = VECTOR('',#233,1.);
#233 = DIRECTION('',(-0.,1.));
#234 = ( GEOMETRIC_REPRESENTATION_CONTEXT(2) 
PARAMETRIC_REPRESENTATION_CONTEXT() REPRESENTATION_CONTEXT('2D SPACE',''
  ) );
#235 = PCURVE('',#149,#236);
#236 = DEFINITIONAL_REPRESENTATION('',(#237),#241);
#237 = LINE('',#238,#239);
#238 = CARTESIAN_POINT('',(-6.28318530718,0.));
#239 = VECTOR('',#240,1.);
#240 = DIRECTION('',(-0.,1.));
#241 = ( GEOMETRIC_REPRESENTATION_CONTEXT(2) 
PARAMETRIC_REPRESENTATION_CONTEXT() REPRESENTATION_CONTEXT('2D SPACE',''
  ) );
#242 = ORIENTED_EDGE('',*,*,#243,.F.);
#243 = EDGE_CURVE('',#221,#221,#244,.T.);
#244 = SURFACE_CURVE('',#245,(#250,#257),.PCURVE_S1.);
#245 = CIRCLE('',#246,18.199232610614);
#246 = AXIS2_PLACEMENT_3D('',#247,#248,#249);
#247 = CARTESIAN_POINT('',(0.,0.,-1.756117913018));
#248 = DIRECTION('',(0.,0.,1.));
#249 = DIRECTION('',(1.,0.,-0.));
#250 = PCURVE('',#149,#251);
#251 = DEFINITIONAL_REPRESENTATION('',(#252),#256);
#252 = LINE('',#253,#254);
#253 = CARTESIAN_POINT('',(-0.,1.132996600506));
#254 = VECTOR('',#255,1.);
#255 = DIRECTION('',(-1.,0.));
#256 = ( GEOMETRIC_REPRESENTATION_CONTEXT(2) 
PARAMETRIC_REPRESENTATION_CONTEXT() REPRESENTATION_CONTEXT('2D SPACE',''
  ) );
#257 = PCURVE('',#258,#263);
#258 = CONICAL_SURFACE('',#259,18.199232610614,0.114115115129);
#259 = AXIS2_PLACEMENT_3D('',#260,#261,#262);
#260 = CARTESIAN_POINT('',(0.,0.,-1.756117913018));
#261 = DIRECTION('',(-0.,-0.,-1.));
#262 = DIRECTION('',(1.,0.,0.));
#263 = DEFINITIONAL_REPRESENTATION('',(#264),#268);
#264 = LINE('',#265,#266);
#265 = CARTESIAN_POINT('',(-0.,0.));
#266 = VECTOR('',#267,1.);
#267 = DIRECTION('',(-1.,0.));
#268 = ( GEOMETRIC_REPRESENTATION_CONTEXT(2) 
PARAMETRIC_REPRESENTATION_CONTEXT() REPRESENTATION_CONTEXT('2D SPACE',''
  ) );
#269 = ORIENTED_EDGE('',*,*,#220,.F.);
#270 = ADVANCED_FACE('',(#271),#181,.T.);
#271 = FACE_BOUND('',#272,.T.);
#272 = EDGE_LOOP('',(#273,#302,#323,#324));
#273 = ORIENTED_EDGE('',*,*,#274,.T.);
#274 = EDGE_CURVE('',#275,#275,#277,.T.);
#275 = VERTEX_POINT('',#276);
#276 = CARTESIAN_POINT('',(24.160564009586,0.,-2.436211988585));
#277 = SURFACE_CURVE('',#278,(#283,#290),.PCURVE_S1.);
#278 = CIRCLE('',#279,24.160564009586);
#279 = AXIS2_PLACEMENT_3D('',#280,#281,#282);
#280 = CARTESIAN_POINT('',(0.,0.,-2.436211988585));
#281 = DIRECTION('',(0.,0.,1.));
#282 = DIRECTION('',(1.,0.,-0.));
#283 = PCURVE('',#181,#284);
#284 = DEFINITIONAL_REPRESENTATION('',(#285),#289);
#285 = LINE('',#286,#287);
#286 = CARTESIAN_POINT('',(-0.,-0.));
#287 = VECTOR('',#288,1.);
#288 = DIRECTION('',(-1.,-0.));
#289 = ( GEOMETRIC_REPRESENTATION_CONTEXT(2) 
PARAMETRIC_REPRESENTATION_CONTEXT() REPRESENTATION_CONTEXT('2D SPACE',''
  ) );
#290 = PCURVE('',#291,#296);
#291 = CONICAL_SURFACE('',#292,24.326630744503,0.113150087836);
#292 = AXIS2_PLACEMENT_3D('',#293,#294,#295);
#293 = CARTESIAN_POINT('',(0.,0.,-3.897610898238));
#294 = DIRECTION('',(-0.,-0.,-1.));
#295 = DIRECTION('',(1.,0.,-0.));
#296 = DEFINITIONAL_REPRESENTATION('',(#297),#301);
#297 = LINE('',#298,#299);
#298 = CARTESIAN_POINT('',(-0.,-1.461398909653));
#299 = VECTOR('',#300,1.);
#300 = DIRECTION('',(-1.,-0.));
#301 = ( GEOMETRIC_REPRESENTATION_CONTEXT(2) 
PARAMETRIC_REPRESENTATION_CONTEXT() REPRESENTATION_CONTEXT('2D SPACE',''
  ) );
#302 = ORIENTED_EDGE('',*,*,#303,.T.);
#303 = EDGE_CURVE('',#275,#165,#304,.T.);
#304 = SEAM_CURVE('',#305,(#309,#316),.PCURVE_S1.);
#305 = LINE('',#306,#307);
#306 = CARTESIAN_POINT('',(24.160564009586,0.,-2.436211988585));
#307 = VECTOR('',#308,1.);
#308 = DIRECTION('',(-0.112003965937,0.,0.993707759663));
#309 = PCURVE('',#181,#310);
#310 = DEFINITIONAL_REPRESENTATION('',(#311),#315);
#311 = LINE('',#312,#313);
#312 = CARTESIAN_POINT('',(-0.,-0.));
#313 = VECTOR('',#314,1.);
#314 = DIRECTION('',(-0.,-1.));
#315 = ( GEOMETRIC_REPRESENTATION_CONTEXT(2) 
PARAMETRIC_REPRESENTATION_CONTEXT() REPRESENTATION_CONTEXT('2D SPACE',''
  ) );
#316 = PCURVE('',#181,#317);
#317 = DEFINITIONAL_REPRESENTATION('',(#318),#322);
#318 = LINE('',#319,#320);
#319 = CARTESIAN_POINT('',(-6.28318530718,-0.));
#320 = VECTOR('',#321,1.);
#321 = DIRECTION('',(-0.,-1.));
#322 = ( GEOMETRIC_REPRESENTATION_CONTEXT(2) 
PARAMETRIC_REPRESENTATION_CONTEXT() REPRESENTATION_CONTEXT('2D SPACE',''
  ) );
#323 = ORIENTED_EDGE('',*,*,#164,.F.);
#324 = ORIENTED_EDGE('',*,*,#303,.F.);
#325 = ADVANCED_FACE('',(#326),#258,.F.);
#326 = FACE_BOUND('',#327,.T.);
#327 = EDGE_LOOP('',(#328,#329,#352,#379));
#328 = ORIENTED_EDGE('',*,*,#243,.T.);
#329 = ORIENTED_EDGE('',*,*,#330,.T.);
#330 = EDGE_CURVE('',#221,#331,#333,.T.);
#331 = VERTEX_POINT('',#332);
#332 = CARTESIAN_POINT('',(18.366013677094,0.,-3.211284317287));
#333 = SEAM_CURVE('',#334,(#338,#345),.PCURVE_S1.);
#334 = LINE('',#335,#336);
#335 = CARTESIAN_POINT('',(18.199232610614,0.,-1.756117913018));
#336 = VECTOR('',#337,1.);
#337 = DIRECTION('',(0.113867603569,0.,-0.993495932985));
#338 = PCURVE('',#258,#339);
#339 = DEFINITIONAL_REPRESENTATION('',(#340),#344);
#340 = LINE('',#341,#342);
#341 = CARTESIAN_POINT('',(-0.,0.));
#342 = VECTOR('',#343,1.);
#343 = DIRECTION('',(-0.,1.));
#344 = ( GEOMETRIC_REPRESENTATION_CONTEXT(2) 
PARAMETRIC_REPRESENTATION_CONTEXT() REPRESENTATION_CONTEXT('2D SPACE',''
  ) );
#345 = PCURVE('',#258,#346);
#346 = DEFINITIONAL_REPRESENTATION('',(#347),#351);
#347 = LINE('',#348,#349);
#348 = CARTESIAN_POINT('',(-6.28318530718,0.));
#349 = VECTOR('',#350,1.);
#350 = DIRECTION('',(-0.,1.));
#351 = ( GEOMETRIC_REPRESENTATION_CONTEXT(2) 
PARAMETRIC_REPRESENTATION_CONTEXT() REPRESENTATION_CONTEXT('2D SPACE',''
  ) );
#352 = ORIENTED_EDGE('',*,*,#353,.F.);
#353 = EDGE_CURVE('',#331,#331,#354,.T.);
#354 = SURFACE_CURVE('',#355,(#360,#367),.PCURVE_S1.);
#355 = CIRCLE('',#356,18.366013677094);
#356 = AXIS2_PLACEMENT_3D('',#357,#358,#359);
#357 = CARTESIAN_POINT('',(0.,0.,-3.211284317287));
#358 = DIRECTION('',(0.,0.,1.));
#359 = DIRECTION('',(1.,0.,-0.));
#360 = PCURVE('',#258,#361);
#361 = DEFINITIONAL_REPRESENTATION('',(#362),#366);
#362 = LINE('',#363,#364);
#363 = CARTESIAN_POINT('',(-0.,1.455166404269));
#364 = VECTOR('',#365,1.);
#365 = DIRECTION('',(-1.,0.));
#366 = ( GEOMETRIC_REPRESENTATION_CONTEXT(2) 
PARAMETRIC_REPRESENTATION_CONTEXT() REPRESENTATION_CONTEXT('2D SPACE',''
  ) );
#367 = PCURVE('',#368,#373);
#368 = CONICAL_SURFACE('',#369,18.366013677094,0.11525672715);
#369 = AXIS2_PLACEMENT_3D('',#370,#371,#372);
#370 = CARTESIAN_POINT('',(0.,0.,-3.211284317287));
#371 = DIRECTION('',(-0.,-0.,-1.));
#372 = DIRECTION('',(1.,0.,0.));
#373 = DEFINITIONAL_REPRESENTATION('',(#374),#378);
#374 = LINE('',#375,#376);
#375 = CARTESIAN_POINT('',(-0.,0.));
#376 = VECTOR('',#377,1.);
#377 = DIRECTION('',(-1.,0.));
#378 = ( GEOMETRIC_REPRESENTATION_CONTEXT(2) 
PARAMETRIC_REPRESENTATION_CONTEXT() REPRESENTATION_CONTEXT('2D SPACE',''
  ) );
#379 = ORIENTED_EDGE('',*,*,#330,.F.);
#380 = ADVANCED_FACE('',(#381),#291,.T.);
#381 = FACE_BOUND('',#382,.T.);
#382 = EDGE_LOOP('',(#383,#412,#433,#434));
#383 = ORIENTED_EDGE('',*,*,#384,.T.);
#384 = EDGE_CURVE('',#385,#385,#387,.T.);
#385 = VERTEX_POINT('',#386);
#386 = CARTESIAN_POINT('',(24.326630744503,0.,-3.897610898238));
#387 = SURFACE_CURVE('',#388,(#393,#400),.PCURVE_S1.);
#388 = CIRCLE('',#389,24.326630744503);
#389 = AXIS2_PLACEMENT_3D('',#390,#391,#392);
#390 = CARTESIAN_POINT('',(0.,0.,-3.897610898238));
#391 = DIRECTION('',(0.,0.,1.));
#392 = DIRECTION('',(1.,0.,-0.));
#393 = PCURVE('',#291,#394);
#394 = DEFINITIONAL_REPRESENTATION('',(#395),#399);
#395 = LINE('',#396,#397);
#396 = CARTESIAN_POINT('',(-0.,-0.));
#397 = VECTOR('',#398,1.);
#398 = DIRECTION('',(-1.,-0.));
#399 = ( GEOMETRIC_REPRESENTATION_CONTEXT(2) 
PARAMETRIC_REPRESENTATION_CONTEXT() REPRESENTATION_CONTEXT('2D SPACE',''
  ) );
#400 = PCURVE('',#401,#406);
#401 = CONICAL_SURFACE('',#402,24.523277539988,0.114272418701);
#402 = AXIS2_PLACEMENT_3D('',#403,#404,#405);
#403 = CARTESIAN_POINT('',(0.,0.,-5.610973593424));
#404 = DIRECTION('',(-0.,-0.,-1.));
#405 = DIRECTION('',(1.,0.,-0.));
#406 = DEFINITIONAL_REPRESENTATION('',(#407),#411);
#407 = LINE('',#408,#409);
#408 = CARTESIAN_POINT('',(-0.,-1.713362695186));
#409 = VECTOR('',#410,1.);
#410 = DIRECTION('',(-1.,-0.));
#411 = ( GEOMETRIC_REPRESENTATION_CONTEXT(2) 
PARAMETRIC_REPRESENTATION_CONTEXT() REPRESENTATION_CONTEXT('2D SPACE',''
  ) );
#412 = ORIENTED_EDGE('',*,*,#413,.T.);
#413 = EDGE_CURVE('',#385,#275,#414,.T.);
#414 = SEAM_CURVE('',#415,(#419,#426),.PCURVE_S1.);
#415 = LINE('',#416,#417);
#416 = CARTESIAN_POINT('',(24.326630744503,0.,-3.897610898238));
#417 = VECTOR('',#418,1.);
#418 = DIRECTION('',(-0.112908800005,0.,0.993605355703));
#419 = PCURVE('',#291,#420);
#420 = DEFINITIONAL_REPRESENTATION('',(#421),#425);
#421 = LINE('',#422,#423);
#422 = CARTESIAN_POINT('',(-0.,-0.));
#423 = VECTOR('',#424,1.);
#424 = DIRECTION('',(-0.,-1.));
#425 = ( GEOMETRIC_REPRESENTATION_CONTEXT(2) 
PARAMETRIC_REPRESENTATION_CONTEXT() REPRESENTATION_CONTEXT('2D SPACE',''
  ) );
#426 = PCURVE('',#291,#427);
#427 = DEFINITIONAL_REPRESENTATION('',(#428),#432);
#428 = LINE('',#429,#430);
#429 = CARTESIAN_POINT('',(-6.28318530718,-0.));
#430 = VECTOR('',#431,1.);
#431 = DIRECTION('',(-0.,-1.));
#432 = ( GEOMETRIC_REPRESENTATION_CONTEXT(2) 
PARAMETRIC_REPRESENTATION_CONTEXT() REPRESENTATION_CONTEXT('2D SPACE',''
  ) );
#433 = ORIENTED_EDGE('',*,*,#274,.F.);
#434 = ORIENTED_EDGE('',*,*,#413,.F.);
#435 = ADVANCED_FACE('',(#436),#368,.F.);
#436 = FACE_BOUND('',#437,.T.);
#437 = EDGE_LOOP('',(#438,#439,#462,#489));
#438 = ORIENTED_EDGE('',*,*,#353,.T.);
#439 = ORIENTED_EDGE('',*,*,#440,.T.);
#440 = EDGE_CURVE('',#331,#441,#443,.T.);
#441 = VERTEX_POINT('',#442);
#442 = CARTESIAN_POINT('',(18.563514919993,0.,-4.917266513081));
#443 = SEAM_CURVE('',#444,(#448,#455),.PCURVE_S1.);
#444 = LINE('',#445,#446);
#445 = CARTESIAN_POINT('',(18.366013677094,0.,-3.211284317287));
#446 = VECTOR('',#447,1.);
#447 = DIRECTION('',(0.115001716021,0.,-0.993365292988));
#448 = PCURVE('',#368,#449);
#449 = DEFINITIONAL_REPRESENTATION('',(#450),#454);
#450 = LINE('',#451,#452);
#451 = CARTESIAN_POINT('',(-0.,0.));
#452 = VECTOR('',#453,1.);
#453 = DIRECTION('',(-0.,1.));
#454 = ( GEOMETRIC_REPRESENTATION_CONTEXT(2) 
PARAMETRIC_REPRESENTATION_CONTEXT() REPRESENTATION_CONTEXT('2D SPACE',''
  ) );
#455 = PCURVE('',#368,#456);
#456 = DEFINITIONAL_REPRESENTATION('',(#457),#461);
#457 = LINE('',#458,#459);
#458 = CARTESIAN_POINT('',(-6.28318530718,0.));
#459 = VECTOR('',#460,1.);
#460 = DIRECTION('',(-0.,1.));
#461 = ( GEOMETRIC_REPRESENTATION_CONTEXT(2) 
PARAMETRIC_REPRESENTATION_CONTEXT() REPRESENTATION_CONTEXT('2D SPACE',''
  ) );
#462 = ORIENTED_EDGE('',*,*,#463,.F.);
#463 = EDGE_CURVE('',#441,#441,#464,.T.);
#464 = SURFACE_CURVE('',#465,(#470,#477),.PCURVE_S1.);
#465 = CIRCLE('',#466,18.563514919993);
#466 = AXIS2_PLACEMENT_3D('',#467,#468,#469);
#467 = CARTESIAN_POINT('',(0.,0.,-4.917266513081));
#468 = DIRECTION('',(0.,0.,1.));
#469 = DIRECTION('',(1.,0.,-0.));
#470 = PCURVE('',#368,#471);
#471 = DEFINITIONAL_REPRESENTATION('',(#472),#476);
#472 = LINE('',#473,#474);
#473 = CARTESIAN_POINT('',(-0.,1.705982195794));
#474 = VECTOR('',#475,1.);
#475 = DIRECTION('',(-1.,0.));
#476 = ( GEOMETRIC_REPRESENTATION_CONTEXT(2) 
PARAMETRIC_REPRESENTATION_CONTEXT() REPRESENTATION_CONTEXT('2D SPACE',''
  ) );
#477 = PCURVE('',#478,#483);
#478 = CONICAL_SURFACE('',#479,18.563514919993,0.116577967052);
#479 = AXIS2_PLACEMENT_3D('',#480,#481,#482);
#480 = CARTESIAN_POINT('',(0.,0.,-4.917266513081));
#481 = DIRECTION('',(-0.,-0.,-1.));
#482 = DIRECTION('',(1.,0.,0.));
#483 = DEFINITIONAL_REPRESENTATION('',(#484),#488);
#484 = LINE('',#485,#486);
#485 = CARTESIAN_POINT('',(-0.,0.));
#486 = VECTOR('',#487,1.);
#487 = DIRECTION('',(-1.,0.));
#488 = ( GEOMETRIC_REPRESENTATION_CONTEXT(2) 
PARAMETRIC_REPRESENTATION_CONTEXT() REPRESENTATION_CONTEXT('2D SPACE',''
  ) );
#489 = ORIENTED_EDGE('',*,*,#440,.F.);
#490 = ADVANCED_FACE('',(#491),#401,.T.);
#491 = FACE_BOUND('',#492,.T.);
#492 = EDGE_LOOP('',(#493,#522,#543,#544));
#493 = ORIENTED_EDGE('',*,*,#494,.T.);
#494 = EDGE_CURVE('',#495,#495,#497,.T.);
#495 = VERTEX_POINT('',#496);
#496 = CARTESIAN_POINT('',(24.523277539988,0.,-5.610973593424));
#497 = SURFACE_CURVE('',#498,(#503,#510),.PCURVE_S1.);
#498 = CIRCLE('',#499,24.523277539988);
#499 = AXIS2_PLACEMENT_3D('',#500,#501,#502);
#500 = CARTESIAN_POINT('',(0.,0.,-5.610973593424));
#501 = DIRECTION('',(0.,0.,1.));
#502 = DIRECTION('',(1.,0.,-0.));
#503 = PCURVE('',#401,#504);
#504 = DEFINITIONAL_REPRESENTATION('',(#505),#509);
#505 = LINE('',#506,#507);
#506 = CARTESIAN_POINT('',(-0.,-0.));
#507 = VECTOR('',#508,1.);
#508 = DIRECTION('',(-1.,-0.));
#509 = ( GEOMETRIC_REPRESENTATION_CONTEXT(2) 
PARAMETRIC_REPRESENTATION_CONTEXT() REPRESENTATION_CONTEXT('2D SPACE',''
  ) );
#510 = PCURVE('',#511,#516);
#511 = CONICAL_SURFACE('',#512,24.746318268717,0.11557110994);
#512 = AXIS2_PLACEMENT_3D('',#513,#514,#515);
#513 = CARTESIAN_POINT('',(0.,0.,-7.53227395554));
#514 = DIRECTION('',(-0.,-0.,-1.));
#515 = DIRECTION('',(1.,0.,-0.));
#516 = DEFINITIONAL_REPRESENTATION('',(#517),#521);
#517 = LINE('',#518,#519);
#518 = CARTESIAN_POINT('',(-0.,-1.921300362116));
#519 = VECTOR('',#520,1.);
#520 = DIRECTION('',(-1.,-0.));
#521 = ( GEOMETRIC_REPRESENTATION_CONTEXT(2) 
PARAMETRIC_REPRESENTATION_CONTEXT() REPRESENTATION_CONTEXT('2D SPACE',''
  ) );
#522 = ORIENTED_EDGE('',*,*,#523,.T.);
#523 = EDGE_CURVE('',#495,#385,#524,.T.);
#524 = SEAM_CURVE('',#525,(#529,#536),.PCURVE_S1.);
#525 = LINE('',#526,#527);
#526 = CARTESIAN_POINT('',(24.523277539988,0.,-5.610973593424));
#527 = VECTOR('',#528,1.);
#528 = DIRECTION('',(-0.114023882618,0.,0.993478008913));
#529 = PCURVE('',#401,#530);
#530 = DEFINITIONAL_REPRESENTATION('',(#531),#535);
#531 = LINE('',#532,#533);
#532 = CARTESIAN_POINT('',(-0.,-0.));
#533 = VECTOR('',#534,1.);
#534 = DIRECTION('',(-0.,-1.));
#535 = ( GEOMETRIC_REPRESENTATION_CONTEXT(2) 
PARAMETRIC_REPRESENTATION_CONTEXT() REPRESENTATION_CONTEXT('2D SPACE',''
  ) );
#536 = PCURVE('',#401,#537);
#537 = DEFINITIONAL_REPRESENTATION('',(#538),#542);
#538 = LINE('',#539,#540);
#539 = CARTESIAN_POINT('',(-6.28318530718,-0.));
#540 = VECTOR('',#541,1.);
#541 = DIRECTION('',(-0.,-1.));
#542 = ( GEOMETRIC_REPRESENTATION_CONTEXT(2) 
PARAMETRIC_REPRESENTATION_CONTEXT() REPRESENTATION_CONTEXT('2D SPACE',''
  ) );
#543 = ORIENTED_EDGE('',*,*,#384,.F.);
#544 = ORIENTED_EDGE('',*,*,#523,.F.);
#545 = ADVANCED_FACE('',(#546),#478,.F.);
#546 = FACE_BOUND('',#547,.T.);
#547 = EDGE_LOOP('',(#548,#549,#572,#599));
#548 = ORIENTED_EDGE('',*,*,#463,.T.);
#549 = ORIENTED_EDGE('',*,*,#550,.T.);
#550 = EDGE_CURVE('',#441,#551,#553,.T.);
#551 = VERTEX_POINT('',#552);
#552 = CARTESIAN_POINT('',(18.78753604215,0.,-6.830195344307));
#553 = SEAM_CURVE('',#554,(#558,#565),.PCURVE_S1.);
#554 = LINE('',#555,#556);
#555 = CARTESIAN_POINT('',(18.563514919993,0.,-4.917266513081));
#556 = VECTOR('',#557,1.);
#557 = DIRECTION('',(0.116314089124,0.,-0.993212481129));
#558 = PCURVE('',#478,#559);
#559 = DEFINITIONAL_REPRESENTATION('',(#560),#564);
#560 = LINE('',#561,#562);
#561 = CARTESIAN_POINT('',(-0.,0.));
#562 = VECTOR('',#563,1.);
#563 = DIRECTION('',(-0.,1.));
#564 = ( GEOMETRIC_REPRESENTATION_CONTEXT(2) 
PARAMETRIC_REPRESENTATION_CONTEXT() REPRESENTATION_CONTEXT('2D SPACE',''
  ) );
#565 = PCURVE('',#478,#566);
#566 = DEFINITIONAL_REPRESENTATION('',(#567),#571);
#567 = LINE('',#568,#569);
#568 = CARTESIAN_POINT('',(-6.28318530718,0.));
#569 = VECTOR('',#570,1.);
#570 = DIRECTION('',(-0.,1.));
#571 = ( GEOMETRIC_REPRESENTATION_CONTEXT(2) 
PARAMETRIC_REPRESENTATION_CONTEXT() REPRESENTATION_CONTEXT('2D SPACE',''
  ) );
#572 = ORIENTED_EDGE('',*,*,#573,.F.);
#573 = EDGE_CURVE('',#551,#551,#574,.T.);
#574 = SURFACE_CURVE('',#575,(#580,#587),.PCURVE_S1.);
#575 = CIRCLE('',#576,18.78753604215);
#576 = AXIS2_PLACEMENT_3D('',#577,#578,#579);
#577 = CARTESIAN_POINT('',(0.,0.,-6.830195344307));
#578 = DIRECTION('',(0.,0.,1.));
#579 = DIRECTION('',(1.,0.,-0.));
#580 = PCURVE('',#478,#581);
#581 = DEFINITIONAL_REPRESENTATION('',(#582),#586);
#582 = LINE('',#583,#584);
#583 = CARTESIAN_POINT('',(-0.,1.912928831226));
#584 = VECTOR('',#585,1.);
#585 = DIRECTION('',(-1.,0.));
#586 = ( GEOMETRIC_REPRESENTATION_CONTEXT(2) 
PARAMETRIC_REPRESENTATION_CONTEXT() REPRESENTATION_CONTEXT('2D SPACE',''
  ) );
#587 = PCURVE('',#588,#593);
#588 = CONICAL_SURFACE('',#589,18.78753604215,0.118056861437);
#589 = AXIS2_PLACEMENT_3D('',#590,#591,#592);
#590 = CARTESIAN_POINT('',(0.,0.,-6.830195344307));
#591 = DIRECTION('',(-0.,-0.,-1.));
#592 = DIRECTION('',(1.,0.,0.));
#593 = DEFINITIONAL_REPRESENTATION('',(#594),#598);
#594 = LINE('',#595,#596);
#595 = CARTESIAN_POINT('',(-0.,0.));
#596 = VECTOR('',#597,1.);
#597 = DIRECTION('',(-1.,0.));
#598 = ( GEOMETRIC_REPRESENTATION_CONTEXT(2) 
PARAMETRIC_REPRESENTATION_CONTEXT() REPRESENTATION_CONTEXT('2D SPACE',''
  ) );
#599 = ORIENTED_EDGE('',*,*,#550,.F.);
#600 = ADVANCED_FACE('',(#601),#511,.T.);
#601 = FACE_BOUND('',#602,.T.);
#602 = EDGE_LOOP('',(#603,#632,#653,#654));
#603 = ORIENTED_EDGE('',*,*,#604,.T.);
#604 = EDGE_CURVE('',#605,#605,#607,.T.);
#605 = VERTEX_POINT('',#606);
#606 = CARTESIAN_POINT('',(24.746318268717,0.,-7.53227395554));
#607 = SURFACE_CURVE('',#608,(#613,#620),.PCURVE_S1.);
#608 = CIRCLE('',#609,24.746318268717);
#609 = AXIS2_PLACEMENT_3D('',#610,#611,#612);
#610 = CARTESIAN_POINT('',(0.,0.,-7.53227395554));
#611 = DIRECTION('',(0.,0.,1.));
#612 = DIRECTION('',(1.,0.,-0.));
#613 = PCURVE('',#511,#614);
#614 = DEFINITIONAL_REPRESENTATION('',(#615),#619);
#615 = LINE('',#616,#617);
#616 = CARTESIAN_POINT('',(-0.,-0.));
#617 = VECTOR('',#618,1.);
#618 = DIRECTION('',(-1.,-0.));
#619 = ( GEOMETRIC_REPRESENTATION_CONTEXT(2) 
PARAMETRIC_REPRESENTATION_CONTEXT() REPRESENTATION_CONTEXT('2D SPACE',''
  ) );
#620 = PCURVE('',#621,#626);
#621 = CONICAL_SURFACE('',#622,24.992927305487,0.117024467784);
#622 = AXIS2_PLACEMENT_3D('',#623,#624,#625);
#623 = CARTESIAN_POINT('',(0.,0.,-9.629974244679));
#624 = DIRECTION('',(-0.,-0.,-1.));
#625 = DIRECTION('',(1.,0.,-0.));
#626 = DEFINITIONAL_REPRESENTATION('',(#627),#631);
#627 = LINE('',#628,#629);
#628 = CARTESIAN_POINT('',(-0.,-2.097700289139));
#629 = VECTOR('',#630,1.);
#630 = DIRECTION('',(-1.,-0.));
#631 = ( GEOMETRIC_REPRESENTATION_CONTEXT(2) 
PARAMETRIC_REPRESENTATION_CONTEXT() REPRESENTATION_CONTEXT('2D SPACE',''
  ) );
#632 = ORIENTED_EDGE('',*,*,#633,.T.);
#633 = EDGE_CURVE('',#605,#495,#634,.T.);
#634 = SEAM_CURVE('',#635,(#639,#646),.PCURVE_S1.);
#635 = LINE('',#636,#637);
#636 = CARTESIAN_POINT('',(24.746318268717,0.,-7.53227395554));
#637 = VECTOR('',#638,1.);
#638 = DIRECTION('',(-0.115314007285,0.,0.993329089337));
#639 = PCURVE('',#511,#640);
#640 = DEFINITIONAL_REPRESENTATION('',(#641),#645);
#641 = LINE('',#642,#643);
#642 = CARTESIAN_POINT('',(-0.,-0.));
#643 = VECTOR('',#644,1.);
#644 = DIRECTION('',(-0.,-1.));
#645 = ( GEOMETRIC_REPRESENTATION_CONTEXT(2) 
PARAMETRIC_REPRESENTATION_CONTEXT() REPRESENTATION_CONTEXT('2D SPACE',''
  ) );
#646 = PCURVE('',#511,#647);
#647 = DEFINITIONAL_REPRESENTATION('',(#648),#652);
#648 = LINE('',#649,#650);
#649 = CARTESIAN_POINT('',(-6.28318530718,-0.));
#650 = VECTOR('',#651,1.);
#651 = DIRECTION('',(-0.,-1.));
#652 = ( GEOMETRIC_REPRESENTATION_CONTEXT(2) 
PARAMETRIC_REPRESENTATION_CONTEXT() REPRESENTATION_CONTEXT('2D SPACE',''
  ) );
#653 = ORIENTED_EDGE('',*,*,#494,.F.);
#654 = ORIENTED_EDGE('',*,*,#633,.F.);
#655 = ADVANCED_FACE('',(#656),#588,.F.);
#656 = FACE_BOUND('',#657,.T.);
#657 = EDGE_LOOP('',(#658,#659,#682,#709));
#658 = ORIENTED_EDGE('',*,*,#573,.T.);
#659 = ORIENTED_EDGE('',*,*,#660,.T.);
#660 = EDGE_CURVE('',#551,#661,#663,.T.);
#661 = VERTEX_POINT('',#662);
#662 = CARTESIAN_POINT('',(19.035243012322,0.,-8.918638977053));
#663 = SEAM_CURVE('',#664,(#668,#675),.PCURVE_S1.);
#664 = LINE('',#665,#666);
#665 = CARTESIAN_POINT('',(18.78753604215,0.,-6.830195344307));
#666 = VECTOR('',#667,1.);
#667 = DIRECTION('',(0.117782817753,0.,-0.993039378797));
#668 = PCURVE('',#588,#669);
#669 = DEFINITIONAL_REPRESENTATION('',(#670),#674);
#670 = LINE('',#671,#672);
#671 = CARTESIAN_POINT('',(-0.,0.));
#672 = VECTOR('',#673,1.);
#673 = DIRECTION('',(-0.,1.));
#674 = ( GEOMETRIC_REPRESENTATION_CONTEXT(2) 
PARAMETRIC_REPRESENTATION_CONTEXT() REPRESENTATION_CONTEXT('2D SPACE',''
  ) );
#675 = PCURVE('',#588,#676);
#676 = DEFINITIONAL_REPRESENTATION('',(#677),#681);
#677 = LINE('',#678,#679);
#678 = CARTESIAN_POINT('',(-6.28318530718,0.));
#679 = VECTOR('',#680,1.);
#680 = DIRECTION('',(-0.,1.));
#681 = ( GEOMETRIC_REPRESENTATION_CONTEXT(2) 
PARAMETRIC_REPRESENTATION_CONTEXT() REPRESENTATION_CONTEXT('2D SPACE',''
  ) );
#682 = ORIENTED_EDGE('',*,*,#683,.F.);
#683 = EDGE_CURVE('',#661,#661,#684,.T.);
#684 = SURFACE_CURVE('',#685,(#690,#697),.PCURVE_S1.);
#685 = CIRCLE('',#686,19.035243012322);
#686 = AXIS2_PLACEMENT_3D('',#687,#688,#689);
#687 = CARTESIAN_POINT('',(0.,0.,-8.918638977053));
#688 = DIRECTION('',(0.,0.,1.));
#689 = DIRECTION('',(1.,0.,-0.));
#690 = PCURVE('',#588,#691);
#691 = DEFINITIONAL_REPRESENTATION('',(#692),#696);
#692 = LINE('',#693,#694);
#693 = CARTESIAN_POINT('',(-0.,2.088443632746));
#694 = VECTOR('',#695,1.);
#695 = DIRECTION('',(-1.,0.));
#696 = ( GEOMETRIC_REPRESENTATION_CONTEXT(2) 
PARAMETRIC_REPRESENTATION_CONTEXT() REPRESENTATION_CONTEXT('2D SPACE',''
  ) );
#697 = PCURVE('',#698,#703);
#698 = CONICAL_SURFACE('',#699,19.035243012322,0.119678081751);
#699 = AXIS2_PLACEMENT_3D('',#700,#701,#702);
#700 = CARTESIAN_POINT('',(0.,0.,-8.918638977053));
#701 = DIRECTION('',(-0.,-0.,-1.));
#702 = DIRECTION('',(1.,0.,0.));
#703 = DEFINITIONAL_REPRESENTATION('',(#704),#708);
#704 = LINE('',#705,#706);
#705 = CARTESIAN_POINT('',(-0.,0.));
#706 = VECTOR('',#707,1.);
#707 = DIRECTION('',(-1.,0.));
#708 = ( GEOMETRIC_REPRESENTATION_CONTEXT(2) 
PARAMETRIC_REPRESENTATION_CONTEXT() REPRESENTATION_CONTEXT('2D SPACE',''
  ) );
#709 = ORIENTED_EDGE('',*,*,#660,.F.);
#710 = ADVANCED_FACE('',(#711),#621,.T.);
#711 = FACE_BOUND('',#712,.T.);
#712 = EDGE_LOOP('',(#713,#742,#763,#764));
#713 = ORIENTED_EDGE('',*,*,#714,.T.);
#714 = EDGE_CURVE('',#715,#715,#717,.T.);
#715 = VERTEX_POINT('',#716);
#716 = CARTESIAN_POINT('',(24.992927305487,0.,-9.629974244679));
#717 = SURFACE_CURVE('',#718,(#723,#730),.PCURVE_S1.);
#718 = CIRCLE('',#719,24.992927305487);
#719 = AXIS2_PLACEMENT_3D('',#720,#721,#722);
#720 = CARTESIAN_POINT('',(0.,0.,-9.629974244679));
#721 = DIRECTION('',(0.,0.,1.));
#722 = DIRECTION('',(1.,0.,-0.));
#723 = PCURVE('',#621,#724);
#724 = DEFINITIONAL_REPRESENTATION('',(#725),#729);
#725 = LINE('',#726,#727);
#726 = CARTESIAN_POINT('',(-0.,-0.));
#727 = VECTOR('',#728,1.);
#728 = DIRECTION('',(-1.,-0.));
#729 = ( GEOMETRIC_REPRESENTATION_CONTEXT(2) 
PARAMETRIC_REPRESENTATION_CONTEXT() REPRESENTATION_CONTEXT('2D SPACE',''
  ) );
#730 = PCURVE('',#731,#736);
#731 = CONICAL_SURFACE('',#732,25.261029341031,0.118617333378);
#732 = AXIS2_PLACEMENT_3D('',#733,#734,#735);
#733 = CARTESIAN_POINT('',(0.,0.,-11.87959023206));
#734 = DIRECTION('',(-0.,-0.,-1.));
#735 = DIRECTION('',(1.,0.,-0.));
#736 = DEFINITIONAL_REPRESENTATION('',(#737),#741);
#737 = LINE('',#738,#739);
#738 = CARTESIAN_POINT('',(-0.,-2.249615987388));
#739 = VECTOR('',#740,1.);
#740 = DIRECTION('',(-1.,-0.));
#741 = ( GEOMETRIC_REPRESENTATION_CONTEXT(2) 
PARAMETRIC_REPRESENTATION_CONTEXT() REPRESENTATION_CONTEXT('2D SPACE',''
  ) );
#742 = ORIENTED_EDGE('',*,*,#743,.T.);
#743 = EDGE_CURVE('',#715,#605,#744,.T.);
#744 = SEAM_CURVE('',#745,(#749,#756),.PCURVE_S1.);
#745 = LINE('',#746,#747);
#746 = CARTESIAN_POINT('',(24.992927305487,0.,-9.629974244679));
#747 = VECTOR('',#748,1.);
#748 = DIRECTION('',(-0.116757547615,0.,0.9931604478));
#749 = PCURVE('',#621,#750);
#750 = DEFINITIONAL_REPRESENTATION('',(#751),#755);
#751 = LINE('',#752,#753);
#752 = CARTESIAN_POINT('',(-0.,-0.));
#753 = VECTOR('',#754,1.);
#754 = DIRECTION('',(-0.,-1.));
#755 = ( GEOMETRIC_REPRESENTATION_CONTEXT(2) 
PARAMETRIC_REPRESENTATION_CONTEXT() REPRESENTATION_CONTEXT('2D SPACE',''
  ) );
#756 = PCURVE('',#621,#757);
#757 = DEFINITIONAL_REPRESENTATION('',(#758),#762);
#758 = LINE('',#759,#760);
#759 = CARTESIAN_POINT('',(-6.28318530718,-0.));
#760 = VECTOR('',#761,1.);
#761 = DIRECTION('',(-0.,-1.));
#762 = ( GEOMETRIC_REPRESENTATION_CONTEXT(2) 
PARAMETRIC_REPRESENTATION_CONTEXT() REPRESENTATION_CONTEXT('2D SPACE',''
  ) );
#763 = ORIENTED_EDGE('',*,*,#604,.F.);
#764 = ORIENTED_EDGE('',*,*,#743,.F.);
#765 = ADVANCED_FACE('',(#766),#698,.F.);
#766 = FACE_BOUND('',#767,.T.);
#767 = EDGE_LOOP('',(#768,#769,#792,#819));
#768 = ORIENTED_EDGE('',*,*,#683,.T.);
#769 = ORIENTED_EDGE('',*,*,#770,.T.);
#770 = EDGE_CURVE('',#661,#771,#773,.T.);
#771 = VERTEX_POINT('',#772);
#772 = CARTESIAN_POINT('',(19.304555296079,0.,-11.15819093083));
#773 = SEAM_CURVE('',#774,(#778,#785),.PCURVE_S1.);
#774 = LINE('',#775,#776);
#775 = CARTESIAN_POINT('',(19.035243012322,0.,-8.918638977053));
#776 = VECTOR('',#777,1.);
#777 = DIRECTION('',(0.119392597874,0.,-0.992847121954));
#778 = PCURVE('',#698,#779);
#779 = DEFINITIONAL_REPRESENTATION('',(#780),#784);
#780 = LINE('',#781,#782);
#781 = CARTESIAN_POINT('',(-0.,0.));
#782 = VECTOR('',#783,1.);
#783 = DIRECTION('',(-0.,1.));
#784 = ( GEOMETRIC_REPRESENTATION_CONTEXT(2) 
PARAMETRIC_REPRESENTATION_CONTEXT() REPRESENTATION_CONTEXT('2D SPACE',''
  ) );
#785 = PCURVE('',#698,#786);
#786 = DEFINITIONAL_REPRESENTATION('',(#787),#791);
#787 = LINE('',#788,#789);
#788 = CARTESIAN_POINT('',(-6.28318530718,0.));
#789 = VECTOR('',#790,1.);
#790 = DIRECTION('',(-0.,1.));
#791 = ( GEOMETRIC_REPRESENTATION_CONTEXT(2) 
PARAMETRIC_REPRESENTATION_CONTEXT() REPRESENTATION_CONTEXT('2D SPACE',''
  ) );
#792 = ORIENTED_EDGE('',*,*,#793,.F.);
#793 = EDGE_CURVE('',#771,#771,#794,.T.);
#794 = SURFACE_CURVE('',#795,(#800,#807),.PCURVE_S1.);
#795 = CIRCLE('',#796,19.304555296079);
#796 = AXIS2_PLACEMENT_3D('',#797,#798,#799);
#797 = CARTESIAN_POINT('',(0.,0.,-11.15819093083));
#798 = DIRECTION('',(0.,0.,1.));
#799 = DIRECTION('',(1.,0.,-0.));
#800 = PCURVE('',#698,#801);
#801 = DEFINITIONAL_REPRESENTATION('',(#802),#806);
#802 = LINE('',#803,#804);
#803 = CARTESIAN_POINT('',(-0.,2.239551953778));
#804 = VECTOR('',#805,1.);
#805 = DIRECTION('',(-1.,0.));
#806 = ( GEOMETRIC_REPRESENTATION_CONTEXT(2) 
PARAMETRIC_REPRESENTATION_CONTEXT() REPRESENTATION_CONTEXT('2D SPACE',''
  ) );
#807 = PCURVE('',#808,#813);
#808 = CONICAL_SURFACE('',#809,19.304555296079,0.121430131055);
#809 = AXIS2_PLACEMENT_3D('',#810,#811,#812);
#810 = CARTESIAN_POINT('',(0.,0.,-11.15819093083));
#811 = DIRECTION('',(-0.,-0.,-1.));
#812 = DIRECTION('',(1.,0.,0.));
#813 = DEFINITIONAL_REPRESENTATION('',(#814),#818);
#814 = LINE('',#815,#816);
#815 = CARTESIAN_POINT('',(-0.,0.));
#816 = VECTOR('',#817,1.);
#817 = DIRECTION('',(-1.,0.));
#818 = ( GEOMETRIC_REPRESENTATION_CONTEXT(2) 
PARAMETRIC_REPRESENTATION_CONTEXT() REPRESENTATION_CONTEXT('2D SPACE',''
  ) );
#819 = ORIENTED_EDGE('',*,*,#770,.F.);
#820 = ADVANCED_FACE('',(#821),#731,.T.);
#821 = FACE_BOUND('',#822,.T.);
#822 = EDGE_LOOP('',(#823,#852,#873,#874));
#823 = ORIENTED_EDGE('',*,*,#824,.T.);
#824 = EDGE_CURVE('',#825,#825,#827,.T.);
#825 = VERTEX_POINT('',#826);
#826 = CARTESIAN_POINT('',(25.261029341031,0.,-11.87959023206));
#827 = SURFACE_CURVE('',#828,(#833,#840),.PCURVE_S1.);
#828 = CIRCLE('',#829,25.261029341031);
#829 = AXIS2_PLACEMENT_3D('',#830,#831,#832);
#830 = CARTESIAN_POINT('',(0.,0.,-11.87959023206));
#831 = DIRECTION('',(0.,0.,1.));
#832 = DIRECTION('',(1.,0.,-0.));
#833 = PCURVE('',#731,#834);
#834 = DEFINITIONAL_REPRESENTATION('',(#835),#839);
#835 = LINE('',#836,#837);
#836 = CARTESIAN_POINT('',(-0.,-0.));
#837 = VECTOR('',#838,1.);
#838 = DIRECTION('',(-1.,-0.));
#839 = ( GEOMETRIC_REPRESENTATION_CONTEXT(2) 
PARAMETRIC_REPRESENTATION_CONTEXT() REPRESENTATION_CONTEXT('2D SPACE',''
  ) );
#840 = PCURVE('',#841,#846);
#841 = CONICAL_SURFACE('',#842,25.549015612054,0.120338316116);
#842 = AXIS2_PLACEMENT_3D('',#843,#844,#845);
#843 = CARTESIAN_POINT('',(0.,0.,-14.2611657504));
#844 = DIRECTION('',(-0.,-0.,-1.));
#845 = DIRECTION('',(1.,0.,-0.));
#846 = DEFINITIONAL_REPRESENTATION('',(#847),#851);
#847 = LINE('',#848,#849);
#848 = CARTESIAN_POINT('',(-0.,-2.381575518335));
#849 = VECTOR('',#850,1.);
#850 = DIRECTION('',(-1.,-0.));
#851 = ( GEOMETRIC_REPRESENTATION_CONTEXT(2) 
PARAMETRIC_REPRESENTATION_CONTEXT() REPRESENTATION_CONTEXT('2D SPACE',''
  ) );
#852 = ORIENTED_EDGE('',*,*,#853,.T.);
#853 = EDGE_CURVE('',#825,#715,#854,.T.);
#854 = SEAM_CURVE('',#855,(#859,#866),.PCURVE_S1.);
#855 = LINE('',#856,#857);
#856 = CARTESIAN_POINT('',(25.261029341031,0.,-11.87959023206));
#857 = VECTOR('',#858,1.);
#858 = DIRECTION('',(-0.118339369932,0.,0.992973208865));
#859 = PCURVE('',#731,#860);
#860 = DEFINITIONAL_REPRESENTATION('',(#861),#865);
#861 = LINE('',#862,#863);
#862 = CARTESIAN_POINT('',(-0.,-0.));
#863 = VECTOR('',#864,1.);
#864 = DIRECTION('',(-0.,-1.));
#865 = ( GEOMETRIC_REPRESENTATION_CONTEXT(2) 
PARAMETRIC_REPRESENTATION_CONTEXT() REPRESENTATION_CONTEXT('2D SPACE',''
  ) );
#866 = PCURVE('',#731,#867);
#867 = DEFINITIONAL_REPRESENTATION('',(#868),#872);
#868 = LINE('',#869,#870);
#869 = CARTESIAN_POINT('',(-6.28318530718,-0.));
#870 = VECTOR('',#871,1.);
#871 = DIRECTION('',(-0.,-1.));
#872 = ( GEOMETRIC_REPRESENTATION_CONTEXT(2) 
PARAMETRIC_REPRESENTATION_CONTEXT() REPRESENTATION_CONTEXT('2D SPACE',''
  ) );
#873 = ORIENTED_EDGE('',*,*,#714,.F.);
#874 = ORIENTED_EDGE('',*,*,#853,.F.);
#875 = ADVANCED_FACE('',(#876),#808,.F.);
#876 = FACE_BOUND('',#877,.T.);
#877 = EDGE_LOOP('',(#878,#879,#902,#929));
#878 = ORIENTED_EDGE('',*,*,#793,.T.);
#879 = ORIENTED_EDGE('',*,*,#880,.T.);
#880 = EDGE_CURVE('',#771,#881,#883,.T.);
#881 = VERTEX_POINT('',#882);
#882 = CARTESIAN_POINT('',(19.593860884908,0.,-13.5289552781));
#883 = SEAM_CURVE('',#884,(#888,#895),.PCURVE_S1.);
#884 = LINE('',#885,#886);
#885 = CARTESIAN_POINT('',(19.304555296079,0.,-11.15819093083));
#886 = VECTOR('',#887,1.);
#887 = DIRECTION('',(0.121131930845,0.,-0.992636416484));
#888 = PCURVE('',#808,#889);
#889 = DEFINITIONAL_REPRESENTATION('',(#890),#894);
#890 = LINE('',#891,#892);
#891 = CARTESIAN_POINT('',(-0.,0.));
#892 = VECTOR('',#893,1.);
#893 = DIRECTION('',(-0.,1.));
#894 = ( GEOMETRIC_REPRESENTATION_CONTEXT(2) 
PARAMETRIC_REPRESENTATION_CONTEXT() REPRESENTATION_CONTEXT('2D SPACE',''
  ) );
#895 = PCURVE('',#808,#896);
#896 = DEFINITIONAL_REPRESENTATION('',(#897),#901);
#897 = LINE('',#898,#899);
#898 = CARTESIAN_POINT('',(-6.28318530718,0.));
#899 = VECTOR('',#900,1.);
#900 = DIRECTION('',(-0.,1.));
#901 = ( GEOMETRIC_REPRESENTATION_CONTEXT(2) 
PARAMETRIC_REPRESENTATION_CONTEXT() REPRESENTATION_CONTEXT('2D SPACE',''
  ) );
#902 = ORIENTED_EDGE('',*,*,#903,.F.);
#903 = EDGE_CURVE('',#881,#881,#904,.T.);
#904 = SURFACE_CURVE('',#905,(#910,#917),.PCURVE_S1.);
#905 = CIRCLE('',#906,19.593860884908);
#906 = AXIS2_PLACEMENT_3D('',#907,#908,#909);
#907 = CARTESIAN_POINT('',(0.,0.,-13.5289552781));
#908 = DIRECTION('',(0.,0.,1.));
#909 = DIRECTION('',(1.,0.,-0.));
#910 = PCURVE('',#808,#911);
#911 = DEFINITIONAL_REPRESENTATION('',(#912),#916);
#912 = LINE('',#913,#914);
#913 = CARTESIAN_POINT('',(-0.,2.370764347271));
#914 = VECTOR('',#915,1.);
#915 = DIRECTION('',(-1.,0.));
#916 = ( GEOMETRIC_REPRESENTATION_CONTEXT(2) 
PARAMETRIC_REPRESENTATION_CONTEXT() REPRESENTATION_CONTEXT('2D SPACE',''
  ) );
#917 = PCURVE('',#918,#923);
#918 = CONICAL_SURFACE('',#919,19.593860884908,0.123303970289);
#919 = AXIS2_PLACEMENT_3D('',#920,#921,#922);
#920 = CARTESIAN_POINT('',(0.,0.,-13.5289552781));
#921 = DIRECTION('',(-0.,-0.,-1.));
#922 = DIRECTION('',(1.,0.,0.));
#923 = DEFINITIONAL_REPRESENTATION('',(#924),#928);
#924 = LINE('',#925,#926);
#925 = CARTESIAN_POINT('',(-0.,0.));
#926 = VECTOR('',#927,1.);
#927 = DIRECTION('',(-1.,0.));
#928 = ( GEOMETRIC_REPRESENTATION_CONTEXT(2) 
PARAMETRIC_REPRESENTATION_CONTEXT() REPRESENTATION_CONTEXT('2D SPACE',''
  ) );
#929 = ORIENTED_EDGE('',*,*,#880,.F.);
#930 = ADVANCED_FACE('',(#931),#841,.T.);
#931 = FACE_BOUND('',#932,.T.);
#932 = EDGE_LOOP('',(#933,#962,#983,#984));
#933 = ORIENTED_EDGE('',*,*,#934,.T.);
#934 = EDGE_CURVE('',#935,#935,#937,.T.);
#935 = VERTEX_POINT('',#936);
#936 = CARTESIAN_POINT('',(25.549015612054,0.,-14.2611657504));
#937 = SURFACE_CURVE('',#938,(#943,#950),.PCURVE_S1.);
#938 = CIRCLE('',#939,25.549015612054);
#939 = AXIS2_PLACEMENT_3D('',#940,#941,#942);
#940 = CARTESIAN_POINT('',(0.,0.,-14.2611657504));
#941 = DIRECTION('',(0.,0.,1.));
#942 = DIRECTION('',(1.,0.,-0.));
#943 = PCURVE('',#841,#944);
#944 = DEFINITIONAL_REPRESENTATION('',(#945),#949);
#945 = LINE('',#946,#947);
#946 = CARTESIAN_POINT('',(-0.,-0.));
#947 = VECTOR('',#948,1.);
#948 = DIRECTION('',(-1.,-0.));
#949 = ( GEOMETRIC_REPRESENTATION_CONTEXT(2) 
PARAMETRIC_REPRESENTATION_CONTEXT() REPRESENTATION_CONTEXT('2D SPACE',''
  ) );
#950 = PCURVE('',#951,#956);
#951 = CONICAL_SURFACE('',#952,25.855591106434,0.122178442657);
#952 = AXIS2_PLACEMENT_3D('',#953,#954,#955);
#953 = CARTESIAN_POINT('',(0.,0.,-16.75791142474));
#954 = DIRECTION('',(-0.,-0.,-1.));
#955 = DIRECTION('',(1.,0.,-0.));
#956 = DEFINITIONAL_REPRESENTATION('',(#957),#961);
#957 = LINE('',#958,#959);
#958 = CARTESIAN_POINT('',(-0.,-2.496745674346));
#959 = VECTOR('',#960,1.);
#960 = DIRECTION('',(-1.,-0.));
#961 = ( GEOMETRIC_REPRESENTATION_CONTEXT(2) 
PARAMETRIC_REPRESENTATION_CONTEXT() REPRESENTATION_CONTEXT('2D SPACE',''
  ) );
#962 = ORIENTED_EDGE('',*,*,#963,.T.);
#963 = EDGE_CURVE('',#935,#825,#964,.T.);
#964 = SEAM_CURVE('',#965,(#969,#976),.PCURVE_S1.);
#965 = LINE('',#966,#967);
#966 = CARTESIAN_POINT('',(25.549015612054,0.,-14.2611657504));
#967 = VECTOR('',#968,1.);
#968 = DIRECTION('',(-0.120048083594,0.,0.992768078468));
#969 = PCURVE('',#841,#970);
#970 = DEFINITIONAL_REPRESENTATION('',(#971),#975);
#971 = LINE('',#972,#973);
#972 = CARTESIAN_POINT('',(-0.,-0.));
#973 = VECTOR('',#974,1.);
#974 = DIRECTION('',(-0.,-1.));
#975 = ( GEOMETRIC_REPRESENTATION_CONTEXT(2) 
PARAMETRIC_REPRESENTATION_CONTEXT() REPRESENTATION_CONTEXT('2D SPACE',''
  ) );
#976 = PCURVE('',#841,#977);
#977 = DEFINITIONAL_REPRESENTATION('',(#978),#982);
#978 = LINE('',#979,#980);
#979 = CARTESIAN_POINT('',(-6.28318530718,-0.));
#980 = VECTOR('',#981,1.);
#981 = DIRECTION('',(-0.,-1.));
#982 = ( GEOMETRIC_REPRESENTATION_CONTEXT(2) 
PARAMETRIC_REPRESENTATION_CONTEXT() REPRESENTATION_CONTEXT('2D SPACE',''
  ) );
#983 = ORIENTED_EDGE('',*,*,#824,.F.);
#984 = ORIENTED_EDGE('',*,*,#963,.F.);
#985 = ADVANCED_FACE('',(#986),#918,.F.);
#986 = FACE_BOUND('',#987,.T.);
#987 = EDGE_LOOP('',(#988,#989,#1012,#1039));
#988 = ORIENTED_EDGE('',*,*,#903,.T.);
#989 = ORIENTED_EDGE('',*,*,#990,.T.);
#990 = EDGE_CURVE('',#881,#991,#993,.T.);
#991 = VERTEX_POINT('',#992);
#992 = CARTESIAN_POINT('',(19.901862854977,0.,-16.01419110917));
#993 = SEAM_CURVE('',#994,(#998,#1005),.PCURVE_S1.);
#994 = LINE('',#995,#996);
#995 = CARTESIAN_POINT('',(19.593860884908,0.,-13.5289552781));
#996 = VECTOR('',#997,1.);
#997 = DIRECTION('',(0.122991758155,0.,-0.992407692144));
#998 = PCURVE('',#918,#999);
#999 = DEFINITIONAL_REPRESENTATION('',(#1000),#1004);
#1000 = LINE('',#1001,#1002);
#1001 = CARTESIAN_POINT('',(-0.,0.));
#1002 = VECTOR('',#1003,1.);
#1003 = DIRECTION('',(-0.,1.));
#1004 = ( GEOMETRIC_REPRESENTATION_CONTEXT(2) 
PARAMETRIC_REPRESENTATION_CONTEXT() REPRESENTATION_CONTEXT('2D SPACE',''
  ) );
#1005 = PCURVE('',#918,#1006);
#1006 = DEFINITIONAL_REPRESENTATION('',(#1007),#1011);
#1007 = LINE('',#1008,#1009);
#1008 = CARTESIAN_POINT('',(-6.28318530718,0.));
#1009 = VECTOR('',#1010,1.);
#1010 = DIRECTION('',(-0.,1.));
#1011 = ( GEOMETRIC_REPRESENTATION_CONTEXT(2) 
PARAMETRIC_REPRESENTATION_CONTEXT() REPRESENTATION_CONTEXT('2D SPACE',''
  ) );
#1012 = ORIENTED_EDGE('',*,*,#1013,.F.);
#1013 = EDGE_CURVE('',#991,#991,#1014,.T.);
#1014 = SURFACE_CURVE('',#1015,(#1020,#1027),.PCURVE_S1.);
#1015 = CIRCLE('',#1016,19.901862854977);
#1016 = AXIS2_PLACEMENT_3D('',#1017,#1018,#1019);
#1017 = CARTESIAN_POINT('',(0.,0.,-16.01419110917));
#1018 = DIRECTION('',(0.,0.,1.));
#1019 = DIRECTION('',(1.,0.,-0.));
#1020 = PCURVE('',#918,#1021);
#1021 = DEFINITIONAL_REPRESENTATION('',(#1022),#1026);
#1022 = LINE('',#1023,#1024);
#1023 = CARTESIAN_POINT('',(-0.,2.485235831069));
#1024 = VECTOR('',#1025,1.);
#1025 = DIRECTION('',(-1.,0.));
#1026 = ( GEOMETRIC_REPRESENTATION_CONTEXT(2) 
PARAMETRIC_REPRESENTATION_CONTEXT() REPRESENTATION_CONTEXT('2D SPACE',''
  ) );
#1027 = PCURVE('',#1028,#1033);
#1028 = CONICAL_SURFACE('',#1029,19.901862854977,0.125292252216);
#1029 = AXIS2_PLACEMENT_3D('',#1030,#1031,#1032);
#1030 = CARTESIAN_POINT('',(0.,0.,-16.01419110917));
#1031 = DIRECTION('',(-0.,-0.,-1.));
#1032 = DIRECTION('',(1.,0.,0.));
#1033 = DEFINITIONAL_REPRESENTATION('',(#1034),#1038);
#1034 = LINE('',#1035,#1036);
#1035 = CARTESIAN_POINT('',(-0.,0.));
#1036 = VECTOR('',#1037,1.);
#1037 = DIRECTION('',(-1.,0.));
#1038 = ( GEOMETRIC_REPRESENTATION_CONTEXT(2) 
PARAMETRIC_REPRESENTATION_CONTEXT() REPRESENTATION_CONTEXT('2D SPACE',''
  ) );
#1039 = ORIENTED_EDGE('',*,*,#990,.F.);
#1040 = ADVANCED_FACE('',(#1041),#951,.T.);
#1041 = FACE_BOUND('',#1042,.T.);
#1042 = EDGE_LOOP('',(#1043,#1072,#1093,#1094));
#1043 = ORIENTED_EDGE('',*,*,#1044,.T.);
#1044 = EDGE_CURVE('',#1045,#1045,#1047,.T.);
#1045 = VERTEX_POINT('',#1046);
#1046 = CARTESIAN_POINT('',(25.855591106434,0.,-16.75791142474));
#1047 = SURFACE_CURVE('',#1048,(#1053,#1060),.PCURVE_S1.);
#1048 = CIRCLE('',#1049,25.855591106434);
#1049 = AXIS2_PLACEMENT_3D('',#1050,#1051,#1052);
#1050 = CARTESIAN_POINT('',(0.,0.,-16.75791142474));
#1051 = DIRECTION('',(0.,0.,1.));
#1052 = DIRECTION('',(1.,0.,-0.));
#1053 = PCURVE('',#951,#1054);
#1054 = DEFINITIONAL_REPRESENTATION('',(#1055),#1059);
#1055 = LINE('',#1056,#1057);
#1056 = CARTESIAN_POINT('',(-0.,-0.));
#1057 = VECTOR('',#1058,1.);
#1058 = DIRECTION('',(-1.,-0.));
#1059 = ( GEOMETRIC_REPRESENTATION_CONTEXT(2) 
PARAMETRIC_REPRESENTATION_CONTEXT() REPRESENTATION_CONTEXT('2D SPACE',''
  ) );
#1060 = PCURVE('',#1061,#1066);
#1061 = CONICAL_SURFACE('',#1062,26.179683882844,0.124130403544);
#1062 = AXIS2_PLACEMENT_3D('',#1063,#1064,#1065);
#1063 = CARTESIAN_POINT('',(0.,0.,-19.35539339305));
#1064 = DIRECTION('',(-0.,-0.,-1.));
#1065 = DIRECTION('',(1.,0.,-0.));
#1066 = DEFINITIONAL_REPRESENTATION('',(#1067),#1071);
#1067 = LINE('',#1068,#1069);
#1068 = CARTESIAN_POINT('',(-0.,-2.59748196831));
#1069 = VECTOR('',#1070,1.);
#1070 = DIRECTION('',(-1.,-0.));
#1071 = ( GEOMETRIC_REPRESENTATION_CONTEXT(2) 
PARAMETRIC_REPRESENTATION_CONTEXT() REPRESENTATION_CONTEXT('2D SPACE',''
  ) );
#1072 = ORIENTED_EDGE('',*,*,#1073,.T.);
#1073 = EDGE_CURVE('',#1045,#935,#1074,.T.);
#1074 = SEAM_CURVE('',#1075,(#1079,#1086),.PCURVE_S1.);
#1075 = LINE('',#1076,#1077);
#1076 = CARTESIAN_POINT('',(25.855591106434,0.,-16.75791142474));
#1077 = VECTOR('',#1078,1.);
#1078 = DIRECTION('',(-0.121874698207,0.,0.99254549414));
#1079 = PCURVE('',#951,#1080);
#1080 = DEFINITIONAL_REPRESENTATION('',(#1081),#1085);
#1081 = LINE('',#1082,#1083);
#1082 = CARTESIAN_POINT('',(-0.,-0.));
#1083 = VECTOR('',#1084,1.);
#1084 = DIRECTION('',(-0.,-1.));
#1085 = ( GEOMETRIC_REPRESENTATION_CONTEXT(2) 
PARAMETRIC_REPRESENTATION_CONTEXT() REPRESENTATION_CONTEXT('2D SPACE',''
  ) );
#1086 = PCURVE('',#951,#1087);
#1087 = DEFINITIONAL_REPRESENTATION('',(#1088),#1092);
#1088 = LINE('',#1089,#1090);
#1089 = CARTESIAN_POINT('',(-6.28318530718,-0.));
#1090 = VECTOR('',#1091,1.);
#1091 = DIRECTION('',(-0.,-1.));
#1092 = ( GEOMETRIC_REPRESENTATION_CONTEXT(2) 
PARAMETRIC_REPRESENTATION_CONTEXT() REPRESENTATION_CONTEXT('2D SPACE',''
  ) );
#1093 = ORIENTED_EDGE('',*,*,#934,.F.);
#1094 = ORIENTED_EDGE('',*,*,#1073,.F.);
#1095 = ADVANCED_FACE('',(#1096),#1028,.F.);
#1096 = FACE_BOUND('',#1097,.T.);
#1097 = EDGE_LOOP('',(#1098,#1099,#1122,#1149));
#1098 = ORIENTED_EDGE('',*,*,#1013,.T.);
#1099 = ORIENTED_EDGE('',*,*,#1100,.T.);
#1100 = EDGE_CURVE('',#991,#1101,#1103,.T.);
#1101 = VERTEX_POINT('',#1102);
#1102 = CARTESIAN_POINT('',(20.227488303333,0.,-18.59950465571));
#1103 = SEAM_CURVE('',#1104,(#1108,#1115),.PCURVE_S1.);
#1104 = LINE('',#1105,#1106);
#1105 = CARTESIAN_POINT('',(19.901862854977,0.,-16.01419110917));
#1106 = VECTOR('',#1107,1.);
#1107 = DIRECTION('',(0.124964700024,0.,-0.99216118839));
#1108 = PCURVE('',#1028,#1109);
#1109 = DEFINITIONAL_REPRESENTATION('',(#1110),#1114);
#1110 = LINE('',#1111,#1112);
#1111 = CARTESIAN_POINT('',(-0.,0.));
#1112 = VECTOR('',#1113,1.);
#1113 = DIRECTION('',(-0.,1.));
#1114 = ( GEOMETRIC_REPRESENTATION_CONTEXT(2) 
PARAMETRIC_REPRESENTATION_CONTEXT() REPRESENTATION_CONTEXT('2D SPACE',''
  ) );
#1115 = PCURVE('',#1028,#1116);
#1116 = DEFINITIONAL_REPRESENTATION('',(#1117),#1121);
#1117 = LINE('',#1118,#1119);
#1118 = CARTESIAN_POINT('',(-6.28318530718,0.));
#1119 = VECTOR('',#1120,1.);
#1120 = DIRECTION('',(-0.,1.));
#1121 = ( GEOMETRIC_REPRESENTATION_CONTEXT(2) 
PARAMETRIC_REPRESENTATION_CONTEXT() REPRESENTATION_CONTEXT('2D SPACE',''
  ) );
#1122 = ORIENTED_EDGE('',*,*,#1123,.F.);
#1123 = EDGE_CURVE('',#1101,#1101,#1124,.T.);
#1124 = SURFACE_CURVE('',#1125,(#1130,#1137),.PCURVE_S1.);
#1125 = CIRCLE('',#1126,20.227488303333);
#1126 = AXIS2_PLACEMENT_3D('',#1127,#1128,#1129);
#1127 = CARTESIAN_POINT('',(0.,0.,-18.59950465571));
#1128 = DIRECTION('',(0.,0.,1.));
#1129 = DIRECTION('',(1.,0.,-0.));
#1130 = PCURVE('',#1028,#1131);
#1131 = DEFINITIONAL_REPRESENTATION('',(#1132),#1136);
#1132 = LINE('',#1133,#1134);
#1133 = CARTESIAN_POINT('',(-0.,2.585313546541));
#1134 = VECTOR('',#1135,1.);
#1135 = DIRECTION('',(-1.,0.));
#1136 = ( GEOMETRIC_REPRESENTATION_CONTEXT(2) 
PARAMETRIC_REPRESENTATION_CONTEXT() REPRESENTATION_CONTEXT('2D SPACE',''
  ) );
#1137 = PCURVE('',#1138,#1143);
#1138 = CONICAL_SURFACE('',#1139,20.227488303333,0.12738885458);
#1139 = AXIS2_PLACEMENT_3D('',#1140,#1141,#1142);
#1140 = CARTESIAN_POINT('',(0.,0.,-18.59950465571));
#1141 = DIRECTION('',(-0.,-0.,-1.));
#1142 = DIRECTION('',(1.,0.,0.));
#1143 = DEFINITIONAL_REPRESENTATION('',(#1144),#1148);
#1144 = LINE('',#1145,#1146);
#1145 = CARTESIAN_POINT('',(-0.,0.));
#1146 = VECTOR('',#1147,1.);
#1147 = DIRECTION('',(-1.,0.));
#1148 = ( GEOMETRIC_REPRESENTATION_CONTEXT(2) 
PARAMETRIC_REPRESENTATION_CONTEXT() REPRESENTATION_CONTEXT('2D SPACE',''
  ) );
#1149 = ORIENTED_EDGE('',*,*,#1100,.F.);
#1150 = ADVANCED_FACE('',(#1151),#1061,.T.);
#1151 = FACE_BOUND('',#1152,.T.);
#1152 = EDGE_LOOP('',(#1153,#1182,#1203,#1204));
#1153 = ORIENTED_EDGE('',*,*,#1154,.T.);
#1154 = EDGE_CURVE('',#1155,#1155,#1157,.T.);
#1155 = VERTEX_POINT('',#1156);
#1156 = CARTESIAN_POINT('',(26.179683882844,0.,-19.35539339305));
#1157 = SURFACE_CURVE('',#1158,(#1163,#1170),.PCURVE_S1.);
#1158 = CIRCLE('',#1159,26.179683882844);
#1159 = AXIS2_PLACEMENT_3D('',#1160,#1161,#1162);
#1160 = CARTESIAN_POINT('',(0.,0.,-19.35539339305));
#1161 = DIRECTION('',(0.,0.,1.));
#1162 = DIRECTION('',(1.,0.,-0.));
#1163 = PCURVE('',#1061,#1164);
#1164 = DEFINITIONAL_REPRESENTATION('',(#1165),#1169);
#1165 = LINE('',#1166,#1167);
#1166 = CARTESIAN_POINT('',(-0.,-0.));
#1167 = VECTOR('',#1168,1.);
#1168 = DIRECTION('',(-1.,-0.));
#1169 = ( GEOMETRIC_REPRESENTATION_CONTEXT(2) 
PARAMETRIC_REPRESENTATION_CONTEXT() REPRESENTATION_CONTEXT('2D SPACE',''
  ) );
#1170 = PCURVE('',#1171,#1176);
#1171 = CONICAL_SURFACE('',#1172,26.520387352642,0.1261880941);
#1172 = AXIS2_PLACEMENT_3D('',#1173,#1174,#1175);
#1173 = CARTESIAN_POINT('',(0.,0.,-22.04101250568));
#1174 = DIRECTION('',(-0.,-0.,-1.));
#1175 = DIRECTION('',(1.,0.,-0.));
#1176 = DEFINITIONAL_REPRESENTATION('',(#1177),#1181);
#1177 = LINE('',#1178,#1179);
#1178 = CARTESIAN_POINT('',(-0.,-2.685619112623));
#1179 = VECTOR('',#1180,1.);
#1180 = DIRECTION('',(-1.,-0.));
#1181 = ( GEOMETRIC_REPRESENTATION_CONTEXT(2) 
PARAMETRIC_REPRESENTATION_CONTEXT() REPRESENTATION_CONTEXT('2D SPACE',''
  ) );
#1182 = ORIENTED_EDGE('',*,*,#1183,.T.);
#1183 = EDGE_CURVE('',#1155,#1045,#1184,.T.);
#1184 = SEAM_CURVE('',#1185,(#1189,#1196),.PCURVE_S1.);
#1185 = LINE('',#1186,#1187);
#1186 = CARTESIAN_POINT('',(26.179683882844,0.,-19.35539339305));
#1187 = VECTOR('',#1188,1.);
#1188 = DIRECTION('',(-0.12381187478,0.,0.992305708773));
#1189 = PCURVE('',#1061,#1190);
#1190 = DEFINITIONAL_REPRESENTATION('',(#1191),#1195);
#1191 = LINE('',#1192,#1193);
#1192 = CARTESIAN_POINT('',(-0.,-0.));
#1193 = VECTOR('',#1194,1.);
#1194 = DIRECTION('',(-0.,-1.));
#1195 = ( GEOMETRIC_REPRESENTATION_CONTEXT(2) 
PARAMETRIC_REPRESENTATION_CONTEXT() REPRESENTATION_CONTEXT('2D SPACE',''
  ) );
#1196 = PCURVE('',#1061,#1197);
#1197 = DEFINITIONAL_REPRESENTATION('',(#1198),#1202);
#1198 = LINE('',#1199,#1200);
#1199 = CARTESIAN_POINT('',(-6.28318530718,-0.));
#1200 = VECTOR('',#1201,1.);
#1201 = DIRECTION('',(-0.,-1.));
#1202 = ( GEOMETRIC_REPRESENTATION_CONTEXT(2) 
PARAMETRIC_REPRESENTATION_CONTEXT() REPRESENTATION_CONTEXT('2D SPACE',''
  ) );
#1203 = ORIENTED_EDGE('',*,*,#1044,.F.);
#1204 = ORIENTED_EDGE('',*,*,#1183,.F.);
#1205 = ADVANCED_FACE('',(#1206),#1138,.F.);
#1206 = FACE_BOUND('',#1207,.T.);
#1207 = EDGE_LOOP('',(#1208,#1209,#1232,#1259));
#1208 = ORIENTED_EDGE('',*,*,#1123,.T.);
#1209 = ORIENTED_EDGE('',*,*,#1210,.T.);
#1210 = EDGE_CURVE('',#1101,#1211,#1213,.T.);
#1211 = VERTEX_POINT('',#1212);
#1212 = CARTESIAN_POINT('',(20.569830385904,0.,-21.27233065627));
#1213 = SEAM_CURVE('',#1214,(#1218,#1225),.PCURVE_S1.);
#1214 = LINE('',#1215,#1216);
#1215 = CARTESIAN_POINT('',(20.227488303333,0.,-18.59950465571));
#1216 = VECTOR('',#1217,1.);
#1217 = DIRECTION('',(0.127044591336,0.,-0.991897006656));
#1218 = PCURVE('',#1138,#1219);
#1219 = DEFINITIONAL_REPRESENTATION('',(#1220),#1224);
#1220 = LINE('',#1221,#1222);
#1221 = CARTESIAN_POINT('',(-0.,0.));
#1222 = VECTOR('',#1223,1.);
#1223 = DIRECTION('',(-0.,1.));
#1224 = ( GEOMETRIC_REPRESENTATION_CONTEXT(2) 
PARAMETRIC_REPRESENTATION_CONTEXT() REPRESENTATION_CONTEXT('2D SPACE',''
  ) );
#1225 = PCURVE('',#1138,#1226);
#1226 = DEFINITIONAL_REPRESENTATION('',(#1227),#1231);
#1227 = LINE('',#1228,#1229);
#1228 = CARTESIAN_POINT('',(-6.28318530718,0.));
#1229 = VECTOR('',#1230,1.);
#1230 = DIRECTION('',(-0.,1.));
#1231 = ( GEOMETRIC_REPRESENTATION_CONTEXT(2) 
PARAMETRIC_REPRESENTATION_CONTEXT() REPRESENTATION_CONTEXT('2D SPACE',''
  ) );
#1232 = ORIENTED_EDGE('',*,*,#1233,.F.);
#1233 = EDGE_CURVE('',#1211,#1211,#1234,.T.);
#1234 = SURFACE_CURVE('',#1235,(#1240,#1247),.PCURVE_S1.);
#1235 = CIRCLE('',#1236,20.569830385904);
#1236 = AXIS2_PLACEMENT_3D('',#1237,#1238,#1239);
#1237 = CARTESIAN_POINT('',(0.,0.,-21.27233065627));
#1238 = DIRECTION('',(0.,0.,1.));
#1239 = DIRECTION('',(1.,0.,-0.));
#1240 = PCURVE('',#1138,#1241);
#1241 = DEFINITIONAL_REPRESENTATION('',(#1242),#1246);
#1242 = LINE('',#1243,#1244);
#1243 = CARTESIAN_POINT('',(-0.,2.672826000564));
#1244 = VECTOR('',#1245,1.);
#1245 = DIRECTION('',(-1.,0.));
#1246 = ( GEOMETRIC_REPRESENTATION_CONTEXT(2) 
PARAMETRIC_REPRESENTATION_CONTEXT() REPRESENTATION_CONTEXT('2D SPACE',''
  ) );
#1247 = PCURVE('',#1248,#1253);
#1248 = CONICAL_SURFACE('',#1249,20.569830385904,0.129588576719);
#1249 = AXIS2_PLACEMENT_3D('',#1250,#1251,#1252);
#1250 = CARTESIAN_POINT('',(0.,0.,-21.27233065627));
#1251 = DIRECTION('',(-0.,-0.,-1.));
#1252 = DIRECTION('',(1.,0.,0.));
#1253 = DEFINITIONAL_REPRESENTATION('',(#1254),#1258);
#1254 = LINE('',#1255,#1256);
#1255 = CARTESIAN_POINT('',(-0.,0.));
#1256 = VECTOR('',#1257,1.);
#1257 = DIRECTION('',(-1.,0.));
#1258 = ( GEOMETRIC_REPRESENTATION_CONTEXT(2) 
PARAMETRIC_REPRESENTATION_CONTEXT() REPRESENTATION_CONTEXT('2D SPACE',''
  ) );
#1259 = ORIENTED_EDGE('',*,*,#1210,.F.);
#1260 = ADVANCED_FACE('',(#1261),#1171,.T.);
#1261 = FACE_BOUND('',#1262,.T.);
#1262 = EDGE_LOOP('',(#1263,#1292,#1313,#1314));
#1263 = ORIENTED_EDGE('',*,*,#1264,.T.);
#1264 = EDGE_CURVE('',#1265,#1265,#1267,.T.);
#1265 = VERTEX_POINT('',#1266);
#1266 = CARTESIAN_POINT('',(26.520387352642,0.,-22.04101250568));
#1267 = SURFACE_CURVE('',#1268,(#1273,#1280),.PCURVE_S1.);
#1268 = CIRCLE('',#1269,26.520387352642);
#1269 = AXIS2_PLACEMENT_3D('',#1270,#1271,#1272);
#1270 = CARTESIAN_POINT('',(0.,0.,-22.04101250568));
#1271 = DIRECTION('',(0.,0.,1.));
#1272 = DIRECTION('',(1.,0.,-0.));
#1273 = PCURVE('',#1171,#1274);
#1274 = DEFINITIONAL_REPRESENTATION('',(#1275),#1279);
#1275 = LINE('',#1276,#1277);
#1276 = CARTESIAN_POINT('',(-0.,-0.));
#1277 = VECTOR('',#1278,1.);
#1278 = DIRECTION('',(-1.,-0.));
#1279 = ( GEOMETRIC_REPRESENTATION_CONTEXT(2) 
PARAMETRIC_REPRESENTATION_CONTEXT() REPRESENTATION_CONTEXT('2D SPACE',''
  ) );
#1280 = PCURVE('',#1281,#1286);
#1281 = CONICAL_SURFACE('',#1282,26.876921542632,0.128346316064);
#1282 = AXIS2_PLACEMENT_3D('',#1283,#1284,#1285);
#1283 = CARTESIAN_POINT('',(0.,0.,-24.80364991397));
#1284 = DIRECTION('',(-0.,-0.,-1.));
#1285 = DIRECTION('',(1.,0.,-0.));
#1286 = DEFINITIONAL_REPRESENTATION('',(#1287),#1291);
#1287 = LINE('',#1288,#1289);
#1288 = CARTESIAN_POINT('',(-0.,-2.762637408297));
#1289 = VECTOR('',#1290,1.);
#1290 = DIRECTION('',(-1.,-0.));
#1291 = ( GEOMETRIC_REPRESENTATION_CONTEXT(2) 
PARAMETRIC_REPRESENTATION_CONTEXT() REPRESENTATION_CONTEXT('2D SPACE',''
  ) );
#1292 = ORIENTED_EDGE('',*,*,#1293,.T.);
#1293 = EDGE_CURVE('',#1265,#1155,#1294,.T.);
#1294 = SEAM_CURVE('',#1295,(#1299,#1306),.PCURVE_S1.);
#1295 = LINE('',#1296,#1297);
#1296 = CARTESIAN_POINT('',(26.520387352642,0.,-22.04101250568));
#1297 = VECTOR('',#1298,1.);
#1298 = DIRECTION('',(-0.125853469309,0.,0.992048841672));
#1299 = PCURVE('',#1171,#1300);
#1300 = DEFINITIONAL_REPRESENTATION('',(#1301),#1305);
#1301 = LINE('',#1302,#1303);
#1302 = CARTESIAN_POINT('',(-0.,-0.));
#1303 = VECTOR('',#1304,1.);
#1304 = DIRECTION('',(-0.,-1.));
#1305 = ( GEOMETRIC_REPRESENTATION_CONTEXT(2) 
PARAMETRIC_REPRESENTATION_CONTEXT() REPRESENTATION_CONTEXT('2D SPACE',''
  ) );
#1306 = PCURVE('',#1171,#1307);
#1307 = DEFINITIONAL_REPRESENTATION('',(#1308),#1312);
#1308 = LINE('',#1309,#1310);
#1309 = CARTESIAN_POINT('',(-6.28318530718,-0.));
#1310 = VECTOR('',#1311,1.);
#1311 = DIRECTION('',(-0.,-1.));
#1312 = ( GEOMETRIC_REPRESENTATION_CONTEXT(2) 
PARAMETRIC_REPRESENTATION_CONTEXT() REPRESENTATION_CONTEXT('2D SPACE',''
  ) );
#1313 = ORIENTED_EDGE('',*,*,#1154,.F.);
#1314 = ORIENTED_EDGE('',*,*,#1293,.F.);
#1315 = ADVANCED_FACE('',(#1316),#1248,.F.);
#1316 = FACE_BOUND('',#1317,.T.);
#1317 = EDGE_LOOP('',(#1318,#1319,#1342,#1369));
#1318 = ORIENTED_EDGE('',*,*,#1233,.T.);
#1319 = ORIENTED_EDGE('',*,*,#1320,.T.);
#1320 = EDGE_CURVE('',#1211,#1321,#1323,.T.);
#1321 = VERTEX_POINT('',#1322);
#1322 = CARTESIAN_POINT('',(20.928109416754,0.,-24.0215793986));
#1323 = SEAM_CURVE('',#1324,(#1328,#1335),.PCURVE_S1.);
#1324 = LINE('',#1325,#1326);
#1325 = CARTESIAN_POINT('',(20.569830385904,0.,-21.27233065627));
#1326 = VECTOR('',#1327,1.);
#1327 = DIRECTION('',(0.129226180012,0.,-0.991615144297));
#1328 = PCURVE('',#1248,#1329);
#1329 = DEFINITIONAL_REPRESENTATION('',(#1330),#1334);
#1330 = LINE('',#1331,#1332);
#1331 = CARTESIAN_POINT('',(-0.,0.));
#1332 = VECTOR('',#1333,1.);
#1333 = DIRECTION('',(-0.,1.));
#1334 = ( GEOMETRIC_REPRESENTATION_CONTEXT(2) 
PARAMETRIC_REPRESENTATION_CONTEXT() REPRESENTATION_CONTEXT('2D SPACE',''
  ) );
#1335 = PCURVE('',#1248,#1336);
#1336 = DEFINITIONAL_REPRESENTATION('',(#1337),#1341);
#1337 = LINE('',#1338,#1339);
#1338 = CARTESIAN_POINT('',(-6.28318530718,0.));
#1339 = VECTOR('',#1340,1.);
#1340 = DIRECTION('',(-0.,1.));
#1341 = ( GEOMETRIC_REPRESENTATION_CONTEXT(2) 
PARAMETRIC_REPRESENTATION_CONTEXT() REPRESENTATION_CONTEXT('2D SPACE',''
  ) );
#1342 = ORIENTED_EDGE('',*,*,#1343,.F.);
#1343 = EDGE_CURVE('',#1321,#1321,#1344,.T.);
#1344 = SURFACE_CURVE('',#1345,(#1350,#1357),.PCURVE_S1.);
#1345 = CIRCLE('',#1346,20.928109416754);
#1346 = AXIS2_PLACEMENT_3D('',#1347,#1348,#1349);
#1347 = CARTESIAN_POINT('',(0.,0.,-24.0215793986));
#1348 = DIRECTION('',(0.,0.,1.));
#1349 = DIRECTION('',(1.,0.,-0.));
#1350 = PCURVE('',#1248,#1351);
#1351 = DEFINITIONAL_REPRESENTATION('',(#1352),#1356);
#1352 = LINE('',#1353,#1354);
#1353 = CARTESIAN_POINT('',(-0.,2.74924874233));
#1354 = VECTOR('',#1355,1.);
#1355 = DIRECTION('',(-1.,0.));
#1356 = ( GEOMETRIC_REPRESENTATION_CONTEXT(2) 
PARAMETRIC_REPRESENTATION_CONTEXT() REPRESENTATION_CONTEXT('2D SPACE',''
  ) );
#1357 = PCURVE('',#1358,#1363);
#1358 = CONICAL_SURFACE('',#1359,20.928109416754,0.131886932529);
#1359 = AXIS2_PLACEMENT_3D('',#1360,#1361,#1362);
#1360 = CARTESIAN_POINT('',(0.,0.,-24.0215793986));
#1361 = DIRECTION('',(-0.,-0.,-1.));
#1362 = DIRECTION('',(1.,0.,0.));
#1363 = DEFINITIONAL_REPRESENTATION('',(#1364),#1368);
#1364 = LINE('',#1365,#1366);
#1365 = CARTESIAN_POINT('',(-0.,0.));
#1366 = VECTOR('',#1367,1.);
#1367 = DIRECTION('',(-1.,0.));
#1368 = ( GEOMETRIC_REPRESENTATION_CONTEXT(2) 
PARAMETRIC_REPRESENTATION_CONTEXT() REPRESENTATION_CONTEXT('2D SPACE',''
  ) );
#1369 = ORIENTED_EDGE('',*,*,#1320,.F.);
#1370 = ADVANCED_FACE('',(#1371),#1281,.T.);
#1371 = FACE_BOUND('',#1372,.T.);
#1372 = EDGE_LOOP('',(#1373,#1402,#1423,#1424));
#1373 = ORIENTED_EDGE('',*,*,#1374,.T.);
#1374 = EDGE_CURVE('',#1375,#1375,#1377,.T.);
#1375 = VERTEX_POINT('',#1376);
#1376 = CARTESIAN_POINT('',(26.876921542632,0.,-24.80364991397));
#1377 = SURFACE_CURVE('',#1378,(#1383,#1390),.PCURVE_S1.);
#1378 = CIRCLE('',#1379,26.876921542632);
#1379 = AXIS2_PLACEMENT_3D('',#1380,#1381,#1382);
#1380 = CARTESIAN_POINT('',(0.,0.,-24.80364991397));
#1381 = DIRECTION('',(0.,0.,1.));
#1382 = DIRECTION('',(1.,0.,-0.));
#1383 = PCURVE('',#1281,#1384);
#1384 = DEFINITIONAL_REPRESENTATION('',(#1385),#1389);
#1385 = LINE('',#1386,#1387);
#1386 = CARTESIAN_POINT('',(-0.,-0.));
#1387 = VECTOR('',#1388,1.);
#1388 = DIRECTION('',(-1.,-0.));
#1389 = ( GEOMETRIC_REPRESENTATION_CONTEXT(2) 
PARAMETRIC_REPRESENTATION_CONTEXT() REPRESENTATION_CONTEXT('2D SPACE',''
  ) );
#1390 = PCURVE('',#1391,#1396);
#1391 = CONICAL_SURFACE('',#1392,27.248605991327,0.13060057398);
#1392 = AXIS2_PLACEMENT_3D('',#1393,#1394,#1395);
#1393 = CARTESIAN_POINT('',(0.,0.,-27.6334141135));
#1394 = DIRECTION('',(-0.,-0.,-1.));
#1395 = DIRECTION('',(1.,0.,-0.));
#1396 = DEFINITIONAL_REPRESENTATION('',(#1397),#1401);
#1397 = LINE('',#1398,#1399);
#1398 = CARTESIAN_POINT('',(-0.,-2.829764199525));
#1399 = VECTOR('',#1400,1.);
#1400 = DIRECTION('',(-1.,-0.));
#1401 = ( GEOMETRIC_REPRESENTATION_CONTEXT(2) 
PARAMETRIC_REPRESENTATION_CONTEXT() REPRESENTATION_CONTEXT('2D SPACE',''
  ) );
#1402 = ORIENTED_EDGE('',*,*,#1403,.T.);
#1403 = EDGE_CURVE('',#1375,#1265,#1404,.T.);
#1404 = SEAM_CURVE('',#1405,(#1409,#1416),.PCURVE_S1.);
#1405 = LINE('',#1406,#1407);
#1406 = CARTESIAN_POINT('',(26.876921542632,0.,-24.80364991397));
#1407 = VECTOR('',#1408,1.);
#1408 = DIRECTION('',(-0.127994236138,0.,0.991774911719));
#1409 = PCURVE('',#1281,#1410);
#1410 = DEFINITIONAL_REPRESENTATION('',(#1411),#1415);
#1411 = LINE('',#1412,#1413);
#1412 = CARTESIAN_POINT('',(-0.,-0.));
#1413 = VECTOR('',#1414,1.);
#1414 = DIRECTION('',(-0.,-1.));
#1415 = ( GEOMETRIC_REPRESENTATION_CONTEXT(2) 
PARAMETRIC_REPRESENTATION_CONTEXT() REPRESENTATION_CONTEXT('2D SPACE',''
  ) );
#1416 = PCURVE('',#1281,#1417);
#1417 = DEFINITIONAL_REPRESENTATION('',(#1418),#1422);
#1418 = LINE('',#1419,#1420);
#1419 = CARTESIAN_POINT('',(-6.28318530718,-0.));
#1420 = VECTOR('',#1421,1.);
#1421 = DIRECTION('',(-0.,-1.));
#1422 = ( GEOMETRIC_REPRESENTATION_CONTEXT(2) 
PARAMETRIC_REPRESENTATION_CONTEXT() REPRESENTATION_CONTEXT('2D SPACE',''
  ) );
#1423 = ORIENTED_EDGE('',*,*,#1264,.F.);
#1424 = ORIENTED_EDGE('',*,*,#1403,.F.);
#1425 = ADVANCED_FACE('',(#1426),#1358,.F.);
#1426 = FACE_BOUND('',#1427,.T.);
#1427 = EDGE_LOOP('',(#1428,#1429,#1452,#1479));
#1428 = ORIENTED_EDGE('',*,*,#1343,.T.);
#1429 = ORIENTED_EDGE('',*,*,#1430,.T.);
#1430 = EDGE_CURVE('',#1321,#1431,#1433,.T.);
#1431 = VERTEX_POINT('',#1432);
#1432 = CARTESIAN_POINT('',(21.301645650102,0.,-26.83738477993));
#1433 = SEAM_CURVE('',#1434,(#1438,#1445),.PCURVE_S1.);
#1434 = LINE('',#1435,#1436);
#1435 = CARTESIAN_POINT('',(20.928109416754,0.,-24.0215793986));
#1436 = VECTOR('',#1437,1.);
#1437 = DIRECTION('',(0.131504921119,0.,-0.991315517745));
#1438 = PCURVE('',#1358,#1439);
#1439 = DEFINITIONAL_REPRESENTATION('',(#1440),#1444);
#1440 = LINE('',#1441,#1442);
#1441 = CARTESIAN_POINT('',(-0.,0.));
#1442 = VECTOR('',#1443,1.);
#1443 = DIRECTION('',(-0.,1.));
#1444 = ( GEOMETRIC_REPRESENTATION_CONTEXT(2) 
PARAMETRIC_REPRESENTATION_CONTEXT() REPRESENTATION_CONTEXT('2D SPACE',''
  ) );
#1445 = PCURVE('',#1358,#1446);
#1446 = DEFINITIONAL_REPRESENTATION('',(#1447),#1451);
#1447 = LINE('',#1448,#1449);
#1448 = CARTESIAN_POINT('',(-6.28318530718,0.));
#1449 = VECTOR('',#1450,1.);
#1450 = DIRECTION('',(-0.,1.));
#1451 = ( GEOMETRIC_REPRESENTATION_CONTEXT(2) 
PARAMETRIC_REPRESENTATION_CONTEXT() REPRESENTATION_CONTEXT('2D SPACE',''
  ) );
#1452 = ORIENTED_EDGE('',*,*,#1453,.F.);
#1453 = EDGE_CURVE('',#1431,#1431,#1454,.T.);
#1454 = SURFACE_CURVE('',#1455,(#1460,#1467),.PCURVE_S1.);
#1455 = CIRCLE('',#1456,21.301645650102);
#1456 = AXIS2_PLACEMENT_3D('',#1457,#1458,#1459);
#1457 = CARTESIAN_POINT('',(0.,0.,-26.83738477993));
#1458 = DIRECTION('',(0.,0.,1.));
#1459 = DIRECTION('',(1.,0.,-0.));
#1460 = PCURVE('',#1358,#1461);
#1461 = DEFINITIONAL_REPRESENTATION('',(#1462),#1466);
#1462 = LINE('',#1463,#1464);
#1463 = CARTESIAN_POINT('',(-0.,2.81580538133));
#1464 = VECTOR('',#1465,1.);
#1465 = DIRECTION('',(-1.,0.));
#1466 = ( GEOMETRIC_REPRESENTATION_CONTEXT(2) 
PARAMETRIC_REPRESENTATION_CONTEXT() REPRESENTATION_CONTEXT('2D SPACE',''
  ) );
#1467 = PCURVE('',#1468,#1473);
#1468 = CONICAL_SURFACE('',#1469,21.301645650102,0.134280003596);
#1469 = AXIS2_PLACEMENT_3D('',#1470,#1471,#1472);
#1470 = CARTESIAN_POINT('',(0.,0.,-26.83738477993));
#1471 = DIRECTION('',(-0.,-0.,-1.));
#1472 = DIRECTION('',(1.,0.,0.));
#1473 = DEFINITIONAL_REPRESENTATION('',(#1474),#1478);
#1474 = LINE('',#1475,#1476);
#1475 = CARTESIAN_POINT('',(-0.,0.));
#1476 = VECTOR('',#1477,1.);
#1477 = DIRECTION('',(-1.,0.));
#1478 = ( GEOMETRIC_REPRESENTATION_CONTEXT(2) 
PARAMETRIC_REPRESENTATION_CONTEXT() REPRESENTATION_CONTEXT('2D SPACE',''
  ) );
#1479 = ORIENTED_EDGE('',*,*,#1430,.F.);
#1480 = ADVANCED_FACE('',(#1481),#1391,.T.);
#1481 = FACE_BOUND('',#1482,.T.);
#1482 = EDGE_LOOP('',(#1483,#1512,#1533,#1534));
#1483 = ORIENTED_EDGE('',*,*,#1484,.T.);
#1484 = EDGE_CURVE('',#1485,#1485,#1487,.T.);
#1485 = VERTEX_POINT('',#1486);
#1486 = CARTESIAN_POINT('',(27.248605991327,0.,-27.6334141135));
#1487 = SURFACE_CURVE('',#1488,(#1493,#1500),.PCURVE_S1.);
#1488 = CIRCLE('',#1489,27.248605991327);
#1489 = AXIS2_PLACEMENT_3D('',#1490,#1491,#1492);
#1490 = CARTESIAN_POINT('',(0.,0.,-27.6334141135));
#1491 = DIRECTION('',(0.,0.,1.));
#1492 = DIRECTION('',(1.,0.,-0.));
#1493 = PCURVE('',#1391,#1494);
#1494 = DEFINITIONAL_REPRESENTATION('',(#1495),#1499);
#1495 = LINE('',#1496,#1497);
#1496 = CARTESIAN_POINT('',(-0.,-0.));
#1497 = VECTOR('',#1498,1.);
#1498 = DIRECTION('',(-1.,-0.));
#1499 = ( GEOMETRIC_REPRESENTATION_CONTEXT(2) 
PARAMETRIC_REPRESENTATION_CONTEXT() REPRESENTATION_CONTEXT('2D SPACE',''
  ) );
#1500 = PCURVE('',#1501,#1506);
#1501 = CONICAL_SURFACE('',#1502,27.634840136312,0.132946930777);
#1502 = AXIS2_PLACEMENT_3D('',#1503,#1504,#1505);
#1503 = CARTESIAN_POINT('',(0.,0.,-30.52145303752));
#1504 = DIRECTION('',(-0.,-0.,-1.));
#1505 = DIRECTION('',(1.,0.,-0.));
#1506 = DEFINITIONAL_REPRESENTATION('',(#1507),#1511);
#1507 = LINE('',#1508,#1509);
#1508 = CARTESIAN_POINT('',(-0.,-2.88803892402));
#1509 = VECTOR('',#1510,1.);
#1510 = DIRECTION('',(-1.,-0.));
#1511 = ( GEOMETRIC_REPRESENTATION_CONTEXT(2) 
PARAMETRIC_REPRESENTATION_CONTEXT() REPRESENTATION_CONTEXT('2D SPACE',''
  ) );
#1512 = ORIENTED_EDGE('',*,*,#1513,.T.);
#1513 = EDGE_CURVE('',#1485,#1375,#1514,.T.);
#1514 = SEAM_CURVE('',#1515,(#1519,#1526),.PCURVE_S1.);
#1515 = LINE('',#1516,#1517);
#1516 = CARTESIAN_POINT('',(27.248605991327,0.,-27.6334141135));
#1517 = VECTOR('',#1518,1.);
#1518 = DIRECTION('',(-0.130229625478,0.,0.991483860004));
#1519 = PCURVE('',#1391,#1520);
#1520 = DEFINITIONAL_REPRESENTATION('',(#1521),#1525);
#1521 = LINE('',#1522,#1523);
#1522 = CARTESIAN_POINT('',(-0.,-0.));
#1523 = VECTOR('',#1524,1.);
#1524 = DIRECTION('',(-0.,-1.));
#1525 = ( GEOMETRIC_REPRESENTATION_CONTEXT(2) 
PARAMETRIC_REPRESENTATION_CONTEXT() REPRESENTATION_CONTEXT('2D SPACE',''
  ) );
#1526 = PCURVE('',#1391,#1527);
#1527 = DEFINITIONAL_REPRESENTATION('',(#1528),#1532);
#1528 = LINE('',#1529,#1530);
#1529 = CARTESIAN_POINT('',(-6.28318530718,-0.));
#1530 = VECTOR('',#1531,1.);
#1531 = DIRECTION('',(-0.,-1.));
#1532 = ( GEOMETRIC_REPRESENTATION_CONTEXT(2) 
PARAMETRIC_REPRESENTATION_CONTEXT() REPRESENTATION_CONTEXT('2D SPACE',''
  ) );
#1533 = ORIENTED_EDGE('',*,*,#1374,.F.);
#1534 = ORIENTED_EDGE('',*,*,#1513,.F.);
#1535 = ADVANCED_FACE('',(#1536),#1468,.F.);
#1536 = FACE_BOUND('',#1537,.T.);
#1537 = EDGE_LOOP('',(#1538,#1539,#1562,#1589));
#1538 = ORIENTED_EDGE('',*,*,#1453,.T.);
#1539 = ORIENTED_EDGE('',*,*,#1540,.T.);
#1540 = EDGE_CURVE('',#1431,#1541,#1543,.T.);
#1541 = VERTEX_POINT('',#1542);
#1542 = CARTESIAN_POINT('',(21.689839585163,0.,-29.7109171365));
#1543 = SEAM_CURVE('',#1544,(#1548,#1555),.PCURVE_S1.);
#1544 = LINE('',#1545,#1546);
#1545 = CARTESIAN_POINT('',(21.301645650102,0.,-26.83738477993));
#1546 = VECTOR('',#1547,1.);
#1547 = DIRECTION('',(0.133876830788,0.,-0.990997978897));
#1548 = PCURVE('',#1468,#1549);
#1549 = DEFINITIONAL_REPRESENTATION('',(#1550),#1554);
#1550 = LINE('',#1551,#1552);
#1551 = CARTESIAN_POINT('',(-0.,0.));
#1552 = VECTOR('',#1553,1.);
#1553 = DIRECTION('',(-0.,1.));
#1554 = ( GEOMETRIC_REPRESENTATION_CONTEXT(2) 
PARAMETRIC_REPRESENTATION_CONTEXT() REPRESENTATION_CONTEXT('2D SPACE',''
  ) );
#1555 = PCURVE('',#1468,#1556);
#1556 = DEFINITIONAL_REPRESENTATION('',(#1557),#1561);
#1557 = LINE('',#1558,#1559);
#1558 = CARTESIAN_POINT('',(-6.28318530718,0.));
#1559 = VECTOR('',#1560,1.);
#1560 = DIRECTION('',(-0.,1.));
#1561 = ( GEOMETRIC_REPRESENTATION_CONTEXT(2) 
PARAMETRIC_REPRESENTATION_CONTEXT() REPRESENTATION_CONTEXT('2D SPACE',''
  ) );
#1562 = ORIENTED_EDGE('',*,*,#1563,.F.);
#1563 = EDGE_CURVE('',#1541,#1541,#1564,.T.);
#1564 = SURFACE_CURVE('',#1565,(#1570,#1577),.PCURVE_S1.);
#1565 = CIRCLE('',#1566,21.689839585163);
#1566 = AXIS2_PLACEMENT_3D('',#1567,#1568,#1569);
#1567 = CARTESIAN_POINT('',(0.,0.,-29.7109171365));
#1568 = DIRECTION('',(0.,0.,1.));
#1569 = DIRECTION('',(1.,0.,-0.));
#1570 = PCURVE('',#1468,#1571);
#1571 = DEFINITIONAL_REPRESENTATION('',(#1572),#1576);
#1572 = LINE('',#1573,#1574);
#1573 = CARTESIAN_POINT('',(-0.,2.87353235657));
#1574 = VECTOR('',#1575,1.);
#1575 = DIRECTION('',(-1.,0.));
#1576 = ( GEOMETRIC_REPRESENTATION_CONTEXT(2) 
PARAMETRIC_REPRESENTATION_CONTEXT() REPRESENTATION_CONTEXT('2D SPACE',''
  ) );
#1577 = PCURVE('',#1578,#1583);
#1578 = CONICAL_SURFACE('',#1579,21.689839585163,0.136764331714);
#1579 = AXIS2_PLACEMENT_3D('',#1580,#1581,#1582);
#1580 = CARTESIAN_POINT('',(0.,0.,-29.7109171365));
#1581 = DIRECTION('',(-0.,-0.,-1.));
#1582 = DIRECTION('',(1.,0.,0.));
#1583 = DEFINITIONAL_REPRESENTATION('',(#1584),#1588);
#1584 = LINE('',#1585,#1586);
#1585 = CARTESIAN_POINT('',(-0.,0.));
#1586 = VECTOR('',#1587,1.);
#1587 = DIRECTION('',(-1.,0.));
#1588 = ( GEOMETRIC_REPRESENTATION_CONTEXT(2) 
PARAMETRIC_REPRESENTATION_CONTEXT() REPRESENTATION_CONTEXT('2D SPACE',''
  ) );
#1589 = ORIENTED_EDGE('',*,*,#1540,.F.);
#1590 = ADVANCED_FACE('',(#1591),#1501,.T.);
#1591 = FACE_BOUND('',#1592,.T.);
#1592 = EDGE_LOOP('',(#1593,#1622,#1643,#1644));
#1593 = ORIENTED_EDGE('',*,*,#1594,.T.);
#1594 = EDGE_CURVE('',#1595,#1595,#1597,.T.);
#1595 = VERTEX_POINT('',#1596);
#1596 = CARTESIAN_POINT('',(27.634840136312,0.,-30.52145303752));
#1597 = SURFACE_CURVE('',#1598,(#1603,#1610),.PCURVE_S1.);
#1598 = CIRCLE('',#1599,27.634840136312);
#1599 = AXIS2_PLACEMENT_3D('',#1600,#1601,#1602);
#1600 = CARTESIAN_POINT('',(0.,0.,-30.52145303752));
#1601 = DIRECTION('',(0.,0.,1.));
#1602 = DIRECTION('',(1.,0.,-0.));
#1603 = PCURVE('',#1501,#1604);
#1604 = DEFINITIONAL_REPRESENTATION('',(#1605),#1609);
#1605 = LINE('',#1606,#1607);
#1606 = CARTESIAN_POINT('',(-0.,-0.));
#1607 = VECTOR('',#1608,1.);
#1608 = DIRECTION('',(-1.,-0.));
#1609 = ( GEOMETRIC_REPRESENTATION_CONTEXT(2) 
PARAMETRIC_REPRESENTATION_CONTEXT() REPRESENTATION_CONTEXT('2D SPACE',''
  ) );
#1610 = PCURVE('',#1611,#1616);
#1611 = CONICAL_SURFACE('',#1612,28.035088722724,0.135381902055);
#1612 = AXIS2_PLACEMENT_3D('',#1613,#1614,#1615);
#1613 = CARTESIAN_POINT('',(0.,0.,-33.45980964688));
#1614 = DIRECTION('',(-0.,-0.,-1.));
#1615 = DIRECTION('',(1.,0.,-0.));
#1616 = DEFINITIONAL_REPRESENTATION('',(#1617),#1621);
#1617 = LINE('',#1618,#1619);
#1618 = CARTESIAN_POINT('',(-0.,-2.938356609359));
#1619 = VECTOR('',#1620,1.);
#1620 = DIRECTION('',(-1.,-0.));
#1621 = ( GEOMETRIC_REPRESENTATION_CONTEXT(2) 
PARAMETRIC_REPRESENTATION_CONTEXT() REPRESENTATION_CONTEXT('2D SPACE',''
  ) );
#1622 = ORIENTED_EDGE('',*,*,#1623,.T.);
#1623 = EDGE_CURVE('',#1595,#1485,#1624,.T.);
#1624 = SEAM_CURVE('',#1625,(#1629,#1636),.PCURVE_S1.);
#1625 = LINE('',#1626,#1627);
#1626 = CARTESIAN_POINT('',(27.634840136312,0.,-30.52145303752));
#1627 = VECTOR('',#1628,1.);
#1628 = DIRECTION('',(-0.132555639755,0.,0.991175565866));
#1629 = PCURVE('',#1501,#1630);
#1630 = DEFINITIONAL_REPRESENTATION('',(#1631),#1635);
#1631 = LINE('',#1632,#1633);
#1632 = CARTESIAN_POINT('',(-0.,-0.));
#1633 = VECTOR('',#1634,1.);
#1634 = DIRECTION('',(-0.,-1.));
#1635 = ( GEOMETRIC_REPRESENTATION_CONTEXT(2) 
PARAMETRIC_REPRESENTATION_CONTEXT() REPRESENTATION_CONTEXT('2D SPACE',''
  ) );
#1636 = PCURVE('',#1501,#1637);
#1637 = DEFINITIONAL_REPRESENTATION('',(#1638),#1642);
#1638 = LINE('',#1639,#1640);
#1639 = CARTESIAN_POINT('',(-6.28318530718,-0.));
#1640 = VECTOR('',#1641,1.);
#1641 = DIRECTION('',(-0.,-1.));
#1642 = ( GEOMETRIC_REPRESENTATION_CONTEXT(2) 
PARAMETRIC_REPRESENTATION_CONTEXT() REPRESENTATION_CONTEXT('2D SPACE',''
  ) );
#1643 = ORIENTED_EDGE('',*,*,#1484,.F.);
#1644 = ORIENTED_EDGE('',*,*,#1623,.F.);
#1645 = ADVANCED_FACE('',(#1646),#1578,.F.);
#1646 = FACE_BOUND('',#1647,.T.);
#1647 = EDGE_LOOP('',(#1648,#1649,#1672,#1699));
#1648 = ORIENTED_EDGE('',*,*,#1563,.T.);
#1649 = ORIENTED_EDGE('',*,*,#1650,.T.);
#1650 = EDGE_CURVE('',#1541,#1651,#1653,.T.);
#1651 = VERTEX_POINT('',#1652);
#1652 = CARTESIAN_POINT('',(22.092157313387,0.,-32.63423938099));
#1653 = SEAM_CURVE('',#1654,(#1658,#1665),.PCURVE_S1.);
#1654 = LINE('',#1655,#1656);
#1655 = CARTESIAN_POINT('',(21.689839585163,0.,-29.7109171365));
#1656 = VECTOR('',#1657,1.);
#1657 = DIRECTION('',(0.136338379263,0.,-0.990662327102));
#1658 = PCURVE('',#1578,#1659);
#1659 = DEFINITIONAL_REPRESENTATION('',(#1660),#1664);
#1660 = LINE('',#1661,#1662);
#1661 = CARTESIAN_POINT('',(-0.,0.));
#1662 = VECTOR('',#1663,1.);
#1663 = DIRECTION('',(-0.,1.));
#1664 = ( GEOMETRIC_REPRESENTATION_CONTEXT(2) 
PARAMETRIC_REPRESENTATION_CONTEXT() REPRESENTATION_CONTEXT('2D SPACE',''
  ) );
#1665 = PCURVE('',#1578,#1666);
#1666 = DEFINITIONAL_REPRESENTATION('',(#1667),#1671);
#1667 = LINE('',#1668,#1669);
#1668 = CARTESIAN_POINT('',(-6.28318530718,0.));
#1669 = VECTOR('',#1670,1.);
#1670 = DIRECTION('',(-0.,1.));
#1671 = ( GEOMETRIC_REPRESENTATION_CONTEXT(2) 
PARAMETRIC_REPRESENTATION_CONTEXT() REPRESENTATION_CONTEXT('2D SPACE',''
  ) );
#1672 = ORIENTED_EDGE('',*,*,#1673,.F.);
#1673 = EDGE_CURVE('',#1651,#1651,#1674,.T.);
#1674 = SURFACE_CURVE('',#1675,(#1680,#1687),.PCURVE_S1.);
#1675 = CIRCLE('',#1676,22.092157313387);
#1676 = AXIS2_PLACEMENT_3D('',#1677,#1678,#1679);
#1677 = CARTESIAN_POINT('',(0.,0.,-32.63423938099));
#1678 = DIRECTION('',(0.,0.,1.));
#1679 = DIRECTION('',(1.,0.,-0.));
#1680 = PCURVE('',#1578,#1681);
#1681 = DEFINITIONAL_REPRESENTATION('',(#1682),#1686);
#1682 = LINE('',#1683,#1684);
#1683 = CARTESIAN_POINT('',(-0.,2.923322244487));
#1684 = VECTOR('',#1685,1.);
#1685 = DIRECTION('',(-1.,0.));
#1686 = ( GEOMETRIC_REPRESENTATION_CONTEXT(2) 
PARAMETRIC_REPRESENTATION_CONTEXT() REPRESENTATION_CONTEXT('2D SPACE',''
  ) );
#1687 = PCURVE('',#1688,#1693);
#1688 = CONICAL_SURFACE('',#1689,22.092157313387,0.139336838142);
#1689 = AXIS2_PLACEMENT_3D('',#1690,#1691,#1692);
#1690 = CARTESIAN_POINT('',(0.,0.,-32.63423938099));
#1691 = DIRECTION('',(-0.,-0.,-1.));
#1692 = DIRECTION('',(1.,0.,0.));
#1693 = DEFINITIONAL_REPRESENTATION('',(#1694),#1698);
#1694 = LINE('',#1695,#1696);
#1695 = CARTESIAN_POINT('',(-0.,0.));
#1696 = VECTOR('',#1697,1.);
#1697 = DIRECTION('',(-1.,0.));
#1698 = ( GEOMETRIC_REPRESENTATION_CONTEXT(2) 
PARAMETRIC_REPRESENTATION_CONTEXT() REPRESENTATION_CONTEXT('2D SPACE',''
  ) );
#1699 = ORIENTED_EDGE('',*,*,#1650,.F.);
#1700 = ADVANCED_FACE('',(#1701),#1611,.T.);
#1701 = FACE_BOUND('',#1702,.T.);
#1702 = EDGE_LOOP('',(#1703,#1732,#1753,#1754));
#1703 = ORIENTED_EDGE('',*,*,#1704,.T.);
#1704 = EDGE_CURVE('',#1705,#1705,#1707,.T.);
#1705 = VERTEX_POINT('',#1706);
#1706 = CARTESIAN_POINT('',(28.035088722724,0.,-33.45980964688));
#1707 = SURFACE_CURVE('',#1708,(#1713,#1720),.PCURVE_S1.);
#1708 = CIRCLE('',#1709,28.035088722724);
#1709 = AXIS2_PLACEMENT_3D('',#1710,#1711,#1712);
#1710 = CARTESIAN_POINT('',(0.,0.,-33.45980964688));
#1711 = DIRECTION('',(0.,0.,1.));
#1712 = DIRECTION('',(1.,0.,-0.));
#1713 = PCURVE('',#1611,#1714);
#1714 = DEFINITIONAL_REPRESENTATION('',(#1715),#1719);
#1715 = LINE('',#1716,#1717);
#1716 = CARTESIAN_POINT('',(-0.,-0.));
#1717 = VECTOR('',#1718,1.);
#1718 = DIRECTION('',(-1.,-0.));
#1719 = ( GEOMETRIC_REPRESENTATION_CONTEXT(2) 
PARAMETRIC_REPRESENTATION_CONTEXT() REPRESENTATION_CONTEXT('2D SPACE',''
  ) );
#1720 = PCURVE('',#1721,#1726);
#1721 = CONICAL_SURFACE('',#1722,28.448870691235,0.137902376691);
#1722 = AXIS2_PLACEMENT_3D('',#1723,#1724,#1725);
#1723 = CARTESIAN_POINT('',(0.,0.,-36.44130767465));
#1724 = DIRECTION('',(-0.,-0.,-1.));
#1725 = DIRECTION('',(1.,0.,-0.));
#1726 = DEFINITIONAL_REPRESENTATION('',(#1727),#1731);
#1727 = LINE('',#1728,#1729);
#1728 = CARTESIAN_POINT('',(-0.,-2.981498027771));
#1729 = VECTOR('',#1730,1.);
#1730 = DIRECTION('',(-1.,-0.));
#1731 = ( GEOMETRIC_REPRESENTATION_CONTEXT(2) 
PARAMETRIC_REPRESENTATION_CONTEXT() REPRESENTATION_CONTEXT('2D SPACE',''
  ) );
#1732 = ORIENTED_EDGE('',*,*,#1733,.T.);
#1733 = EDGE_CURVE('',#1705,#1595,#1734,.T.);
#1734 = SEAM_CURVE('',#1735,(#1739,#1746),.PCURVE_S1.);
#1735 = LINE('',#1736,#1737);
#1736 = CARTESIAN_POINT('',(28.035088722724,0.,-33.45980964688));
#1737 = VECTOR('',#1738,1.);
#1738 = DIRECTION('',(-0.134968728438,0.,0.990849858628));
#1739 = PCURVE('',#1611,#1740);
#1740 = DEFINITIONAL_REPRESENTATION('',(#1741),#1745);
#1741 = LINE('',#1742,#1743);
#1742 = CARTESIAN_POINT('',(-0.,-0.));
#1743 = VECTOR('',#1744,1.);
#1744 = DIRECTION('',(-0.,-1.));
#1745 = ( GEOMETRIC_REPRESENTATION_CONTEXT(2) 
PARAMETRIC_REPRESENTATION_CONTEXT() REPRESENTATION_CONTEXT('2D SPACE',''
  ) );
#1746 = PCURVE('',#1611,#1747);
#1747 = DEFINITIONAL_REPRESENTATION('',(#1748),#1752);
#1748 = LINE('',#1749,#1750);
#1749 = CARTESIAN_POINT('',(-6.28318530718,-0.));
#1750 = VECTOR('',#1751,1.);
#1751 = DIRECTION('',(-0.,-1.));
#1752 = ( GEOMETRIC_REPRESENTATION_CONTEXT(2) 
PARAMETRIC_REPRESENTATION_CONTEXT() REPRESENTATION_CONTEXT('2D SPACE',''
  ) );
#1753 = ORIENTED_EDGE('',*,*,#1594,.F.);
#1754 = ORIENTED_EDGE('',*,*,#1733,.F.);
#1755 = ADVANCED_FACE('',(#1756),#1688,.F.);
#1756 = FACE_BOUND('',#1757,.T.);
#1757 = EDGE_LOOP('',(#1758,#1759,#1782,#1809));
#1758 = ORIENTED_EDGE('',*,*,#1673,.T.);
#1759 = ORIENTED_EDGE('',*,*,#1760,.T.);
#1760 = EDGE_CURVE('',#1651,#1761,#1763,.T.);
#1761 = VERTEX_POINT('',#1762);
#1762 = CARTESIAN_POINT('',(22.508119359946,0.,-35.60019316414));
#1763 = SEAM_CURVE('',#1764,(#1768,#1775),.PCURVE_S1.);
#1764 = LINE('',#1765,#1766);
#1765 = CARTESIAN_POINT('',(22.092157313387,0.,-32.63423938099));
#1766 = VECTOR('',#1767,1.);
#1767 = DIRECTION('',(0.138886410529,0.,-0.990308318137));
#1768 = PCURVE('',#1688,#1769);
#1769 = DEFINITIONAL_REPRESENTATION('',(#1770),#1774);
#1770 = LINE('',#1771,#1772);
#1771 = CARTESIAN_POINT('',(-0.,0.));
#1772 = VECTOR('',#1773,1.);
#1773 = DIRECTION('',(-0.,1.));
#1774 = ( GEOMETRIC_REPRESENTATION_CONTEXT(2) 
PARAMETRIC_REPRESENTATION_CONTEXT() REPRESENTATION_CONTEXT('2D SPACE',''
  ) );
#1775 = PCURVE('',#1688,#1776);
#1776 = DEFINITIONAL_REPRESENTATION('',(#1777),#1781);
#1777 = LINE('',#1778,#1779);
#1778 = CARTESIAN_POINT('',(-6.28318530718,0.));
#1779 = VECTOR('',#1780,1.);
#1780 = DIRECTION('',(-0.,1.));
#1781 = ( GEOMETRIC_REPRESENTATION_CONTEXT(2) 
PARAMETRIC_REPRESENTATION_CONTEXT() REPRESENTATION_CONTEXT('2D SPACE',''
  ) );
#1782 = ORIENTED_EDGE('',*,*,#1783,.F.);
#1783 = EDGE_CURVE('',#1761,#1761,#1784,.T.);
#1784 = SURFACE_CURVE('',#1785,(#1790,#1797),.PCURVE_S1.);
#1785 = CIRCLE('',#1786,22.508119359946);
#1786 = AXIS2_PLACEMENT_3D('',#1787,#1788,#1789);
#1787 = CARTESIAN_POINT('',(0.,0.,-35.60019316414));
#1788 = DIRECTION('',(0.,0.,1.));
#1789 = DIRECTION('',(1.,0.,-0.));
#1790 = PCURVE('',#1688,#1791);
#1791 = DEFINITIONAL_REPRESENTATION('',(#1792),#1796);
#1792 = LINE('',#1793,#1794);
#1793 = CARTESIAN_POINT('',(-0.,2.965953783155));
#1794 = VECTOR('',#1795,1.);
#1795 = DIRECTION('',(-1.,0.));
#1796 = ( GEOMETRIC_REPRESENTATION_CONTEXT(2) 
PARAMETRIC_REPRESENTATION_CONTEXT() REPRESENTATION_CONTEXT('2D SPACE',''
  ) );
#1797 = PCURVE('',#1798,#1803);
#1798 = CONICAL_SURFACE('',#1799,22.508119359946,0.14199476162);
#1799 = AXIS2_PLACEMENT_3D('',#1800,#1801,#1802);
#1800 = CARTESIAN_POINT('',(0.,0.,-35.60019316414));
#1801 = DIRECTION('',(-0.,-0.,-1.));
#1802 = DIRECTION('',(1.,0.,0.));
#1803 = DEFINITIONAL_REPRESENTATION('',(#1804),#1808);
#1804 = LINE('',#1805,#1806);
#1805 = CARTESIAN_POINT('',(-0.,0.));
#1806 = VECTOR('',#1807,1.);
#1807 = DIRECTION('',(-1.,0.));
#1808 = ( GEOMETRIC_REPRESENTATION_CONTEXT(2) 
PARAMETRIC_REPRESENTATION_CONTEXT() REPRESENTATION_CONTEXT('2D SPACE',''
  ) );
#1809 = ORIENTED_EDGE('',*,*,#1760,.F.);
#1810 = ADVANCED_FACE('',(#1811),#1721,.T.);
#1811 = FACE_BOUND('',#1812,.T.);
#1812 = EDGE_LOOP('',(#1813,#1842,#1863,#1864));
#1813 = ORIENTED_EDGE('',*,*,#1814,.T.);
#1814 = EDGE_CURVE('',#1815,#1815,#1817,.T.);
#1815 = VERTEX_POINT('',#1816);
#1816 = CARTESIAN_POINT('',(28.448870691235,0.,-36.44130767465));
#1817 = SURFACE_CURVE('',#1818,(#1823,#1830),.PCURVE_S1.);
#1818 = CIRCLE('',#1819,28.448870691235);
#1819 = AXIS2_PLACEMENT_3D('',#1820,#1821,#1822);
#1820 = CARTESIAN_POINT('',(0.,0.,-36.44130767465));
#1821 = DIRECTION('',(0.,0.,1.));
#1822 = DIRECTION('',(1.,0.,-0.));
#1823 = PCURVE('',#1721,#1824);
#1824 = DEFINITIONAL_REPRESENTATION('',(#1825),#1829);
#1825 = LINE('',#1826,#1827);
#1826 = CARTESIAN_POINT('',(-0.,-0.));
#1827 = VECTOR('',#1828,1.);
#1828 = DIRECTION('',(-1.,-0.));
#1829 = ( GEOMETRIC_REPRESENTATION_CONTEXT(2) 
PARAMETRIC_REPRESENTATION_CONTEXT() REPRESENTATION_CONTEXT('2D SPACE',''
  ) );
#1830 = PCURVE('',#1831,#1836);
#1831 = CONICAL_SURFACE('',#1832,28.875750545887,0.140505555875);
#1832 = AXIS2_PLACEMENT_3D('',#1833,#1834,#1835);
#1833 = CARTESIAN_POINT('',(0.,0.,-39.45945895504));
#1834 = DIRECTION('',(-0.,-0.,-1.));
#1835 = DIRECTION('',(1.,0.,-0.));
#1836 = DEFINITIONAL_REPRESENTATION('',(#1837),#1841);
#1837 = LINE('',#1838,#1839);
#1838 = CARTESIAN_POINT('',(-0.,-3.018151280395));
#1839 = VECTOR('',#1840,1.);
#1840 = DIRECTION('',(-1.,-0.));
#1841 = ( GEOMETRIC_REPRESENTATION_CONTEXT(2) 
PARAMETRIC_REPRESENTATION_CONTEXT() REPRESENTATION_CONTEXT('2D SPACE',''
  ) );
#1842 = ORIENTED_EDGE('',*,*,#1843,.T.);
#1843 = EDGE_CURVE('',#1815,#1705,#1844,.T.);
#1844 = SEAM_CURVE('',#1845,(#1849,#1856),.PCURVE_S1.);
#1845 = LINE('',#1846,#1847);
#1846 = CARTESIAN_POINT('',(28.448870691235,0.,-36.44130767465));
#1847 = VECTOR('',#1848,1.);
#1848 = DIRECTION('',(-0.137465709016,0.,0.990506526402));
#1849 = PCURVE('',#1721,#1850);
#1850 = DEFINITIONAL_REPRESENTATION('',(#1851),#1855);
#1851 = LINE('',#1852,#1853);
#1852 = CARTESIAN_POINT('',(-0.,-0.));
#1853 = VECTOR('',#1854,1.);
#1854 = DIRECTION('',(-0.,-1.));
#1855 = ( GEOMETRIC_REPRESENTATION_CONTEXT(2) 
PARAMETRIC_REPRESENTATION_CONTEXT() REPRESENTATION_CONTEXT('2D SPACE',''
  ) );
#1856 = PCURVE('',#1721,#1857);
#1857 = DEFINITIONAL_REPRESENTATION('',(#1858),#1862);
#1858 = LINE('',#1859,#1860);
#1859 = CARTESIAN_POINT('',(-6.28318530718,-0.));
#1860 = VECTOR('',#1861,1.);
#1861 = DIRECTION('',(-0.,-1.));
#1862 = ( GEOMETRIC_REPRESENTATION_CONTEXT(2) 
PARAMETRIC_REPRESENTATION_CONTEXT() REPRESENTATION_CONTEXT('2D SPACE',''
  ) );
#1863 = ORIENTED_EDGE('',*,*,#1704,.F.);
#1864 = ORIENTED_EDGE('',*,*,#1843,.F.);
#1865 = ADVANCED_FACE('',(#1866),#1798,.F.);
#1866 = FACE_BOUND('',#1867,.T.);
#1867 = EDGE_LOOP('',(#1868,#1869,#1892,#1919));
#1868 = ORIENTED_EDGE('',*,*,#1783,.T.);
#1869 = ORIENTED_EDGE('',*,*,#1870,.T.);
#1870 = EDGE_CURVE('',#1761,#1871,#1873,.T.);
#1871 = VERTEX_POINT('',#1872);
#1872 = CARTESIAN_POINT('',(22.93729201558,0.,-38.60230652763));
#1873 = SEAM_CURVE('',#1874,(#1878,#1885),.PCURVE_S1.);
#1874 = LINE('',#1875,#1876);
#1875 = CARTESIAN_POINT('',(22.508119359946,0.,-35.60019316414));
#1876 = VECTOR('',#1877,1.);
#1877 = DIRECTION('',(0.141518080573,0.,-0.989935671077));
#1878 = PCURVE('',#1798,#1879);
#1879 = DEFINITIONAL_REPRESENTATION('',(#1880),#1884);
#1880 = LINE('',#1881,#1882);
#1881 = CARTESIAN_POINT('',(-0.,0.));
#1882 = VECTOR('',#1883,1.);
#1883 = DIRECTION('',(-0.,1.));
#1884 = ( GEOMETRIC_REPRESENTATION_CONTEXT(2) 
PARAMETRIC_REPRESENTATION_CONTEXT() REPRESENTATION_CONTEXT('2D SPACE',''
  ) );
#1885 = PCURVE('',#1798,#1886);
#1886 = DEFINITIONAL_REPRESENTATION('',(#1887),#1891);
#1887 = LINE('',#1888,#1889);
#1888 = CARTESIAN_POINT('',(-6.28318530718,0.));
#1889 = VECTOR('',#1890,1.);
#1890 = DIRECTION('',(-0.,1.));
#1891 = ( GEOMETRIC_REPRESENTATION_CONTEXT(2) 
PARAMETRIC_REPRESENTATION_CONTEXT() REPRESENTATION_CONTEXT('2D SPACE',''
  ) );
#1892 = ORIENTED_EDGE('',*,*,#1893,.F.);
#1893 = EDGE_CURVE('',#1871,#1871,#1894,.T.);
#1894 = SURFACE_CURVE('',#1895,(#1900,#1907),.PCURVE_S1.);
#1895 = CIRCLE('',#1896,22.93729201558);
#1896 = AXIS2_PLACEMENT_3D('',#1897,#1898,#1899);
#1897 = CARTESIAN_POINT('',(0.,0.,-38.60230652763));
#1898 = DIRECTION('',(0.,0.,1.));
#1899 = DIRECTION('',(1.,0.,-0.));
#1900 = PCURVE('',#1798,#1901);
#1901 = DEFINITIONAL_REPRESENTATION('',(#1902),#1906);
#1902 = LINE('',#1903,#1904);
#1903 = CARTESIAN_POINT('',(-0.,3.002113363482));
#1904 = VECTOR('',#1905,1.);
#1905 = DIRECTION('',(-1.,0.));
#1906 = ( GEOMETRIC_REPRESENTATION_CONTEXT(2) 
PARAMETRIC_REPRESENTATION_CONTEXT() REPRESENTATION_CONTEXT('2D SPACE',''
  ) );
#1907 = PCURVE('',#1908,#1913);
#1908 = CONICAL_SURFACE('',#1909,22.93729201558,0.144735609874);
#1909 = AXIS2_PLACEMENT_3D('',#1910,#1911,#1912);
#1910 = CARTESIAN_POINT('',(0.,0.,-38.60230652763));
#1911 = DIRECTION('',(-0.,-0.,-1.));
#1912 = DIRECTION('',(1.,0.,0.));
#1913 = DEFINITIONAL_REPRESENTATION('',(#1914),#1918);
#1914 = LINE('',#1915,#1916);
#1915 = CARTESIAN_POINT('',(-0.,0.));
#1916 = VECTOR('',#1917,1.);
#1917 = DIRECTION('',(-1.,0.));
#1918 = ( GEOMETRIC_REPRESENTATION_CONTEXT(2) 
PARAMETRIC_REPRESENTATION_CONTEXT() REPRESENTATION_CONTEXT('2D SPACE',''
  ) );
#1919 = ORIENTED_EDGE('',*,*,#1870,.F.);
#1920 = ADVANCED_FACE('',(#1921),#1831,.T.);
#1921 = FACE_BOUND('',#1922,.T.);
#1922 = EDGE_LOOP('',(#1923,#1952,#1973,#1974));
#1923 = ORIENTED_EDGE('',*,*,#1924,.T.);
#1924 = EDGE_CURVE('',#1925,#1925,#1927,.T.);
#1925 = VERTEX_POINT('',#1926);
#1926 = CARTESIAN_POINT('',(28.875750545887,0.,-39.45945895504));
#1927 = SURFACE_CURVE('',#1928,(#1933,#1940),.PCURVE_S1.);
#1928 = CIRCLE('',#1929,28.875750545887);
#1929 = AXIS2_PLACEMENT_3D('',#1930,#1931,#1932);
#1930 = CARTESIAN_POINT('',(0.,0.,-39.45945895504));
#1931 = DIRECTION('',(0.,0.,1.));
#1932 = DIRECTION('',(1.,0.,-0.));
#1933 = PCURVE('',#1831,#1934);
#1934 = DEFINITIONAL_REPRESENTATION('',(#1935),#1939);
#1935 = LINE('',#1936,#1937);
#1936 = CARTESIAN_POINT('',(-0.,-0.));
#1937 = VECTOR('',#1938,1.);
#1938 = DIRECTION('',(-1.,-0.));
#1939 = ( GEOMETRIC_REPRESENTATION_CONTEXT(2) 
PARAMETRIC_REPRESENTATION_CONTEXT() REPRESENTATION_CONTEXT('2D SPACE',''
  ) );
#1940 = PCURVE('',#1941,#1946);
#1941 = CONICAL_SURFACE('',#1942,29.315331532347,0.14318890543);
#1942 = AXIS2_PLACEMENT_3D('',#1943,#1944,#1945);
#1943 = CARTESIAN_POINT('',(0.,0.,-42.50838665321));
#1944 = DIRECTION('',(-0.,-0.,-1.));
#1945 = DIRECTION('',(1.,0.,-0.));
#1946 = DEFINITIONAL_REPRESENTATION('',(#1947),#1951);
#1947 = LINE('',#1948,#1949);
#1948 = CARTESIAN_POINT('',(-0.,-3.048927698164));
#1949 = VECTOR('',#1950,1.);
#1950 = DIRECTION('',(-1.,-0.));
#1951 = ( GEOMETRIC_REPRESENTATION_CONTEXT(2) 
PARAMETRIC_REPRESENTATION_CONTEXT() REPRESENTATION_CONTEXT('2D SPACE',''
  ) );
#1952 = ORIENTED_EDGE('',*,*,#1953,.T.);
#1953 = EDGE_CURVE('',#1925,#1815,#1954,.T.);
#1954 = SEAM_CURVE('',#1955,(#1959,#1966),.PCURVE_S1.);
#1955 = LINE('',#1956,#1957);
#1956 = CARTESIAN_POINT('',(28.875750545887,0.,-39.45945895504));
#1957 = VECTOR('',#1958,1.);
#1958 = DIRECTION('',(-0.140043706304,0.,0.990145322831));
#1959 = PCURVE('',#1831,#1960);
#1960 = DEFINITIONAL_REPRESENTATION('',(#1961),#1965);
#1961 = LINE('',#1962,#1963);
#1962 = CARTESIAN_POINT('',(-0.,-0.));
#1963 = VECTOR('',#1964,1.);
#1964 = DIRECTION('',(-0.,-1.));
#1965 = ( GEOMETRIC_REPRESENTATION_CONTEXT(2) 
PARAMETRIC_REPRESENTATION_CONTEXT() REPRESENTATION_CONTEXT('2D SPACE',''
  ) );
#1966 = PCURVE('',#1831,#1967);
#1967 = DEFINITIONAL_REPRESENTATION('',(#1968),#1972);
#1968 = LINE('',#1969,#1970);
#1969 = CARTESIAN_POINT('',(-6.28318530718,-0.));
#1970 = VECTOR('',#1971,1.);
#1971 = DIRECTION('',(-0.,-1.));
#1972 = ( GEOMETRIC_REPRESENTATION_CONTEXT(2) 
PARAMETRIC_REPRESENTATION_CONTEXT() REPRESENTATION_CONTEXT('2D SPACE',''
  ) );
#1973 = ORIENTED_EDGE('',*,*,#1814,.F.);
#1974 = ORIENTED_EDGE('',*,*,#1953,.F.);
#1975 = ADVANCED_FACE('',(#1976),#1908,.F.);
#1976 = FACE_BOUND('',#1977,.T.);
#1977 = EDGE_LOOP('',(#1978,#1979,#2002,#2029));
#1978 = ORIENTED_EDGE('',*,*,#1893,.T.);
#1979 = ORIENTED_EDGE('',*,*,#1980,.T.);
#1980 = EDGE_CURVE('',#1871,#1981,#1983,.T.);
#1981 = VERTEX_POINT('',#1982);
#1982 = CARTESIAN_POINT('',(23.379280486565,0.,-41.63471738978));
#1983 = SEAM_CURVE('',#1984,(#1988,#1995),.PCURVE_S1.);
#1984 = LINE('',#1985,#1986);
#1985 = CARTESIAN_POINT('',(22.93729201558,0.,-38.60230652763));
#1986 = VECTOR('',#1987,1.);
#1987 = DIRECTION('',(0.144230809073,0.,-0.989544073659));
#1988 = PCURVE('',#1908,#1989);
#1989 = DEFINITIONAL_REPRESENTATION('',(#1990),#1994);
#1990 = LINE('',#1991,#1992);
#1991 = CARTESIAN_POINT('',(-0.,0.));
#1992 = VECTOR('',#1993,1.);
#1993 = DIRECTION('',(-0.,1.));
#1994 = ( GEOMETRIC_REPRESENTATION_CONTEXT(2) 
PARAMETRIC_REPRESENTATION_CONTEXT() REPRESENTATION_CONTEXT('2D SPACE',''
  ) );
#1995 = PCURVE('',#1908,#1996);
#1996 = DEFINITIONAL_REPRESENTATION('',(#1997),#2001);
#1997 = LINE('',#1998,#1999);
#1998 = CARTESIAN_POINT('',(-6.28318530718,0.));
#1999 = VECTOR('',#2000,1.);
#2000 = DIRECTION('',(-0.,1.));
#2001 = ( GEOMETRIC_REPRESENTATION_CONTEXT(2) 
PARAMETRIC_REPRESENTATION_CONTEXT() REPRESENTATION_CONTEXT('2D SPACE',''
  ) );
#2002 = ORIENTED_EDGE('',*,*,#2003,.F.);
#2003 = EDGE_CURVE('',#1981,#1981,#2004,.T.);
#2004 = SURFACE_CURVE('',#2005,(#2010,#2017),.PCURVE_S1.);
#2005 = CIRCLE('',#2006,23.379280486565);
#2006 = AXIS2_PLACEMENT_3D('',#2007,#2008,#2009);
#2007 = CARTESIAN_POINT('',(0.,0.,-41.63471738978));
#2008 = DIRECTION('',(0.,0.,1.));
#2009 = DIRECTION('',(1.,0.,-0.));
#2010 = PCURVE('',#1908,#2011);
#2011 = DEFINITIONAL_REPRESENTATION('',(#2012),#2016);
#2012 = LINE('',#2013,#2014);
#2013 = CARTESIAN_POINT('',(-0.,3.032410862152));
#2014 = VECTOR('',#2015,1.);
#2015 = DIRECTION('',(-1.,0.));
#2016 = ( GEOMETRIC_REPRESENTATION_CONTEXT(2) 
PARAMETRIC_REPRESENTATION_CONTEXT() REPRESENTATION_CONTEXT('2D SPACE',''
  ) );
#2017 = PCURVE('',#2018,#2023);
#2018 = CONICAL_SURFACE('',#2019,23.379280486565,0.147557121075);
#2019 = AXIS2_PLACEMENT_3D('',#2020,#2021,#2022);
#2020 = CARTESIAN_POINT('',(0.,0.,-41.63471738978));
#2021 = DIRECTION('',(-0.,-0.,-1.));
#2022 = DIRECTION('',(1.,0.,0.));
#2023 = DEFINITIONAL_REPRESENTATION('',(#2024),#2028);
#2024 = LINE('',#2025,#2026);
#2025 = CARTESIAN_POINT('',(-0.,0.));
#2026 = VECTOR('',#2027,1.);
#2027 = DIRECTION('',(-1.,0.));
#2028 = ( GEOMETRIC_REPRESENTATION_CONTEXT(2) 
PARAMETRIC_REPRESENTATION_CONTEXT() REPRESENTATION_CONTEXT('2D SPACE',''
  ) );
#2029 = ORIENTED_EDGE('',*,*,#1980,.F.);
#2030 = ADVANCED_FACE('',(#2031),#1941,.T.);
#2031 = FACE_BOUND('',#2032,.T.);
#2032 = EDGE_LOOP('',(#2033,#2062,#2083,#2084));
#2033 = ORIENTED_EDGE('',*,*,#2034,.T.);
#2034 = EDGE_CURVE('',#2035,#2035,#2037,.T.);
#2035 = VERTEX_POINT('',#2036);
#2036 = CARTESIAN_POINT('',(29.315331532347,0.,-42.50838665321));
#2037 = SURFACE_CURVE('',#2038,(#2043,#2050),.PCURVE_S1.);
#2038 = CIRCLE('',#2039,29.315331532347);
#2039 = AXIS2_PLACEMENT_3D('',#2040,#2041,#2042);
#2040 = CARTESIAN_POINT('',(0.,0.,-42.50838665321));
#2041 = DIRECTION('',(0.,0.,1.));
#2042 = DIRECTION('',(1.,0.,-0.));
#2043 = PCURVE('',#1941,#2044);
#2044 = DEFINITIONAL_REPRESENTATION('',(#2045),#2049);
#2045 = LINE('',#2046,#2047);
#2046 = CARTESIAN_POINT('',(-0.,-0.));
#2047 = VECTOR('',#2048,1.);
#2048 = DIRECTION('',(-1.,-0.));
#2049 = ( GEOMETRIC_REPRESENTATION_CONTEXT(2) 
PARAMETRIC_REPRESENTATION_CONTEXT() REPRESENTATION_CONTEXT('2D SPACE',''
  ) );
#2050 = PCURVE('',#2051,#2056);
#2051 = CONICAL_SURFACE('',#2052,29.767250165665,0.145950117903);
#2052 = AXIS2_PLACEMENT_3D('',#2053,#2054,#2055);
#2053 = CARTESIAN_POINT('',(0.,0.,-45.58276052073));
#2054 = DIRECTION('',(-0.,-0.,-1.));
#2055 = DIRECTION('',(1.,0.,-0.));
#2056 = DEFINITIONAL_REPRESENTATION('',(#2057),#2061);
#2057 = LINE('',#2058,#2059);
#2058 = CARTESIAN_POINT('',(-0.,-3.07437386752));
#2059 = VECTOR('',#2060,1.);
#2060 = DIRECTION('',(-1.,-0.));
#2061 = ( GEOMETRIC_REPRESENTATION_CONTEXT(2) 
PARAMETRIC_REPRESENTATION_CONTEXT() REPRESENTATION_CONTEXT('2D SPACE',''
  ) );
#2062 = ORIENTED_EDGE('',*,*,#2063,.T.);
#2063 = EDGE_CURVE('',#2035,#1925,#2064,.T.);
#2064 = SEAM_CURVE('',#2065,(#2069,#2076),.PCURVE_S1.);
#2065 = LINE('',#2066,#2067);
#2066 = CARTESIAN_POINT('',(29.315331532347,0.,-42.50838665321));
#2067 = VECTOR('',#2068,1.);
#2068 = DIRECTION('',(-0.142700104945,0.,0.989765972364));
#2069 = PCURVE('',#1941,#2070);
#2070 = DEFINITIONAL_REPRESENTATION('',(#2071),#2075);
#2071 = LINE('',#2072,#2073);
#2072 = CARTESIAN_POINT('',(-0.,-0.));
#2073 = VECTOR('',#2074,1.);
#2074 = DIRECTION('',(-0.,-1.));
#2075 = ( GEOMETRIC_REPRESENTATION_CONTEXT(2) 
PARAMETRIC_REPRESENTATION_CONTEXT() REPRESENTATION_CONTEXT('2D SPACE',''
  ) );
#2076 = PCURVE('',#1941,#2077);
#2077 = DEFINITIONAL_REPRESENTATION('',(#2078),#2082);
#2078 = LINE('',#2079,#2080);
#2079 = CARTESIAN_POINT('',(-6.28318530718,-0.));
#2080 = VECTOR('',#2081,1.);
#2081 = DIRECTION('',(-0.,-1.));
#2082 = ( GEOMETRIC_REPRESENTATION_CONTEXT(2) 
PARAMETRIC_REPRESENTATION_CONTEXT() REPRESENTATION_CONTEXT('2D SPACE',''
  ) );
#2083 = ORIENTED_EDGE('',*,*,#1924,.F.);
#2084 = ORIENTED_EDGE('',*,*,#2063,.F.);
#2085 = ADVANCED_FACE('',(#2086),#2018,.F.);
#2086 = FACE_BOUND('',#2087,.T.);
#2087 = EDGE_LOOP('',(#2088,#2089,#2112,#2139));
#2088 = ORIENTED_EDGE('',*,*,#2003,.T.);
#2089 = ORIENTED_EDGE('',*,*,#2090,.T.);
#2090 = EDGE_CURVE('',#1981,#2091,#2093,.T.);
#2091 = VERTEX_POINT('',#2092);
#2092 = CARTESIAN_POINT('',(23.833723399891,0.,-44.69210900647));
#2093 = SEAM_CURVE('',#2094,(#2098,#2105),.PCURVE_S1.);
#2094 = LINE('',#2095,#2096);
#2095 = CARTESIAN_POINT('',(23.379280486565,0.,-41.63471738978));
#2096 = VECTOR('',#2097,1.);
#2097 = DIRECTION('',(0.14702224095,0.,-0.989133186515));
#2098 = PCURVE('',#2018,#2099);
#2099 = DEFINITIONAL_REPRESENTATION('',(#2100),#2104);
#2100 = LINE('',#2101,#2102);
#2101 = CARTESIAN_POINT('',(-0.,0.));
#2102 = VECTOR('',#2103,1.);
#2103 = DIRECTION('',(-0.,1.));
#2104 = ( GEOMETRIC_REPRESENTATION_CONTEXT(2) 
PARAMETRIC_REPRESENTATION_CONTEXT() REPRESENTATION_CONTEXT('2D SPACE',''
  ) );
#2105 = PCURVE('',#2018,#2106);
#2106 = DEFINITIONAL_REPRESENTATION('',(#2107),#2111);
#2107 = LINE('',#2108,#2109);
#2108 = CARTESIAN_POINT('',(-6.28318530718,0.));
#2109 = VECTOR('',#2110,1.);
#2110 = DIRECTION('',(-0.,1.));
#2111 = ( GEOMETRIC_REPRESENTATION_CONTEXT(2) 
PARAMETRIC_REPRESENTATION_CONTEXT() REPRESENTATION_CONTEXT('2D SPACE',''
  ) );
#2112 = ORIENTED_EDGE('',*,*,#2113,.F.);
#2113 = EDGE_CURVE('',#2091,#2091,#2114,.T.);
#2114 = SURFACE_CURVE('',#2115,(#2120,#2127),.PCURVE_S1.);
#2115 = CIRCLE('',#2116,23.833723399891);
#2116 = AXIS2_PLACEMENT_3D('',#2117,#2118,#2119);
#2117 = CARTESIAN_POINT('',(0.,0.,-44.69210900647));
#2118 = DIRECTION('',(0.,0.,1.));
#2119 = DIRECTION('',(1.,0.,-0.));
#2120 = PCURVE('',#2018,#2121);
#2121 = DEFINITIONAL_REPRESENTATION('',(#2122),#2126);
#2122 = LINE('',#2123,#2124);
#2123 = CARTESIAN_POINT('',(-0.,3.057391616694));
#2124 = VECTOR('',#2125,1.);
#2125 = DIRECTION('',(-1.,0.));
#2126 = ( GEOMETRIC_REPRESENTATION_CONTEXT(2) 
PARAMETRIC_REPRESENTATION_CONTEXT() REPRESENTATION_CONTEXT('2D SPACE',''
  ) );
#2127 = PCURVE('',#2128,#2133);
#2128 = CONICAL_SURFACE('',#2129,23.833723399891,0.150457232757);
#2129 = AXIS2_PLACEMENT_3D('',#2130,#2131,#2132);
#2130 = CARTESIAN_POINT('',(0.,0.,-44.69210900647));
#2131 = DIRECTION('',(-0.,-0.,-1.));
#2132 = DIRECTION('',(1.,0.,0.));
#2133 = DEFINITIONAL_REPRESENTATION('',(#2134),#2138);
#2134 = LINE('',#2135,#2136);
#2135 = CARTESIAN_POINT('',(-0.,0.));
#2136 = VECTOR('',#2137,1.);
#2137 = DIRECTION('',(-1.,0.));
#2138 = ( GEOMETRIC_REPRESENTATION_CONTEXT(2) 
PARAMETRIC_REPRESENTATION_CONTEXT() REPRESENTATION_CONTEXT('2D SPACE',''
  ) );
#2139 = ORIENTED_EDGE('',*,*,#2090,.F.);
#2140 = ADVANCED_FACE('',(#2141),#2051,.T.);
#2141 = FACE_BOUND('',#2142,.T.);
#2142 = EDGE_LOOP('',(#2143,#2172,#2193,#2194));
#2143 = ORIENTED_EDGE('',*,*,#2144,.T.);
#2144 = EDGE_CURVE('',#2145,#2145,#2147,.T.);
#2145 = VERTEX_POINT('',#2146);
#2146 = CARTESIAN_POINT('',(29.767250165665,0.,-45.58276052073));
#2147 = SURFACE_CURVE('',#2148,(#2153,#2160),.PCURVE_S1.);
#2148 = CIRCLE('',#2149,29.767250165665);
#2149 = AXIS2_PLACEMENT_3D('',#2150,#2151,#2152);
#2150 = CARTESIAN_POINT('',(0.,0.,-45.58276052073));
#2151 = DIRECTION('',(0.,0.,1.));
#2152 = DIRECTION('',(1.,0.,-0.));
#2153 = PCURVE('',#2051,#2154);
#2154 = DEFINITIONAL_REPRESENTATION('',(#2155),#2159);
#2155 = LINE('',#2156,#2157);
#2156 = CARTESIAN_POINT('',(-0.,-0.));
#2157 = VECTOR('',#2158,1.);
#2158 = DIRECTION('',(-1.,-0.));
#2159 = ( GEOMETRIC_REPRESENTATION_CONTEXT(2) 
PARAMETRIC_REPRESENTATION_CONTEXT() REPRESENTATION_CONTEXT('2D SPACE',''
  ) );
#2160 = PCURVE('',#2161,#2166);
#2161 = CONICAL_SURFACE('',#2162,30.231171782407,0.148787082007);
#2162 = AXIS2_PLACEMENT_3D('',#2163,#2164,#2165);
#2163 = CARTESIAN_POINT('',(0.,0.,-48.6777414678));
#2164 = DIRECTION('',(-0.,-0.,-1.));
#2165 = DIRECTION('',(1.,0.,-0.));
#2166 = DEFINITIONAL_REPRESENTATION('',(#2167),#2171);
#2167 = LINE('',#2168,#2169);
#2168 = CARTESIAN_POINT('',(-0.,-3.094980947069));
#2169 = VECTOR('',#2170,1.);
#2170 = DIRECTION('',(-1.,-0.));
#2171 = ( GEOMETRIC_REPRESENTATION_CONTEXT(2) 
PARAMETRIC_REPRESENTATION_CONTEXT() REPRESENTATION_CONTEXT('2D SPACE',''
  ) );
#2172 = ORIENTED_EDGE('',*,*,#2173,.T.);
#2173 = EDGE_CURVE('',#2145,#2035,#2174,.T.);
#2174 = SEAM_CURVE('',#2175,(#2179,#2186),.PCURVE_S1.);
#2175 = LINE('',#2176,#2177);
#2176 = CARTESIAN_POINT('',(29.767250165665,0.,-45.58276052073));
#2177 = VECTOR('',#2178,1.);
#2178 = DIRECTION('',(-0.145432511627,0.,0.989368174423));
#2179 = PCURVE('',#2051,#2180);
#2180 = DEFINITIONAL_REPRESENTATION('',(#2181),#2185);
#2181 = LINE('',#2182,#2183);
#2182 = CARTESIAN_POINT('',(-0.,-0.));
#2183 = VECTOR('',#2184,1.);
#2184 = DIRECTION('',(-0.,-1.));
#2185 = ( GEOMETRIC_REPRESENTATION_CONTEXT(2) 
PARAMETRIC_REPRESENTATION_CONTEXT() REPRESENTATION_CONTEXT('2D SPACE',''
  ) );
#2186 = PCURVE('',#2051,#2187);
#2187 = DEFINITIONAL_REPRESENTATION('',(#2188),#2192);
#2188 = LINE('',#2189,#2190);
#2189 = CARTESIAN_POINT('',(-6.28318530718,-0.));
#2190 = VECTOR('',#2191,1.);
#2191 = DIRECTION('',(-0.,-1.));
#2192 = ( GEOMETRIC_REPRESENTATION_CONTEXT(2) 
PARAMETRIC_REPRESENTATION_CONTEXT() REPRESENTATION_CONTEXT('2D SPACE',''
  ) );
#2193 = ORIENTED_EDGE('',*,*,#2034,.F.);
#2194 = ORIENTED_EDGE('',*,*,#2173,.F.);
#2195 = ADVANCED_FACE('',(#2196),#2128,.F.);
#2196 = FACE_BOUND('',#2197,.T.);
#2197 = EDGE_LOOP('',(#2198,#2199,#2222,#2249));
#2198 = ORIENTED_EDGE('',*,*,#2113,.T.);
#2199 = ORIENTED_EDGE('',*,*,#2200,.T.);
#2200 = EDGE_CURVE('',#2091,#2201,#2203,.T.);
#2201 = VERTEX_POINT('',#2202);
#2202 = CARTESIAN_POINT('',(24.300288337201,0.,-47.76965471017));
#2203 = SEAM_CURVE('',#2204,(#2208,#2215),.PCURVE_S1.);
#2204 = LINE('',#2205,#2206);
#2205 = CARTESIAN_POINT('',(23.833723399891,0.,-44.69210900647));
#2206 = VECTOR('',#2207,1.);
#2207 = DIRECTION('',(0.149890215363,0.,-0.988702646572));
#2208 = PCURVE('',#2128,#2209);
#2209 = DEFINITIONAL_REPRESENTATION('',(#2210),#2214);
#2210 = LINE('',#2211,#2212);
#2211 = CARTESIAN_POINT('',(-0.,0.));
#2212 = VECTOR('',#2213,1.);
#2213 = DIRECTION('',(-0.,1.));
#2214 = ( GEOMETRIC_REPRESENTATION_CONTEXT(2) 
PARAMETRIC_REPRESENTATION_CONTEXT() REPRESENTATION_CONTEXT('2D SPACE',''
  ) );
#2215 = PCURVE('',#2128,#2216);
#2216 = DEFINITIONAL_REPRESENTATION('',(#2217),#2221);
#2217 = LINE('',#2218,#2219);
#2218 = CARTESIAN_POINT('',(-6.28318530718,0.));
#2219 = VECTOR('',#2220,1.);
#2220 = DIRECTION('',(-0.,1.));
#2221 = ( GEOMETRIC_REPRESENTATION_CONTEXT(2) 
PARAMETRIC_REPRESENTATION_CONTEXT() REPRESENTATION_CONTEXT('2D SPACE',''
  ) );
#2222 = ORIENTED_EDGE('',*,*,#2223,.F.);
#2223 = EDGE_CURVE('',#2201,#2201,#2224,.T.);
#2224 = SURFACE_CURVE('',#2225,(#2230,#2237),.PCURVE_S1.);
#2225 = CIRCLE('',#2226,24.300288337201);
#2226 = AXIS2_PLACEMENT_3D('',#2227,#2228,#2229);
#2227 = CARTESIAN_POINT('',(0.,0.,-47.76965471017));
#2228 = DIRECTION('',(0.,0.,1.));
#2229 = DIRECTION('',(1.,0.,-0.));
#2230 = PCURVE('',#2128,#2231);
#2231 = DEFINITIONAL_REPRESENTATION('',(#2232),#2236);
#2232 = LINE('',#2233,#2234);
#2233 = CARTESIAN_POINT('',(-0.,3.077545703698));
#2234 = VECTOR('',#2235,1.);
#2235 = DIRECTION('',(-1.,0.));
#2236 = ( GEOMETRIC_REPRESENTATION_CONTEXT(2) 
PARAMETRIC_REPRESENTATION_CONTEXT() REPRESENTATION_CONTEXT('2D SPACE',''
  ) );
#2237 = PCURVE('',#2238,#2243);
#2238 = CONICAL_SURFACE('',#2239,24.300288337201,0.153434056455);
#2239 = AXIS2_PLACEMENT_3D('',#2240,#2241,#2242);
#2240 = CARTESIAN_POINT('',(0.,0.,-47.76965471017));
#2241 = DIRECTION('',(-0.,-0.,-1.));
#2242 = DIRECTION('',(1.,0.,0.));
#2243 = DEFINITIONAL_REPRESENTATION('',(#2244),#2248);
#2244 = LINE('',#2245,#2246);
#2245 = CARTESIAN_POINT('',(-0.,0.));
#2246 = VECTOR('',#2247,1.);
#2247 = DIRECTION('',(-1.,0.));
#2248 = ( GEOMETRIC_REPRESENTATION_CONTEXT(2) 
PARAMETRIC_REPRESENTATION_CONTEXT() REPRESENTATION_CONTEXT('2D SPACE',''
  ) );
#2249 = ORIENTED_EDGE('',*,*,#2200,.F.);
#2250 = ADVANCED_FACE('',(#2251),#2161,.T.);
#2251 = FACE_BOUND('',#2252,.T.);
#2252 = EDGE_LOOP('',(#2253,#2282,#2303,#2304));
#2253 = ORIENTED_EDGE('',*,*,#2254,.T.);
#2254 = EDGE_CURVE('',#2255,#2255,#2257,.T.);
#2255 = VERTEX_POINT('',#2256);
#2256 = CARTESIAN_POINT('',(30.231171782407,0.,-48.6777414678));
#2257 = SURFACE_CURVE('',#2258,(#2263,#2270),.PCURVE_S1.);
#2258 = CIRCLE('',#2259,30.231171782407);
#2259 = AXIS2_PLACEMENT_3D('',#2260,#2261,#2262);
#2260 = CARTESIAN_POINT('',(0.,0.,-48.6777414678));
#2261 = DIRECTION('',(0.,0.,1.));
#2262 = DIRECTION('',(1.,0.,-0.));
#2263 = PCURVE('',#2161,#2264);
#2264 = DEFINITIONAL_REPRESENTATION('',(#2265),#2269);
#2265 = LINE('',#2266,#2267);
#2266 = CARTESIAN_POINT('',(-0.,-0.));
#2267 = VECTOR('',#2268,1.);
#2268 = DIRECTION('',(-1.,-0.));
#2269 = ( GEOMETRIC_REPRESENTATION_CONTEXT(2) 
PARAMETRIC_REPRESENTATION_CONTEXT() REPRESENTATION_CONTEXT('2D SPACE',''
  ) );
#2270 = PCURVE('',#2271,#2276);
#2271 = CONICAL_SURFACE('',#2272,30.706786882997,0.151697857673);
#2272 = AXIS2_PLACEMENT_3D('',#2273,#2274,#2275);
#2273 = CARTESIAN_POINT('',(0.,0.,-51.78893351436));
#2274 = DIRECTION('',(-0.,-0.,-1.));
#2275 = DIRECTION('',(1.,0.,-0.));
#2276 = DEFINITIONAL_REPRESENTATION('',(#2277),#2281);
#2277 = LINE('',#2278,#2279);
#2278 = CARTESIAN_POINT('',(-0.,-3.111192046563));
#2279 = VECTOR('',#2280,1.);
#2280 = DIRECTION('',(-1.,-0.));
#2281 = ( GEOMETRIC_REPRESENTATION_CONTEXT(2) 
PARAMETRIC_REPRESENTATION_CONTEXT() REPRESENTATION_CONTEXT('2D SPACE',''
  ) );
#2282 = ORIENTED_EDGE('',*,*,#2283,.T.);
#2283 = EDGE_CURVE('',#2255,#2145,#2284,.T.);
#2284 = SEAM_CURVE('',#2285,(#2289,#2296),.PCURVE_S1.);
#2285 = LINE('',#2286,#2287);
#2286 = CARTESIAN_POINT('',(30.231171782407,0.,-48.6777414678));
#2287 = VECTOR('',#2288,1.);
#2288 = DIRECTION('',(-0.148238724612,0.,0.988951606766));
#2289 = PCURVE('',#2161,#2290);
#2290 = DEFINITIONAL_REPRESENTATION('',(#2291),#2295);
#2291 = LINE('',#2292,#2293);
#2292 = CARTESIAN_POINT('',(-0.,-0.));
#2293 = VECTOR('',#2294,1.);
#2294 = DIRECTION('',(-0.,-1.));
#2295 = ( GEOMETRIC_REPRESENTATION_CONTEXT(2) 
PARAMETRIC_REPRESENTATION_CONTEXT() REPRESENTATION_CONTEXT('2D SPACE',''
  ) );
#2296 = PCURVE('',#2161,#2297);
#2297 = DEFINITIONAL_REPRESENTATION('',(#2298),#2302);
#2298 = LINE('',#2299,#2300);
#2299 = CARTESIAN_POINT('',(-6.28318530718,-0.));
#2300 = VECTOR('',#2301,1.);
#2301 = DIRECTION('',(-0.,-1.));
#2302 = ( GEOMETRIC_REPRESENTATION_CONTEXT(2) 
PARAMETRIC_REPRESENTATION_CONTEXT() REPRESENTATION_CONTEXT('2D SPACE',''
  ) );
#2303 = ORIENTED_EDGE('',*,*,#2144,.F.);
#2304 = ORIENTED_EDGE('',*,*,#2283,.F.);
#2305 = ADVANCED_FACE('',(#2306),#2238,.F.);
#2306 = FACE_BOUND('',#2307,.T.);
#2307 = EDGE_LOOP('',(#2308,#2309,#2332,#2359));
#2308 = ORIENTED_EDGE('',*,*,#2223,.T.);
#2309 = ORIENTED_EDGE('',*,*,#2310,.T.);
#2310 = EDGE_CURVE('',#2201,#2311,#2313,.T.);
#2311 = VERTEX_POINT('',#2312);
#2312 = CARTESIAN_POINT('',(24.778668162278,0.,-50.86296999831));
#2313 = SEAM_CURVE('',#2314,(#2318,#2325),.PCURVE_S1.);
#2314 = LINE('',#2315,#2316);
#2315 = CARTESIAN_POINT('',(24.300288337201,0.,-47.76965471017));
#2316 = VECTOR('',#2317,1.);
#2317 = DIRECTION('',(0.152832740361,0.,-0.988252069805));
#2318 = PCURVE('',#2238,#2319);
#2319 = DEFINITIONAL_REPRESENTATION('',(#2320),#2324);
#2320 = LINE('',#2321,#2322);
#2321 = CARTESIAN_POINT('',(-0.,0.));
#2322 = VECTOR('',#2323,1.);
#2323 = DIRECTION('',(-0.,1.));
#2324 = ( GEOMETRIC_REPRESENTATION_CONTEXT(2) 
PARAMETRIC_REPRESENTATION_CONTEXT() REPRESENTATION_CONTEXT('2D SPACE',''
  ) );
#2325 = PCURVE('',#2238,#2326);
#2326 = DEFINITIONAL_REPRESENTATION('',(#2327),#2331);
#2327 = LINE('',#2328,#2329);
#2328 = CARTESIAN_POINT('',(-6.28318530718,0.));
#2329 = VECTOR('',#2330,1.);
#2330 = DIRECTION('',(-0.,1.));
#2331 = ( GEOMETRIC_REPRESENTATION_CONTEXT(2) 
PARAMETRIC_REPRESENTATION_CONTEXT() REPRESENTATION_CONTEXT('2D SPACE',''
  ) );
#2332 = ORIENTED_EDGE('',*,*,#2333,.F.);
#2333 = EDGE_CURVE('',#2311,#2311,#2334,.T.);
#2334 = SURFACE_CURVE('',#2335,(#2340,#2347),.PCURVE_S1.);
#2335 = CIRCLE('',#2336,24.778668162278);
#2336 = AXIS2_PLACEMENT_3D('',#2337,#2338,#2339);
#2337 = CARTESIAN_POINT('',(0.,0.,-50.86296999831));
#2338 = DIRECTION('',(0.,0.,1.));
#2339 = DIRECTION('',(1.,0.,-0.));
#2340 = PCURVE('',#2238,#2341);
#2341 = DEFINITIONAL_REPRESENTATION('',(#2342),#2346);
#2342 = LINE('',#2343,#2344);
#2343 = CARTESIAN_POINT('',(-0.,3.093315288138));
#2344 = VECTOR('',#2345,1.);
#2345 = DIRECTION('',(-1.,0.));
#2346 = ( GEOMETRIC_REPRESENTATION_CONTEXT(2) 
PARAMETRIC_REPRESENTATION_CONTEXT() REPRESENTATION_CONTEXT('2D SPACE',''
  ) );
#2347 = PCURVE('',#2348,#2353);
#2348 = CONICAL_SURFACE('',#2349,24.778668162278,0.156485856765);
#2349 = AXIS2_PLACEMENT_3D('',#2350,#2351,#2352);
#2350 = CARTESIAN_POINT('',(0.,0.,-50.86296999831));
#2351 = DIRECTION('',(-0.,-0.,-1.));
#2352 = DIRECTION('',(1.,0.,0.));
#2353 = DEFINITIONAL_REPRESENTATION('',(#2354),#2358);
#2354 = LINE('',#2355,#2356);
#2355 = CARTESIAN_POINT('',(-0.,0.));
#2356 = VECTOR('',#2357,1.);
#2357 = DIRECTION('',(-1.,0.));
#2358 = ( GEOMETRIC_REPRESENTATION_CONTEXT(2) 
PARAMETRIC_REPRESENTATION_CONTEXT() REPRESENTATION_CONTEXT('2D SPACE',''
  ) );
#2359 = ORIENTED_EDGE('',*,*,#2310,.F.);
#2360 = ADVANCED_FACE('',(#2361),#2271,.T.);
#2361 = FACE_BOUND('',#2362,.T.);
#2362 = EDGE_LOOP('',(#2363,#2392,#2413,#2414));
#2363 = ORIENTED_EDGE('',*,*,#2364,.T.);
#2364 = EDGE_CURVE('',#2365,#2365,#2367,.T.);
#2365 = VERTEX_POINT('',#2366);
#2366 = CARTESIAN_POINT('',(30.706786882997,0.,-51.78893351436));
#2367 = SURFACE_CURVE('',#2368,(#2373,#2380),.PCURVE_S1.);
#2368 = CIRCLE('',#2369,30.706786882997);
#2369 = AXIS2_PLACEMENT_3D('',#2370,#2371,#2372);
#2370 = CARTESIAN_POINT('',(0.,0.,-51.78893351436));
#2371 = DIRECTION('',(0.,0.,1.));
#2372 = DIRECTION('',(1.,0.,-0.));
#2373 = PCURVE('',#2271,#2374);
#2374 = DEFINITIONAL_REPRESENTATION('',(#2375),#2379);
#2375 = LINE('',#2376,#2377);
#2376 = CARTESIAN_POINT('',(-0.,-0.));
#2377 = VECTOR('',#2378,1.);
#2378 = DIRECTION('',(-1.,-0.));
#2379 = ( GEOMETRIC_REPRESENTATION_CONTEXT(2) 
PARAMETRIC_REPRESENTATION_CONTEXT() REPRESENTATION_CONTEXT('2D SPACE',''
  ) );
#2380 = PCURVE('',#2381,#2386);
#2381 = CONICAL_SURFACE('',#2382,31.193808092352,0.154680655463);
#2382 = AXIS2_PLACEMENT_3D('',#2383,#2384,#2385);
#2383 = CARTESIAN_POINT('',(0.,0.,-54.91234170433));
#2384 = DIRECTION('',(-0.,-0.,-1.));
#2385 = DIRECTION('',(1.,0.,-0.));
#2386 = DEFINITIONAL_REPRESENTATION('',(#2387),#2391);
#2387 = LINE('',#2388,#2389);
#2388 = CARTESIAN_POINT('',(-0.,-3.123408189967));
#2389 = VECTOR('',#2390,1.);
#2390 = DIRECTION('',(-1.,-0.));
#2391 = ( GEOMETRIC_REPRESENTATION_CONTEXT(2) 
PARAMETRIC_REPRESENTATION_CONTEXT() REPRESENTATION_CONTEXT('2D SPACE',''
  ) );
#2392 = ORIENTED_EDGE('',*,*,#2393,.T.);
#2393 = EDGE_CURVE('',#2365,#2255,#2394,.T.);
#2394 = SEAM_CURVE('',#2395,(#2399,#2406),.PCURVE_S1.);
#2395 = LINE('',#2396,#2397);
#2396 = CARTESIAN_POINT('',(30.706786882997,0.,-51.78893351436));
#2397 = VECTOR('',#2398,1.);
#2398 = DIRECTION('',(-0.151116708834,0.,0.988515928203));
#2399 = PCURVE('',#2271,#2400);
#2400 = DEFINITIONAL_REPRESENTATION('',(#2401),#2405);
#2401 = LINE('',#2402,#2403);
#2402 = CARTESIAN_POINT('',(-0.,-0.));
#2403 = VECTOR('',#2404,1.);
#2404 = DIRECTION('',(-0.,-1.));
#2405 = ( GEOMETRIC_REPRESENTATION_CONTEXT(2) 
PARAMETRIC_REPRESENTATION_CONTEXT() REPRESENTATION_CONTEXT('2D SPACE',''
  ) );
#2406 = PCURVE('',#2271,#2407);
#2407 = DEFINITIONAL_REPRESENTATION('',(#2408),#2412);
#2408 = LINE('',#2409,#2410);
#2409 = CARTESIAN_POINT('',(-6.28318530718,-0.));
#2410 = VECTOR('',#2411,1.);
#2411 = DIRECTION('',(-0.,-1.));
#2412 = ( GEOMETRIC_REPRESENTATION_CONTEXT(2) 
PARAMETRIC_REPRESENTATION_CONTEXT() REPRESENTATION_CONTEXT('2D SPACE',''
  ) );
#2413 = ORIENTED_EDGE('',*,*,#2254,.F.);
#2414 = ORIENTED_EDGE('',*,*,#2393,.F.);
#2415 = ADVANCED_FACE('',(#2416),#2348,.F.);
#2416 = FACE_BOUND('',#2417,.T.);
#2417 = EDGE_LOOP('',(#2418,#2419,#2442,#2469));
#2418 = ORIENTED_EDGE('',*,*,#2333,.T.);
#2419 = ORIENTED_EDGE('',*,*,#2420,.T.);
#2420 = EDGE_CURVE('',#2311,#2421,#2423,.T.);
#2421 = VERTEX_POINT('',#2422);
#2422 = CARTESIAN_POINT('',(25.268577969488,0.,-53.96807056154));
#2423 = SEAM_CURVE('',#2424,(#2428,#2435),.PCURVE_S1.);
#2424 = LINE('',#2425,#2426);
#2425 = CARTESIAN_POINT('',(24.778668162278,0.,-50.86296999831));
#2426 = VECTOR('',#2427,1.);
#2427 = DIRECTION('',(0.15584797195,0.,-0.987781053493));
#2428 = PCURVE('',#2348,#2429);
#2429 = DEFINITIONAL_REPRESENTATION('',(#2430),#2434);
#2430 = LINE('',#2431,#2432);
#2431 = CARTESIAN_POINT('',(-0.,0.));
#2432 = VECTOR('',#2433,1.);
#2433 = DIRECTION('',(-0.,1.));
#2434 = ( GEOMETRIC_REPRESENTATION_CONTEXT(2) 
PARAMETRIC_REPRESENTATION_CONTEXT() REPRESENTATION_CONTEXT('2D SPACE',''
  ) );
#2435 = PCURVE('',#2348,#2436);
#2436 = DEFINITIONAL_REPRESENTATION('',(#2437),#2441);
#2437 = LINE('',#2438,#2439);
#2438 = CARTESIAN_POINT('',(-6.28318530718,0.));
#2439 = VECTOR('',#2440,1.);
#2440 = DIRECTION('',(-0.,1.));
#2441 = ( GEOMETRIC_REPRESENTATION_CONTEXT(2) 
PARAMETRIC_REPRESENTATION_CONTEXT() REPRESENTATION_CONTEXT('2D SPACE',''
  ) );
#2442 = ORIENTED_EDGE('',*,*,#2443,.F.);
#2443 = EDGE_CURVE('',#2421,#2421,#2444,.T.);
#2444 = SURFACE_CURVE('',#2445,(#2450,#2457),.PCURVE_S1.);
#2445 = CIRCLE('',#2446,25.268577969488);
#2446 = AXIS2_PLACEMENT_3D('',#2447,#2448,#2449);
#2447 = CARTESIAN_POINT('',(0.,0.,-53.96807056154));
#2448 = DIRECTION('',(0.,0.,1.));
#2449 = DIRECTION('',(1.,0.,-0.));
#2450 = PCURVE('',#2348,#2451);
#2451 = DEFINITIONAL_REPRESENTATION('',(#2452),#2456);
#2452 = LINE('',#2453,#2454);
#2453 = CARTESIAN_POINT('',(-0.,3.105100563235));
#2454 = VECTOR('',#2455,1.);
#2455 = DIRECTION('',(-1.,0.));
#2456 = ( GEOMETRIC_REPRESENTATION_CONTEXT(2) 
PARAMETRIC_REPRESENTATION_CONTEXT() REPRESENTATION_CONTEXT('2D SPACE',''
  ) );
#2457 = PCURVE('',#2458,#2463);
#2458 = CONICAL_SURFACE('',#2459,25.268577969488,0.159611033899);
#2459 = AXIS2_PLACEMENT_3D('',#2460,#2461,#2462);
#2460 = CARTESIAN_POINT('',(0.,0.,-53.96807056154));
#2461 = DIRECTION('',(-0.,-0.,-1.));
#2462 = DIRECTION('',(1.,0.,0.));
#2463 = DEFINITIONAL_REPRESENTATION('',(#2464),#2468);
#2464 = LINE('',#2465,#2466);
#2465 = CARTESIAN_POINT('',(-0.,0.));
#2466 = VECTOR('',#2467,1.);
#2467 = DIRECTION('',(-1.,0.));
#2468 = ( GEOMETRIC_REPRESENTATION_CONTEXT(2) 
PARAMETRIC_REPRESENTATION_CONTEXT() REPRESENTATION_CONTEXT('2D SPACE',''
  ) );
#2469 = ORIENTED_EDGE('',*,*,#2420,.F.);
#2470 = ADVANCED_FACE('',(#2471),#2381,.T.);
#2471 = FACE_BOUND('',#2472,.T.);
#2472 = EDGE_LOOP('',(#2473,#2502,#2523,#2524));
#2473 = ORIENTED_EDGE('',*,*,#2474,.T.);
#2474 = EDGE_CURVE('',#2475,#2475,#2477,.T.);
#2475 = VERTEX_POINT('',#2476);
#2476 = CARTESIAN_POINT('',(31.193808092352,0.,-54.91234170433));
#2477 = SURFACE_CURVE('',#2478,(#2483,#2490),.PCURVE_S1.);
#2478 = CIRCLE('',#2479,31.193808092352);
#2479 = AXIS2_PLACEMENT_3D('',#2480,#2481,#2482);
#2480 = CARTESIAN_POINT('',(0.,0.,-54.91234170433));
#2481 = DIRECTION('',(0.,0.,1.));
#2482 = DIRECTION('',(1.,0.,-0.));
#2483 = PCURVE('',#2381,#2484);
#2484 = DEFINITIONAL_REPRESENTATION('',(#2485),#2489);
#2485 = LINE('',#2486,#2487);
#2486 = CARTESIAN_POINT('',(-0.,-0.));
#2487 = VECTOR('',#2488,1.);
#2488 = DIRECTION('',(-1.,-0.));
#2489 = ( GEOMETRIC_REPRESENTATION_CONTEXT(2) 
PARAMETRIC_REPRESENTATION_CONTEXT() REPRESENTATION_CONTEXT('2D SPACE',''
  ) );
#2490 = PCURVE('',#2491,#2496);
#2491 = CONICAL_SURFACE('',#2492,31.691967610551,0.157733819414);
#2492 = AXIS2_PLACEMENT_3D('',#2493,#2494,#2495);
#2493 = CARTESIAN_POINT('',(0.,0.,-58.04433492702));
#2494 = DIRECTION('',(-0.,-0.,-1.));
#2495 = DIRECTION('',(1.,0.,-0.));
#2496 = DEFINITIONAL_REPRESENTATION('',(#2497),#2501);
#2497 = LINE('',#2498,#2499);
#2498 = CARTESIAN_POINT('',(-0.,-3.131993222698));
#2499 = VECTOR('',#2500,1.);
#2500 = DIRECTION('',(-1.,-0.));
#2501 = ( GEOMETRIC_REPRESENTATION_CONTEXT(2) 
PARAMETRIC_REPRESENTATION_CONTEXT() REPRESENTATION_CONTEXT('2D SPACE',''
  ) );
#2502 = ORIENTED_EDGE('',*,*,#2503,.T.);
#2503 = EDGE_CURVE('',#2475,#2365,#2504,.T.);
#2504 = SEAM_CURVE('',#2505,(#2509,#2516),.PCURVE_S1.);
#2505 = LINE('',#2506,#2507);
#2506 = CARTESIAN_POINT('',(31.193808092352,0.,-54.91234170433));
#2507 = VECTOR('',#2508,1.);
#2508 = DIRECTION('',(-0.154064575339,0.,0.988060780836));
#2509 = PCURVE('',#2381,#2510);
#2510 = DEFINITIONAL_REPRESENTATION('',(#2511),#2515);
#2511 = LINE('',#2512,#2513);
#2512 = CARTESIAN_POINT('',(-0.,-0.));
#2513 = VECTOR('',#2514,1.);
#2514 = DIRECTION('',(-0.,-1.));
#2515 = ( GEOMETRIC_REPRESENTATION_CONTEXT(2) 
PARAMETRIC_REPRESENTATION_CONTEXT() REPRESENTATION_CONTEXT('2D SPACE',''
  ) );
#2516 = PCURVE('',#2381,#2517);
#2517 = DEFINITIONAL_REPRESENTATION('',(#2518),#2522);
#2518 = LINE('',#2519,#2520);
#2519 = CARTESIAN_POINT('',(-6.28318530718,-0.));
#2520 = VECTOR('',#2521,1.);
#2521 = DIRECTION('',(-0.,-1.));
#2522 = ( GEOMETRIC_REPRESENTATION_CONTEXT(2) 
PARAMETRIC_REPRESENTATION_CONTEXT() REPRESENTATION_CONTEXT('2D SPACE',''
  ) );
#2523 = ORIENTED_EDGE('',*,*,#2364,.F.);
#2524 = ORIENTED_EDGE('',*,*,#2503,.F.);
#2525 = ADVANCED_FACE('',(#2526),#2458,.F.);
#2526 = FACE_BOUND('',#2527,.T.);
#2527 = EDGE_LOOP('',(#2528,#2529,#2552,#2579));
#2528 = ORIENTED_EDGE('',*,*,#2443,.T.);
#2529 = ORIENTED_EDGE('',*,*,#2530,.T.);
#2530 = EDGE_CURVE('',#2421,#2531,#2533,.T.);
#2531 = VERTEX_POINT('',#2532);
#2532 = CARTESIAN_POINT('',(25.769752524337,0.,-57.08133520085));
#2533 = SEAM_CURVE('',#2534,(#2538,#2545),.PCURVE_S1.);
#2534 = LINE('',#2535,#2536);
#2535 = CARTESIAN_POINT('',(25.268577969488,0.,-53.96807056154));
#2536 = VECTOR('',#2537,1.);
#2537 = DIRECTION('',(0.158934196625,0.,-0.987289178075));
#2538 = PCURVE('',#2458,#2539);
#2539 = DEFINITIONAL_REPRESENTATION('',(#2540),#2544);
#2540 = LINE('',#2541,#2542);
#2541 = CARTESIAN_POINT('',(-0.,0.));
#2542 = VECTOR('',#2543,1.);
#2543 = DIRECTION('',(-0.,1.));
#2544 = ( GEOMETRIC_REPRESENTATION_CONTEXT(2) 
PARAMETRIC_REPRESENTATION_CONTEXT() REPRESENTATION_CONTEXT('2D SPACE',''
  ) );
#2545 = PCURVE('',#2458,#2546);
#2546 = DEFINITIONAL_REPRESENTATION('',(#2547),#2551);
#2547 = LINE('',#2548,#2549);
#2548 = CARTESIAN_POINT('',(-6.28318530718,0.));
#2549 = VECTOR('',#2550,1.);
#2550 = DIRECTION('',(-0.,1.));
#2551 = ( GEOMETRIC_REPRESENTATION_CONTEXT(2) 
PARAMETRIC_REPRESENTATION_CONTEXT() REPRESENTATION_CONTEXT('2D SPACE',''
  ) );
#2552 = ORIENTED_EDGE('',*,*,#2553,.F.);
#2553 = EDGE_CURVE('',#2531,#2531,#2554,.T.);
#2554 = SURFACE_CURVE('',#2555,(#2560,#2567),.PCURVE_S1.);
#2555 = CIRCLE('',#2556,25.769752524337);
#2556 = AXIS2_PLACEMENT_3D('',#2557,#2558,#2559);
#2557 = CARTESIAN_POINT('',(0.,0.,-57.08133520085));
#2558 = DIRECTION('',(0.,0.,1.));
#2559 = DIRECTION('',(1.,0.,-0.));
#2560 = PCURVE('',#2458,#2561);
#2561 = DEFINITIONAL_REPRESENTATION('',(#2562),#2566);
#2562 = LINE('',#2563,#2564);
#2563 = CARTESIAN_POINT('',(-0.,3.113264639308));
#2564 = VECTOR('',#2565,1.);
#2565 = DIRECTION('',(-1.,0.));
#2566 = ( GEOMETRIC_REPRESENTATION_CONTEXT(2) 
PARAMETRIC_REPRESENTATION_CONTEXT() REPRESENTATION_CONTEXT('2D SPACE',''
  ) );
#2567 = PCURVE('',#2568,#2573);
#2568 = CONICAL_SURFACE('',#2569,25.769752524337,0.162808109013);
#2569 = AXIS2_PLACEMENT_3D('',#2570,#2571,#2572);
#2570 = CARTESIAN_POINT('',(0.,0.,-57.08133520085));
#2571 = DIRECTION('',(-0.,-0.,-1.));
#2572 = DIRECTION('',(1.,0.,0.));
#2573 = DEFINITIONAL_REPRESENTATION('',(#2574),#2578);
#2574 = LINE('',#2575,#2576);
#2575 = CARTESIAN_POINT('',(-0.,0.));
#2576 = VECTOR('',#2577,1.);
#2577 = DIRECTION('',(-1.,0.));
#2578 = ( GEOMETRIC_REPRESENTATION_CONTEXT(2) 
PARAMETRIC_REPRESENTATION_CONTEXT() REPRESENTATION_CONTEXT('2D SPACE',''
  ) );
#2579 = ORIENTED_EDGE('',*,*,#2530,.F.);
#2580 = ADVANCED_FACE('',(#2581),#2491,.T.);
#2581 = FACE_BOUND('',#2582,.T.);
#2582 = EDGE_LOOP('',(#2583,#2612,#2633,#2634));
#2583 = ORIENTED_EDGE('',*,*,#2584,.T.);
#2584 = EDGE_CURVE('',#2585,#2585,#2587,.T.);
#2585 = VERTEX_POINT('',#2586);
#2586 = CARTESIAN_POINT('',(31.691967610551,0.,-58.04433492702));
#2587 = SURFACE_CURVE('',#2588,(#2593,#2600),.PCURVE_S1.);
#2588 = CIRCLE('',#2589,31.691967610551);
#2589 = AXIS2_PLACEMENT_3D('',#2590,#2591,#2592);
#2590 = CARTESIAN_POINT('',(0.,0.,-58.04433492702));
#2591 = DIRECTION('',(0.,0.,1.));
#2592 = DIRECTION('',(1.,0.,-0.));
#2593 = PCURVE('',#2491,#2594);
#2594 = DEFINITIONAL_REPRESENTATION('',(#2595),#2599);
#2595 = LINE('',#2596,#2597);
#2596 = CARTESIAN_POINT('',(-0.,-0.));
#2597 = VECTOR('',#2598,1.);
#2598 = DIRECTION('',(-1.,-0.));
#2599 = ( GEOMETRIC_REPRESENTATION_CONTEXT(2) 
PARAMETRIC_REPRESENTATION_CONTEXT() REPRESENTATION_CONTEXT('2D SPACE',''
  ) );
#2600 = PCURVE('',#2601,#2606);
#2601 = CONICAL_SURFACE('',#2602,32.201015056347,0.160855812613);
#2602 = AXIS2_PLACEMENT_3D('',#2603,#2604,#2605);
#2603 = CARTESIAN_POINT('',(0.,0.,-61.18161284311));
#2604 = DIRECTION('',(-0.,-0.,-1.));
#2605 = DIRECTION('',(1.,0.,-0.));
#2606 = DEFINITIONAL_REPRESENTATION('',(#2607),#2611);
#2607 = LINE('',#2608,#2609);
#2608 = CARTESIAN_POINT('',(-0.,-3.13727791608));
#2609 = VECTOR('',#2610,1.);
#2610 = DIRECTION('',(-1.,-0.));
#2611 = ( GEOMETRIC_REPRESENTATION_CONTEXT(2) 
PARAMETRIC_REPRESENTATION_CONTEXT() REPRESENTATION_CONTEXT('2D SPACE',''
  ) );
#2612 = ORIENTED_EDGE('',*,*,#2613,.T.);
#2613 = EDGE_CURVE('',#2585,#2475,#2614,.T.);
#2614 = SEAM_CURVE('',#2615,(#2619,#2626),.PCURVE_S1.);
#2615 = LINE('',#2616,#2617);
#2616 = CARTESIAN_POINT('',(31.691967610551,0.,-58.04433492702));
#2617 = VECTOR('',#2618,1.);
#2618 = DIRECTION('',(-0.157080564131,0.,0.987585791905));
#2619 = PCURVE('',#2491,#2620);
#2620 = DEFINITIONAL_REPRESENTATION('',(#2621),#2625);
#2621 = LINE('',#2622,#2623);
#2622 = CARTESIAN_POINT('',(-0.,-0.));
#2623 = VECTOR('',#2624,1.);
#2624 = DIRECTION('',(-0.,-1.));
#2625 = ( GEOMETRIC_REPRESENTATION_CONTEXT(2) 
PARAMETRIC_REPRESENTATION_CONTEXT() REPRESENTATION_CONTEXT('2D SPACE',''
  ) );
#2626 = PCURVE('',#2491,#2627);
#2627 = DEFINITIONAL_REPRESENTATION('',(#2628),#2632);
#2628 = LINE('',#2629,#2630);
#2629 = CARTESIAN_POINT('',(-6.28318530718,-0.));
#2630 = VECTOR('',#2631,1.);
#2631 = DIRECTION('',(-0.,-1.));
#2632 = ( GEOMETRIC_REPRESENTATION_CONTEXT(2) 
PARAMETRIC_REPRESENTATION_CONTEXT() REPRESENTATION_CONTEXT('2D SPACE',''
  ) );
#2633 = ORIENTED_EDGE('',*,*,#2474,.F.);
#2634 = ORIENTED_EDGE('',*,*,#2613,.F.);
#2635 = ADVANCED_FACE('',(#2636),#2568,.F.);
#2636 = FACE_BOUND('',#2637,.T.);
#2637 = EDGE_LOOP('',(#2638,#2639,#2662,#2689));
#2638 = ORIENTED_EDGE('',*,*,#2553,.T.);
#2639 = ORIENTED_EDGE('',*,*,#2640,.T.);
#2640 = EDGE_CURVE('',#2531,#2641,#2643,.T.);
#2641 = VERTEX_POINT('',#2642);
#2642 = CARTESIAN_POINT('',(26.281944098572,0.,-60.19947283433));
#2643 = SEAM_CURVE('',#2644,(#2648,#2655),.PCURVE_S1.);
#2644 = LINE('',#2645,#2646);
#2645 = CARTESIAN_POINT('',(25.769752524337,0.,-57.08133520085));
#2646 = VECTOR('',#2647,1.);
#2647 = DIRECTION('',(0.162089816653,0.,-0.986776008696));
#2648 = PCURVE('',#2568,#2649);
#2649 = DEFINITIONAL_REPRESENTATION('',(#2650),#2654);
#2650 = LINE('',#2651,#2652);
#2651 = CARTESIAN_POINT('',(-0.,0.));
#2652 = VECTOR('',#2653,1.);
#2653 = DIRECTION('',(-0.,1.));
#2654 = ( GEOMETRIC_REPRESENTATION_CONTEXT(2) 
PARAMETRIC_REPRESENTATION_CONTEXT() REPRESENTATION_CONTEXT('2D SPACE',''
  ) );
#2655 = PCURVE('',#2568,#2656);
#2656 = DEFINITIONAL_REPRESENTATION('',(#2657),#2661);
#2657 = LINE('',#2658,#2659);
#2658 = CARTESIAN_POINT('',(-6.28318530718,0.));
#2659 = VECTOR('',#2660,1.);
#2660 = DIRECTION('',(-0.,1.));
#2661 = ( GEOMETRIC_REPRESENTATION_CONTEXT(2) 
PARAMETRIC_REPRESENTATION_CONTEXT() REPRESENTATION_CONTEXT('2D SPACE',''
  ) );
#2662 = ORIENTED_EDGE('',*,*,#2663,.F.);
#2663 = EDGE_CURVE('',#2641,#2641,#2664,.T.);
#2664 = SURFACE_CURVE('',#2665,(#2670,#2677),.PCURVE_S1.);
#2665 = CIRCLE('',#2666,26.281944098572);
#2666 = AXIS2_PLACEMENT_3D('',#2667,#2668,#2669);
#2667 = CARTESIAN_POINT('',(0.,0.,-60.19947283433));
#2668 = DIRECTION('',(0.,0.,1.));
#2669 = DIRECTION('',(1.,0.,-0.));
#2670 = PCURVE('',#2568,#2671);
#2671 = DEFINITIONAL_REPRESENTATION('',(#2672),#2676);
#2672 = LINE('',#2673,#2674);
#2673 = CARTESIAN_POINT('',(-0.,3.118137633485));
#2674 = VECTOR('',#2675,1.);
#2675 = DIRECTION('',(-1.,0.));
#2676 = ( GEOMETRIC_REPRESENTATION_CONTEXT(2) 
PARAMETRIC_REPRESENTATION_CONTEXT() REPRESENTATION_CONTEXT('2D SPACE',''
  ) );
#2677 = PCURVE('',#2678,#2683);
#2678 = CONICAL_SURFACE('',#2679,26.281944098572,0.166075711778);
#2679 = AXIS2_PLACEMENT_3D('',#2680,#2681,#2682);
#2680 = CARTESIAN_POINT('',(0.,0.,-60.19947283433));
#2681 = DIRECTION('',(-0.,-0.,-1.));
#2682 = DIRECTION('',(1.,0.,0.));
#2683 = DEFINITIONAL_REPRESENTATION('',(#2684),#2688);
#2684 = LINE('',#2685,#2686);
#2685 = CARTESIAN_POINT('',(-0.,0.));
#2686 = VECTOR('',#2687,1.);
#2687 = DIRECTION('',(-1.,0.));
#2688 = ( GEOMETRIC_REPRESENTATION_CONTEXT(2) 
PARAMETRIC_REPRESENTATION_CONTEXT() REPRESENTATION_CONTEXT('2D SPACE',''
  ) );
#2689 = ORIENTED_EDGE('',*,*,#2640,.F.);
#2690 = ADVANCED_FACE('',(#2691),#2601,.T.);
#2691 = FACE_BOUND('',#2692,.T.);
#2692 = EDGE_LOOP('',(#2693,#2722,#2743,#2744));
#2693 = ORIENTED_EDGE('',*,*,#2694,.T.);
#2694 = EDGE_CURVE('',#2695,#2695,#2697,.T.);
#2695 = VERTEX_POINT('',#2696);
#2696 = CARTESIAN_POINT('',(32.201015056347,0.,-61.18161284311));
#2697 = SURFACE_CURVE('',#2698,(#2703,#2710),.PCURVE_S1.);
#2698 = CIRCLE('',#2699,32.201015056347);
#2699 = AXIS2_PLACEMENT_3D('',#2700,#2701,#2702);
#2700 = CARTESIAN_POINT('',(0.,0.,-61.18161284311));
#2701 = DIRECTION('',(0.,0.,1.));
#2702 = DIRECTION('',(1.,0.,-0.));
#2703 = PCURVE('',#2601,#2704);
#2704 = DEFINITIONAL_REPRESENTATION('',(#2705),#2709);
#2705 = LINE('',#2706,#2707);
#2706 = CARTESIAN_POINT('',(-0.,-0.));
#2707 = VECTOR('',#2708,1.);
#2708 = DIRECTION('',(-1.,-0.));
#2709 = ( GEOMETRIC_REPRESENTATION_CONTEXT(2) 
PARAMETRIC_REPRESENTATION_CONTEXT() REPRESENTATION_CONTEXT('2D SPACE',''
  ) );
#2710 = PCURVE('',#2711,#2716);
#2711 = CONICAL_SURFACE('',#2712,32.720715628925,0.164045204972);
#2712 = AXIS2_PLACEMENT_3D('',#2713,#2714,#2715);
#2713 = CARTESIAN_POINT('',(0.,0.,-64.321176293));
#2714 = DIRECTION('',(-0.,-0.,-1.));
#2715 = DIRECTION('',(1.,0.,-0.));
#2716 = DEFINITIONAL_REPRESENTATION('',(#2717),#2721);
#2717 = LINE('',#2718,#2719);
#2718 = CARTESIAN_POINT('',(-0.,-3.139563449897));
#2719 = VECTOR('',#2720,1.);
#2720 = DIRECTION('',(-1.,-0.));
#2721 = ( GEOMETRIC_REPRESENTATION_CONTEXT(2) 
PARAMETRIC_REPRESENTATION_CONTEXT() REPRESENTATION_CONTEXT('2D SPACE',''
  ) );
#2722 = ORIENTED_EDGE('',*,*,#2723,.T.);
#2723 = EDGE_CURVE('',#2695,#2585,#2724,.T.);
#2724 = SEAM_CURVE('',#2725,(#2729,#2736),.PCURVE_S1.);
#2725 = LINE('',#2726,#2727);
#2726 = CARTESIAN_POINT('',(32.201015056347,0.,-61.18161284311));
#2727 = VECTOR('',#2728,1.);
#2728 = DIRECTION('',(-0.160163029729,0.,0.987090575331));
#2729 = PCURVE('',#2601,#2730);
#2730 = DEFINITIONAL_REPRESENTATION('',(#2731),#2735);
#2731 = LINE('',#2732,#2733);
#2732 = CARTESIAN_POINT('',(-0.,-0.));
#2733 = VECTOR('',#2734,1.);
#2734 = DIRECTION('',(-0.,-1.));
#2735 = ( GEOMETRIC_REPRESENTATION_CONTEXT(2) 
PARAMETRIC_REPRESENTATION_CONTEXT() REPRESENTATION_CONTEXT('2D SPACE',''
  ) );
#2736 = PCURVE('',#2601,#2737);
#2737 = DEFINITIONAL_REPRESENTATION('',(#2738),#2742);
#2738 = LINE('',#2739,#2740);
#2739 = CARTESIAN_POINT('',(-6.28318530718,-0.));
#2740 = VECTOR('',#2741,1.);
#2741 = DIRECTION('',(-0.,-1.));
#2742 = ( GEOMETRIC_REPRESENTATION_CONTEXT(2) 
PARAMETRIC_REPRESENTATION_CONTEXT() REPRESENTATION_CONTEXT('2D SPACE',''
  ) );
#2743 = ORIENTED_EDGE('',*,*,#2584,.F.);
#2744 = ORIENTED_EDGE('',*,*,#2723,.F.);
#2745 = ADVANCED_FACE('',(#2746),#2678,.F.);
#2746 = FACE_BOUND('',#2747,.T.);
#2747 = EDGE_LOOP('',(#2748,#2749,#2772,#2799));
#2748 = ORIENTED_EDGE('',*,*,#2663,.T.);
#2749 = ORIENTED_EDGE('',*,*,#2750,.T.);
#2750 = EDGE_CURVE('',#2641,#2751,#2753,.T.);
#2751 = VERTEX_POINT('',#2752);
#2752 = CARTESIAN_POINT('',(26.804920624894,0.,-63.31949297464));
#2753 = SEAM_CURVE('',#2754,(#2758,#2765),.PCURVE_S1.);
#2754 = LINE('',#2755,#2756);
#2755 = CARTESIAN_POINT('',(26.281944098572,0.,-60.19947283433));
#2756 = VECTOR('',#2757,1.);
#2757 = DIRECTION('',(0.165313337596,0.,-0.986241096494));
#2758 = PCURVE('',#2678,#2759);
#2759 = DEFINITIONAL_REPRESENTATION('',(#2760),#2764);
#2760 = LINE('',#2761,#2762);
#2761 = CARTESIAN_POINT('',(-0.,0.));
#2762 = VECTOR('',#2763,1.);
#2763 = DIRECTION('',(-0.,1.));
#2764 = ( GEOMETRIC_REPRESENTATION_CONTEXT(2) 
PARAMETRIC_REPRESENTATION_CONTEXT() REPRESENTATION_CONTEXT('2D SPACE',''
  ) );
#2765 = PCURVE('',#2678,#2766);
#2766 = DEFINITIONAL_REPRESENTATION('',(#2767),#2771);
#2767 = LINE('',#2768,#2769);
#2768 = CARTESIAN_POINT('',(-6.28318530718,0.));
#2769 = VECTOR('',#2770,1.);
#2770 = DIRECTION('',(-0.,1.));
#2771 = ( GEOMETRIC_REPRESENTATION_CONTEXT(2) 
PARAMETRIC_REPRESENTATION_CONTEXT() REPRESENTATION_CONTEXT('2D SPACE',''
  ) );
#2772 = ORIENTED_EDGE('',*,*,#2773,.F.);
#2773 = EDGE_CURVE('',#2751,#2751,#2774,.T.);
#2774 = SURFACE_CURVE('',#2775,(#2780,#2787),.PCURVE_S1.);
#2775 = CIRCLE('',#2776,26.804920624894);
#2776 = AXIS2_PLACEMENT_3D('',#2777,#2778,#2779);
#2777 = CARTESIAN_POINT('',(0.,0.,-63.31949297464));
#2778 = DIRECTION('',(0.,0.,1.));
#2779 = DIRECTION('',(1.,0.,-0.));
#2780 = PCURVE('',#2678,#2781);
#2781 = DEFINITIONAL_REPRESENTATION('',(#2782),#2786);
#2782 = LINE('',#2783,#2784);
#2783 = CARTESIAN_POINT('',(-0.,3.120020140307));
#2784 = VECTOR('',#2785,1.);
#2785 = DIRECTION('',(-1.,0.));
#2786 = ( GEOMETRIC_REPRESENTATION_CONTEXT(2) 
PARAMETRIC_REPRESENTATION_CONTEXT() REPRESENTATION_CONTEXT('2D SPACE',''
  ) );
#2787 = PCURVE('',#2788,#2793);
#2788 = CONICAL_SURFACE('',#2789,26.804920624894,0.16941256977);
#2789 = AXIS2_PLACEMENT_3D('',#2790,#2791,#2792);
#2790 = CARTESIAN_POINT('',(0.,0.,-63.31949297464));
#2791 = DIRECTION('',(-0.,-0.,-1.));
#2792 = DIRECTION('',(1.,0.,0.));
#2793 = DEFINITIONAL_REPRESENTATION('',(#2794),#2798);
#2794 = LINE('',#2795,#2796);
#2795 = CARTESIAN_POINT('',(-0.,0.));
#2796 = VECTOR('',#2797,1.);
#2797 = DIRECTION('',(-1.,0.));
#2798 = ( GEOMETRIC_REPRESENTATION_CONTEXT(2) 
PARAMETRIC_REPRESENTATION_CONTEXT() REPRESENTATION_CONTEXT('2D SPACE',''
  ) );
#2799 = ORIENTED_EDGE('',*,*,#2750,.F.);
#2800 = ADVANCED_FACE('',(#2801),#2711,.T.);
#2801 = FACE_BOUND('',#2802,.T.);
#2802 = EDGE_LOOP('',(#2803,#2832,#2853,#2854));
#2803 = ORIENTED_EDGE('',*,*,#2804,.T.);
#2804 = EDGE_CURVE('',#2805,#2805,#2807,.T.);
#2805 = VERTEX_POINT('',#2806);
#2806 = CARTESIAN_POINT('',(32.720715628925,0.,-64.321176293));
#2807 = SURFACE_CURVE('',#2808,(#2813,#2820),.PCURVE_S1.);
#2808 = CIRCLE('',#2809,32.720715628925);
#2809 = AXIS2_PLACEMENT_3D('',#2810,#2811,#2812);
#2810 = CARTESIAN_POINT('',(0.,0.,-64.321176293));
#2811 = DIRECTION('',(0.,0.,1.));
#2812 = DIRECTION('',(1.,0.,-0.));
#2813 = PCURVE('',#2711,#2814);
#2814 = DEFINITIONAL_REPRESENTATION('',(#2815),#2819);
#2815 = LINE('',#2816,#2817);
#2816 = CARTESIAN_POINT('',(-0.,-0.));
#2817 = VECTOR('',#2818,1.);
#2818 = DIRECTION('',(-1.,-0.));
#2819 = ( GEOMETRIC_REPRESENTATION_CONTEXT(2) 
PARAMETRIC_REPRESENTATION_CONTEXT() REPRESENTATION_CONTEXT('2D SPACE',''
  ) );
#2820 = PCURVE('',#2821,#2826);
#2821 = CONICAL_SURFACE('',#2822,33.250848529915,0.167300662793);
#2822 = AXIS2_PLACEMENT_3D('',#2823,#2824,#2825);
#2823 = CARTESIAN_POINT('',(0.,0.,-67.46030069744));
#2824 = DIRECTION('',(-0.,-0.,-1.));
#2825 = DIRECTION('',(1.,0.,-0.));
#2826 = DEFINITIONAL_REPRESENTATION('',(#2827),#2831);
#2827 = LINE('',#2828,#2829);
#2828 = CARTESIAN_POINT('',(-0.,-3.139124404438));
#2829 = VECTOR('',#2830,1.);
#2830 = DIRECTION('',(-1.,-0.));
#2831 = ( GEOMETRIC_REPRESENTATION_CONTEXT(2) 
PARAMETRIC_REPRESENTATION_CONTEXT() REPRESENTATION_CONTEXT('2D SPACE',''
  ) );
#2832 = ORIENTED_EDGE('',*,*,#2833,.T.);
#2833 = EDGE_CURVE('',#2805,#2695,#2834,.T.);
#2834 = SEAM_CURVE('',#2835,(#2839,#2846),.PCURVE_S1.);
#2835 = LINE('',#2836,#2837);
#2836 = CARTESIAN_POINT('',(32.720715628925,0.,-64.321176293));
#2837 = VECTOR('',#2838,1.);
#2838 = DIRECTION('',(-0.163310428923,0.,0.986574733006));
#2839 = PCURVE('',#2711,#2840);
#2840 = DEFINITIONAL_REPRESENTATION('',(#2841),#2845);
#2841 = LINE('',#2842,#2843);
#2842 = CARTESIAN_POINT('',(-0.,-0.));
#2843 = VECTOR('',#2844,1.);
#2844 = DIRECTION('',(-0.,-1.));
#2845 = ( GEOMETRIC_REPRESENTATION_CONTEXT(2) 
PARAMETRIC_REPRESENTATION_CONTEXT() REPRESENTATION_CONTEXT('2D SPACE',''
  ) );
#2846 = PCURVE('',#2711,#2847);
#2847 = DEFINITIONAL_REPRESENTATION('',(#2848),#2852);
#2848 = LINE('',#2849,#2850);
#2849 = CARTESIAN_POINT('',(-6.28318530718,-0.));
#2850 = VECTOR('',#2851,1.);
#2851 = DIRECTION('',(-0.,-1.));
#2852 = ( GEOMETRIC_REPRESENTATION_CONTEXT(2) 
PARAMETRIC_REPRESENTATION_CONTEXT() REPRESENTATION_CONTEXT('2D SPACE',''
  ) );
#2853 = ORIENTED_EDGE('',*,*,#2694,.F.);
#2854 = ORIENTED_EDGE('',*,*,#2833,.F.);
#2855 = ADVANCED_FACE('',(#2856),#2788,.F.);
#2856 = FACE_BOUND('',#2857,.T.);
#2857 = EDGE_LOOP('',(#2858,#2859,#2882,#2909));
#2858 = ORIENTED_EDGE('',*,*,#2773,.T.);
#2859 = ORIENTED_EDGE('',*,*,#2860,.T.);
#2860 = EDGE_CURVE('',#2751,#2861,#2863,.T.);
#2861 = VERTEX_POINT('',#2862);
#2862 = CARTESIAN_POINT('',(27.33846411305,0.,-66.43867918865));
#2863 = SEAM_CURVE('',#2864,(#2868,#2875),.PCURVE_S1.);
#2864 = LINE('',#2865,#2866);
#2865 = CARTESIAN_POINT('',(26.804920624894,0.,-63.31949297464));
#2866 = VECTOR('',#2867,1.);
#2867 = DIRECTION('',(0.168603357624,0.,-0.98568397968));
#2868 = PCURVE('',#2788,#2869);
#2869 = DEFINITIONAL_REPRESENTATION('',(#2870),#2874);
#2870 = LINE('',#2871,#2872);
#2871 = CARTESIAN_POINT('',(-0.,0.));
#2872 = VECTOR('',#2873,1.);
#2873 = DIRECTION('',(-0.,1.));
#2874 = ( GEOMETRIC_REPRESENTATION_CONTEXT(2) 
PARAMETRIC_REPRESENTATION_CONTEXT() REPRESENTATION_CONTEXT('2D SPACE',''
  ) );
#2875 = PCURVE('',#2788,#2876);
#2876 = DEFINITIONAL_REPRESENTATION('',(#2877),#2881);
#2877 = LINE('',#2878,#2879);
#2878 = CARTESIAN_POINT('',(-6.28318530718,0.));
#2879 = VECTOR('',#2880,1.);
#2880 = DIRECTION('',(-0.,1.));
#2881 = ( GEOMETRIC_REPRESENTATION_CONTEXT(2) 
PARAMETRIC_REPRESENTATION_CONTEXT() REPRESENTATION_CONTEXT('2D SPACE',''
  ) );
#2882 = ORIENTED_EDGE('',*,*,#2883,.F.);
#2883 = EDGE_CURVE('',#2861,#2861,#2884,.T.);
#2884 = SURFACE_CURVE('',#2885,(#2890,#2897),.PCURVE_S1.);
#2885 = CIRCLE('',#2886,27.33846411305);
#2886 = AXIS2_PLACEMENT_3D('',#2887,#2888,#2889);
#2887 = CARTESIAN_POINT('',(0.,0.,-66.43867918865));
#2888 = DIRECTION('',(0.,0.,1.));
#2889 = DIRECTION('',(1.,0.,-0.));
#2890 = PCURVE('',#2788,#2891);
#2891 = DEFINITIONAL_REPRESENTATION('',(#2892),#2896);
#2892 = LINE('',#2893,#2894);
#2893 = CARTESIAN_POINT('',(-0.,3.119186214014));
#2894 = VECTOR('',#2895,1.);
#2895 = DIRECTION('',(-1.,0.));
#2896 = ( GEOMETRIC_REPRESENTATION_CONTEXT(2) 
PARAMETRIC_REPRESENTATION_CONTEXT() REPRESENTATION_CONTEXT('2D SPACE',''
  ) );
#2897 = PCURVE('',#2898,#2903);
#2898 = CONICAL_SURFACE('',#2899,27.33846411305,0.172817499358);
#2899 = AXIS2_PLACEMENT_3D('',#2900,#2901,#2902);
#2900 = CARTESIAN_POINT('',(0.,0.,-66.43867918865));
#2901 = DIRECTION('',(-0.,-0.,-1.));
#2902 = DIRECTION('',(1.,0.,0.));
#2903 = DEFINITIONAL_REPRESENTATION('',(#2904),#2908);
#2904 = LINE('',#2905,#2906);
#2905 = CARTESIAN_POINT('',(-0.,0.));
#2906 = VECTOR('',#2907,1.);
#2907 = DIRECTION('',(-1.,0.));
#2908 = ( GEOMETRIC_REPRESENTATION_CONTEXT(2) 
PARAMETRIC_REPRESENTATION_CONTEXT() REPRESENTATION_CONTEXT('2D SPACE',''
  ) );
#2909 = ORIENTED_EDGE('',*,*,#2860,.F.);
#2910 = ADVANCED_FACE('',(#2911),#2821,.T.);
#2911 = FACE_BOUND('',#2912,.T.);
#2912 = EDGE_LOOP('',(#2913,#2942,#2963,#2964));
#2913 = ORIENTED_EDGE('',*,*,#2914,.T.);
#2914 = EDGE_CURVE('',#2915,#2915,#2917,.T.);
#2915 = VERTEX_POINT('',#2916);
#2916 = CARTESIAN_POINT('',(33.250848529915,0.,-67.46030069744));
#2917 = SURFACE_CURVE('',#2918,(#2923,#2930),.PCURVE_S1.);
#2918 = CIRCLE('',#2919,33.250848529915);
#2919 = AXIS2_PLACEMENT_3D('',#2920,#2921,#2922);
#2920 = CARTESIAN_POINT('',(0.,0.,-67.46030069744));
#2921 = DIRECTION('',(0.,0.,1.));
#2922 = DIRECTION('',(1.,0.,-0.));
#2923 = PCURVE('',#2821,#2924);
#2924 = DEFINITIONAL_REPRESENTATION('',(#2925),#2929);
#2925 = LINE('',#2926,#2927);
#2926 = CARTESIAN_POINT('',(-0.,-0.));
#2927 = VECTOR('',#2928,1.);
#2928 = DIRECTION('',(-1.,-0.));
#2929 = ( GEOMETRIC_REPRESENTATION_CONTEXT(2) 
PARAMETRIC_REPRESENTATION_CONTEXT() REPRESENTATION_CONTEXT('2D SPACE',''
  ) );
#2930 = PCURVE('',#2931,#2936);
#2931 = CONICAL_SURFACE('',#2932,33.791205600081,0.170620939813);
#2932 = AXIS2_PLACEMENT_3D('',#2933,#2934,#2935);
#2933 = CARTESIAN_POINT('',(0.,0.,-70.59651205641));
#2934 = DIRECTION('',(-0.,-0.,-1.));
#2935 = DIRECTION('',(1.,0.,-0.));
#2936 = DEFINITIONAL_REPRESENTATION('',(#2937),#2941);
#2937 = LINE('',#2938,#2939);
#2938 = CARTESIAN_POINT('',(-0.,-3.136211358971));
#2939 = VECTOR('',#2940,1.);
#2940 = DIRECTION('',(-1.,-0.));
#2941 = ( GEOMETRIC_REPRESENTATION_CONTEXT(2) 
PARAMETRIC_REPRESENTATION_CONTEXT() REPRESENTATION_CONTEXT('2D SPACE',''
  ) );
#2942 = ORIENTED_EDGE('',*,*,#2943,.T.);
#2943 = EDGE_CURVE('',#2915,#2805,#2944,.T.);
#2944 = SEAM_CURVE('',#2945,(#2949,#2956),.PCURVE_S1.);
#2945 = LINE('',#2946,#2947);
#2946 = CARTESIAN_POINT('',(33.250848529915,0.,-67.46030069744));
#2947 = VECTOR('',#2948,1.);
#2948 = DIRECTION('',(-0.1665213103,0.,0.986037855874));
#2949 = PCURVE('',#2821,#2950);
#2950 = DEFINITIONAL_REPRESENTATION('',(#2951),#2955);
#2951 = LINE('',#2952,#2953);
#2952 = CARTESIAN_POINT('',(-0.,-0.));
#2953 = VECTOR('',#2954,1.);
#2954 = DIRECTION('',(-0.,-1.));
#2955 = ( GEOMETRIC_REPRESENTATION_CONTEXT(2) 
PARAMETRIC_REPRESENTATION_CONTEXT() REPRESENTATION_CONTEXT('2D SPACE',''
  ) );
#2956 = PCURVE('',#2821,#2957);
#2957 = DEFINITIONAL_REPRESENTATION('',(#2958),#2962);
#2958 = LINE('',#2959,#2960);
#2959 = CARTESIAN_POINT('',(-6.28318530718,-0.));
#2960 = VECTOR('',#2961,1.);
#2961 = DIRECTION('',(-0.,-1.));
#2962 = ( GEOMETRIC_REPRESENTATION_CONTEXT(2) 
PARAMETRIC_REPRESENTATION_CONTEXT() REPRESENTATION_CONTEXT('2D SPACE',''
  ) );
#2963 = ORIENTED_EDGE('',*,*,#2804,.F.);
#2964 = ORIENTED_EDGE('',*,*,#2943,.F.);
#2965 = ADVANCED_FACE('',(#2966),#2898,.F.);
#2966 = FACE_BOUND('',#2967,.T.);
#2967 = EDGE_LOOP('',(#2968,#2969,#2992,#3019));
#2968 = ORIENTED_EDGE('',*,*,#2883,.T.);
#2969 = ORIENTED_EDGE('',*,*,#2970,.T.);
#2970 = EDGE_CURVE('',#2861,#2971,#2973,.T.);
#2971 = VERTEX_POINT('',#2972);
#2972 = CARTESIAN_POINT('',(27.882369281545,0.,-69.55456514761));
#2973 = SEAM_CURVE('',#2974,(#2978,#2985),.PCURVE_S1.);
#2974 = LINE('',#2975,#2976);
#2975 = CARTESIAN_POINT('',(27.33846411305,0.,-66.43867918865));
#2976 = VECTOR('',#2977,1.);
#2977 = DIRECTION('',(0.171958558331,0.,-0.985104184448));
#2978 = PCURVE('',#2898,#2979);
#2979 = DEFINITIONAL_REPRESENTATION('',(#2980),#2984);
#2980 = LINE('',#2981,#2982);
#2981 = CARTESIAN_POINT('',(-0.,0.));
#2982 = VECTOR('',#2983,1.);
#2983 = DIRECTION('',(-0.,1.));
#2984 = ( GEOMETRIC_REPRESENTATION_CONTEXT(2) 
PARAMETRIC_REPRESENTATION_CONTEXT() REPRESENTATION_CONTEXT('2D SPACE',''
  ) );
#2985 = PCURVE('',#2898,#2986);
#2986 = DEFINITIONAL_REPRESENTATION('',(#2987),#2991);
#2987 = LINE('',#2988,#2989);
#2988 = CARTESIAN_POINT('',(-6.28318530718,0.));
#2989 = VECTOR('',#2990,1.);
#2990 = DIRECTION('',(-0.,1.));
#2991 = ( GEOMETRIC_REPRESENTATION_CONTEXT(2) 
PARAMETRIC_REPRESENTATION_CONTEXT() REPRESENTATION_CONTEXT('2D SPACE',''
  ) );
#2992 = ORIENTED_EDGE('',*,*,#2993,.F.);
#2993 = EDGE_CURVE('',#2971,#2971,#2994,.T.);
#2994 = SURFACE_CURVE('',#2995,(#3000,#3007),.PCURVE_S1.);
#2995 = CIRCLE('',#2996,27.882369281545);
#2996 = AXIS2_PLACEMENT_3D('',#2997,#2998,#2999);
#2997 = CARTESIAN_POINT('',(0.,0.,-69.55456514761));
#2998 = DIRECTION('',(0.,0.,1.));
#2999 = DIRECTION('',(1.,0.,-0.));
#3000 = PCURVE('',#2898,#3001);
#3001 = DEFINITIONAL_REPRESENTATION('',(#3002),#3006);
#3002 = LINE('',#3003,#3004);
#3003 = CARTESIAN_POINT('',(-0.,3.115885958956));
#3004 = VECTOR('',#3005,1.);
#3005 = DIRECTION('',(-1.,0.));
#3006 = ( GEOMETRIC_REPRESENTATION_CONTEXT(2) 
PARAMETRIC_REPRESENTATION_CONTEXT() REPRESENTATION_CONTEXT('2D SPACE',''
  ) );
#3007 = PCURVE('',#3008,#3013);
#3008 = CONICAL_SURFACE('',#3009,27.882369281545,0.176289397826);
#3009 = AXIS2_PLACEMENT_3D('',#3010,#3011,#3012);
#3010 = CARTESIAN_POINT('',(0.,0.,-69.55456514761));
#3011 = DIRECTION('',(-0.,-0.,-1.));
#3012 = DIRECTION('',(1.,0.,0.));
#3013 = DEFINITIONAL_REPRESENTATION('',(#3014),#3018);
#3014 = LINE('',#3015,#3016);
#3015 = CARTESIAN_POINT('',(-0.,0.));
#3016 = VECTOR('',#3017,1.);
#3017 = DIRECTION('',(-1.,0.));
#3018 = ( GEOMETRIC_REPRESENTATION_CONTEXT(2) 
PARAMETRIC_REPRESENTATION_CONTEXT() REPRESENTATION_CONTEXT('2D SPACE',''
  ) );
#3019 = ORIENTED_EDGE('',*,*,#2970,.F.);
#3020 = ADVANCED_FACE('',(#3021),#2931,.T.);
#3021 = FACE_BOUND('',#3022,.T.);
#3022 = EDGE_LOOP('',(#3023,#3052,#3073,#3074));
#3023 = ORIENTED_EDGE('',*,*,#3024,.T.);
#3024 = EDGE_CURVE('',#3025,#3025,#3027,.T.);
#3025 = VERTEX_POINT('',#3026);
#3026 = CARTESIAN_POINT('',(33.791205600081,0.,-70.59651205641));
#3027 = SURFACE_CURVE('',#3028,(#3033,#3040),.PCURVE_S1.);
#3028 = CIRCLE('',#3029,33.791205600081);
#3029 = AXIS2_PLACEMENT_3D('',#3030,#3031,#3032);
#3030 = CARTESIAN_POINT('',(0.,0.,-70.59651205641));
#3031 = DIRECTION('',(0.,0.,1.));
#3032 = DIRECTION('',(1.,0.,-0.));
#3033 = PCURVE('',#2931,#3034);
#3034 = DEFINITIONAL_REPRESENTATION('',(#3035),#3039);
#3035 = LINE('',#3036,#3037);
#3036 = CARTESIAN_POINT('',(-0.,-0.));
#3037 = VECTOR('',#3038,1.);
#3038 = DIRECTION('',(-1.,-0.));
#3039 = ( GEOMETRIC_REPRESENTATION_CONTEXT(2) 
PARAMETRIC_REPRESENTATION_CONTEXT() REPRESENTATION_CONTEXT('2D SPACE',''
  ) );
#3040 = PCURVE('',#3041,#3046);
#3041 = CONICAL_SURFACE('',#3042,34.34159013451,0.174004869452);
#3042 = AXIS2_PLACEMENT_3D('',#3043,#3044,#3045);
#3043 = CARTESIAN_POINT('',(0.,0.,-73.72756522569));
#3044 = DIRECTION('',(-0.,-0.,-1.));
#3045 = DIRECTION('',(1.,0.,-0.));
#3046 = DEFINITIONAL_REPRESENTATION('',(#3047),#3051);
#3047 = LINE('',#3048,#3049);
#3048 = CARTESIAN_POINT('',(-0.,-3.131053169275));
#3049 = VECTOR('',#3050,1.);
#3050 = DIRECTION('',(-1.,-0.));
#3051 = ( GEOMETRIC_REPRESENTATION_CONTEXT(2) 
PARAMETRIC_REPRESENTATION_CONTEXT() REPRESENTATION_CONTEXT('2D SPACE',''
  ) );
#3052 = ORIENTED_EDGE('',*,*,#3053,.T.);
#3053 = EDGE_CURVE('',#3025,#2915,#3054,.T.);
#3054 = SEAM_CURVE('',#3055,(#3059,#3066),.PCURVE_S1.);
#3055 = LINE('',#3056,#3057);
#3056 = CARTESIAN_POINT('',(33.791205600081,0.,-70.59651205641));
#3057 = VECTOR('',#3058,1.);
#3058 = DIRECTION('',(-0.169794305233,0.,0.985479524856));
#3059 = PCURVE('',#2931,#3060);
#3060 = DEFINITIONAL_REPRESENTATION('',(#3061),#3065);
#3061 = LINE('',#3062,#3063);
#3062 = CARTESIAN_POINT('',(-0.,-0.));
#3063 = VECTOR('',#3064,1.);
#3064 = DIRECTION('',(-0.,-1.));
#3065 = ( GEOMETRIC_REPRESENTATION_CONTEXT(2) 
PARAMETRIC_REPRESENTATION_CONTEXT() REPRESENTATION_CONTEXT('2D SPACE',''
  ) );
#3066 = PCURVE('',#2931,#3067);
#3067 = DEFINITIONAL_REPRESENTATION('',(#3068),#3072);
#3068 = LINE('',#3069,#3070);
#3069 = CARTESIAN_POINT('',(-6.28318530718,-0.));
#3070 = VECTOR('',#3071,1.);
#3071 = DIRECTION('',(-0.,-1.));
#3072 = ( GEOMETRIC_REPRESENTATION_CONTEXT(2) 
PARAMETRIC_REPRESENTATION_CONTEXT() REPRESENTATION_CONTEXT('2D SPACE',''
  ) );
#3073 = ORIENTED_EDGE('',*,*,#2914,.F.);
#3074 = ORIENTED_EDGE('',*,*,#3053,.F.);
#3075 = ADVANCED_FACE('',(#3076),#3008,.F.);
#3076 = FACE_BOUND('',#3077,.T.);
#3077 = EDGE_LOOP('',(#3078,#3079,#3102,#3129));
#3078 = ORIENTED_EDGE('',*,*,#2993,.T.);
#3079 = ORIENTED_EDGE('',*,*,#3080,.T.);
#3080 = EDGE_CURVE('',#2971,#3081,#3083,.T.);
#3081 = VERTEX_POINT('',#3082);
#3082 = CARTESIAN_POINT('',(28.436442368636,0.,-72.66491294804));
#3083 = SEAM_CURVE('',#3084,(#3088,#3095),.PCURVE_S1.);
#3084 = LINE('',#3085,#3086);
#3085 = CARTESIAN_POINT('',(27.882369281545,0.,-69.55456514761));
#3086 = VECTOR('',#3087,1.);
#3087 = DIRECTION('',(0.175377696769,0.,-0.984501225736));
#3088 = PCURVE('',#3008,#3089);
#3089 = DEFINITIONAL_REPRESENTATION('',(#3090),#3094);
#3090 = LINE('',#3091,#3092);
#3091 = CARTESIAN_POINT('',(-0.,0.));
#3092 = VECTOR('',#3093,1.);
#3093 = DIRECTION('',(-0.,1.));
#3094 = ( GEOMETRIC_REPRESENTATION_CONTEXT(2) 
PARAMETRIC_REPRESENTATION_CONTEXT() REPRESENTATION_CONTEXT('2D SPACE',''
  ) );
#3095 = PCURVE('',#3008,#3096);
#3096 = DEFINITIONAL_REPRESENTATION('',(#3097),#3101);
#3097 = LINE('',#3098,#3099);
#3098 = CARTESIAN_POINT('',(-6.28318530718,0.));
#3099 = VECTOR('',#3100,1.);
#3100 = DIRECTION('',(-0.,1.));
#3101 = ( GEOMETRIC_REPRESENTATION_CONTEXT(2) 
PARAMETRIC_REPRESENTATION_CONTEXT() REPRESENTATION_CONTEXT('2D SPACE',''
  ) );
#3102 = ORIENTED_EDGE('',*,*,#3103,.F.);
#3103 = EDGE_CURVE('',#3081,#3081,#3104,.T.);
#3104 = SURFACE_CURVE('',#3105,(#3110,#3117),.PCURVE_S1.);
#3105 = CIRCLE('',#3106,28.436442368636);
#3106 = AXIS2_PLACEMENT_3D('',#3107,#3108,#3109);
#3107 = CARTESIAN_POINT('',(0.,0.,-72.66491294804));
#3108 = DIRECTION('',(0.,0.,1.));
#3109 = DIRECTION('',(1.,0.,-0.));
#3110 = PCURVE('',#3008,#3111);
#3111 = DEFINITIONAL_REPRESENTATION('',(#3112),#3116);
#3112 = LINE('',#3113,#3114);
#3113 = CARTESIAN_POINT('',(-0.,3.110347800426));
#3114 = VECTOR('',#3115,1.);
#3115 = DIRECTION('',(-1.,0.));
#3116 = ( GEOMETRIC_REPRESENTATION_CONTEXT(2) 
PARAMETRIC_REPRESENTATION_CONTEXT() REPRESENTATION_CONTEXT('2D SPACE',''
  ) );
#3117 = PCURVE('',#3118,#3123);
#3118 = CONICAL_SURFACE('',#3119,28.436442368636,0.179827236533);
#3119 = AXIS2_PLACEMENT_3D('',#3120,#3121,#3122);
#3120 = CARTESIAN_POINT('',(0.,0.,-72.66491294804));
#3121 = DIRECTION('',(-0.,-0.,-1.));
#3122 = DIRECTION('',(1.,0.,0.));
#3123 = DEFINITIONAL_REPRESENTATION('',(#3124),#3128);
#3124 = LINE('',#3125,#3126);
#3125 = CARTESIAN_POINT('',(-0.,0.));
#3126 = VECTOR('',#3127,1.);
#3127 = DIRECTION('',(-1.,0.));
#3128 = ( GEOMETRIC_REPRESENTATION_CONTEXT(2) 
PARAMETRIC_REPRESENTATION_CONTEXT() REPRESENTATION_CONTEXT('2D SPACE',''
  ) );
#3129 = ORIENTED_EDGE('',*,*,#3080,.F.);
#3130 = ADVANCED_FACE('',(#3131),#3041,.T.);
#3131 = FACE_BOUND('',#3132,.T.);
#3132 = EDGE_LOOP('',(#3133,#3162,#3183,#3184));
#3133 = ORIENTED_EDGE('',*,*,#3134,.T.);
#3134 = EDGE_CURVE('',#3135,#3135,#3137,.T.);
#3135 = VERTEX_POINT('',#3136);
#3136 = CARTESIAN_POINT('',(34.34159013451,0.,-73.72756522569));
#3137 = SURFACE_CURVE('',#3138,(#3143,#3150),.PCURVE_S1.);
#3138 = CIRCLE('',#3139,34.34159013451);
#3139 = AXIS2_PLACEMENT_3D('',#3140,#3141,#3142);
#3140 = CARTESIAN_POINT('',(0.,0.,-73.72756522569));
#3141 = DIRECTION('',(0.,0.,1.));
#3142 = DIRECTION('',(1.,0.,-0.));
#3143 = PCURVE('',#3041,#3144);
#3144 = DEFINITIONAL_REPRESENTATION('',(#3145),#3149);
#3145 = LINE('',#3146,#3147);
#3146 = CARTESIAN_POINT('',(-0.,-0.));
#3147 = VECTOR('',#3148,1.);
#3148 = DIRECTION('',(-1.,-0.));
#3149 = ( GEOMETRIC_REPRESENTATION_CONTEXT(2) 
PARAMETRIC_REPRESENTATION_CONTEXT() REPRESENTATION_CONTEXT('2D SPACE',''
  ) );
#3150 = PCURVE('',#3151,#3156);
#3151 = CONICAL_SURFACE('',#3152,34.901815847302,0.177451358092);
#3152 = AXIS2_PLACEMENT_3D('',#3153,#3154,#3155);
#3153 = CARTESIAN_POINT('',(0.,0.,-76.85142420513));
#3154 = DIRECTION('',(-0.,-0.,-1.));
#3155 = DIRECTION('',(1.,0.,-0.));
#3156 = DEFINITIONAL_REPRESENTATION('',(#3157),#3161);
#3157 = LINE('',#3158,#3159);
#3158 = CARTESIAN_POINT('',(-0.,-3.123858979445));
#3159 = VECTOR('',#3160,1.);
#3160 = DIRECTION('',(-1.,-0.));
#3161 = ( GEOMETRIC_REPRESENTATION_CONTEXT(2) 
PARAMETRIC_REPRESENTATION_CONTEXT() REPRESENTATION_CONTEXT('2D SPACE',''
  ) );
#3162 = ORIENTED_EDGE('',*,*,#3163,.T.);
#3163 = EDGE_CURVE('',#3135,#3025,#3164,.T.);
#3164 = SEAM_CURVE('',#3165,(#3169,#3176),.PCURVE_S1.);
#3165 = LINE('',#3166,#3167);
#3166 = CARTESIAN_POINT('',(34.34159013451,0.,-73.72756522569));
#3167 = VECTOR('',#3168,1.);
#3168 = DIRECTION('',(-0.173128120087,0.,0.984899311623));
#3169 = PCURVE('',#3041,#3170);
#3170 = DEFINITIONAL_REPRESENTATION('',(#3171),#3175);
#3171 = LINE('',#3172,#3173);
#3172 = CARTESIAN_POINT('',(-0.,-0.));
#3173 = VECTOR('',#3174,1.);
#3174 = DIRECTION('',(-0.,-1.));
#3175 = ( GEOMETRIC_REPRESENTATION_CONTEXT(2) 
PARAMETRIC_REPRESENTATION_CONTEXT() REPRESENTATION_CONTEXT('2D SPACE',''
  ) );
#3176 = PCURVE('',#3041,#3177);
#3177 = DEFINITIONAL_REPRESENTATION('',(#3178),#3182);
#3178 = LINE('',#3179,#3180);
#3179 = CARTESIAN_POINT('',(-6.28318530718,-0.));
#3180 = VECTOR('',#3181,1.);
#3181 = DIRECTION('',(-0.,-1.));
#3182 = ( GEOMETRIC_REPRESENTATION_CONTEXT(2) 
PARAMETRIC_REPRESENTATION_CONTEXT() REPRESENTATION_CONTEXT('2D SPACE',''
  ) );
#3183 = ORIENTED_EDGE('',*,*,#3024,.F.);
#3184 = ORIENTED_EDGE('',*,*,#3163,.F.);
#3185 = ADVANCED_FACE('',(#3186),#3118,.F.);
#3186 = FACE_BOUND('',#3187,.T.);
#3187 = EDGE_LOOP('',(#3188,#3189,#3212,#3239));
#3188 = ORIENTED_EDGE('',*,*,#3103,.T.);
#3189 = ORIENTED_EDGE('',*,*,#3190,.T.);
#3190 = EDGE_CURVE('',#3081,#3191,#3193,.T.);
#3191 = VERTEX_POINT('',#3192);
#3192 = CARTESIAN_POINT('',(29.00050009348,0.,-75.76769343889));
#3193 = SEAM_CURVE('',#3194,(#3198,#3205),.PCURVE_S1.);
#3194 = LINE('',#3195,#3196);
#3195 = CARTESIAN_POINT('',(28.436442368636,0.,-72.66491294804));
#3196 = VECTOR('',#3197,1.);
#3197 = DIRECTION('',(0.178859598507,0.,-0.983874607875));
#3198 = PCURVE('',#3118,#3199);
#3199 = DEFINITIONAL_REPRESENTATION('',(#3200),#3204);
#3200 = LINE('',#3201,#3202);
#3201 = CARTESIAN_POINT('',(-0.,0.));
#3202 = VECTOR('',#3203,1.);
#3203 = DIRECTION('',(-0.,1.));
#3204 = ( GEOMETRIC_REPRESENTATION_CONTEXT(2) 
PARAMETRIC_REPRESENTATION_CONTEXT() REPRESENTATION_CONTEXT('2D SPACE',''
  ) );
#3205 = PCURVE('',#3118,#3206);
#3206 = DEFINITIONAL_REPRESENTATION('',(#3207),#3211);
#3207 = LINE('',#3208,#3209);
#3208 = CARTESIAN_POINT('',(-6.28318530718,0.));
#3209 = VECTOR('',#3210,1.);
#3210 = DIRECTION('',(-0.,1.));
#3211 = ( GEOMETRIC_REPRESENTATION_CONTEXT(2) 
PARAMETRIC_REPRESENTATION_CONTEXT() REPRESENTATION_CONTEXT('2D SPACE',''
  ) );
#3212 = ORIENTED_EDGE('',*,*,#3213,.F.);
#3213 = EDGE_CURVE('',#3191,#3191,#3214,.T.);
#3214 = SURFACE_CURVE('',#3215,(#3220,#3227),.PCURVE_S1.);
#3215 = CIRCLE('',#3216,29.00050009348);
#3216 = AXIS2_PLACEMENT_3D('',#3217,#3218,#3219);
#3217 = CARTESIAN_POINT('',(0.,0.,-75.76769343889));
#3218 = DIRECTION('',(0.,0.,1.));
#3219 = DIRECTION('',(1.,0.,-0.));
#3220 = PCURVE('',#3118,#3221);
#3221 = DEFINITIONAL_REPRESENTATION('',(#3222),#3226);
#3222 = LINE('',#3223,#3224);
#3223 = CARTESIAN_POINT('',(-0.,3.102780490854));
#3224 = VECTOR('',#3225,1.);
#3225 = DIRECTION('',(-1.,0.));
#3226 = ( GEOMETRIC_REPRESENTATION_CONTEXT(2) 
PARAMETRIC_REPRESENTATION_CONTEXT() REPRESENTATION_CONTEXT('2D SPACE',''
  ) );
#3227 = PCURVE('',#3228,#3233);
#3228 = CONICAL_SURFACE('',#3229,29.00050009348,0.183430054942);
#3229 = AXIS2_PLACEMENT_3D('',#3230,#3231,#3232);
#3230 = CARTESIAN_POINT('',(0.,0.,-75.76769343889));
#3231 = DIRECTION('',(-0.,-0.,-1.));
#3232 = DIRECTION('',(1.,0.,0.));
#3233 = DEFINITIONAL_REPRESENTATION('',(#3234),#3238);
#3234 = LINE('',#3235,#3236);
#3235 = CARTESIAN_POINT('',(-0.,0.));
#3236 = VECTOR('',#3237,1.);
#3237 = DIRECTION('',(-1.,0.));
#3238 = ( GEOMETRIC_REPRESENTATION_CONTEXT(2) 
PARAMETRIC_REPRESENTATION_CONTEXT() REPRESENTATION_CONTEXT('2D SPACE',''
  ) );
#3239 = ORIENTED_EDGE('',*,*,#3190,.F.);
#3240 = ADVANCED_FACE('',(#3241),#3151,.T.);
#3241 = FACE_BOUND('',#3242,.T.);
#3242 = EDGE_LOOP('',(#3243,#3272,#3293,#3294));
#3243 = ORIENTED_EDGE('',*,*,#3244,.T.);
#3244 = EDGE_CURVE('',#3245,#3245,#3247,.T.);
#3245 = VERTEX_POINT('',#3246);
#3246 = CARTESIAN_POINT('',(34.901815847302,0.,-76.85142420513));
#3247 = SURFACE_CURVE('',#3248,(#3253,#3260),.PCURVE_S1.);
#3248 = CIRCLE('',#3249,34.901815847302);
#3249 = AXIS2_PLACEMENT_3D('',#3250,#3251,#3252);
#3250 = CARTESIAN_POINT('',(0.,0.,-76.85142420513));
#3251 = DIRECTION('',(0.,0.,1.));
#3252 = DIRECTION('',(1.,0.,-0.));
#3253 = PCURVE('',#3151,#3254);
#3254 = DEFINITIONAL_REPRESENTATION('',(#3255),#3259);
#3255 = LINE('',#3256,#3257);
#3256 = CARTESIAN_POINT('',(-0.,-0.));
#3257 = VECTOR('',#3258,1.);
#3258 = DIRECTION('',(-1.,-0.));
#3259 = ( GEOMETRIC_REPRESENTATION_CONTEXT(2) 
PARAMETRIC_REPRESENTATION_CONTEXT() REPRESENTATION_CONTEXT('2D SPACE',''
  ) );
#3260 = PCURVE('',#3261,#3266);
#3261 = CONICAL_SURFACE('',#3262,35.471705962312,0.180959379201);
#3262 = AXIS2_PLACEMENT_3D('',#3263,#3264,#3265);
#3263 = CARTESIAN_POINT('',(0.,0.,-79.96624421575));
#3264 = DIRECTION('',(-0.,-0.,-1.));
#3265 = DIRECTION('',(1.,0.,-0.));
#3266 = DEFINITIONAL_REPRESENTATION('',(#3267),#3271);
#3267 = LINE('',#3268,#3269);
#3268 = CARTESIAN_POINT('',(-0.,-3.11482001062));
#3269 = VECTOR('',#3270,1.);
#3270 = DIRECTION('',(-1.,-0.));
#3271 = ( GEOMETRIC_REPRESENTATION_CONTEXT(2) 
PARAMETRIC_REPRESENTATION_CONTEXT() REPRESENTATION_CONTEXT('2D SPACE',''
  ) );
#3272 = ORIENTED_EDGE('',*,*,#3273,.T.);
#3273 = EDGE_CURVE('',#3245,#3135,#3274,.T.);
#3274 = SEAM_CURVE('',#3275,(#3279,#3286),.PCURVE_S1.);
#3275 = LINE('',#3276,#3277);
#3276 = CARTESIAN_POINT('',(34.901815847302,0.,-76.85142420513));
#3277 = VECTOR('',#3278,1.);
#3278 = DIRECTION('',(-0.176521529424,0.,0.984296779254));
#3279 = PCURVE('',#3151,#3280);
#3280 = DEFINITIONAL_REPRESENTATION('',(#3281),#3285);
#3281 = LINE('',#3282,#3283);
#3282 = CARTESIAN_POINT('',(-0.,-0.));
#3283 = VECTOR('',#3284,1.);
#3284 = DIRECTION('',(-0.,-1.));
#3285 = ( GEOMETRIC_REPRESENTATION_CONTEXT(2) 
PARAMETRIC_REPRESENTATION_CONTEXT() REPRESENTATION_CONTEXT('2D SPACE',''
  ) );
#3286 = PCURVE('',#3151,#3287);
#3287 = DEFINITIONAL_REPRESENTATION('',(#3288),#3292);
#3288 = LINE('',#3289,#3290);
#3289 = CARTESIAN_POINT('',(-6.28318530718,-0.));
#3290 = VECTOR('',#3291,1.);
#3291 = DIRECTION('',(-0.,-1.));
#3292 = ( GEOMETRIC_REPRESENTATION_CONTEXT(2) 
PARAMETRIC_REPRESENTATION_CONTEXT() REPRESENTATION_CONTEXT('2D SPACE',''
  ) );
#3293 = ORIENTED_EDGE('',*,*,#3134,.F.);
#3294 = ORIENTED_EDGE('',*,*,#3273,.F.);
#3295 = ADVANCED_FACE('',(#3296),#3228,.F.);
#3296 = FACE_BOUND('',#3297,.T.);
#3297 = EDGE_LOOP('',(#3298,#3299,#3322,#3349));
#3298 = ORIENTED_EDGE('',*,*,#3213,.T.);
#3299 = ORIENTED_EDGE('',*,*,#3300,.T.);
#3300 = EDGE_CURVE('',#3191,#3301,#3303,.T.);
#3301 = VERTEX_POINT('',#3302);
#3302 = CARTESIAN_POINT('',(29.574368743913,0.,-78.86106833269));
#3303 = SEAM_CURVE('',#3304,(#3308,#3315),.PCURVE_S1.);
#3304 = LINE('',#3305,#3306);
#3305 = CARTESIAN_POINT('',(29.00050009348,0.,-75.76769343889));
#3306 = VECTOR('',#3307,1.);
#3307 = DIRECTION('',(0.182403151564,0.,-0.983223825128));
#3308 = PCURVE('',#3228,#3309);
#3309 = DEFINITIONAL_REPRESENTATION('',(#3310),#3314);
#3310 = LINE('',#3311,#3312);
#3311 = CARTESIAN_POINT('',(-0.,0.));
#3312 = VECTOR('',#3313,1.);
#3313 = DIRECTION('',(-0.,1.));
#3314 = ( GEOMETRIC_REPRESENTATION_CONTEXT(2) 
PARAMETRIC_REPRESENTATION_CONTEXT() REPRESENTATION_CONTEXT('2D SPACE',''
  ) );
#3315 = PCURVE('',#3228,#3316);
#3316 = DEFINITIONAL_REPRESENTATION('',(#3317),#3321);
#3317 = LINE('',#3318,#3319);
#3318 = CARTESIAN_POINT('',(-6.28318530718,0.));
#3319 = VECTOR('',#3320,1.);
#3320 = DIRECTION('',(-0.,1.));
#3321 = ( GEOMETRIC_REPRESENTATION_CONTEXT(2) 
PARAMETRIC_REPRESENTATION_CONTEXT() REPRESENTATION_CONTEXT('2D SPACE',''
  ) );
#3322 = ORIENTED_EDGE('',*,*,#3323,.F.);
#3323 = EDGE_CURVE('',#3301,#3301,#3324,.T.);
#3324 = SURFACE_CURVE('',#3325,(#3330,#3337),.PCURVE_S1.);
#3325 = CIRCLE('',#3326,29.574368743913);
#3326 = AXIS2_PLACEMENT_3D('',#3327,#3328,#3329);
#3327 = CARTESIAN_POINT('',(0.,0.,-78.86106833269));
#3328 = DIRECTION('',(0.,0.,1.));
#3329 = DIRECTION('',(1.,0.,-0.));
#3330 = PCURVE('',#3228,#3331);
#3331 = DEFINITIONAL_REPRESENTATION('',(#3332),#3336);
#3332 = LINE('',#3333,#3334);
#3333 = CARTESIAN_POINT('',(-0.,3.093374893803));
#3334 = VECTOR('',#3335,1.);
#3335 = DIRECTION('',(-1.,0.));
#3336 = ( GEOMETRIC_REPRESENTATION_CONTEXT(2) 
PARAMETRIC_REPRESENTATION_CONTEXT() REPRESENTATION_CONTEXT('2D SPACE',''
  ) );
#3337 = PCURVE('',#3338,#3343);
#3338 = CONICAL_SURFACE('',#3339,29.574368743913,0.187096955387);
#3339 = AXIS2_PLACEMENT_3D('',#3340,#3341,#3342);
#3340 = CARTESIAN_POINT('',(0.,0.,-78.86106833269));
#3341 = DIRECTION('',(-0.,-0.,-1.));
#3342 = DIRECTION('',(1.,0.,0.));
#3343 = DEFINITIONAL_REPRESENTATION('',(#3344),#3348);
#3344 = LINE('',#3345,#3346);
#3345 = CARTESIAN_POINT('',(-0.,0.));
#3346 = VECTOR('',#3347,1.);
#3347 = DIRECTION('',(-1.,0.));
#3348 = ( GEOMETRIC_REPRESENTATION_CONTEXT(2) 
PARAMETRIC_REPRESENTATION_CONTEXT() REPRESENTATION_CONTEXT('2D SPACE',''
  ) );
#3349 = ORIENTED_EDGE('',*,*,#3300,.F.);
#3350 = ADVANCED_FACE('',(#3351),#3261,.T.);
#3351 = FACE_BOUND('',#3352,.T.);
#3352 = EDGE_LOOP('',(#3353,#3382,#3403,#3404));
#3353 = ORIENTED_EDGE('',*,*,#3354,.T.);
#3354 = EDGE_CURVE('',#3355,#3355,#3357,.T.);
#3355 = VERTEX_POINT('',#3356);
#3356 = CARTESIAN_POINT('',(35.471705962312,0.,-79.96624421575));
#3357 = SURFACE_CURVE('',#3358,(#3363,#3370),.PCURVE_S1.);
#3358 = CIRCLE('',#3359,35.471705962312);
#3359 = AXIS2_PLACEMENT_3D('',#3360,#3361,#3362);
#3360 = CARTESIAN_POINT('',(0.,0.,-79.96624421575));
#3361 = DIRECTION('',(0.,0.,1.));
#3362 = DIRECTION('',(1.,0.,-0.));
#3363 = PCURVE('',#3261,#3364);
#3364 = DEFINITIONAL_REPRESENTATION('',(#3365),#3369);
#3365 = LINE('',#3366,#3367);
#3366 = CARTESIAN_POINT('',(-0.,-0.));
#3367 = VECTOR('',#3368,1.);
#3368 = DIRECTION('',(-1.,-0.));
#3369 = ( GEOMETRIC_REPRESENTATION_CONTEXT(2) 
PARAMETRIC_REPRESENTATION_CONTEXT() REPRESENTATION_CONTEXT('2D SPACE',''
  ) );
#3370 = PCURVE('',#3371,#3376);
#3371 = CONICAL_SURFACE('',#3372,36.051092410854,0.184527968187);
#3372 = AXIS2_PLACEMENT_3D('',#3373,#3374,#3375);
#3373 = CARTESIAN_POINT('',(0.,0.,-83.07035537579));
#3374 = DIRECTION('',(-0.,-0.,-1.));
#3375 = DIRECTION('',(1.,0.,-0.));
#3376 = DEFINITIONAL_REPRESENTATION('',(#3377),#3381);
#3377 = LINE('',#3378,#3379);
#3378 = CARTESIAN_POINT('',(-0.,-3.104111160041));
#3379 = VECTOR('',#3380,1.);
#3380 = DIRECTION('',(-1.,-0.));
#3381 = ( GEOMETRIC_REPRESENTATION_CONTEXT(2) 
PARAMETRIC_REPRESENTATION_CONTEXT() REPRESENTATION_CONTEXT('2D SPACE',''
  ) );
#3382 = ORIENTED_EDGE('',*,*,#3383,.T.);
#3383 = EDGE_CURVE('',#3355,#3245,#3384,.T.);
#3384 = SEAM_CURVE('',#3385,(#3389,#3396),.PCURVE_S1.);
#3385 = LINE('',#3386,#3387);
#3386 = CARTESIAN_POINT('',(35.471705962312,0.,-79.96624421575));
#3387 = VECTOR('',#3388,1.);
#3388 = DIRECTION('',(-0.179973370067,0.,0.983671482796));
#3389 = PCURVE('',#3261,#3390);
#3390 = DEFINITIONAL_REPRESENTATION('',(#3391),#3395);
#3391 = LINE('',#3392,#3393);
#3392 = CARTESIAN_POINT('',(-0.,-0.));
#3393 = VECTOR('',#3394,1.);
#3394 = DIRECTION('',(-0.,-1.));
#3395 = ( GEOMETRIC_REPRESENTATION_CONTEXT(2) 
PARAMETRIC_REPRESENTATION_CONTEXT() REPRESENTATION_CONTEXT('2D SPACE',''
  ) );
#3396 = PCURVE('',#3261,#3397);
#3397 = DEFINITIONAL_REPRESENTATION('',(#3398),#3402);
#3398 = LINE('',#3399,#3400);
#3399 = CARTESIAN_POINT('',(-6.28318530718,-0.));
#3400 = VECTOR('',#3401,1.);
#3401 = DIRECTION('',(-0.,-1.));
#3402 = ( GEOMETRIC_REPRESENTATION_CONTEXT(2) 
PARAMETRIC_REPRESENTATION_CONTEXT() REPRESENTATION_CONTEXT('2D SPACE',''
  ) );
#3403 = ORIENTED_EDGE('',*,*,#3244,.F.);
#3404 = ORIENTED_EDGE('',*,*,#3383,.F.);
#3405 = ADVANCED_FACE('',(#3406),#3338,.F.);
#3406 = FACE_BOUND('',#3407,.T.);
#3407 = EDGE_LOOP('',(#3408,#3409,#3432,#3459));
#3408 = ORIENTED_EDGE('',*,*,#3323,.T.);
#3409 = ORIENTED_EDGE('',*,*,#3410,.T.);
#3410 = EDGE_CURVE('',#3301,#3411,#3413,.T.);
#3411 = VERTEX_POINT('',#3412);
#3412 = CARTESIAN_POINT('',(30.157883371663,0.,-81.94337391171));
#3413 = SEAM_CURVE('',#3414,(#3418,#3425),.PCURVE_S1.);
#3414 = LINE('',#3415,#3416);
#3415 = CARTESIAN_POINT('',(29.574368743913,0.,-78.86106833269));
#3416 = VECTOR('',#3417,1.);
#3417 = DIRECTION('',(0.186007301056,0.,-0.982548362145));
#3418 = PCURVE('',#3338,#3419);
#3419 = DEFINITIONAL_REPRESENTATION('',(#3420),#3424);
#3420 = LINE('',#3421,#3422);
#3421 = CARTESIAN_POINT('',(-0.,0.));
#3422 = VECTOR('',#3423,1.);
#3423 = DIRECTION('',(-0.,1.));
#3424 = ( GEOMETRIC_REPRESENTATION_CONTEXT(2) 
PARAMETRIC_REPRESENTATION_CONTEXT() REPRESENTATION_CONTEXT('2D SPACE',''
  ) );
#3425 = PCURVE('',#3338,#3426);
#3426 = DEFINITIONAL_REPRESENTATION('',(#3427),#3431);
#3427 = LINE('',#3428,#3429);
#3428 = CARTESIAN_POINT('',(-6.28318530718,0.));
#3429 = VECTOR('',#3430,1.);
#3430 = DIRECTION('',(-0.,1.));
#3431 = ( GEOMETRIC_REPRESENTATION_CONTEXT(2) 
PARAMETRIC_REPRESENTATION_CONTEXT() REPRESENTATION_CONTEXT('2D SPACE',''
  ) );
#3432 = ORIENTED_EDGE('',*,*,#3433,.F.);
#3433 = EDGE_CURVE('',#3411,#3411,#3434,.T.);
#3434 = SURFACE_CURVE('',#3435,(#3440,#3447),.PCURVE_S1.);
#3435 = CIRCLE('',#3436,30.157883371663);
#3436 = AXIS2_PLACEMENT_3D('',#3437,#3438,#3439);
#3437 = CARTESIAN_POINT('',(0.,0.,-81.94337391171));
#3438 = DIRECTION('',(0.,0.,1.));
#3439 = DIRECTION('',(1.,0.,-0.));
#3440 = PCURVE('',#3338,#3441);
#3441 = DEFINITIONAL_REPRESENTATION('',(#3442),#3446);
#3442 = LINE('',#3443,#3444);
#3443 = CARTESIAN_POINT('',(-0.,3.082305579013));
#3444 = VECTOR('',#3445,1.);
#3445 = DIRECTION('',(-1.,0.));
#3446 = ( GEOMETRIC_REPRESENTATION_CONTEXT(2) 
PARAMETRIC_REPRESENTATION_CONTEXT() REPRESENTATION_CONTEXT('2D SPACE',''
  ) );
#3447 = PCURVE('',#3448,#3453);
#3448 = CONICAL_SURFACE('',#3449,30.157883371663,0.190827098456);
#3449 = AXIS2_PLACEMENT_3D('',#3450,#3451,#3452);
#3450 = CARTESIAN_POINT('',(0.,0.,-81.94337391171));
#3451 = DIRECTION('',(-0.,-0.,-1.));
#3452 = DIRECTION('',(1.,0.,0.));
#3453 = DEFINITIONAL_REPRESENTATION('',(#3454),#3458);
#3454 = LINE('',#3455,#3456);
#3455 = CARTESIAN_POINT('',(-0.,0.));
#3456 = VECTOR('',#3457,1.);
#3457 = DIRECTION('',(-1.,0.));
#3458 = ( GEOMETRIC_REPRESENTATION_CONTEXT(2) 
PARAMETRIC_REPRESENTATION_CONTEXT() REPRESENTATION_CONTEXT('2D SPACE',''
  ) );
#3459 = ORIENTED_EDGE('',*,*,#3410,.F.);
#3460 = ADVANCED_FACE('',(#3461),#3371,.T.);
#3461 = FACE_BOUND('',#3462,.T.);
#3462 = EDGE_LOOP('',(#3463,#3492,#3513,#3514));
#3463 = ORIENTED_EDGE('',*,*,#3464,.T.);
#3464 = EDGE_CURVE('',#3465,#3465,#3467,.T.);
#3465 = VERTEX_POINT('',#3466);
#3466 = CARTESIAN_POINT('',(36.051092410854,0.,-83.07035537579));
#3467 = SURFACE_CURVE('',#3468,(#3473,#3480),.PCURVE_S1.);
#3468 = CIRCLE('',#3469,36.051092410854);
#3469 = AXIS2_PLACEMENT_3D('',#3470,#3471,#3472);
#3470 = CARTESIAN_POINT('',(0.,0.,-83.07035537579));
#3471 = DIRECTION('',(0.,0.,1.));
#3472 = DIRECTION('',(1.,0.,-0.));
#3473 = PCURVE('',#3371,#3474);
#3474 = DEFINITIONAL_REPRESENTATION('',(#3475),#3479);
#3475 = LINE('',#3476,#3477);
#3476 = CARTESIAN_POINT('',(-0.,-0.));
#3477 = VECTOR('',#3478,1.);
#3478 = DIRECTION('',(-1.,-0.));
#3479 = ( GEOMETRIC_REPRESENTATION_CONTEXT(2) 
PARAMETRIC_REPRESENTATION_CONTEXT() REPRESENTATION_CONTEXT('2D SPACE',''
  ) );
#3480 = PCURVE('',#3481,#3486);
#3481 = CONICAL_SURFACE('',#3482,36.639815120687,0.188156217861);
#3482 = AXIS2_PLACEMENT_3D('',#3483,#3484,#3485);
#3483 = CARTESIAN_POINT('',(0.,0.,-86.16224781283));
#3484 = DIRECTION('',(-0.,-0.,-1.));
#3485 = DIRECTION('',(1.,0.,-0.));
#3486 = DEFINITIONAL_REPRESENTATION('',(#3487),#3491);
#3487 = LINE('',#3488,#3489);
#3488 = CARTESIAN_POINT('',(-0.,-3.091892437035));
#3489 = VECTOR('',#3490,1.);
#3490 = DIRECTION('',(-1.,-0.));
#3491 = ( GEOMETRIC_REPRESENTATION_CONTEXT(2) 
PARAMETRIC_REPRESENTATION_CONTEXT() REPRESENTATION_CONTEXT('2D SPACE',''
  ) );
#3492 = ORIENTED_EDGE('',*,*,#3493,.T.);
#3493 = EDGE_CURVE('',#3465,#3355,#3494,.T.);
#3494 = SEAM_CURVE('',#3495,(#3499,#3506),.PCURVE_S1.);
#3495 = LINE('',#3496,#3497);
#3496 = CARTESIAN_POINT('',(36.051092410854,0.,-83.07035537579));
#3497 = VECTOR('',#3498,1.);
#3498 = DIRECTION('',(-0.183482535872,0.,0.983022969737));
#3499 = PCURVE('',#3371,#3500);
#3500 = DEFINITIONAL_REPRESENTATION('',(#3501),#3505);
#3501 = LINE('',#3502,#3503);
#3502 = CARTESIAN_POINT('',(-0.,-0.));
#3503 = VECTOR('',#3504,1.);
#3504 = DIRECTION('',(-0.,-1.));
#3505 = ( GEOMETRIC_REPRESENTATION_CONTEXT(2) 
PARAMETRIC_REPRESENTATION_CONTEXT() REPRESENTATION_CONTEXT('2D SPACE',''
  ) );
#3506 = PCURVE('',#3371,#3507);
#3507 = DEFINITIONAL_REPRESENTATION('',(#3508),#3512);
#3508 = LINE('',#3509,#3510);
#3509 = CARTESIAN_POINT('',(-6.28318530718,-0.));
#3510 = VECTOR('',#3511,1.);
#3511 = DIRECTION('',(-0.,-1.));
#3512 = ( GEOMETRIC_REPRESENTATION_CONTEXT(2) 
PARAMETRIC_REPRESENTATION_CONTEXT() REPRESENTATION_CONTEXT('2D SPACE',''
  ) );
#3513 = ORIENTED_EDGE('',*,*,#3354,.F.);
#3514 = ORIENTED_EDGE('',*,*,#3493,.F.);
#3515 = ADVANCED_FACE('',(#3516),#3448,.F.);
#3516 = FACE_BOUND('',#3517,.T.);
#3517 = EDGE_LOOP('',(#3518,#3519,#3542,#3569));
#3518 = ORIENTED_EDGE('',*,*,#3433,.T.);
#3519 = ORIENTED_EDGE('',*,*,#3520,.T.);
#3520 = EDGE_CURVE('',#3411,#3521,#3523,.T.);
#3521 = VERTEX_POINT('',#3522);
#3522 = CARTESIAN_POINT('',(30.750887079264,0.,-85.01310616666));
#3523 = SEAM_CURVE('',#3524,(#3528,#3535),.PCURVE_S1.);
#3524 = LINE('',#3525,#3526);
#3525 = CARTESIAN_POINT('',(30.157883371663,0.,-81.94337391171));
#3526 = VECTOR('',#3527,1.);
#3527 = DIRECTION('',(0.189671044472,0.,-0.981847694344));
#3528 = PCURVE('',#3448,#3529);
#3529 = DEFINITIONAL_REPRESENTATION('',(#3530),#3534);
#3530 = LINE('',#3531,#3532);
#3531 = CARTESIAN_POINT('',(-0.,0.));
#3532 = VECTOR('',#3533,1.);
#3533 = DIRECTION('',(-0.,1.));
#3534 = ( GEOMETRIC_REPRESENTATION_CONTEXT(2) 
PARAMETRIC_REPRESENTATION_CONTEXT() REPRESENTATION_CONTEXT('2D SPACE',''
  ) );
#3535 = PCURVE('',#3448,#3536);
#3536 = DEFINITIONAL_REPRESENTATION('',(#3537),#3541);
#3537 = LINE('',#3538,#3539);
#3538 = CARTESIAN_POINT('',(-6.28318530718,0.));
#3539 = VECTOR('',#3540,1.);
#3540 = DIRECTION('',(-0.,1.));
#3541 = ( GEOMETRIC_REPRESENTATION_CONTEXT(2) 
PARAMETRIC_REPRESENTATION_CONTEXT() REPRESENTATION_CONTEXT('2D SPACE',''
  ) );
#3542 = ORIENTED_EDGE('',*,*,#3543,.F.);
#3543 = EDGE_CURVE('',#3521,#3521,#3544,.T.);
#3544 = SURFACE_CURVE('',#3545,(#3550,#3557),.PCURVE_S1.);
#3545 = CIRCLE('',#3546,30.750887079264);
#3546 = AXIS2_PLACEMENT_3D('',#3547,#3548,#3549);
#3547 = CARTESIAN_POINT('',(0.,0.,-85.01310616666));
#3548 = DIRECTION('',(0.,0.,1.));
#3549 = DIRECTION('',(1.,0.,-0.));
#3550 = PCURVE('',#3448,#3551);
#3551 = DEFINITIONAL_REPRESENTATION('',(#3552),#3556);
#3552 = LINE('',#3553,#3554);
#3553 = CARTESIAN_POINT('',(-0.,3.069732254957));
#3554 = VECTOR('',#3555,1.);
#3555 = DIRECTION('',(-1.,0.));
#3556 = ( GEOMETRIC_REPRESENTATION_CONTEXT(2) 
PARAMETRIC_REPRESENTATION_CONTEXT() REPRESENTATION_CONTEXT('2D SPACE',''
  ) );
#3557 = PCURVE('',#3558,#3563);
#3558 = CONICAL_SURFACE('',#3559,30.750887079264,0.194619698924);
#3559 = AXIS2_PLACEMENT_3D('',#3560,#3561,#3562);
#3560 = CARTESIAN_POINT('',(0.,0.,-85.01310616666));
#3561 = DIRECTION('',(-0.,-0.,-1.));
#3562 = DIRECTION('',(1.,0.,0.));
#3563 = DEFINITIONAL_REPRESENTATION('',(#3564),#3568);
#3564 = LINE('',#3565,#3566);
#3565 = CARTESIAN_POINT('',(-0.,0.));
#3566 = VECTOR('',#3567,1.);
#3567 = DIRECTION('',(-1.,0.));
#3568 = ( GEOMETRIC_REPRESENTATION_CONTEXT(2) 
PARAMETRIC_REPRESENTATION_CONTEXT() REPRESENTATION_CONTEXT('2D SPACE',''
  ) );
#3569 = ORIENTED_EDGE('',*,*,#3520,.F.);
#3570 = ADVANCED_FACE('',(#3571),#3481,.T.);
#3571 = FACE_BOUND('',#3572,.T.);
#3572 = EDGE_LOOP('',(#3573,#3602,#3623,#3624));
#3573 = ORIENTED_EDGE('',*,*,#3574,.T.);
#3574 = EDGE_CURVE('',#3575,#3575,#3577,.T.);
#3575 = VERTEX_POINT('',#3576);
#3576 = CARTESIAN_POINT('',(36.639815120687,0.,-86.16224781283));
#3577 = SURFACE_CURVE('',#3578,(#3583,#3590),.PCURVE_S1.);
#3578 = CIRCLE('',#3579,36.639815120687);
#3579 = AXIS2_PLACEMENT_3D('',#3580,#3581,#3582);
#3580 = CARTESIAN_POINT('',(0.,0.,-86.16224781283));
#3581 = DIRECTION('',(0.,0.,1.));
#3582 = DIRECTION('',(1.,0.,-0.));
#3583 = PCURVE('',#3481,#3584);
#3584 = DEFINITIONAL_REPRESENTATION('',(#3585),#3589);
#3585 = LINE('',#3586,#3587);
#3586 = CARTESIAN_POINT('',(-0.,-0.));
#3587 = VECTOR('',#3588,1.);
#3588 = DIRECTION('',(-1.,-0.));
#3589 = ( GEOMETRIC_REPRESENTATION_CONTEXT(2) 
PARAMETRIC_REPRESENTATION_CONTEXT() REPRESENTATION_CONTEXT('2D SPACE',''
  ) );
#3590 = PCURVE('',#3591,#3596);
#3591 = CONICAL_SURFACE('',#3592,37.237721383313,0.191843274435);
#3592 = AXIS2_PLACEMENT_3D('',#3593,#3594,#3595);
#3593 = CARTESIAN_POINT('',(0.,0.,-89.24055807019));
#3594 = DIRECTION('',(-0.,-0.,-1.));
#3595 = DIRECTION('',(1.,0.,-0.));
#3596 = DEFINITIONAL_REPRESENTATION('',(#3597),#3601);
#3597 = LINE('',#3598,#3599);
#3598 = CARTESIAN_POINT('',(-0.,-3.078310257365));
#3599 = VECTOR('',#3600,1.);
#3600 = DIRECTION('',(-1.,-0.));
#3601 = ( GEOMETRIC_REPRESENTATION_CONTEXT(2) 
PARAMETRIC_REPRESENTATION_CONTEXT() REPRESENTATION_CONTEXT('2D SPACE',''
  ) );
#3602 = ORIENTED_EDGE('',*,*,#3603,.T.);
#3603 = EDGE_CURVE('',#3575,#3465,#3604,.T.);
#3604 = SEAM_CURVE('',#3605,(#3609,#3616),.PCURVE_S1.);
#3605 = LINE('',#3606,#3607);
#3606 = CARTESIAN_POINT('',(36.639815120687,0.,-86.16224781283));
#3607 = VECTOR('',#3608,1.);
#3608 = DIRECTION('',(-0.187047973117,0.,0.9823507804));
#3609 = PCURVE('',#3481,#3610);
#3610 = DEFINITIONAL_REPRESENTATION('',(#3611),#3615);
#3611 = LINE('',#3612,#3613);
#3612 = CARTESIAN_POINT('',(-0.,-0.));
#3613 = VECTOR('',#3614,1.);
#3614 = DIRECTION('',(-0.,-1.));
#3615 = ( GEOMETRIC_REPRESENTATION_CONTEXT(2) 
PARAMETRIC_REPRESENTATION_CONTEXT() REPRESENTATION_CONTEXT('2D SPACE',''
  ) );
#3616 = PCURVE('',#3481,#3617);
#3617 = DEFINITIONAL_REPRESENTATION('',(#3618),#3622);
#3618 = LINE('',#3619,#3620);
#3619 = CARTESIAN_POINT('',(-6.28318530718,-0.));
#3620 = VECTOR('',#3621,1.);
#3621 = DIRECTION('',(-0.,-1.));
#3622 = ( GEOMETRIC_REPRESENTATION_CONTEXT(2) 
PARAMETRIC_REPRESENTATION_CONTEXT() REPRESENTATION_CONTEXT('2D SPACE',''
  ) );
#3623 = ORIENTED_EDGE('',*,*,#3464,.F.);
#3624 = ORIENTED_EDGE('',*,*,#3603,.F.);
#3625 = ADVANCED_FACE('',(#3626),#3558,.F.);
#3626 = FACE_BOUND('',#3627,.T.);
#3627 = EDGE_LOOP('',(#3628,#3629,#3652,#3679));
#3628 = ORIENTED_EDGE('',*,*,#3543,.T.);
#3629 = ORIENTED_EDGE('',*,*,#3630,.T.);
#3630 = EDGE_CURVE('',#3521,#3631,#3633,.T.);
#3631 = VERTEX_POINT('',#3632);
#3632 = CARTESIAN_POINT('',(31.35323038566,0.,-88.06890722692));
#3633 = SEAM_CURVE('',#3634,(#3638,#3645),.PCURVE_S1.);
#3634 = LINE('',#3635,#3636);
#3635 = CARTESIAN_POINT('',(30.750887079264,0.,-85.01310616666));
#3636 = VECTOR('',#3637,1.);
#3637 = DIRECTION('',(0.193393427475,0.,-0.981121288226));
#3638 = PCURVE('',#3558,#3639);
#3639 = DEFINITIONAL_REPRESENTATION('',(#3640),#3644);
#3640 = LINE('',#3641,#3642);
#3641 = CARTESIAN_POINT('',(-0.,0.));
#3642 = VECTOR('',#3643,1.);
#3643 = DIRECTION('',(-0.,1.));
#3644 = ( GEOMETRIC_REPRESENTATION_CONTEXT(2) 
PARAMETRIC_REPRESENTATION_CONTEXT() REPRESENTATION_CONTEXT('2D SPACE',''
  ) );
#3645 = PCURVE('',#3558,#3646);
#3646 = DEFINITIONAL_REPRESENTATION('',(#3647),#3651);
#3647 = LINE('',#3648,#3649);
#3648 = CARTESIAN_POINT('',(-6.28318530718,0.));
#3649 = VECTOR('',#3650,1.);
#3650 = DIRECTION('',(-0.,1.));
#3651 = ( GEOMETRIC_REPRESENTATION_CONTEXT(2) 
PARAMETRIC_REPRESENTATION_CONTEXT() REPRESENTATION_CONTEXT('2D SPACE',''
  ) );
#3652 = ORIENTED_EDGE('',*,*,#3653,.F.);
#3653 = EDGE_CURVE('',#3631,#3631,#3654,.T.);
#3654 = SURFACE_CURVE('',#3655,(#3660,#3667),.PCURVE_S1.);
#3655 = CIRCLE('',#3656,31.35323038566);
#3656 = AXIS2_PLACEMENT_3D('',#3657,#3658,#3659);
#3657 = CARTESIAN_POINT('',(0.,0.,-88.06890722692));
#3658 = DIRECTION('',(0.,0.,1.));
#3659 = DIRECTION('',(1.,0.,-0.));
#3660 = PCURVE('',#3558,#3661);
#3661 = DEFINITIONAL_REPRESENTATION('',(#3662),#3666);
#3662 = LINE('',#3663,#3664);
#3663 = CARTESIAN_POINT('',(-0.,3.055801060252));
#3664 = VECTOR('',#3665,1.);
#3665 = DIRECTION('',(-1.,0.));
#3666 = ( GEOMETRIC_REPRESENTATION_CONTEXT(2) 
PARAMETRIC_REPRESENTATION_CONTEXT() REPRESENTATION_CONTEXT('2D SPACE',''
  ) );
#3667 = PCURVE('',#3668,#3673);
#3668 = CONICAL_SURFACE('',#3669,31.35323038566,0.198474022144);
#3669 = AXIS2_PLACEMENT_3D('',#3670,#3671,#3672);
#3670 = CARTESIAN_POINT('',(0.,0.,-88.06890722692));
#3671 = DIRECTION('',(-0.,-0.,-1.));
#3672 = DIRECTION('',(1.,0.,0.));
#3673 = DEFINITIONAL_REPRESENTATION('',(#3674),#3678);
#3674 = LINE('',#3675,#3676);
#3675 = CARTESIAN_POINT('',(-0.,0.));
#3676 = VECTOR('',#3677,1.);
#3677 = DIRECTION('',(-1.,0.));
#3678 = ( GEOMETRIC_REPRESENTATION_CONTEXT(2) 
PARAMETRIC_REPRESENTATION_CONTEXT() REPRESENTATION_CONTEXT('2D SPACE',''
  ) );
#3679 = ORIENTED_EDGE('',*,*,#3630,.F.);
#3680 = ADVANCED_FACE('',(#3681),#3591,.T.);
#3681 = FACE_BOUND('',#3682,.T.);
#3682 = EDGE_LOOP('',(#3683,#3712,#3733,#3734));
#3683 = ORIENTED_EDGE('',*,*,#3684,.T.);
#3684 = EDGE_CURVE('',#3685,#3685,#3687,.T.);
#3685 = VERTEX_POINT('',#3686);
#3686 = CARTESIAN_POINT('',(37.237721383313,0.,-89.24055807019));
#3687 = SURFACE_CURVE('',#3688,(#3693,#3700),.PCURVE_S1.);
#3688 = CIRCLE('',#3689,37.237721383313);
#3689 = AXIS2_PLACEMENT_3D('',#3690,#3691,#3692);
#3690 = CARTESIAN_POINT('',(0.,0.,-89.24055807019));
#3691 = DIRECTION('',(0.,0.,1.));
#3692 = DIRECTION('',(1.,0.,-0.));
#3693 = PCURVE('',#3591,#3694);
#3694 = DEFINITIONAL_REPRESENTATION('',(#3695),#3699);
#3695 = LINE('',#3696,#3697);
#3696 = CARTESIAN_POINT('',(-0.,-0.));
#3697 = VECTOR('',#3698,1.);
#3698 = DIRECTION('',(-1.,-0.));
#3699 = ( GEOMETRIC_REPRESENTATION_CONTEXT(2) 
PARAMETRIC_REPRESENTATION_CONTEXT() REPRESENTATION_CONTEXT('2D SPACE',''
  ) );
#3700 = PCURVE('',#3701,#3706);
#3701 = CONICAL_SURFACE('',#3702,37.844665288821,0.195588333969);
#3702 = AXIS2_PLACEMENT_3D('',#3703,#3704,#3705);
#3703 = CARTESIAN_POINT('',(0.,0.,-92.3040566837));
#3704 = DIRECTION('',(-0.,-0.,-1.));
#3705 = DIRECTION('',(1.,0.,-0.));
#3706 = DEFINITIONAL_REPRESENTATION('',(#3707),#3711);
#3707 = LINE('',#3708,#3709);
#3708 = CARTESIAN_POINT('',(-0.,-3.063498613512));
#3709 = VECTOR('',#3710,1.);
#3710 = DIRECTION('',(-1.,-0.));
#3711 = ( GEOMETRIC_REPRESENTATION_CONTEXT(2) 
PARAMETRIC_REPRESENTATION_CONTEXT() REPRESENTATION_CONTEXT('2D SPACE',''
  ) );
#3712 = ORIENTED_EDGE('',*,*,#3713,.T.);
#3713 = EDGE_CURVE('',#3685,#3575,#3714,.T.);
#3714 = SEAM_CURVE('',#3715,(#3719,#3726),.PCURVE_S1.);
#3715 = LINE('',#3716,#3717);
#3716 = CARTESIAN_POINT('',(37.237721383313,0.,-89.24055807019));
#3717 = VECTOR('',#3718,1.);
#3718 = DIRECTION('',(-0.190668676414,0.,0.981654448283));
#3719 = PCURVE('',#3591,#3720);
#3720 = DEFINITIONAL_REPRESENTATION('',(#3721),#3725);
#3721 = LINE('',#3722,#3723);
#3722 = CARTESIAN_POINT('',(-0.,-0.));
#3723 = VECTOR('',#3724,1.);
#3724 = DIRECTION('',(-0.,-1.));
#3725 = ( GEOMETRIC_REPRESENTATION_CONTEXT(2) 
PARAMETRIC_REPRESENTATION_CONTEXT() REPRESENTATION_CONTEXT('2D SPACE',''
  ) );
#3726 = PCURVE('',#3591,#3727);
#3727 = DEFINITIONAL_REPRESENTATION('',(#3728),#3732);
#3728 = LINE('',#3729,#3730);
#3729 = CARTESIAN_POINT('',(-6.28318530718,-0.));
#3730 = VECTOR('',#3731,1.);
#3731 = DIRECTION('',(-0.,-1.));
#3732 = ( GEOMETRIC_REPRESENTATION_CONTEXT(2) 
PARAMETRIC_REPRESENTATION_CONTEXT() REPRESENTATION_CONTEXT('2D SPACE',''
  ) );
#3733 = ORIENTED_EDGE('',*,*,#3574,.F.);
#3734 = ORIENTED_EDGE('',*,*,#3713,.F.);
#3735 = ADVANCED_FACE('',(#3736),#3668,.F.);
#3736 = FACE_BOUND('',#3737,.T.);
#3737 = EDGE_LOOP('',(#3738,#3739,#3762,#3789));
#3738 = ORIENTED_EDGE('',*,*,#3653,.T.);
#3739 = ORIENTED_EDGE('',*,*,#3740,.T.);
#3740 = EDGE_CURVE('',#3631,#3741,#3743,.T.);
#3741 = VERTEX_POINT('',#3742);
#3742 = CARTESIAN_POINT('',(31.96477065966,0.,-91.10955295832));
#3743 = SEAM_CURVE('',#3744,(#3748,#3755),.PCURVE_S1.);
#3744 = LINE('',#3745,#3746);
#3745 = CARTESIAN_POINT('',(31.35323038566,0.,-88.06890722692));
#3746 = VECTOR('',#3747,1.);
#3747 = DIRECTION('',(0.197173540169,0.,-0.980368601628));
#3748 = PCURVE('',#3668,#3749);
#3749 = DEFINITIONAL_REPRESENTATION('',(#3750),#3754);
#3750 = LINE('',#3751,#3752);
#3751 = CARTESIAN_POINT('',(-0.,0.));
#3752 = VECTOR('',#3753,1.);
#3753 = DIRECTION('',(-0.,1.));
#3754 = ( GEOMETRIC_REPRESENTATION_CONTEXT(2) 
PARAMETRIC_REPRESENTATION_CONTEXT() REPRESENTATION_CONTEXT('2D SPACE',''
  ) );
#3755 = PCURVE('',#3668,#3756);
#3756 = DEFINITIONAL_REPRESENTATION('',(#3757),#3761);
#3757 = LINE('',#3758,#3759);
#3758 = CARTESIAN_POINT('',(-6.28318530718,0.));
#3759 = VECTOR('',#3760,1.);
#3760 = DIRECTION('',(-0.,1.));
#3761 = ( GEOMETRIC_REPRESENTATION_CONTEXT(2) 
PARAMETRIC_REPRESENTATION_CONTEXT() REPRESENTATION_CONTEXT('2D SPACE',''
  ) );
#3762 = ORIENTED_EDGE('',*,*,#3763,.F.);
#3763 = EDGE_CURVE('',#3741,#3741,#3764,.T.);
#3764 = SURFACE_CURVE('',#3765,(#3770,#3777),.PCURVE_S1.);
#3765 = CIRCLE('',#3766,31.96477065966);
#3766 = AXIS2_PLACEMENT_3D('',#3767,#3768,#3769);
#3767 = CARTESIAN_POINT('',(0.,0.,-91.10955295832));
#3768 = DIRECTION('',(0.,0.,1.));
#3769 = DIRECTION('',(1.,0.,-0.));
#3770 = PCURVE('',#3668,#3771);
#3771 = DEFINITIONAL_REPRESENTATION('',(#3772),#3776);
#3772 = LINE('',#3773,#3774);
#3773 = CARTESIAN_POINT('',(-0.,3.040645731403));
#3774 = VECTOR('',#3775,1.);
#3775 = DIRECTION('',(-1.,0.));
#3776 = ( GEOMETRIC_REPRESENTATION_CONTEXT(2) 
PARAMETRIC_REPRESENTATION_CONTEXT() REPRESENTATION_CONTEXT('2D SPACE',''
  ) );
#3777 = PCURVE('',#3778,#3783);
#3778 = CONICAL_SURFACE('',#3779,31.96477065966,0.20238938083);
#3779 = AXIS2_PLACEMENT_3D('',#3780,#3781,#3782);
#3780 = CARTESIAN_POINT('',(0.,0.,-91.10955295832));
#3781 = DIRECTION('',(-0.,-0.,-1.));
#3782 = DIRECTION('',(1.,0.,0.));
#3783 = DEFINITIONAL_REPRESENTATION('',(#3784),#3788);
#3784 = LINE('',#3785,#3786);
#3785 = CARTESIAN_POINT('',(-0.,0.));
#3786 = VECTOR('',#3787,1.);
#3787 = DIRECTION('',(-1.,0.));
#3788 = ( GEOMETRIC_REPRESENTATION_CONTEXT(2) 
PARAMETRIC_REPRESENTATION_CONTEXT() REPRESENTATION_CONTEXT('2D SPACE',''
  ) );
#3789 = ORIENTED_EDGE('',*,*,#3740,.F.);
#3790 = ADVANCED_FACE('',(#3791),#3701,.T.);
#3791 = FACE_BOUND('',#3792,.T.);
#3792 = EDGE_LOOP('',(#3793,#3822,#3843,#3844));
#3793 = ORIENTED_EDGE('',*,*,#3794,.T.);
#3794 = EDGE_CURVE('',#3795,#3795,#3797,.T.);
#3795 = VERTEX_POINT('',#3796);
#3796 = CARTESIAN_POINT('',(37.844665288821,0.,-92.3040566837));
#3797 = SURFACE_CURVE('',#3798,(#3803,#3810),.PCURVE_S1.);
#3798 = CIRCLE('',#3799,37.844665288821);
#3799 = AXIS2_PLACEMENT_3D('',#3800,#3801,#3802);
#3800 = CARTESIAN_POINT('',(0.,0.,-92.3040566837));
#3801 = DIRECTION('',(0.,0.,1.));
#3802 = DIRECTION('',(1.,0.,-0.));
#3803 = PCURVE('',#3701,#3804);
#3804 = DEFINITIONAL_REPRESENTATION('',(#3805),#3809);
#3805 = LINE('',#3806,#3807);
#3806 = CARTESIAN_POINT('',(-0.,-0.));
#3807 = VECTOR('',#3808,1.);
#3808 = DIRECTION('',(-1.,-0.));
#3809 = ( GEOMETRIC_REPRESENTATION_CONTEXT(2) 
PARAMETRIC_REPRESENTATION_CONTEXT() REPRESENTATION_CONTEXT('2D SPACE',''
  ) );
#3810 = PCURVE('',#3811,#3816);
#3811 = CONICAL_SURFACE('',#3812,38.460507219256,0.199390639215);
#3812 = AXIS2_PLACEMENT_3D('',#3813,#3814,#3815);
#3813 = CARTESIAN_POINT('',(0.,0.,-95.35163681918));
#3814 = DIRECTION('',(-0.,-0.,-1.));
#3815 = DIRECTION('',(1.,0.,-0.));
#3816 = DEFINITIONAL_REPRESENTATION('',(#3817),#3821);
#3817 = LINE('',#3818,#3819);
#3818 = CARTESIAN_POINT('',(-0.,-3.047580135477));
#3819 = VECTOR('',#3820,1.);
#3820 = DIRECTION('',(-1.,-0.));
#3821 = ( GEOMETRIC_REPRESENTATION_CONTEXT(2) 
PARAMETRIC_REPRESENTATION_CONTEXT() REPRESENTATION_CONTEXT('2D SPACE',''
  ) );
#3822 = ORIENTED_EDGE('',*,*,#3823,.T.);
#3823 = EDGE_CURVE('',#3795,#3685,#3824,.T.);
#3824 = SEAM_CURVE('',#3825,(#3829,#3836),.PCURVE_S1.);
#3825 = LINE('',#3826,#3827);
#3826 = CARTESIAN_POINT('',(37.844665288821,0.,-92.3040566837));
#3827 = VECTOR('',#3828,1.);
#3828 = DIRECTION('',(-0.194343685063,0.,0.980933500333));
#3829 = PCURVE('',#3701,#3830);
#3830 = DEFINITIONAL_REPRESENTATION('',(#3831),#3835);
#3831 = LINE('',#3832,#3833);
#3832 = CARTESIAN_POINT('',(-0.,-0.));
#3833 = VECTOR('',#3834,1.);
#3834 = DIRECTION('',(-0.,-1.));
#3835 = ( GEOMETRIC_REPRESENTATION_CONTEXT(2) 
PARAMETRIC_REPRESENTATION_CONTEXT() REPRESENTATION_CONTEXT('2D SPACE',''
  ) );
#3836 = PCURVE('',#3701,#3837);
#3837 = DEFINITIONAL_REPRESENTATION('',(#3838),#3842);
#3838 = LINE('',#3839,#3840);
#3839 = CARTESIAN_POINT('',(-6.28318530718,-0.));
#3840 = VECTOR('',#3841,1.);
#3841 = DIRECTION('',(-0.,-1.));
#3842 = ( GEOMETRIC_REPRESENTATION_CONTEXT(2) 
PARAMETRIC_REPRESENTATION_CONTEXT() REPRESENTATION_CONTEXT('2D SPACE',''
  ) );
#3843 = ORIENTED_EDGE('',*,*,#3684,.F.);
#3844 = ORIENTED_EDGE('',*,*,#3823,.F.);
#3845 = ADVANCED_FACE('',(#3846),#3778,.F.);
#3846 = FACE_BOUND('',#3847,.T.);
#3847 = EDGE_LOOP('',(#3848,#3849,#3872,#3899));
#3848 = ORIENTED_EDGE('',*,*,#3763,.T.);
#3849 = ORIENTED_EDGE('',*,*,#3850,.T.);
#3850 = EDGE_CURVE('',#3741,#3851,#3853,.T.);
#3851 = VERTEX_POINT('',#3852);
#3852 = CARTESIAN_POINT('',(32.585371612206,0.,-94.13394161973));
#3853 = SEAM_CURVE('',#3854,(#3858,#3865),.PCURVE_S1.);
#3854 = LINE('',#3855,#3856);
#3855 = CARTESIAN_POINT('',(31.96477065966,0.,-91.10955295832));
#3856 = VECTOR('',#3857,1.);
#3857 = DIRECTION('',(0.201010513745,0.,-0.979589083935));
#3858 = PCURVE('',#3778,#3859);
#3859 = DEFINITIONAL_REPRESENTATION('',(#3860),#3864);
#3860 = LINE('',#3861,#3862);
#3861 = CARTESIAN_POINT('',(-0.,0.));
#3862 = VECTOR('',#3863,1.);
#3863 = DIRECTION('',(-0.,1.));
#3864 = ( GEOMETRIC_REPRESENTATION_CONTEXT(2) 
PARAMETRIC_REPRESENTATION_CONTEXT() REPRESENTATION_CONTEXT('2D SPACE',''
  ) );
#3865 = PCURVE('',#3778,#3866);
#3866 = DEFINITIONAL_REPRESENTATION('',(#3867),#3871);
#3867 = LINE('',#3868,#3869);
#3868 = CARTESIAN_POINT('',(-6.28318530718,0.));
#3869 = VECTOR('',#3870,1.);
#3870 = DIRECTION('',(-0.,1.));
#3871 = ( GEOMETRIC_REPRESENTATION_CONTEXT(2) 
PARAMETRIC_REPRESENTATION_CONTEXT() REPRESENTATION_CONTEXT('2D SPACE',''
  ) );
#3872 = ORIENTED_EDGE('',*,*,#3873,.F.);
#3873 = EDGE_CURVE('',#3851,#3851,#3874,.T.);
#3874 = SURFACE_CURVE('',#3875,(#3880,#3887),.PCURVE_S1.);
#3875 = CIRCLE('',#3876,32.585371612206);
#3876 = AXIS2_PLACEMENT_3D('',#3877,#3878,#3879);
#3877 = CARTESIAN_POINT('',(0.,0.,-94.13394161973));
#3878 = DIRECTION('',(0.,0.,1.));
#3879 = DIRECTION('',(1.,0.,-0.));
#3880 = PCURVE('',#3778,#3881);
#3881 = DEFINITIONAL_REPRESENTATION('',(#3882),#3886);
#3882 = LINE('',#3883,#3884);
#3883 = CARTESIAN_POINT('',(-0.,3.02438866141));
#3884 = VECTOR('',#3885,1.);
#3885 = DIRECTION('',(-1.,0.));
#3886 = ( GEOMETRIC_REPRESENTATION_CONTEXT(2) 
PARAMETRIC_REPRESENTATION_CONTEXT() REPRESENTATION_CONTEXT('2D SPACE',''
  ) );
#3887 = PCURVE('',#3888,#3893);
#3888 = CONICAL_SURFACE('',#3889,32.585371612206,0.2063651322);
#3889 = AXIS2_PLACEMENT_3D('',#3890,#3891,#3892);
#3890 = CARTESIAN_POINT('',(0.,0.,-94.13394161973));
#3891 = DIRECTION('',(-0.,-0.,-1.));
#3892 = DIRECTION('',(1.,0.,0.));
#3893 = DEFINITIONAL_REPRESENTATION('',(#3894),#3898);
#3894 = LINE('',#3895,#3896);
#3895 = CARTESIAN_POINT('',(-0.,0.));
#3896 = VECTOR('',#3897,1.);
#3897 = DIRECTION('',(-1.,0.));
#3898 = ( GEOMETRIC_REPRESENTATION_CONTEXT(2) 
PARAMETRIC_REPRESENTATION_CONTEXT() REPRESENTATION_CONTEXT('2D SPACE',''
  ) );
#3899 = ORIENTED_EDGE('',*,*,#3850,.F.);
#3900 = ADVANCED_FACE('',(#3901),#3811,.T.);
#3901 = FACE_BOUND('',#3902,.T.);
#3902 = EDGE_LOOP('',(#3903,#3932,#3953,#3954));
#3903 = ORIENTED_EDGE('',*,*,#3904,.T.);
#3904 = EDGE_CURVE('',#3905,#3905,#3907,.T.);
#3905 = VERTEX_POINT('',#3906);
#3906 = CARTESIAN_POINT('',(38.460507219256,0.,-95.35163681918));
#3907 = SURFACE_CURVE('',#3908,(#3913,#3920),.PCURVE_S1.);
#3908 = CIRCLE('',#3909,38.460507219256);
#3909 = AXIS2_PLACEMENT_3D('',#3910,#3911,#3912);
#3910 = CARTESIAN_POINT('',(0.,0.,-95.35163681918));
#3911 = DIRECTION('',(0.,0.,1.));
#3912 = DIRECTION('',(1.,0.,-0.));
#3913 = PCURVE('',#3811,#3914);
#3914 = DEFINITIONAL_REPRESENTATION('',(#3915),#3919);
#3915 = LINE('',#3916,#3917);
#3916 = CARTESIAN_POINT('',(-0.,-0.));
#3917 = VECTOR('',#3918,1.);
#3918 = DIRECTION('',(-1.,-0.));
#3919 = ( GEOMETRIC_REPRESENTATION_CONTEXT(2) 
PARAMETRIC_REPRESENTATION_CONTEXT() REPRESENTATION_CONTEXT('2D SPACE',''
  ) );
#3920 = PCURVE('',#3921,#3926);
#3921 = CONICAL_SURFACE('',#3922,39.085113392902,0.203249476799);
#3922 = AXIS2_PLACEMENT_3D('',#3923,#3924,#3925);
#3923 = CARTESIAN_POINT('',(0.,0.,-98.38230387351));
#3924 = DIRECTION('',(-0.,-0.,-1.));
#3925 = DIRECTION('',(1.,0.,-0.));
#3926 = DEFINITIONAL_REPRESENTATION('',(#3927),#3931);
#3927 = LINE('',#3928,#3929);
#3928 = CARTESIAN_POINT('',(-0.,-3.030667054326));
#3929 = VECTOR('',#3930,1.);
#3930 = DIRECTION('',(-1.,-0.));
#3931 = ( GEOMETRIC_REPRESENTATION_CONTEXT(2) 
PARAMETRIC_REPRESENTATION_CONTEXT() REPRESENTATION_CONTEXT('2D SPACE',''
  ) );
#3932 = ORIENTED_EDGE('',*,*,#3933,.T.);
#3933 = EDGE_CURVE('',#3905,#3795,#3934,.T.);
#3934 = SEAM_CURVE('',#3935,(#3939,#3946),.PCURVE_S1.);
#3935 = LINE('',#3936,#3937);
#3936 = CARTESIAN_POINT('',(38.460507219256,0.,-95.35163681918));
#3937 = VECTOR('',#3938,1.);
#3938 = DIRECTION('',(-0.198072079808,0.,0.980187457174));
#3939 = PCURVE('',#3811,#3940);
#3940 = DEFINITIONAL_REPRESENTATION('',(#3941),#3945);
#3941 = LINE('',#3942,#3943);
#3942 = CARTESIAN_POINT('',(-0.,-0.));
#3943 = VECTOR('',#3944,1.);
#3944 = DIRECTION('',(-0.,-1.));
#3945 = ( GEOMETRIC_REPRESENTATION_CONTEXT(2) 
PARAMETRIC_REPRESENTATION_CONTEXT() REPRESENTATION_CONTEXT('2D SPACE',''
  ) );
#3946 = PCURVE('',#3811,#3947);
#3947 = DEFINITIONAL_REPRESENTATION('',(#3948),#3952);
#3948 = LINE('',#3949,#3950);
#3949 = CARTESIAN_POINT('',(-6.28318530718,-0.));
#3950 = VECTOR('',#3951,1.);
#3951 = DIRECTION('',(-0.,-1.));
#3952 = ( GEOMETRIC_REPRESENTATION_CONTEXT(2) 
PARAMETRIC_REPRESENTATION_CONTEXT() REPRESENTATION_CONTEXT('2D SPACE',''
  ) );
#3953 = ORIENTED_EDGE('',*,*,#3794,.F.);
#3954 = ORIENTED_EDGE('',*,*,#3933,.F.);
#3955 = ADVANCED_FACE('',(#3956),#3888,.F.);
#3956 = FACE_BOUND('',#3957,.T.);
#3957 = EDGE_LOOP('',(#3958,#3959,#3982,#4009));
#3958 = ORIENTED_EDGE('',*,*,#3873,.T.);
#3959 = ORIENTED_EDGE('',*,*,#3960,.T.);
#3960 = EDGE_CURVE('',#3851,#3961,#3963,.T.);
#3961 = VERTEX_POINT('',#3962);
#3962 = CARTESIAN_POINT('',(33.214902839817,0.,-97.14108348113));
#3963 = SEAM_CURVE('',#3964,(#3968,#3975),.PCURVE_S1.);
#3964 = LINE('',#3965,#3966);
#3965 = CARTESIAN_POINT('',(32.585371612206,0.,-94.13394161973));
#3966 = VECTOR('',#3967,1.);
#3967 = DIRECTION('',(0.204903517483,0.,-0.978782176239));
#3968 = PCURVE('',#3888,#3969);
#3969 = DEFINITIONAL_REPRESENTATION('',(#3970),#3974);
#3970 = LINE('',#3971,#3972);
#3971 = CARTESIAN_POINT('',(-0.,0.));
#3972 = VECTOR('',#3973,1.);
#3973 = DIRECTION('',(-0.,1.));
#3974 = ( GEOMETRIC_REPRESENTATION_CONTEXT(2) 
PARAMETRIC_REPRESENTATION_CONTEXT() REPRESENTATION_CONTEXT('2D SPACE',''
  ) );
#3975 = PCURVE('',#3888,#3976);
#3976 = DEFINITIONAL_REPRESENTATION('',(#3977),#3981);
#3977 = LINE('',#3978,#3979);
#3978 = CARTESIAN_POINT('',(-6.28318530718,0.));
#3979 = VECTOR('',#3980,1.);
#3980 = DIRECTION('',(-0.,1.));
#3981 = ( GEOMETRIC_REPRESENTATION_CONTEXT(2) 
PARAMETRIC_REPRESENTATION_CONTEXT() REPRESENTATION_CONTEXT('2D SPACE',''
  ) );
#3982 = ORIENTED_EDGE('',*,*,#3983,.F.);
#3983 = EDGE_CURVE('',#3961,#3961,#3984,.T.);
#3984 = SURFACE_CURVE('',#3985,(#3990,#3997),.PCURVE_S1.);
#3985 = CIRCLE('',#3986,33.214902839817);
#3986 = AXIS2_PLACEMENT_3D('',#3987,#3988,#3989);
#3987 = CARTESIAN_POINT('',(0.,0.,-97.14108348113));
#3988 = DIRECTION('',(0.,0.,1.));
#3989 = DIRECTION('',(1.,0.,-0.));
#3990 = PCURVE('',#3888,#3991);
#3991 = DEFINITIONAL_REPRESENTATION('',(#3992),#3996);
#3992 = LINE('',#3993,#3994);
#3993 = CARTESIAN_POINT('',(-0.,3.0071418614));
#3994 = VECTOR('',#3995,1.);
#3995 = DIRECTION('',(-1.,0.));
#3996 = ( GEOMETRIC_REPRESENTATION_CONTEXT(2) 
PARAMETRIC_REPRESENTATION_CONTEXT() REPRESENTATION_CONTEXT('2D SPACE',''
  ) );
#3997 = PCURVE('',#3998,#4003);
#3998 = CONICAL_SURFACE('',#3999,33.214902839817,0.210400675419);
#3999 = AXIS2_PLACEMENT_3D('',#4000,#4001,#4002);
#4000 = CARTESIAN_POINT('',(0.,0.,-97.14108348113));
#4001 = DIRECTION('',(-0.,-0.,-1.));
#4002 = DIRECTION('',(1.,0.,0.));
#4003 = DEFINITIONAL_REPRESENTATION('',(#4004),#4008);
#4004 = LINE('',#4005,#4006);
#4005 = CARTESIAN_POINT('',(-0.,0.));
#4006 = VECTOR('',#4007,1.);
#4007 = DIRECTION('',(-1.,0.));
#4008 = ( GEOMETRIC_REPRESENTATION_CONTEXT(2) 
PARAMETRIC_REPRESENTATION_CONTEXT() REPRESENTATION_CONTEXT('2D SPACE',''
  ) );
#4009 = ORIENTED_EDGE('',*,*,#3960,.F.);
#4010 = ADVANCED_FACE('',(#4011),#3921,.T.);
#4011 = FACE_BOUND('',#4012,.T.);
#4012 = EDGE_LOOP('',(#4013,#4042,#4063,#4064));
#4013 = ORIENTED_EDGE('',*,*,#4014,.T.);
#4014 = EDGE_CURVE('',#4015,#4015,#4017,.T.);
#4015 = VERTEX_POINT('',#4016);
#4016 = CARTESIAN_POINT('',(39.085113392902,0.,-98.38230387351));
#4017 = SURFACE_CURVE('',#4018,(#4023,#4030),.PCURVE_S1.);
#4018 = CIRCLE('',#4019,39.085113392902);
#4019 = AXIS2_PLACEMENT_3D('',#4020,#4021,#4022);
#4020 = CARTESIAN_POINT('',(0.,0.,-98.38230387351));
#4021 = DIRECTION('',(0.,0.,1.));
#4022 = DIRECTION('',(1.,0.,-0.));
#4023 = PCURVE('',#3921,#4024);
#4024 = DEFINITIONAL_REPRESENTATION('',(#4025),#4029);
#4025 = LINE('',#4026,#4027);
#4026 = CARTESIAN_POINT('',(-0.,-0.));
#4027 = VECTOR('',#4028,1.);
#4028 = DIRECTION('',(-1.,-0.));
#4029 = ( GEOMETRIC_REPRESENTATION_CONTEXT(2) 
PARAMETRIC_REPRESENTATION_CONTEXT() REPRESENTATION_CONTEXT('2D SPACE',''
  ) );
#4030 = PCURVE('',#4031,#4036);
#4031 = CONICAL_SURFACE('',#4032,39.718355453081,0.207164174708);
#4032 = AXIS2_PLACEMENT_3D('',#4033,#4034,#4035);
#4033 = CARTESIAN_POINT('',(0.,0.,-101.3951659524));
#4034 = DIRECTION('',(-0.,-0.,-1.));
#4035 = DIRECTION('',(1.,0.,-0.));
#4036 = DEFINITIONAL_REPRESENTATION('',(#4037),#4041);
#4037 = LINE('',#4038,#4039);
#4038 = CARTESIAN_POINT('',(-0.,-3.012862078916));
#4039 = VECTOR('',#4040,1.);
#4040 = DIRECTION('',(-1.,-0.));
#4041 = ( GEOMETRIC_REPRESENTATION_CONTEXT(2) 
PARAMETRIC_REPRESENTATION_CONTEXT() REPRESENTATION_CONTEXT('2D SPACE',''
  ) );
#4042 = ORIENTED_EDGE('',*,*,#4043,.T.);
#4043 = EDGE_CURVE('',#4015,#3905,#4044,.T.);
#4044 = SEAM_CURVE('',#4045,(#4049,#4056),.PCURVE_S1.);
#4045 = LINE('',#4046,#4047);
#4046 = CARTESIAN_POINT('',(39.085113392902,0.,-98.38230387351));
#4047 = VECTOR('',#4048,1.);
#4048 = DIRECTION('',(-0.201852979913,0.,0.979415833291));
#4049 = PCURVE('',#3921,#4050);
#4050 = DEFINITIONAL_REPRESENTATION('',(#4051),#4055);
#4051 = LINE('',#4052,#4053);
#4052 = CARTESIAN_POINT('',(-0.,-0.));
#4053 = VECTOR('',#4054,1.);
#4054 = DIRECTION('',(-0.,-1.));
#4055 = ( GEOMETRIC_REPRESENTATION_CONTEXT(2) 
PARAMETRIC_REPRESENTATION_CONTEXT() REPRESENTATION_CONTEXT('2D SPACE',''
  ) );
#4056 = PCURVE('',#3921,#4057);
#4057 = DEFINITIONAL_REPRESENTATION('',(#4058),#4062);
#4058 = LINE('',#4059,#4060);
#4059 = CARTESIAN_POINT('',(-6.28318530718,-0.));
#4060 = VECTOR('',#4061,1.);
#4061 = DIRECTION('',(-0.,-1.));
#4062 = ( GEOMETRIC_REPRESENTATION_CONTEXT(2) 
PARAMETRIC_REPRESENTATION_CONTEXT() REPRESENTATION_CONTEXT('2D SPACE',''
  ) );
#4063 = ORIENTED_EDGE('',*,*,#3904,.F.);
#4064 = ORIENTED_EDGE('',*,*,#4043,.F.);
#4065 = ADVANCED_FACE('',(#4066),#3998,.F.);
#4066 = FACE_BOUND('',#4067,.T.);
#4067 = EDGE_LOOP('',(#4068,#4069,#4092,#4119));
#4068 = ORIENTED_EDGE('',*,*,#3983,.T.);
#4069 = ORIENTED_EDGE('',*,*,#4070,.T.);
#4070 = EDGE_CURVE('',#3961,#4071,#4073,.T.);
#4071 = VERTEX_POINT('',#4072);
#4072 = CARTESIAN_POINT('',(33.85323941277,0.,-100.1300913168));
#4073 = SEAM_CURVE('',#4074,(#4078,#4085),.PCURVE_S1.);
#4074 = LINE('',#4075,#4076);
#4075 = CARTESIAN_POINT('',(33.214902839817,0.,-97.14108348113));
#4076 = VECTOR('',#4077,1.);
#4077 = DIRECTION('',(0.208851756049,0.,-0.977947311462));
#4078 = PCURVE('',#3998,#4079);
#4079 = DEFINITIONAL_REPRESENTATION('',(#4080),#4084);
#4080 = LINE('',#4081,#4082);
#4081 = CARTESIAN_POINT('',(-0.,0.));
#4082 = VECTOR('',#4083,1.);
#4083 = DIRECTION('',(-0.,1.));
#4084 = ( GEOMETRIC_REPRESENTATION_CONTEXT(2) 
PARAMETRIC_REPRESENTATION_CONTEXT() REPRESENTATION_CONTEXT('2D SPACE',''
  ) );
#4085 = PCURVE('',#3998,#4086);
#4086 = DEFINITIONAL_REPRESENTATION('',(#4087),#4091);
#4087 = LINE('',#4088,#4089);
#4088 = CARTESIAN_POINT('',(-6.28318530718,0.));
#4089 = VECTOR('',#4090,1.);
#4090 = DIRECTION('',(-0.,1.));
#4091 = ( GEOMETRIC_REPRESENTATION_CONTEXT(2) 
PARAMETRIC_REPRESENTATION_CONTEXT() REPRESENTATION_CONTEXT('2D SPACE',''
  ) );
#4092 = ORIENTED_EDGE('',*,*,#4093,.F.);
#4093 = EDGE_CURVE('',#4071,#4071,#4094,.T.);
#4094 = SURFACE_CURVE('',#4095,(#4100,#4107),.PCURVE_S1.);
#4095 = CIRCLE('',#4096,33.85323941277);
#4096 = AXIS2_PLACEMENT_3D('',#4097,#4098,#4099);
#4097 = CARTESIAN_POINT('',(0.,0.,-100.1300913168));
#4098 = DIRECTION('',(0.,0.,1.));
#4099 = DIRECTION('',(1.,0.,-0.));
#4100 = PCURVE('',#3998,#4101);
#4101 = DEFINITIONAL_REPRESENTATION('',(#4102),#4106);
#4102 = LINE('',#4103,#4104);
#4103 = CARTESIAN_POINT('',(-0.,2.989007835676));
#4104 = VECTOR('',#4105,1.);
#4105 = DIRECTION('',(-1.,0.));
#4106 = ( GEOMETRIC_REPRESENTATION_CONTEXT(2) 
PARAMETRIC_REPRESENTATION_CONTEXT() REPRESENTATION_CONTEXT('2D SPACE',''
  ) );
#4107 = PCURVE('',#4108,#4113);
#4108 = CONICAL_SURFACE('',#4109,33.85323941277,0.214495449306);
#4109 = AXIS2_PLACEMENT_3D('',#4110,#4111,#4112);
#4110 = CARTESIAN_POINT('',(0.,0.,-100.1300913168));
#4111 = DIRECTION('',(-0.,-0.,-1.));
#4112 = DIRECTION('',(1.,0.,0.));
#4113 = DEFINITIONAL_REPRESENTATION('',(#4114),#4118);
#4114 = LINE('',#4115,#4116);
#4115 = CARTESIAN_POINT('',(-0.,0.));
#4116 = VECTOR('',#4117,1.);
#4117 = DIRECTION('',(-1.,0.));
#4118 = ( GEOMETRIC_REPRESENTATION_CONTEXT(2) 
PARAMETRIC_REPRESENTATION_CONTEXT() REPRESENTATION_CONTEXT('2D SPACE',''
  ) );
#4119 = ORIENTED_EDGE('',*,*,#4070,.F.);
#4120 = ADVANCED_FACE('',(#4121),#4031,.T.);
#4121 = FACE_BOUND('',#4122,.T.);
#4122 = EDGE_LOOP('',(#4123,#4152,#4173,#4174));
#4123 = ORIENTED_EDGE('',*,*,#4124,.T.);
#4124 = EDGE_CURVE('',#4125,#4125,#4127,.T.);
#4125 = VERTEX_POINT('',#4126);
#4126 = CARTESIAN_POINT('',(39.718355453081,0.,-101.3951659524));
#4127 = SURFACE_CURVE('',#4128,(#4133,#4140),.PCURVE_S1.);
#4128 = CIRCLE('',#4129,39.718355453081);
#4129 = AXIS2_PLACEMENT_3D('',#4130,#4131,#4132);
#4130 = CARTESIAN_POINT('',(0.,0.,-101.3951659524));
#4131 = DIRECTION('',(0.,0.,1.));
#4132 = DIRECTION('',(1.,0.,-0.));
#4133 = PCURVE('',#4031,#4134);
#4134 = DEFINITIONAL_REPRESENTATION('',(#4135),#4139);
#4135 = LINE('',#4136,#4137);
#4136 = CARTESIAN_POINT('',(-0.,-0.));
#4137 = VECTOR('',#4138,1.);
#4138 = DIRECTION('',(-1.,-0.));
#4139 = ( GEOMETRIC_REPRESENTATION_CONTEXT(2) 
PARAMETRIC_REPRESENTATION_CONTEXT() REPRESENTATION_CONTEXT('2D SPACE',''
  ) );
#4140 = PCURVE('',#4141,#4146);
#4141 = CONICAL_SURFACE('',#4142,40.360110095993,0.211134100036);
#4142 = AXIS2_PLACEMENT_3D('',#4143,#4144,#4145);
#4143 = CARTESIAN_POINT('',(0.,0.,-104.3894251471));
#4144 = DIRECTION('',(-0.,-0.,-1.));
#4145 = DIRECTION('',(1.,0.,-0.));
#4146 = DEFINITIONAL_REPRESENTATION('',(#4147),#4151);
#4147 = LINE('',#4148,#4149);
#4148 = CARTESIAN_POINT('',(-0.,-2.99425919473));
#4149 = VECTOR('',#4150,1.);
#4150 = DIRECTION('',(-1.,-0.));
#4151 = ( GEOMETRIC_REPRESENTATION_CONTEXT(2) 
PARAMETRIC_REPRESENTATION_CONTEXT() REPRESENTATION_CONTEXT('2D SPACE',''
  ) );
#4152 = ORIENTED_EDGE('',*,*,#4153,.T.);
#4153 = EDGE_CURVE('',#4125,#4015,#4154,.T.);
#4154 = SEAM_CURVE('',#4155,(#4159,#4166),.PCURVE_S1.);
#4155 = LINE('',#4156,#4157);
#4156 = CARTESIAN_POINT('',(39.718355453081,0.,-101.3951659524));
#4157 = VECTOR('',#4158,1.);
#4158 = DIRECTION('',(-0.205685540553,0.,0.978618137175));
#4159 = PCURVE('',#4031,#4160);
#4160 = DEFINITIONAL_REPRESENTATION('',(#4161),#4165);
#4161 = LINE('',#4162,#4163);
#4162 = CARTESIAN_POINT('',(-0.,-0.));
#4163 = VECTOR('',#4164,1.);
#4164 = DIRECTION('',(-0.,-1.));
#4165 = ( GEOMETRIC_REPRESENTATION_CONTEXT(2) 
PARAMETRIC_REPRESENTATION_CONTEXT() REPRESENTATION_CONTEXT('2D SPACE',''
  ) );
#4166 = PCURVE('',#4031,#4167);
#4167 = DEFINITIONAL_REPRESENTATION('',(#4168),#4172);
#4168 = LINE('',#4169,#4170);
#4169 = CARTESIAN_POINT('',(-6.28318530718,-0.));
#4170 = VECTOR('',#4171,1.);
#4171 = DIRECTION('',(-0.,-1.));
#4172 = ( GEOMETRIC_REPRESENTATION_CONTEXT(2) 
PARAMETRIC_REPRESENTATION_CONTEXT() REPRESENTATION_CONTEXT('2D SPACE',''
  ) );
#4173 = ORIENTED_EDGE('',*,*,#4014,.F.);
#4174 = ORIENTED_EDGE('',*,*,#4153,.F.);
#4175 = ADVANCED_FACE('',(#4176),#4108,.F.);
#4176 = FACE_BOUND('',#4177,.T.);
#4177 = EDGE_LOOP('',(#4178,#4179,#4202,#4229));
#4178 = ORIENTED_EDGE('',*,*,#4093,.T.);
#4179 = ORIENTED_EDGE('',*,*,#4180,.T.);
#4180 = EDGE_CURVE('',#4071,#4181,#4183,.T.);
#4181 = VERTEX_POINT('',#4182);
#4182 = CARTESIAN_POINT('',(34.500261502519,0.,-103.1001716959));
#4183 = SEAM_CURVE('',#4184,(#4188,#4195),.PCURVE_S1.);
#4184 = LINE('',#4185,#4186);
#4185 = CARTESIAN_POINT('',(33.85323941277,0.,-100.1300913168));
#4186 = VECTOR('',#4187,1.);
#4187 = DIRECTION('',(0.212854467048,0.,-0.97708391444));
#4188 = PCURVE('',#4108,#4189);
#4189 = DEFINITIONAL_REPRESENTATION('',(#4190),#4194);
#4190 = LINE('',#4191,#4192);
#4191 = CARTESIAN_POINT('',(-0.,0.));
#4192 = VECTOR('',#4193,1.);
#4193 = DIRECTION('',(-0.,1.));
#4194 = ( GEOMETRIC_REPRESENTATION_CONTEXT(2) 
PARAMETRIC_REPRESENTATION_CONTEXT() REPRESENTATION_CONTEXT('2D SPACE',''
  ) );
#4195 = PCURVE('',#4108,#4196);
#4196 = DEFINITIONAL_REPRESENTATION('',(#4197),#4201);
#4197 = LINE('',#4198,#4199);
#4198 = CARTESIAN_POINT('',(-6.28318530718,0.));
#4199 = VECTOR('',#4200,1.);
#4200 = DIRECTION('',(-0.,1.));
#4201 = ( GEOMETRIC_REPRESENTATION_CONTEXT(2) 
PARAMETRIC_REPRESENTATION_CONTEXT() REPRESENTATION_CONTEXT('2D SPACE',''
  ) );
#4202 = ORIENTED_EDGE('',*,*,#4203,.F.);
#4203 = EDGE_CURVE('',#4181,#4181,#4204,.T.);
#4204 = SURFACE_CURVE('',#4205,(#4210,#4217),.PCURVE_S1.);
#4205 = CIRCLE('',#4206,34.500261502519);
#4206 = AXIS2_PLACEMENT_3D('',#4207,#4208,#4209);
#4207 = CARTESIAN_POINT('',(0.,0.,-103.1001716959));
#4208 = DIRECTION('',(0.,0.,1.));
#4209 = DIRECTION('',(1.,0.,-0.));
#4210 = PCURVE('',#4108,#4211);
#4211 = DEFINITIONAL_REPRESENTATION('',(#4212),#4216);
#4212 = LINE('',#4213,#4214);
#4213 = CARTESIAN_POINT('',(-0.,2.970080379095));
#4214 = VECTOR('',#4215,1.);
#4215 = DIRECTION('',(-1.,0.));
#4216 = ( GEOMETRIC_REPRESENTATION_CONTEXT(2) 
PARAMETRIC_REPRESENTATION_CONTEXT() REPRESENTATION_CONTEXT('2D SPACE',''
  ) );
#4217 = PCURVE('',#4218,#4223);
#4218 = CONICAL_SURFACE('',#4219,34.500261502519,0.21864893028);
#4219 = AXIS2_PLACEMENT_3D('',#4220,#4221,#4222);
#4220 = CARTESIAN_POINT('',(0.,0.,-103.1001716959));
#4221 = DIRECTION('',(-0.,-0.,-1.));
#4222 = DIRECTION('',(1.,0.,0.));
#4223 = DEFINITIONAL_REPRESENTATION('',(#4224),#4228);
#4224 = LINE('',#4225,#4226);
#4225 = CARTESIAN_POINT('',(-0.,0.));
#4226 = VECTOR('',#4227,1.);
#4227 = DIRECTION('',(-1.,0.));
#4228 = ( GEOMETRIC_REPRESENTATION_CONTEXT(2) 
PARAMETRIC_REPRESENTATION_CONTEXT() REPRESENTATION_CONTEXT('2D SPACE',''
  ) );
#4229 = ORIENTED_EDGE('',*,*,#4180,.F.);
#4230 = ADVANCED_FACE('',(#4231),#4141,.T.);
#4231 = FACE_BOUND('',#4232,.T.);
#4232 = EDGE_LOOP('',(#4233,#4262,#4283,#4284));
#4233 = ORIENTED_EDGE('',*,*,#4234,.T.);
#4234 = EDGE_CURVE('',#4235,#4235,#4237,.T.);
#4235 = VERTEX_POINT('',#4236);
#4236 = CARTESIAN_POINT('',(40.360110095993,0.,-104.3894251471));
#4237 = SURFACE_CURVE('',#4238,(#4243,#4250),.PCURVE_S1.);
#4238 = CIRCLE('',#4239,40.360110095993);
#4239 = AXIS2_PLACEMENT_3D('',#4240,#4241,#4242);
#4240 = CARTESIAN_POINT('',(0.,0.,-104.3894251471));
#4241 = DIRECTION('',(0.,0.,1.));
#4242 = DIRECTION('',(1.,0.,-0.));
#4243 = PCURVE('',#4141,#4244);
#4244 = DEFINITIONAL_REPRESENTATION('',(#4245),#4249);
#4245 = LINE('',#4246,#4247);
#4246 = CARTESIAN_POINT('',(-0.,-0.));
#4247 = VECTOR('',#4248,1.);
#4248 = DIRECTION('',(-1.,-0.));
#4249 = ( GEOMETRIC_REPRESENTATION_CONTEXT(2) 
PARAMETRIC_REPRESENTATION_CONTEXT() REPRESENTATION_CONTEXT('2D SPACE',''
  ) );
#4250 = PCURVE('',#4251,#4256);
#4251 = CONICAL_SURFACE('',#4252,41.010258732932,0.215158656961);
#4252 = AXIS2_PLACEMENT_3D('',#4253,#4254,#4255);
#4253 = CARTESIAN_POINT('',(0.,0.,-107.3643695397));
#4254 = DIRECTION('',(-0.,-0.,-1.));
#4255 = DIRECTION('',(1.,0.,-0.));
#4256 = DEFINITIONAL_REPRESENTATION('',(#4257),#4261);
#4257 = LINE('',#4258,#4259);
#4258 = CARTESIAN_POINT('',(-0.,-2.974944392604));
#4259 = VECTOR('',#4260,1.);
#4260 = DIRECTION('',(-1.,-0.));
#4261 = ( GEOMETRIC_REPRESENTATION_CONTEXT(2) 
PARAMETRIC_REPRESENTATION_CONTEXT() REPRESENTATION_CONTEXT('2D SPACE',''
  ) );
#4262 = ORIENTED_EDGE('',*,*,#4263,.T.);
#4263 = EDGE_CURVE('',#4235,#4125,#4264,.T.);
#4264 = SEAM_CURVE('',#4265,(#4269,#4276),.PCURVE_S1.);
#4265 = LINE('',#4266,#4267);
#4266 = CARTESIAN_POINT('',(40.360110095993,0.,-104.3894251471));
#4267 = VECTOR('',#4268,1.);
#4268 = DIRECTION('',(-0.209568950446,0.,0.977793871432));
#4269 = PCURVE('',#4141,#4270);
#4270 = DEFINITIONAL_REPRESENTATION('',(#4271),#4275);
#4271 = LINE('',#4272,#4273);
#4272 = CARTESIAN_POINT('',(-0.,-0.));
#4273 = VECTOR('',#4274,1.);
#4274 = DIRECTION('',(-0.,-1.));
#4275 = ( GEOMETRIC_REPRESENTATION_CONTEXT(2) 
PARAMETRIC_REPRESENTATION_CONTEXT() REPRESENTATION_CONTEXT('2D SPACE',''
  ) );
#4276 = PCURVE('',#4141,#4277);
#4277 = DEFINITIONAL_REPRESENTATION('',(#4278),#4282);
#4278 = LINE('',#4279,#4280);
#4279 = CARTESIAN_POINT('',(-6.28318530718,-0.));
#4280 = VECTOR('',#4281,1.);
#4281 = DIRECTION('',(-0.,-1.));
#4282 = ( GEOMETRIC_REPRESENTATION_CONTEXT(2) 
PARAMETRIC_REPRESENTATION_CONTEXT() REPRESENTATION_CONTEXT('2D SPACE',''
  ) );
#4283 = ORIENTED_EDGE('',*,*,#4124,.F.);
#4284 = ORIENTED_EDGE('',*,*,#4263,.F.);
#4285 = ADVANCED_FACE('',(#4286),#4218,.F.);
#4286 = FACE_BOUND('',#4287,.T.);
#4287 = EDGE_LOOP('',(#4288,#4289,#4312,#4339));
#4288 = ORIENTED_EDGE('',*,*,#4203,.T.);
#4289 = ORIENTED_EDGE('',*,*,#4290,.T.);
#4290 = EDGE_CURVE('',#4181,#4291,#4293,.T.);
#4291 = VERTEX_POINT('',#4292);
#4292 = CARTESIAN_POINT('',(35.155854043699,0.,-106.0506170003));
#4293 = SEAM_CURVE('',#4294,(#4298,#4305),.PCURVE_S1.);
#4294 = LINE('',#4295,#4296);
#4295 = CARTESIAN_POINT('',(34.500261502519,0.,-103.1001716959));
#4296 = VECTOR('',#4297,1.);
#4297 = DIRECTION('',(0.216910918812,0.,-0.97619140198));
#4298 = PCURVE('',#4218,#4299);
#4299 = DEFINITIONAL_REPRESENTATION('',(#4300),#4304);
#4300 = LINE('',#4301,#4302);
#4301 = CARTESIAN_POINT('',(-0.,0.));
#4302 = VECTOR('',#4303,1.);
#4303 = DIRECTION('',(-0.,1.));
#4304 = ( GEOMETRIC_REPRESENTATION_CONTEXT(2) 
PARAMETRIC_REPRESENTATION_CONTEXT() REPRESENTATION_CONTEXT('2D SPACE',''
  ) );
#4305 = PCURVE('',#4218,#4306);
#4306 = DEFINITIONAL_REPRESENTATION('',(#4307),#4311);
#4307 = LINE('',#4308,#4309);
#4308 = CARTESIAN_POINT('',(-6.28318530718,0.));
#4309 = VECTOR('',#4310,1.);
#4310 = DIRECTION('',(-0.,1.));
#4311 = ( GEOMETRIC_REPRESENTATION_CONTEXT(2) 
PARAMETRIC_REPRESENTATION_CONTEXT() REPRESENTATION_CONTEXT('2D SPACE',''
  ) );
#4312 = ORIENTED_EDGE('',*,*,#4313,.F.);
#4313 = EDGE_CURVE('',#4291,#4291,#4314,.T.);
#4314 = SURFACE_CURVE('',#4315,(#4320,#4327),.PCURVE_S1.);
#4315 = CIRCLE('',#4316,35.155854043699);
#4316 = AXIS2_PLACEMENT_3D('',#4317,#4318,#4319);
#4317 = CARTESIAN_POINT('',(0.,0.,-106.0506170003));
#4318 = DIRECTION('',(0.,0.,1.));
#4319 = DIRECTION('',(1.,0.,-0.));
#4320 = PCURVE('',#4218,#4321);
#4321 = DEFINITIONAL_REPRESENTATION('',(#4322),#4326);
#4322 = LINE('',#4323,#4324);
#4323 = CARTESIAN_POINT('',(-0.,2.950445304495));
#4324 = VECTOR('',#4325,1.);
#4325 = DIRECTION('',(-1.,0.));
#4326 = ( GEOMETRIC_REPRESENTATION_CONTEXT(2) 
PARAMETRIC_REPRESENTATION_CONTEXT() REPRESENTATION_CONTEXT('2D SPACE',''
  ) );
#4327 = PCURVE('',#4328,#4333);
#4328 = CONICAL_SURFACE('',#4329,35.155854043699,0.222860630518);
#4329 = AXIS2_PLACEMENT_3D('',#4330,#4331,#4332);
#4330 = CARTESIAN_POINT('',(0.,0.,-106.0506170003));
#4331 = DIRECTION('',(-0.,-0.,-1.));
#4332 = DIRECTION('',(1.,0.,0.));
#4333 = DEFINITIONAL_REPRESENTATION('',(#4334),#4338);
#4334 = LINE('',#4335,#4336);
#4335 = CARTESIAN_POINT('',(-0.,0.));
#4336 = VECTOR('',#4337,1.);
#4337 = DIRECTION('',(-1.,0.));
#4338 = ( GEOMETRIC_REPRESENTATION_CONTEXT(2) 
PARAMETRIC_REPRESENTATION_CONTEXT() REPRESENTATION_CONTEXT('2D SPACE',''
  ) );
#4339 = ORIENTED_EDGE('',*,*,#4290,.F.);
#4340 = ADVANCED_FACE('',(#4341),#4251,.T.);
#4341 = FACE_BOUND('',#4342,.T.);
#4342 = EDGE_LOOP('',(#4343,#4372,#4393,#4394));
#4343 = ORIENTED_EDGE('',*,*,#4344,.T.);
#4344 = EDGE_CURVE('',#4345,#4345,#4347,.T.);
#4345 = VERTEX_POINT('',#4346);
#4346 = CARTESIAN_POINT('',(41.010258732932,0.,-107.3643695397));
#4347 = SURFACE_CURVE('',#4348,(#4353,#4360),.PCURVE_S1.);
#4348 = CIRCLE('',#4349,41.010258732932);
#4349 = AXIS2_PLACEMENT_3D('',#4350,#4351,#4352);
#4350 = CARTESIAN_POINT('',(0.,0.,-107.3643695397));
#4351 = DIRECTION('',(0.,0.,1.));
#4352 = DIRECTION('',(1.,0.,-0.));
#4353 = PCURVE('',#4251,#4354);
#4354 = DEFINITIONAL_REPRESENTATION('',(#4355),#4359);
#4355 = LINE('',#4356,#4357);
#4356 = CARTESIAN_POINT('',(-0.,-0.));
#4357 = VECTOR('',#4358,1.);
#4358 = DIRECTION('',(-1.,-0.));
#4359 = ( GEOMETRIC_REPRESENTATION_CONTEXT(2) 
PARAMETRIC_REPRESENTATION_CONTEXT() REPRESENTATION_CONTEXT('2D SPACE',''
  ) );
#4360 = PCURVE('',#4361,#4366);
#4361 = CONICAL_SURFACE('',#4362,41.668687182888,0.219237284929);
#4362 = AXIS2_PLACEMENT_3D('',#4363,#4364,#4365);
#4363 = CARTESIAN_POINT('',(0.,0.,-110.3193658738));
#4364 = DIRECTION('',(-0.,-0.,-1.));
#4365 = DIRECTION('',(1.,0.,-0.));
#4366 = DEFINITIONAL_REPRESENTATION('',(#4367),#4371);
#4367 = LINE('',#4368,#4369);
#4368 = CARTESIAN_POINT('',(-0.,-2.954996334131));
#4369 = VECTOR('',#4370,1.);
#4370 = DIRECTION('',(-1.,-0.));
#4371 = ( GEOMETRIC_REPRESENTATION_CONTEXT(2) 
PARAMETRIC_REPRESENTATION_CONTEXT() REPRESENTATION_CONTEXT('2D SPACE',''
  ) );
#4372 = ORIENTED_EDGE('',*,*,#4373,.T.);
#4373 = EDGE_CURVE('',#4345,#4235,#4374,.T.);
#4374 = SEAM_CURVE('',#4375,(#4379,#4386),.PCURVE_S1.);
#4375 = LINE('',#4376,#4377);
#4376 = CARTESIAN_POINT('',(41.010258732932,0.,-107.3643695397));
#4377 = VECTOR('',#4378,1.);
#4378 = DIRECTION('',(-0.213502429721,0.,0.976942532856));
#4379 = PCURVE('',#4251,#4380);
#4380 = DEFINITIONAL_REPRESENTATION('',(#4381),#4385);
#4381 = LINE('',#4382,#4383);
#4382 = CARTESIAN_POINT('',(-0.,-0.));
#4383 = VECTOR('',#4384,1.);
#4384 = DIRECTION('',(-0.,-1.));
#4385 = ( GEOMETRIC_REPRESENTATION_CONTEXT(2) 
PARAMETRIC_REPRESENTATION_CONTEXT() REPRESENTATION_CONTEXT('2D SPACE',''
  ) );
#4386 = PCURVE('',#4251,#4387);
#4387 = DEFINITIONAL_REPRESENTATION('',(#4388),#4392);
#4388 = LINE('',#4389,#4390);
#4389 = CARTESIAN_POINT('',(-6.28318530718,-0.));
#4390 = VECTOR('',#4391,1.);
#4391 = DIRECTION('',(-0.,-1.));
#4392 = ( GEOMETRIC_REPRESENTATION_CONTEXT(2) 
PARAMETRIC_REPRESENTATION_CONTEXT() REPRESENTATION_CONTEXT('2D SPACE',''
  ) );
#4393 = ORIENTED_EDGE('',*,*,#4234,.F.);
#4394 = ORIENTED_EDGE('',*,*,#4373,.F.);
#4395 = ADVANCED_FACE('',(#4396),#4328,.F.);
#4396 = FACE_BOUND('',#4397,.T.);
#4397 = EDGE_LOOP('',(#4398,#4399,#4422,#4449));
#4398 = ORIENTED_EDGE('',*,*,#4313,.T.);
#4399 = ORIENTED_EDGE('',*,*,#4400,.T.);
#4400 = EDGE_CURVE('',#4291,#4401,#4403,.T.);
#4401 = VERTEX_POINT('',#4402);
#4402 = CARTESIAN_POINT('',(35.819906426662,0.,-108.9807981073));
#4403 = SEAM_CURVE('',#4404,(#4408,#4415),.PCURVE_S1.);
#4404 = LINE('',#4405,#4406);
#4405 = CARTESIAN_POINT('',(35.155854043699,0.,-106.0506170003));
#4406 = VECTOR('',#4407,1.);
#4407 = DIRECTION('',(0.221020408391,0.,-0.97526918288));
#4408 = PCURVE('',#4328,#4409);
#4409 = DEFINITIONAL_REPRESENTATION('',(#4410),#4414);
#4410 = LINE('',#4411,#4412);
#4411 = CARTESIAN_POINT('',(-0.,0.));
#4412 = VECTOR('',#4413,1.);
#4413 = DIRECTION('',(-0.,1.));
#4414 = ( GEOMETRIC_REPRESENTATION_CONTEXT(2) 
PARAMETRIC_REPRESENTATION_CONTEXT() REPRESENTATION_CONTEXT('2D SPACE',''
  ) );
#4415 = PCURVE('',#4328,#4416);
#4416 = DEFINITIONAL_REPRESENTATION('',(#4417),#4421);
#4417 = LINE('',#4418,#4419);
#4418 = CARTESIAN_POINT('',(-6.28318530718,0.));
#4419 = VECTOR('',#4420,1.);
#4420 = DIRECTION('',(-0.,1.));
#4421 = ( GEOMETRIC_REPRESENTATION_CONTEXT(2) 
PARAMETRIC_REPRESENTATION_CONTEXT() REPRESENTATION_CONTEXT('2D SPACE',''
  ) );
#4422 = ORIENTED_EDGE('',*,*,#4423,.F.);
#4423 = EDGE_CURVE('',#4401,#4401,#4424,.T.);
#4424 = SURFACE_CURVE('',#4425,(#4430,#4437),.PCURVE_S1.);
#4425 = CIRCLE('',#4426,35.819906426662);
#4426 = AXIS2_PLACEMENT_3D('',#4427,#4428,#4429);
#4427 = CARTESIAN_POINT('',(0.,0.,-108.9807981073));
#4428 = DIRECTION('',(0.,0.,1.));
#4429 = DIRECTION('',(1.,0.,-0.));
#4430 = PCURVE('',#4328,#4431);
#4431 = DEFINITIONAL_REPRESENTATION('',(#4432),#4436);
#4432 = LINE('',#4433,#4434);
#4433 = CARTESIAN_POINT('',(-0.,2.930181106962));
#4434 = VECTOR('',#4435,1.);
#4435 = DIRECTION('',(-1.,0.));
#4436 = ( GEOMETRIC_REPRESENTATION_CONTEXT(2) 
PARAMETRIC_REPRESENTATION_CONTEXT() REPRESENTATION_CONTEXT('2D SPACE',''
  ) );
#4437 = PCURVE('',#4438,#4443);
#4438 = CONICAL_SURFACE('',#4439,35.819906426662,0.227130096293);
#4439 = AXIS2_PLACEMENT_3D('',#4440,#4441,#4442);
#4440 = CARTESIAN_POINT('',(0.,0.,-108.9807981073));
#4441 = DIRECTION('',(-0.,-0.,-1.));
#4442 = DIRECTION('',(1.,0.,0.));
#4443 = DEFINITIONAL_REPRESENTATION('',(#4444),#4448);
#4444 = LINE('',#4445,#4446);
#4445 = CARTESIAN_POINT('',(-0.,0.));
#4446 = VECTOR('',#4447,1.);
#4447 = DIRECTION('',(-1.,0.));
#4448 = ( GEOMETRIC_REPRESENTATION_CONTEXT(2) 
PARAMETRIC_REPRESENTATION_CONTEXT() REPRESENTATION_CONTEXT('2D SPACE',''
  ) );
#4449 = ORIENTED_EDGE('',*,*,#4400,.F.);
#4450 = ADVANCED_FACE('',(#4451),#4361,.T.);
#4451 = FACE_BOUND('',#4452,.T.);
#4452 = EDGE_LOOP('',(#4453,#4482,#4503,#4504));
#4453 = ORIENTED_EDGE('',*,*,#4454,.T.);
#4454 = EDGE_CURVE('',#4455,#4455,#4457,.T.);
#4455 = VERTEX_POINT('',#4456);
#4456 = CARTESIAN_POINT('',(41.668687182888,0.,-110.3193658738));
#4457 = SURFACE_CURVE('',#4458,(#4463,#4470),.PCURVE_S1.);
#4458 = CIRCLE('',#4459,41.668687182888);
#4459 = AXIS2_PLACEMENT_3D('',#4460,#4461,#4462);
#4460 = CARTESIAN_POINT('',(0.,0.,-110.3193658738));
#4461 = DIRECTION('',(0.,0.,1.));
#4462 = DIRECTION('',(1.,0.,-0.));
#4463 = PCURVE('',#4361,#4464);
#4464 = DEFINITIONAL_REPRESENTATION('',(#4465),#4469);
#4465 = LINE('',#4466,#4467);
#4466 = CARTESIAN_POINT('',(-0.,-0.));
#4467 = VECTOR('',#4468,1.);
#4468 = DIRECTION('',(-1.,-0.));
#4469 = ( GEOMETRIC_REPRESENTATION_CONTEXT(2) 
PARAMETRIC_REPRESENTATION_CONTEXT() REPRESENTATION_CONTEXT('2D SPACE',''
  ) );
#4470 = PCURVE('',#4471,#4476);
#4471 = CONICAL_SURFACE('',#4472,42.335285392066,0.223369457023);
#4472 = AXIS2_PLACEMENT_3D('',#4473,#4474,#4475);
#4473 = CARTESIAN_POINT('',(0.,0.,-113.2538528336));
#4474 = DIRECTION('',(-0.,-0.,-1.));
#4475 = DIRECTION('',(1.,0.,-0.));
#4476 = DEFINITIONAL_REPRESENTATION('',(#4477),#4481);
#4477 = LINE('',#4478,#4479);
#4478 = CARTESIAN_POINT('',(-0.,-2.934486959731));
#4479 = VECTOR('',#4480,1.);
#4480 = DIRECTION('',(-1.,-0.));
#4481 = ( GEOMETRIC_REPRESENTATION_CONTEXT(2) 
PARAMETRIC_REPRESENTATION_CONTEXT() REPRESENTATION_CONTEXT('2D SPACE',''
  ) );
#4482 = ORIENTED_EDGE('',*,*,#4483,.T.);
#4483 = EDGE_CURVE('',#4455,#4345,#4484,.T.);
#4484 = SEAM_CURVE('',#4485,(#4489,#4496),.PCURVE_S1.);
#4485 = LINE('',#4486,#4487);
#4486 = CARTESIAN_POINT('',(41.668687182888,0.,-110.3193658738));
#4487 = VECTOR('',#4488,1.);
#4488 = DIRECTION('',(-0.217485227985,0.,0.97606361248));
#4489 = PCURVE('',#4361,#4490);
#4490 = DEFINITIONAL_REPRESENTATION('',(#4491),#4495);
#4491 = LINE('',#4492,#4493);
#4492 = CARTESIAN_POINT('',(-0.,-0.));
#4493 = VECTOR('',#4494,1.);
#4494 = DIRECTION('',(-0.,-1.));
#4495 = ( GEOMETRIC_REPRESENTATION_CONTEXT(2) 
PARAMETRIC_REPRESENTATION_CONTEXT() REPRESENTATION_CONTEXT('2D SPACE',''
  ) );
#4496 = PCURVE('',#4361,#4497);
#4497 = DEFINITIONAL_REPRESENTATION('',(#4498),#4502);
#4498 = LINE('',#4499,#4500);
#4499 = CARTESIAN_POINT('',(-6.28318530718,-0.));
#4500 = VECTOR('',#4501,1.);
#4501 = DIRECTION('',(-0.,-1.));
#4502 = ( GEOMETRIC_REPRESENTATION_CONTEXT(2) 
PARAMETRIC_REPRESENTATION_CONTEXT() REPRESENTATION_CONTEXT('2D SPACE',''
  ) );
#4503 = ORIENTED_EDGE('',*,*,#4344,.F.);
#4504 = ORIENTED_EDGE('',*,*,#4483,.F.);
#4505 = ADVANCED_FACE('',(#4506),#4438,.F.);
#4506 = FACE_BOUND('',#4507,.T.);
#4507 = EDGE_LOOP('',(#4508,#4509,#4532,#4559));
#4508 = ORIENTED_EDGE('',*,*,#4423,.T.);
#4509 = ORIENTED_EDGE('',*,*,#4510,.T.);
#4510 = EDGE_CURVE('',#4401,#4511,#4513,.T.);
#4511 = VERTEX_POINT('',#4512);
#4512 = CARTESIAN_POINT('',(36.492312217114,0.,-111.8901576782));
#4513 = SEAM_CURVE('',#4514,(#4518,#4525),.PCURVE_S1.);
#4514 = LINE('',#4515,#4516);
#4515 = CARTESIAN_POINT('',(35.819906426662,0.,-108.9807981073));
#4516 = VECTOR('',#4517,1.);
#4517 = DIRECTION('',(0.225182259724,0.,-0.974316657923));
#4518 = PCURVE('',#4438,#4519);
#4519 = DEFINITIONAL_REPRESENTATION('',(#4520),#4524);
#4520 = LINE('',#4521,#4522);
#4521 = CARTESIAN_POINT('',(-0.,0.));
#4522 = VECTOR('',#4523,1.);
#4523 = DIRECTION('',(-0.,1.));
#4524 = ( GEOMETRIC_REPRESENTATION_CONTEXT(2) 
PARAMETRIC_REPRESENTATION_CONTEXT() REPRESENTATION_CONTEXT('2D SPACE',''
  ) );
#4525 = PCURVE('',#4438,#4526);
#4526 = DEFINITIONAL_REPRESENTATION('',(#4527),#4531);
#4527 = LINE('',#4528,#4529);
#4528 = CARTESIAN_POINT('',(-6.28318530718,0.));
#4529 = VECTOR('',#4530,1.);
#4530 = DIRECTION('',(-0.,1.));
#4531 = ( GEOMETRIC_REPRESENTATION_CONTEXT(2) 
PARAMETRIC_REPRESENTATION_CONTEXT() REPRESENTATION_CONTEXT('2D SPACE',''
  ) );
#4532 = ORIENTED_EDGE('',*,*,#4533,.F.);
#4533 = EDGE_CURVE('',#4511,#4511,#4534,.T.);
#4534 = SURFACE_CURVE('',#4535,(#4540,#4547),.PCURVE_S1.);
#4535 = CIRCLE('',#4536,36.492312217114);
#4536 = AXIS2_PLACEMENT_3D('',#4537,#4538,#4539);
#4537 = CARTESIAN_POINT('',(0.,0.,-111.8901576782));
#4538 = DIRECTION('',(0.,0.,1.));
#4539 = DIRECTION('',(1.,0.,-0.));
#4540 = PCURVE('',#4438,#4541);
#4541 = DEFINITIONAL_REPRESENTATION('',(#4542),#4546);
#4542 = LINE('',#4543,#4544);
#4543 = CARTESIAN_POINT('',(-0.,2.909359570887));
#4544 = VECTOR('',#4545,1.);
#4545 = DIRECTION('',(-1.,0.));
#4546 = ( GEOMETRIC_REPRESENTATION_CONTEXT(2) 
PARAMETRIC_REPRESENTATION_CONTEXT() REPRESENTATION_CONTEXT('2D SPACE',''
  ) );
#4547 = PCURVE('',#4548,#4553);
#4548 = CONICAL_SURFACE('',#4549,36.492312217114,0.231456906477);
#4549 = AXIS2_PLACEMENT_3D('',#4550,#4551,#4552);
#4550 = CARTESIAN_POINT('',(0.,0.,-111.8901576782));
#4551 = DIRECTION('',(-0.,-0.,-1.));
#4552 = DIRECTION('',(1.,0.,0.));
#4553 = DEFINITIONAL_REPRESENTATION('',(#4554),#4558);
#4554 = LINE('',#4555,#4556);
#4555 = CARTESIAN_POINT('',(-0.,0.));
#4556 = VECTOR('',#4557,1.);
#4557 = DIRECTION('',(-1.,0.));
#4558 = ( GEOMETRIC_REPRESENTATION_CONTEXT(2) 
PARAMETRIC_REPRESENTATION_CONTEXT() REPRESENTATION_CONTEXT('2D SPACE',''
  ) );
#4559 = ORIENTED_EDGE('',*,*,#4510,.F.);
#4560 = ADVANCED_FACE('',(#4561),#4471,.T.);
#4561 = FACE_BOUND('',#4562,.T.);
#4562 = EDGE_LOOP('',(#4563,#4592,#4613,#4614));
#4563 = ORIENTED_EDGE('',*,*,#4564,.T.);
#4564 = EDGE_CURVE('',#4565,#4565,#4567,.T.);
#4565 = VERTEX_POINT('',#4566);
#4566 = CARTESIAN_POINT('',(42.335285392066,0.,-113.2538528336));
#4567 = SURFACE_CURVE('',#4568,(#4573,#4580),.PCURVE_S1.);
#4568 = CIRCLE('',#4569,42.335285392066);
#4569 = AXIS2_PLACEMENT_3D('',#4570,#4571,#4572);
#4570 = CARTESIAN_POINT('',(0.,0.,-113.2538528336));
#4571 = DIRECTION('',(0.,0.,1.));
#4572 = DIRECTION('',(1.,0.,-0.));
#4573 = PCURVE('',#4471,#4574);
#4574 = DEFINITIONAL_REPRESENTATION('',(#4575),#4579);
#4575 = LINE('',#4576,#4577);
#4576 = CARTESIAN_POINT('',(-0.,-0.));
#4577 = VECTOR('',#4578,1.);
#4578 = DIRECTION('',(-1.,-0.));
#4579 = ( GEOMETRIC_REPRESENTATION_CONTEXT(2) 
PARAMETRIC_REPRESENTATION_CONTEXT() REPRESENTATION_CONTEXT('2D SPACE',''
  ) );
#4580 = PCURVE('',#4581,#4586);
#4581 = CONICAL_SURFACE('',#4582,43.00994717736,0.227554678489);
#4582 = AXIS2_PLACEMENT_3D('',#4583,#4584,#4585);
#4583 = CARTESIAN_POINT('',(0.,0.,-116.1673348783));
#4584 = DIRECTION('',(-0.,-0.,-1.));
#4585 = DIRECTION('',(1.,0.,-0.));
#4586 = DEFINITIONAL_REPRESENTATION('',(#4587),#4591);
#4587 = LINE('',#4588,#4589);
#4588 = CARTESIAN_POINT('',(-0.,-2.913482044706));
#4589 = VECTOR('',#4590,1.);
#4590 = DIRECTION('',(-1.,-0.));
#4591 = ( GEOMETRIC_REPRESENTATION_CONTEXT(2) 
PARAMETRIC_REPRESENTATION_CONTEXT() REPRESENTATION_CONTEXT('2D SPACE',''
  ) );
#4592 = ORIENTED_EDGE('',*,*,#4593,.T.);
#4593 = EDGE_CURVE('',#4565,#4455,#4594,.T.);
#4594 = SEAM_CURVE('',#4595,(#4599,#4606),.PCURVE_S1.);
#4595 = LINE('',#4596,#4597);
#4596 = CARTESIAN_POINT('',(42.335285392066,0.,-113.2538528336));
#4597 = VECTOR('',#4598,1.);
#4598 = DIRECTION('',(-0.221516622568,0.,0.975156595592));
#4599 = PCURVE('',#4471,#4600);
#4600 = DEFINITIONAL_REPRESENTATION('',(#4601),#4605);
#4601 = LINE('',#4602,#4603);
#4602 = CARTESIAN_POINT('',(-0.,-0.));
#4603 = VECTOR('',#4604,1.);
#4604 = DIRECTION('',(-0.,-1.));
#4605 = ( GEOMETRIC_REPRESENTATION_CONTEXT(2) 
PARAMETRIC_REPRESENTATION_CONTEXT() REPRESENTATION_CONTEXT('2D SPACE',''
  ) );
#4606 = PCURVE('',#4471,#4607);
#4607 = DEFINITIONAL_REPRESENTATION('',(#4608),#4612);
#4608 = LINE('',#4609,#4610);
#4609 = CARTESIAN_POINT('',(-6.28318530718,-0.));
#4610 = VECTOR('',#4611,1.);
#4611 = DIRECTION('',(-0.,-1.));
#4612 = ( GEOMETRIC_REPRESENTATION_CONTEXT(2) 
PARAMETRIC_REPRESENTATION_CONTEXT() REPRESENTATION_CONTEXT('2D SPACE',''
  ) );
#4613 = ORIENTED_EDGE('',*,*,#4454,.F.);
#4614 = ORIENTED_EDGE('',*,*,#4593,.F.);
#4615 = ADVANCED_FACE('',(#4616),#4548,.F.);
#4616 = FACE_BOUND('',#4617,.T.);
#4617 = EDGE_LOOP('',(#4618,#4619,#4642,#4669));
#4618 = ORIENTED_EDGE('',*,*,#4533,.T.);
#4619 = ORIENTED_EDGE('',*,*,#4620,.T.);
#4620 = EDGE_CURVE('',#4511,#4621,#4623,.T.);
#4621 = VERTEX_POINT('',#4622);
#4622 = CARTESIAN_POINT('',(37.172968899841,0.,-114.7782040033));
#4623 = SEAM_CURVE('',#4624,(#4628,#4635),.PCURVE_S1.);
#4624 = LINE('',#4625,#4626);
#4625 = CARTESIAN_POINT('',(36.492312217114,0.,-111.8901576782));
#4626 = VECTOR('',#4627,1.);
#4627 = DIRECTION('',(0.229395821961,0.,-0.973333219852));
#4628 = PCURVE('',#4548,#4629);
#4629 = DEFINITIONAL_REPRESENTATION('',(#4630),#4634);
#4630 = LINE('',#4631,#4632);
#4631 = CARTESIAN_POINT('',(-0.,0.));
#4632 = VECTOR('',#4633,1.);
#4633 = DIRECTION('',(-0.,1.));
#4634 = ( GEOMETRIC_REPRESENTATION_CONTEXT(2) 
PARAMETRIC_REPRESENTATION_CONTEXT() REPRESENTATION_CONTEXT('2D SPACE',''
  ) );
#4635 = PCURVE('',#4548,#4636);
#4636 = DEFINITIONAL_REPRESENTATION('',(#4637),#4641);
#4637 = LINE('',#4638,#4639);
#4638 = CARTESIAN_POINT('',(-6.28318530718,0.));
#4639 = VECTOR('',#4640,1.);
#4640 = DIRECTION('',(-0.,1.));
#4641 = ( GEOMETRIC_REPRESENTATION_CONTEXT(2) 
PARAMETRIC_REPRESENTATION_CONTEXT() REPRESENTATION_CONTEXT('2D SPACE',''
  ) );
#4642 = ORIENTED_EDGE('',*,*,#4643,.F.);
#4643 = EDGE_CURVE('',#4621,#4621,#4644,.T.);
#4644 = SURFACE_CURVE('',#4645,(#4650,#4657),.PCURVE_S1.);
#4645 = CIRCLE('',#4646,37.172968899841);
#4646 = AXIS2_PLACEMENT_3D('',#4647,#4648,#4649);
#4647 = CARTESIAN_POINT('',(0.,0.,-114.7782040033));
#4648 = DIRECTION('',(0.,0.,1.));
#4649 = DIRECTION('',(1.,0.,-0.));
#4650 = PCURVE('',#4548,#4651);
#4651 = DEFINITIONAL_REPRESENTATION('',(#4652),#4656);
#4652 = LINE('',#4653,#4654);
#4653 = CARTESIAN_POINT('',(-0.,2.888046325117));
#4654 = VECTOR('',#4655,1.);
#4655 = DIRECTION('',(-1.,0.));
#4656 = ( GEOMETRIC_REPRESENTATION_CONTEXT(2) 
PARAMETRIC_REPRESENTATION_CONTEXT() REPRESENTATION_CONTEXT('2D SPACE',''
  ) );
#4657 = PCURVE('',#4658,#4663);
#4658 = CONICAL_SURFACE('',#4659,37.172968899841,0.235840671206);
#4659 = AXIS2_PLACEMENT_3D('',#4660,#4661,#4662);
#4660 = CARTESIAN_POINT('',(0.,0.,-114.7782040033));
#4661 = DIRECTION('',(-0.,-0.,-1.));
#4662 = DIRECTION('',(1.,0.,0.));
#4663 = DEFINITIONAL_REPRESENTATION('',(#4664),#4668);
#4664 = LINE('',#4665,#4666);
#4665 = CARTESIAN_POINT('',(-0.,0.));
#4666 = VECTOR('',#4667,1.);
#4667 = DIRECTION('',(-1.,0.));
#4668 = ( GEOMETRIC_REPRESENTATION_CONTEXT(2) 
PARAMETRIC_REPRESENTATION_CONTEXT() REPRESENTATION_CONTEXT('2D SPACE',''
  ) );
#4669 = ORIENTED_EDGE('',*,*,#4620,.F.);
#4670 = ADVANCED_FACE('',(#4671),#4581,.T.);
#4671 = FACE_BOUND('',#4672,.T.);
#4672 = EDGE_LOOP('',(#4673,#4702,#4723,#4724));
#4673 = ORIENTED_EDGE('',*,*,#4674,.T.);
#4674 = EDGE_CURVE('',#4675,#4675,#4677,.T.);
#4675 = VERTEX_POINT('',#4676);
#4676 = CARTESIAN_POINT('',(43.00994717736,0.,-116.1673348783));
#4677 = SURFACE_CURVE('',#4678,(#4683,#4690),.PCURVE_S1.);
#4678 = CIRCLE('',#4679,43.00994717736);
#4679 = AXIS2_PLACEMENT_3D('',#4680,#4681,#4682);
#4680 = CARTESIAN_POINT('',(0.,0.,-116.1673348783));
#4681 = DIRECTION('',(0.,0.,1.));
#4682 = DIRECTION('',(1.,0.,-0.));
#4683 = PCURVE('',#4581,#4684);
#4684 = DEFINITIONAL_REPRESENTATION('',(#4685),#4689);
#4685 = LINE('',#4686,#4687);
#4686 = CARTESIAN_POINT('',(-0.,-0.));
#4687 = VECTOR('',#4688,1.);
#4688 = DIRECTION('',(-1.,-0.));
#4689 = ( GEOMETRIC_REPRESENTATION_CONTEXT(2) 
PARAMETRIC_REPRESENTATION_CONTEXT() REPRESENTATION_CONTEXT('2D SPACE',''
  ) );
#4690 = PCURVE('',#4691,#4696);
#4691 = CONICAL_SURFACE('',#4692,43.69256999118,0.231792485412);
#4692 = AXIS2_PLACEMENT_3D('',#4693,#4694,#4695);
#4693 = CARTESIAN_POINT('',(0.,0.,-119.0593765863));
#4694 = DIRECTION('',(-0.,-0.,-1.));
#4695 = DIRECTION('',(1.,0.,-0.));
#4696 = DEFINITIONAL_REPRESENTATION('',(#4697),#4701);
#4697 = LINE('',#4698,#4699);
#4698 = CARTESIAN_POINT('',(-0.,-2.89204170801));
#4699 = VECTOR('',#4700,1.);
#4700 = DIRECTION('',(-1.,-0.));
#4701 = ( GEOMETRIC_REPRESENTATION_CONTEXT(2) 
PARAMETRIC_REPRESENTATION_CONTEXT() REPRESENTATION_CONTEXT('2D SPACE',''
  ) );
#4702 = ORIENTED_EDGE('',*,*,#4703,.T.);
#4703 = EDGE_CURVE('',#4675,#4565,#4704,.T.);
#4704 = SEAM_CURVE('',#4705,(#4709,#4716),.PCURVE_S1.);
#4705 = LINE('',#4706,#4707);
#4706 = CARTESIAN_POINT('',(43.00994717736,0.,-116.1673348783));
#4707 = VECTOR('',#4708,1.);
#4708 = DIRECTION('',(-0.225595916921,0.,0.974220961727));
#4709 = PCURVE('',#4581,#4710);
#4710 = DEFINITIONAL_REPRESENTATION('',(#4711),#4715);
#4711 = LINE('',#4712,#4713);
#4712 = CARTESIAN_POINT('',(-0.,-0.));
#4713 = VECTOR('',#4714,1.);
#4714 = DIRECTION('',(-0.,-1.));
#4715 = ( GEOMETRIC_REPRESENTATION_CONTEXT(2) 
PARAMETRIC_REPRESENTATION_CONTEXT() REPRESENTATION_CONTEXT('2D SPACE',''
  ) );
#4716 = PCURVE('',#4581,#4717);
#4717 = DEFINITIONAL_REPRESENTATION('',(#4718),#4722);
#4718 = LINE('',#4719,#4720);
#4719 = CARTESIAN_POINT('',(-6.28318530718,-0.));
#4720 = VECTOR('',#4721,1.);
#4721 = DIRECTION('',(-0.,-1.));
#4722 = ( GEOMETRIC_REPRESENTATION_CONTEXT(2) 
PARAMETRIC_REPRESENTATION_CONTEXT() REPRESENTATION_CONTEXT('2D SPACE',''
  ) );
#4723 = ORIENTED_EDGE('',*,*,#4564,.F.);
#4724 = ORIENTED_EDGE('',*,*,#4703,.F.);
#4725 = ADVANCED_FACE('',(#4726),#4658,.F.);
#4726 = FACE_BOUND('',#4727,.T.);
#4727 = EDGE_LOOP('',(#4728,#4729,#4752,#4779));
#4728 = ORIENTED_EDGE('',*,*,#4643,.T.);
#4729 = ORIENTED_EDGE('',*,*,#4730,.T.);
#4730 = EDGE_CURVE('',#4621,#4731,#4733,.T.);
#4731 = VERTEX_POINT('',#4732);
#4732 = CARTESIAN_POINT('',(37.861777643931,0.,-117.6445053542));
#4733 = SEAM_CURVE('',#4734,(#4738,#4745),.PCURVE_S1.);
#4734 = LINE('',#4735,#4736);
#4735 = CARTESIAN_POINT('',(37.172968899841,0.,-114.7782040033));
#4736 = VECTOR('',#4737,1.);
#4737 = DIRECTION('',(0.233660467942,0.,-0.972318253311));
#4738 = PCURVE('',#4658,#4739);
#4739 = DEFINITIONAL_REPRESENTATION('',(#4740),#4744);
#4740 = LINE('',#4741,#4742);
#4741 = CARTESIAN_POINT('',(-0.,0.));
#4742 = VECTOR('',#4743,1.);
#4743 = DIRECTION('',(-0.,1.));
#4744 = ( GEOMETRIC_REPRESENTATION_CONTEXT(2) 
PARAMETRIC_REPRESENTATION_CONTEXT() REPRESENTATION_CONTEXT('2D SPACE',''
  ) );
#4745 = PCURVE('',#4658,#4746);
#4746 = DEFINITIONAL_REPRESENTATION('',(#4747),#4751);
#4747 = LINE('',#4748,#4749);
#4748 = CARTESIAN_POINT('',(-6.28318530718,0.));
#4749 = VECTOR('',#4750,1.);
#4750 = DIRECTION('',(-0.,1.));
#4751 = ( GEOMETRIC_REPRESENTATION_CONTEXT(2) 
PARAMETRIC_REPRESENTATION_CONTEXT() REPRESENTATION_CONTEXT('2D SPACE',''
  ) );
#4752 = ORIENTED_EDGE('',*,*,#4753,.F.);
#4753 = EDGE_CURVE('',#4731,#4731,#4754,.T.);
#4754 = SURFACE_CURVE('',#4755,(#4760,#4767),.PCURVE_S1.);
#4755 = CIRCLE('',#4756,37.861777643931);
#4756 = AXIS2_PLACEMENT_3D('',#4757,#4758,#4759);
#4757 = CARTESIAN_POINT('',(0.,0.,-117.6445053542));
#4758 = DIRECTION('',(0.,0.,1.));
#4759 = DIRECTION('',(1.,0.,-0.));
#4760 = PCURVE('',#4658,#4761);
#4761 = DEFINITIONAL_REPRESENTATION('',(#4762),#4766);
#4762 = LINE('',#4763,#4764);
#4763 = CARTESIAN_POINT('',(-0.,2.866301350926));
#4764 = VECTOR('',#4765,1.);
#4765 = DIRECTION('',(-1.,0.));
#4766 = ( GEOMETRIC_REPRESENTATION_CONTEXT(2) 
PARAMETRIC_REPRESENTATION_CONTEXT() REPRESENTATION_CONTEXT('2D SPACE',''
  ) );
#4767 = PCURVE('',#4768,#4773);
#4768 = CONICAL_SURFACE('',#4769,37.861777643931,0.240281030657);
#4769 = AXIS2_PLACEMENT_3D('',#4770,#4771,#4772);
#4770 = CARTESIAN_POINT('',(0.,0.,-117.6445053542));
#4771 = DIRECTION('',(-0.,-0.,-1.));
#4772 = DIRECTION('',(1.,0.,0.));
#4773 = DEFINITIONAL_REPRESENTATION('',(#4774),#4778);
#4774 = LINE('',#4775,#4776);
#4775 = CARTESIAN_POINT('',(-0.,0.));
#4776 = VECTOR('',#4777,1.);
#4777 = DIRECTION('',(-1.,0.));
#4778 = ( GEOMETRIC_REPRESENTATION_CONTEXT(2) 
PARAMETRIC_REPRESENTATION_CONTEXT() REPRESENTATION_CONTEXT('2D SPACE',''
  ) );
#4779 = ORIENTED_EDGE('',*,*,#4730,.F.);
#4780 = ADVANCED_FACE('',(#4781),#4691,.T.);
#4781 = FACE_BOUND('',#4782,.T.);
#4782 = EDGE_LOOP('',(#4783,#4812,#4833,#4834));
#4783 = ORIENTED_EDGE('',*,*,#4784,.T.);
#4784 = EDGE_CURVE('',#4785,#4785,#4787,.T.);
#4785 = VERTEX_POINT('',#4786);
#4786 = CARTESIAN_POINT('',(43.69256999118,0.,-119.0593765863));
#4787 = SURFACE_CURVE('',#4788,(#4793,#4800),.PCURVE_S1.);
#4788 = CIRCLE('',#4789,43.69256999118);
#4789 = AXIS2_PLACEMENT_3D('',#4790,#4791,#4792);
#4790 = CARTESIAN_POINT('',(0.,0.,-119.0593765863));
#4791 = DIRECTION('',(0.,0.,1.));
#4792 = DIRECTION('',(1.,0.,-0.));
#4793 = PCURVE('',#4691,#4794);
#4794 = DEFINITIONAL_REPRESENTATION('',(#4795),#4799);
#4795 = LINE('',#4796,#4797);
#4796 = CARTESIAN_POINT('',(-0.,-0.));
#4797 = VECTOR('',#4798,1.);
#4798 = DIRECTION('',(-1.,-0.));
#4799 = ( GEOMETRIC_REPRESENTATION_CONTEXT(2) 
PARAMETRIC_REPRESENTATION_CONTEXT() REPRESENTATION_CONTEXT('2D SPACE',''
  ) );
#4800 = PCURVE('',#4801,#4806);
#4801 = CONICAL_SURFACE('',#4802,44.383054705379,0.236082443525);
#4802 = AXIS2_PLACEMENT_3D('',#4803,#4804,#4805);
#4803 = CARTESIAN_POINT('',(0.,0.,-121.9295974643));
#4804 = DIRECTION('',(-0.,-0.,-1.));
#4805 = DIRECTION('',(1.,0.,-0.));
#4806 = DEFINITIONAL_REPRESENTATION('',(#4807),#4811);
#4807 = LINE('',#4808,#4809);
#4808 = CARTESIAN_POINT('',(-0.,-2.870220877982));
#4809 = VECTOR('',#4810,1.);
#4810 = DIRECTION('',(-1.,-0.));
#4811 = ( GEOMETRIC_REPRESENTATION_CONTEXT(2) 
PARAMETRIC_REPRESENTATION_CONTEXT() REPRESENTATION_CONTEXT('2D SPACE',''
  ) );
#4812 = ORIENTED_EDGE('',*,*,#4813,.T.);
#4813 = EDGE_CURVE('',#4785,#4675,#4814,.T.);
#4814 = SEAM_CURVE('',#4815,(#4819,#4826),.PCURVE_S1.);
#4815 = LINE('',#4816,#4817);
#4816 = CARTESIAN_POINT('',(43.69256999118,0.,-119.0593765863));
#4817 = VECTOR('',#4818,1.);
#4818 = DIRECTION('',(-0.229722439164,0.,0.973256184642));
#4819 = PCURVE('',#4691,#4820);
#4820 = DEFINITIONAL_REPRESENTATION('',(#4821),#4825);
#4821 = LINE('',#4822,#4823);
#4822 = CARTESIAN_POINT('',(-0.,-0.));
#4823 = VECTOR('',#4824,1.);
#4824 = DIRECTION('',(-0.,-1.));
#4825 = ( GEOMETRIC_REPRESENTATION_CONTEXT(2) 
PARAMETRIC_REPRESENTATION_CONTEXT() REPRESENTATION_CONTEXT('2D SPACE',''
  ) );
#4826 = PCURVE('',#4691,#4827);
#4827 = DEFINITIONAL_REPRESENTATION('',(#4828),#4832);
#4828 = LINE('',#4829,#4830);
#4829 = CARTESIAN_POINT('',(-6.28318530718,-0.));
#4830 = VECTOR('',#4831,1.);
#4831 = DIRECTION('',(-0.,-1.));
#4832 = ( GEOMETRIC_REPRESENTATION_CONTEXT(2) 
PARAMETRIC_REPRESENTATION_CONTEXT() REPRESENTATION_CONTEXT('2D SPACE',''
  ) );
#4833 = ORIENTED_EDGE('',*,*,#4674,.F.);
#4834 = ORIENTED_EDGE('',*,*,#4813,.F.);
#4835 = ADVANCED_FACE('',(#4836),#4768,.F.);
#4836 = FACE_BOUND('',#4837,.T.);
#4837 = EDGE_LOOP('',(#4838,#4839,#4862,#4889));
#4838 = ORIENTED_EDGE('',*,*,#4753,.T.);
#4839 = ORIENTED_EDGE('',*,*,#4840,.T.);
#4840 = EDGE_CURVE('',#4731,#4841,#4843,.T.);
#4841 = VERTEX_POINT('',#4842);
#4842 = CARTESIAN_POINT('',(38.558643087232,0.,-120.4886848013));
#4843 = SEAM_CURVE('',#4844,(#4848,#4855),.PCURVE_S1.);
#4844 = LINE('',#4845,#4846);
#4845 = CARTESIAN_POINT('',(37.861777643931,0.,-117.6445053542));
#4846 = VECTOR('',#4847,1.);
#4847 = DIRECTION('',(0.237975592786,0.,-0.97127113477));
#4848 = PCURVE('',#4768,#4849);
#4849 = DEFINITIONAL_REPRESENTATION('',(#4850),#4854);
#4850 = LINE('',#4851,#4852);
#4851 = CARTESIAN_POINT('',(-0.,0.));
#4852 = VECTOR('',#4853,1.);
#4853 = DIRECTION('',(-0.,1.));
#4854 = ( GEOMETRIC_REPRESENTATION_CONTEXT(2) 
PARAMETRIC_REPRESENTATION_CONTEXT() REPRESENTATION_CONTEXT('2D SPACE',''
  ) );
#4855 = PCURVE('',#4768,#4856);
#4856 = DEFINITIONAL_REPRESENTATION('',(#4857),#4861);
#4857 = LINE('',#4858,#4859);
#4858 = CARTESIAN_POINT('',(-6.28318530718,0.));
#4859 = VECTOR('',#4860,1.);
#4860 = DIRECTION('',(-0.,1.));
#4861 = ( GEOMETRIC_REPRESENTATION_CONTEXT(2) 
PARAMETRIC_REPRESENTATION_CONTEXT() REPRESENTATION_CONTEXT('2D SPACE',''
  ) );
#4862 = ORIENTED_EDGE('',*,*,#4863,.F.);
#4863 = EDGE_CURVE('',#4841,#4841,#4864,.T.);
#4864 = SURFACE_CURVE('',#4865,(#4870,#4877),.PCURVE_S1.);
#4865 = CIRCLE('',#4866,38.558643087232);
#4866 = AXIS2_PLACEMENT_3D('',#4867,#4868,#4869);
#4867 = CARTESIAN_POINT('',(0.,0.,-120.4886848013));
#4868 = DIRECTION('',(0.,0.,1.));
#4869 = DIRECTION('',(1.,0.,-0.));
#4870 = PCURVE('',#4768,#4871);
#4871 = DEFINITIONAL_REPRESENTATION('',(#4872),#4876);
#4872 = LINE('',#4873,#4874);
#4873 = CARTESIAN_POINT('',(-0.,2.844179447027));
#4874 = VECTOR('',#4875,1.);
#4875 = DIRECTION('',(-1.,0.));
#4876 = ( GEOMETRIC_REPRESENTATION_CONTEXT(2) 
PARAMETRIC_REPRESENTATION_CONTEXT() REPRESENTATION_CONTEXT('2D SPACE',''
  ) );
#4877 = PCURVE('',#4878,#4883);
#4878 = CONICAL_SURFACE('',#4879,38.558643087232,0.244777653968);
#4879 = AXIS2_PLACEMENT_3D('',#4880,#4881,#4882);
#4880 = CARTESIAN_POINT('',(0.,0.,-120.4886848013));
#4881 = DIRECTION('',(-0.,-0.,-1.));
#4882 = DIRECTION('',(1.,0.,0.));
#4883 = DEFINITIONAL_REPRESENTATION('',(#4884),#4888);
#4884 = LINE('',#4885,#4886);
#4885 = CARTESIAN_POINT('',(-0.,0.));
#4886 = VECTOR('',#4887,1.);
#4887 = DIRECTION('',(-1.,0.));
#4888 = ( GEOMETRIC_REPRESENTATION_CONTEXT(2) 
PARAMETRIC_REPRESENTATION_CONTEXT() REPRESENTATION_CONTEXT('2D SPACE',''
  ) );
#4889 = ORIENTED_EDGE('',*,*,#4840,.F.);
#4890 = ADVANCED_FACE('',(#4891),#4801,.T.);
#4891 = FACE_BOUND('',#4892,.T.);
#4892 = EDGE_LOOP('',(#4893,#4922,#4943,#4944));
#4893 = ORIENTED_EDGE('',*,*,#4894,.T.);
#4894 = EDGE_CURVE('',#4895,#4895,#4897,.T.);
#4895 = VERTEX_POINT('',#4896);
#4896 = CARTESIAN_POINT('',(44.383054705379,0.,-121.9295974643));
#4897 = SURFACE_CURVE('',#4898,(#4903,#4910),.PCURVE_S1.);
#4898 = CIRCLE('',#4899,44.383054705379);
#4899 = AXIS2_PLACEMENT_3D('',#4900,#4901,#4902);
#4900 = CARTESIAN_POINT('',(0.,0.,-121.9295974643));
#4901 = DIRECTION('',(0.,0.,1.));
#4902 = DIRECTION('',(1.,0.,-0.));
#4903 = PCURVE('',#4801,#4904);
#4904 = DEFINITIONAL_REPRESENTATION('',(#4905),#4909);
#4905 = LINE('',#4906,#4907);
#4906 = CARTESIAN_POINT('',(-0.,-0.));
#4907 = VECTOR('',#4908,1.);
#4908 = DIRECTION('',(-1.,-0.));
#4909 = ( GEOMETRIC_REPRESENTATION_CONTEXT(2) 
PARAMETRIC_REPRESENTATION_CONTEXT() REPRESENTATION_CONTEXT('2D SPACE',''
  ) );
#4910 = PCURVE('',#4911,#4916);
#4911 = CONICAL_SURFACE('',#4912,45.081305412306,0.240424147131);
#4912 = AXIS2_PLACEMENT_3D('',#4913,#4914,#4915);
#4913 = CARTESIAN_POINT('',(0.,0.,-124.7776671831));
#4914 = DIRECTION('',(-0.,-0.,-1.));
#4915 = DIRECTION('',(1.,0.,-0.));
#4916 = DEFINITIONAL_REPRESENTATION('',(#4917),#4921);
#4917 = LINE('',#4918,#4919);
#4918 = CARTESIAN_POINT('',(-0.,-2.848069718855));
#4919 = VECTOR('',#4920,1.);
#4920 = DIRECTION('',(-1.,-0.));
#4921 = ( GEOMETRIC_REPRESENTATION_CONTEXT(2) 
PARAMETRIC_REPRESENTATION_CONTEXT() REPRESENTATION_CONTEXT('2D SPACE',''
  ) );
#4922 = ORIENTED_EDGE('',*,*,#4923,.T.);
#4923 = EDGE_CURVE('',#4895,#4785,#4924,.T.);
#4924 = SEAM_CURVE('',#4925,(#4929,#4936),.PCURVE_S1.);
#4925 = LINE('',#4926,#4927);
#4926 = CARTESIAN_POINT('',(44.383054705379,0.,-121.9295974643));
#4927 = VECTOR('',#4928,1.);
#4928 = DIRECTION('',(-0.23389554075,0.,0.97226173226));
#4929 = PCURVE('',#4801,#4930);
#4930 = DEFINITIONAL_REPRESENTATION('',(#4931),#4935);
#4931 = LINE('',#4932,#4933);
#4932 = CARTESIAN_POINT('',(-0.,-0.));
#4933 = VECTOR('',#4934,1.);
#4934 = DIRECTION('',(-0.,-1.));
#4935 = ( GEOMETRIC_REPRESENTATION_CONTEXT(2) 
PARAMETRIC_REPRESENTATION_CONTEXT() REPRESENTATION_CONTEXT('2D SPACE',''
  ) );
#4936 = PCURVE('',#4801,#4937);
#4937 = DEFINITIONAL_REPRESENTATION('',(#4938),#4942);
#4938 = LINE('',#4939,#4940);
#4939 = CARTESIAN_POINT('',(-6.28318530718,-0.));
#4940 = VECTOR('',#4941,1.);
#4941 = DIRECTION('',(-0.,-1.));
#4942 = ( GEOMETRIC_REPRESENTATION_CONTEXT(2) 
PARAMETRIC_REPRESENTATION_CONTEXT() REPRESENTATION_CONTEXT('2D SPACE',''
  ) );
#4943 = ORIENTED_EDGE('',*,*,#4784,.F.);
#4944 = ORIENTED_EDGE('',*,*,#4923,.F.);
#4945 = ADVANCED_FACE('',(#4946),#4878,.F.);
#4946 = FACE_BOUND('',#4947,.T.);
#4947 = EDGE_LOOP('',(#4948,#4949,#4972,#4999));
#4948 = ORIENTED_EDGE('',*,*,#4863,.T.);
#4949 = ORIENTED_EDGE('',*,*,#4950,.T.);
#4950 = EDGE_CURVE('',#4841,#4951,#4953,.T.);
#4951 = VERTEX_POINT('',#4952);
#4952 = CARTESIAN_POINT('',(39.263473138054,0.,-123.3104154567));
#4953 = SEAM_CURVE('',#4954,(#4958,#4965),.PCURVE_S1.);
#4954 = LINE('',#4955,#4956);
#4955 = CARTESIAN_POINT('',(38.558643087232,0.,-120.4886848013));
#4956 = VECTOR('',#4957,1.);
#4957 = DIRECTION('',(0.24234061261,0.,-0.970191232428));
#4958 = PCURVE('',#4878,#4959);
#4959 = DEFINITIONAL_REPRESENTATION('',(#4960),#4964);
#4960 = LINE('',#4961,#4962);
#4961 = CARTESIAN_POINT('',(-0.,0.));
#4962 = VECTOR('',#4963,1.);
#4963 = DIRECTION('',(-0.,1.));
#4964 = ( GEOMETRIC_REPRESENTATION_CONTEXT(2) 
PARAMETRIC_REPRESENTATION_CONTEXT() REPRESENTATION_CONTEXT('2D SPACE',''
  ) );
#4965 = PCURVE('',#4878,#4966);
#4966 = DEFINITIONAL_REPRESENTATION('',(#4967),#4971);
#4967 = LINE('',#4968,#4969);
#4968 = CARTESIAN_POINT('',(-6.28318530718,0.));
#4969 = VECTOR('',#4970,1.);
#4970 = DIRECTION('',(-0.,1.));
#4971 = ( GEOMETRIC_REPRESENTATION_CONTEXT(2) 
PARAMETRIC_REPRESENTATION_CONTEXT() REPRESENTATION_CONTEXT('2D SPACE',''
  ) );
#4972 = ORIENTED_EDGE('',*,*,#4973,.F.);
#4973 = EDGE_CURVE('',#4951,#4951,#4974,.T.);
#4974 = SURFACE_CURVE('',#4975,(#4980,#4987),.PCURVE_S1.);
#4975 = CIRCLE('',#4976,39.263473138054);
#4976 = AXIS2_PLACEMENT_3D('',#4977,#4978,#4979);
#4977 = CARTESIAN_POINT('',(0.,0.,-123.3104154567));
#4978 = DIRECTION('',(0.,0.,1.));
#4979 = DIRECTION('',(1.,0.,-0.));
#4980 = PCURVE('',#4878,#4981);
#4981 = DEFINITIONAL_REPRESENTATION('',(#4982),#4986);
#4982 = LINE('',#4983,#4984);
#4983 = CARTESIAN_POINT('',(-0.,2.82173065544));
#4984 = VECTOR('',#4985,1.);
#4985 = DIRECTION('',(-1.,0.));
#4986 = ( GEOMETRIC_REPRESENTATION_CONTEXT(2) 
PARAMETRIC_REPRESENTATION_CONTEXT() REPRESENTATION_CONTEXT('2D SPACE',''
  ) );
#4987 = PCURVE('',#4988,#4993);
#4988 = CONICAL_SURFACE('',#4989,39.263473138054,0.249330238251);
#4989 = AXIS2_PLACEMENT_3D('',#4990,#4991,#4992);
#4990 = CARTESIAN_POINT('',(0.,0.,-123.3104154567));
#4991 = DIRECTION('',(-0.,-0.,-1.));
#4992 = DIRECTION('',(1.,0.,0.));
#4993 = DEFINITIONAL_REPRESENTATION('',(#4994),#4998);
#4994 = LINE('',#4995,#4996);
#4995 = CARTESIAN_POINT('',(-0.,0.));
#4996 = VECTOR('',#4997,1.);
#4997 = DIRECTION('',(-1.,0.));
#4998 = ( GEOMETRIC_REPRESENTATION_CONTEXT(2) 
PARAMETRIC_REPRESENTATION_CONTEXT() REPRESENTATION_CONTEXT('2D SPACE',''
  ) );
#4999 = ORIENTED_EDGE('',*,*,#4950,.F.);
#5000 = ADVANCED_FACE('',(#5001),#4911,.T.);
#5001 = FACE_BOUND('',#5002,.T.);
#5002 = EDGE_LOOP('',(#5003,#5032,#5053,#5054));
#5003 = ORIENTED_EDGE('',*,*,#5004,.T.);
#5004 = EDGE_CURVE('',#5005,#5005,#5007,.T.);
#5005 = VERTEX_POINT('',#5006);
#5006 = CARTESIAN_POINT('',(45.081305412306,0.,-124.7776671831));
#5007 = SURFACE_CURVE('',#5008,(#5013,#5020),.PCURVE_S1.);
#5008 = CIRCLE('',#5009,45.081305412306);
#5009 = AXIS2_PLACEMENT_3D('',#5010,#5011,#5012);
#5010 = CARTESIAN_POINT('',(0.,0.,-124.7776671831));
#5011 = DIRECTION('',(0.,0.,1.));
#5012 = DIRECTION('',(1.,0.,-0.));
#5013 = PCURVE('',#4911,#5014);
#5014 = DEFINITIONAL_REPRESENTATION('',(#5015),#5019);
#5015 = LINE('',#5016,#5017);
#5016 = CARTESIAN_POINT('',(-0.,-0.));
#5017 = VECTOR('',#5018,1.);
#5018 = DIRECTION('',(-1.,-0.));
#5019 = ( GEOMETRIC_REPRESENTATION_CONTEXT(2) 
PARAMETRIC_REPRESENTATION_CONTEXT() REPRESENTATION_CONTEXT('2D SPACE',''
  ) );
#5020 = PCURVE('',#5021,#5026);
#5021 = CONICAL_SURFACE('',#5022,45.787229241255,0.244817218138);
#5022 = AXIS2_PLACEMENT_3D('',#5023,#5024,#5025);
#5023 = CARTESIAN_POINT('',(0.,0.,-127.6033012046));
#5024 = DIRECTION('',(-0.,-0.,-1.));
#5025 = DIRECTION('',(1.,0.,-0.));
#5026 = DEFINITIONAL_REPRESENTATION('',(#5027),#5031);
#5027 = LINE('',#5028,#5029);
#5028 = CARTESIAN_POINT('',(-0.,-2.825634021495));
#5029 = VECTOR('',#5030,1.);
#5030 = DIRECTION('',(-1.,-0.));
#5031 = ( GEOMETRIC_REPRESENTATION_CONTEXT(2) 
PARAMETRIC_REPRESENTATION_CONTEXT() REPRESENTATION_CONTEXT('2D SPACE',''
  ) );
#5032 = ORIENTED_EDGE('',*,*,#5033,.T.);
#5033 = EDGE_CURVE('',#5005,#4895,#5034,.T.);
#5034 = SEAM_CURVE('',#5035,(#5039,#5046),.PCURVE_S1.);
#5035 = LINE('',#5036,#5037);
#5036 = CARTESIAN_POINT('',(45.081305412306,0.,-124.7776671831));
#5037 = VECTOR('',#5038,1.);
#5038 = DIRECTION('',(-0.238114595248,0.,0.971237066596));
#5039 = PCURVE('',#4911,#5040);
#5040 = DEFINITIONAL_REPRESENTATION('',(#5041),#5045);
#5041 = LINE('',#5042,#5043);
#5042 = CARTESIAN_POINT('',(-0.,-0.));
#5043 = VECTOR('',#5044,1.);
#5044 = DIRECTION('',(-0.,-1.));
#5045 = ( GEOMETRIC_REPRESENTATION_CONTEXT(2) 
PARAMETRIC_REPRESENTATION_CONTEXT() REPRESENTATION_CONTEXT('2D SPACE',''
  ) );
#5046 = PCURVE('',#4911,#5047);
#5047 = DEFINITIONAL_REPRESENTATION('',(#5048),#5052);
#5048 = LINE('',#5049,#5050);
#5049 = CARTESIAN_POINT('',(-6.28318530718,-0.));
#5050 = VECTOR('',#5051,1.);
#5051 = DIRECTION('',(-0.,-1.));
#5052 = ( GEOMETRIC_REPRESENTATION_CONTEXT(2) 
PARAMETRIC_REPRESENTATION_CONTEXT() REPRESENTATION_CONTEXT('2D SPACE',''
  ) );
#5053 = ORIENTED_EDGE('',*,*,#4894,.F.);
#5054 = ORIENTED_EDGE('',*,*,#5033,.F.);
#5055 = ADVANCED_FACE('',(#5056),#4988,.F.);
#5056 = FACE_BOUND('',#5057,.T.);
#5057 = EDGE_LOOP('',(#5058,#5059,#5082,#5109));
#5058 = ORIENTED_EDGE('',*,*,#4973,.T.);
#5059 = ORIENTED_EDGE('',*,*,#5060,.T.);
#5060 = EDGE_CURVE('',#4951,#5061,#5063,.T.);
#5061 = VERTEX_POINT('',#5062);
#5062 = CARTESIAN_POINT('',(39.976178792399,0.,-126.1094161084));
#5063 = SEAM_CURVE('',#5064,(#5068,#5075),.PCURVE_S1.);
#5064 = LINE('',#5065,#5066);
#5065 = CARTESIAN_POINT('',(39.263473138054,0.,-123.3104154567));
#5066 = VECTOR('',#5067,1.);
#5067 = DIRECTION('',(0.246754963335,0.,-0.969077906089));
#5068 = PCURVE('',#4988,#5069);
#5069 = DEFINITIONAL_REPRESENTATION('',(#5070),#5074);
#5070 = LINE('',#5071,#5072);
#5071 = CARTESIAN_POINT('',(-0.,0.));
#5072 = VECTOR('',#5073,1.);
#5073 = DIRECTION('',(-0.,1.));
#5074 = ( GEOMETRIC_REPRESENTATION_CONTEXT(2) 
PARAMETRIC_REPRESENTATION_CONTEXT() REPRESENTATION_CONTEXT('2D SPACE',''
  ) );
#5075 = PCURVE('',#4988,#5076);
#5076 = DEFINITIONAL_REPRESENTATION('',(#5077),#5081);
#5077 = LINE('',#5078,#5079);
#5078 = CARTESIAN_POINT('',(-6.28318530718,0.));
#5079 = VECTOR('',#5080,1.);
#5080 = DIRECTION('',(-0.,1.));
#5081 = ( GEOMETRIC_REPRESENTATION_CONTEXT(2) 
PARAMETRIC_REPRESENTATION_CONTEXT() REPRESENTATION_CONTEXT('2D SPACE',''
  ) );
#5082 = ORIENTED_EDGE('',*,*,#5083,.F.);
#5083 = EDGE_CURVE('',#5061,#5061,#5084,.T.);
#5084 = SURFACE_CURVE('',#5085,(#5090,#5097),.PCURVE_S1.);
#5085 = CIRCLE('',#5086,39.976178792399);
#5086 = AXIS2_PLACEMENT_3D('',#5087,#5088,#5089);
#5087 = CARTESIAN_POINT('',(0.,0.,-126.1094161084));
#5088 = DIRECTION('',(0.,0.,1.));
#5089 = DIRECTION('',(1.,0.,-0.));
#5090 = PCURVE('',#4988,#5091);
#5091 = DEFINITIONAL_REPRESENTATION('',(#5092),#5096);
#5092 = LINE('',#5093,#5094);
#5093 = CARTESIAN_POINT('',(-0.,2.799000651643));
#5094 = VECTOR('',#5095,1.);
#5095 = DIRECTION('',(-1.,0.));
#5096 = ( GEOMETRIC_REPRESENTATION_CONTEXT(2) 
PARAMETRIC_REPRESENTATION_CONTEXT() REPRESENTATION_CONTEXT('2D SPACE',''
  ) );
#5097 = PCURVE('',#5098,#5103);
#5098 = CONICAL_SURFACE('',#5099,39.976178792399,0.253938507717);
#5099 = AXIS2_PLACEMENT_3D('',#5100,#5101,#5102);
#5100 = CARTESIAN_POINT('',(0.,0.,-126.1094161084));
#5101 = DIRECTION('',(-0.,-0.,-1.));
#5102 = DIRECTION('',(1.,0.,0.));
#5103 = DEFINITIONAL_REPRESENTATION('',(#5104),#5108);
#5104 = LINE('',#5105,#5106);
#5105 = CARTESIAN_POINT('',(-0.,0.));
#5106 = VECTOR('',#5107,1.);
#5107 = DIRECTION('',(-1.,0.));
#5108 = ( GEOMETRIC_REPRESENTATION_CONTEXT(2) 
PARAMETRIC_REPRESENTATION_CONTEXT() REPRESENTATION_CONTEXT('2D SPACE',''
  ) );
#5109 = ORIENTED_EDGE('',*,*,#5060,.F.);
#5110 = ADVANCED_FACE('',(#5111),#5021,.T.);
#5111 = FACE_BOUND('',#5112,.T.);
#5112 = EDGE_LOOP('',(#5113,#5142,#5163,#5164));
#5113 = ORIENTED_EDGE('',*,*,#5114,.T.);
#5114 = EDGE_CURVE('',#5115,#5115,#5117,.T.);
#5115 = VERTEX_POINT('',#5116);
#5116 = CARTESIAN_POINT('',(45.787229241255,0.,-127.6033012046));
#5117 = SURFACE_CURVE('',#5118,(#5123,#5130),.PCURVE_S1.);
#5118 = CIRCLE('',#5119,45.787229241255);
#5119 = AXIS2_PLACEMENT_3D('',#5120,#5121,#5122);
#5120 = CARTESIAN_POINT('',(0.,0.,-127.6033012046));
#5121 = DIRECTION('',(0.,0.,1.));
#5122 = DIRECTION('',(1.,0.,-0.));
#5123 = PCURVE('',#5021,#5124);
#5124 = DEFINITIONAL_REPRESENTATION('',(#5125),#5129);
#5125 = LINE('',#5126,#5127);
#5126 = CARTESIAN_POINT('',(-0.,-0.));
#5127 = VECTOR('',#5128,1.);
#5128 = DIRECTION('',(-1.,-0.));
#5129 = ( GEOMETRIC_REPRESENTATION_CONTEXT(2) 
PARAMETRIC_REPRESENTATION_CONTEXT() REPRESENTATION_CONTEXT('2D SPACE',''
  ) );
#5130 = PCURVE('',#5131,#5136);
#5131 = CONICAL_SURFACE('',#5132,46.500736188784,0.24926130519);
#5132 = AXIS2_PLACEMENT_3D('',#5133,#5134,#5135);
#5133 = CARTESIAN_POINT('',(0.,0.,-130.4062567661));
#5134 = DIRECTION('',(-0.,-0.,-1.));
#5135 = DIRECTION('',(1.,0.,-0.));
#5136 = DEFINITIONAL_REPRESENTATION('',(#5137),#5141);
#5137 = LINE('',#5138,#5139);
#5138 = CARTESIAN_POINT('',(-0.,-2.802955561463));
#5139 = VECTOR('',#5140,1.);
#5140 = DIRECTION('',(-1.,-0.));
#5141 = ( GEOMETRIC_REPRESENTATION_CONTEXT(2) 
PARAMETRIC_REPRESENTATION_CONTEXT() REPRESENTATION_CONTEXT('2D SPACE',''
  ) );
#5142 = ORIENTED_EDGE('',*,*,#5143,.T.);
#5143 = EDGE_CURVE('',#5115,#5005,#5144,.T.);
#5144 = SEAM_CURVE('',#5145,(#5149,#5156),.PCURVE_S1.);
#5145 = LINE('',#5146,#5147);
#5146 = CARTESIAN_POINT('',(45.787229241255,0.,-127.6033012046));
#5147 = VECTOR('',#5148,1.);
#5148 = DIRECTION('',(-0.242378997231,0.,0.970181643663));
#5149 = PCURVE('',#5021,#5150);
#5150 = DEFINITIONAL_REPRESENTATION('',(#5151),#5155);
#5151 = LINE('',#5152,#5153);
#5152 = CARTESIAN_POINT('',(-0.,-0.));
#5153 = VECTOR('',#5154,1.);
#5154 = DIRECTION('',(-0.,-1.));
#5155 = ( GEOMETRIC_REPRESENTATION_CONTEXT(2) 
PARAMETRIC_REPRESENTATION_CONTEXT() REPRESENTATION_CONTEXT('2D SPACE',''
  ) );
#5156 = PCURVE('',#5021,#5157);
#5157 = DEFINITIONAL_REPRESENTATION('',(#5158),#5162);
#5158 = LINE('',#5159,#5160);
#5159 = CARTESIAN_POINT('',(-6.28318530718,-0.));
#5160 = VECTOR('',#5161,1.);
#5161 = DIRECTION('',(-0.,-1.));
#5162 = ( GEOMETRIC_REPRESENTATION_CONTEXT(2) 
PARAMETRIC_REPRESENTATION_CONTEXT() REPRESENTATION_CONTEXT('2D SPACE',''
  ) );
#5163 = ORIENTED_EDGE('',*,*,#5004,.F.);
#5164 = ORIENTED_EDGE('',*,*,#5143,.F.);
#5165 = ADVANCED_FACE('',(#5166),#5098,.F.);
#5166 = FACE_BOUND('',#5167,.T.);
#5167 = EDGE_LOOP('',(#5168,#5169,#5192,#5219));
#5168 = ORIENTED_EDGE('',*,*,#5083,.T.);
#5169 = ORIENTED_EDGE('',*,*,#5170,.T.);
#5170 = EDGE_CURVE('',#5061,#5171,#5173,.T.);
#5171 = VERTEX_POINT('',#5172);
#5172 = CARTESIAN_POINT('',(40.696673965172,0.,-128.8854472105));
#5173 = SEAM_CURVE('',#5174,(#5178,#5185),.PCURVE_S1.);
#5174 = LINE('',#5175,#5176);
#5175 = CARTESIAN_POINT('',(39.976178792399,0.,-126.1094161084));
#5176 = VECTOR('',#5177,1.);
#5177 = DIRECTION('',(0.251218099596,0.,-0.967930507028));
#5178 = PCURVE('',#5098,#5179);
#5179 = DEFINITIONAL_REPRESENTATION('',(#5180),#5184);
#5180 = LINE('',#5181,#5182);
#5181 = CARTESIAN_POINT('',(-0.,0.));
#5182 = VECTOR('',#5183,1.);
#5183 = DIRECTION('',(-0.,1.));
#5184 = ( GEOMETRIC_REPRESENTATION_CONTEXT(2) 
PARAMETRIC_REPRESENTATION_CONTEXT() REPRESENTATION_CONTEXT('2D SPACE',''
  ) );
#5185 = PCURVE('',#5098,#5186);
#5186 = DEFINITIONAL_REPRESENTATION('',(#5187),#5191);
#5187 = LINE('',#5188,#5189);
#5188 = CARTESIAN_POINT('',(-6.28318530718,0.));
#5189 = VECTOR('',#5190,1.);
#5190 = DIRECTION('',(-0.,1.));
#5191 = ( GEOMETRIC_REPRESENTATION_CONTEXT(2) 
PARAMETRIC_REPRESENTATION_CONTEXT() REPRESENTATION_CONTEXT('2D SPACE',''
  ) );
#5192 = ORIENTED_EDGE('',*,*,#5193,.F.);
#5193 = EDGE_CURVE('',#5171,#5171,#5194,.T.);
#5194 = SURFACE_CURVE('',#5195,(#5200,#5207),.PCURVE_S1.);
#5195 = CIRCLE('',#5196,40.696673965172);
#5196 = AXIS2_PLACEMENT_3D('',#5197,#5198,#5199);
#5197 = CARTESIAN_POINT('',(0.,0.,-128.8854472105));
#5198 = DIRECTION('',(0.,0.,1.));
#5199 = DIRECTION('',(1.,0.,-0.));
#5200 = PCURVE('',#5098,#5201);
#5201 = DEFINITIONAL_REPRESENTATION('',(#5202),#5206);
#5202 = LINE('',#5203,#5204);
#5203 = CARTESIAN_POINT('',(-0.,2.776031102121));
#5204 = VECTOR('',#5205,1.);
#5205 = DIRECTION('',(-1.,0.));
#5206 = ( GEOMETRIC_REPRESENTATION_CONTEXT(2) 
PARAMETRIC_REPRESENTATION_CONTEXT() REPRESENTATION_CONTEXT('2D SPACE',''
  ) );
#5207 = PCURVE('',#5208,#5213);
#5208 = CONICAL_SURFACE('',#5209,40.696673965172,0.258602212881);
#5209 = AXIS2_PLACEMENT_3D('',#5210,#5211,#5212);
#5210 = CARTESIAN_POINT('',(0.,0.,-128.8854472105));
#5211 = DIRECTION('',(-0.,-0.,-1.));
#5212 = DIRECTION('',(1.,0.,0.));
#5213 = DEFINITIONAL_REPRESENTATION('',(#5214),#5218);
#5214 = LINE('',#5215,#5216);
#5215 = CARTESIAN_POINT('',(-0.,0.));
#5216 = VECTOR('',#5217,1.);
#5217 = DIRECTION('',(-1.,0.));
#5218 = ( GEOMETRIC_REPRESENTATION_CONTEXT(2) 
PARAMETRIC_REPRESENTATION_CONTEXT() REPRESENTATION_CONTEXT('2D SPACE',''
  ) );
#5219 = ORIENTED_EDGE('',*,*,#5170,.F.);
#5220 = ADVANCED_FACE('',(#5221),#5131,.T.);
#5221 = FACE_BOUND('',#5222,.T.);
#5222 = EDGE_LOOP('',(#5223,#5252,#5273,#5274));
#5223 = ORIENTED_EDGE('',*,*,#5224,.T.);
#5224 = EDGE_CURVE('',#5225,#5225,#5227,.T.);
#5225 = VERTEX_POINT('',#5226);
#5226 = CARTESIAN_POINT('',(46.500736188784,0.,-130.4062567661));
#5227 = SURFACE_CURVE('',#5228,(#5233,#5240),.PCURVE_S1.);
#5228 = CIRCLE('',#5229,46.500736188784);
#5229 = AXIS2_PLACEMENT_3D('',#5230,#5231,#5232);
#5230 = CARTESIAN_POINT('',(0.,0.,-130.4062567661));
#5231 = DIRECTION('',(0.,0.,1.));
#5232 = DIRECTION('',(1.,0.,-0.));
#5233 = PCURVE('',#5131,#5234);
#5234 = DEFINITIONAL_REPRESENTATION('',(#5235),#5239);
#5235 = LINE('',#5236,#5237);
#5236 = CARTESIAN_POINT('',(-0.,-0.));
#5237 = VECTOR('',#5238,1.);
#5238 = DIRECTION('',(-1.,-0.));
#5239 = ( GEOMETRIC_REPRESENTATION_CONTEXT(2) 
PARAMETRIC_REPRESENTATION_CONTEXT() REPRESENTATION_CONTEXT('2D SPACE',''
  ) );
#5240 = PCURVE('',#5241,#5246);
#5241 = CONICAL_SURFACE('',#5242,47.221738961564,0.253756082887);
#5242 = AXIS2_PLACEMENT_3D('',#5243,#5244,#5245);
#5243 = CARTESIAN_POINT('',(0.,0.,-133.1863291933));
#5244 = DIRECTION('',(-0.,-0.,-1.));
#5245 = DIRECTION('',(1.,0.,-0.));
#5246 = DEFINITIONAL_REPRESENTATION('',(#5247),#5251);
#5247 = LINE('',#5248,#5249);
#5248 = CARTESIAN_POINT('',(-0.,-2.780072427243));
#5249 = VECTOR('',#5250,1.);
#5250 = DIRECTION('',(-1.,-0.));
#5251 = ( GEOMETRIC_REPRESENTATION_CONTEXT(2) 
PARAMETRIC_REPRESENTATION_CONTEXT() REPRESENTATION_CONTEXT('2D SPACE',''
  ) );
#5252 = ORIENTED_EDGE('',*,*,#5253,.T.);
#5253 = EDGE_CURVE('',#5225,#5115,#5254,.T.);
#5254 = SEAM_CURVE('',#5255,(#5259,#5266),.PCURVE_S1.);
#5255 = LINE('',#5256,#5257);
#5256 = CARTESIAN_POINT('',(46.500736188784,0.,-130.4062567661));
#5257 = VECTOR('',#5258,1.);
#5258 = DIRECTION('',(-0.246688161241,0.,0.969094913362));
#5259 = PCURVE('',#5131,#5260);
#5260 = DEFINITIONAL_REPRESENTATION('',(#5261),#5265);
#5261 = LINE('',#5262,#5263);
#5262 = CARTESIAN_POINT('',(-0.,-0.));
#5263 = VECTOR('',#5264,1.);
#5264 = DIRECTION('',(-0.,-1.));
#5265 = ( GEOMETRIC_REPRESENTATION_CONTEXT(2) 
PARAMETRIC_REPRESENTATION_CONTEXT() REPRESENTATION_CONTEXT('2D SPACE',''
  ) );
#5266 = PCURVE('',#5131,#5267);
#5267 = DEFINITIONAL_REPRESENTATION('',(#5268),#5272);
#5268 = LINE('',#5269,#5270);
#5269 = CARTESIAN_POINT('',(-6.28318530718,-0.));
#5270 = VECTOR('',#5271,1.);
#5271 = DIRECTION('',(-0.,-1.));
#5272 = ( GEOMETRIC_REPRESENTATION_CONTEXT(2) 
PARAMETRIC_REPRESENTATION_CONTEXT() REPRESENTATION_CONTEXT('2D SPACE',''
  ) );
#5273 = ORIENTED_EDGE('',*,*,#5114,.F.);
#5274 = ORIENTED_EDGE('',*,*,#5253,.F.);
#5275 = ADVANCED_FACE('',(#5276),#5208,.F.);
#5276 = FACE_BOUND('',#5277,.T.);
#5277 = EDGE_LOOP('',(#5278,#5279,#5302,#5329));
#5278 = ORIENTED_EDGE('',*,*,#5193,.T.);
#5279 = ORIENTED_EDGE('',*,*,#5280,.T.);
#5280 = EDGE_CURVE('',#5171,#5281,#5283,.T.);
#5281 = VERTEX_POINT('',#5282);
#5282 = CARTESIAN_POINT('',(41.424875334033,0.,-131.6383072026));
#5283 = SEAM_CURVE('',#5284,(#5288,#5295),.PCURVE_S1.);
#5284 = LINE('',#5285,#5286);
#5285 = CARTESIAN_POINT('',(40.696673965172,0.,-128.8854472105));
#5286 = VECTOR('',#5287,1.);
#5287 = DIRECTION('',(0.255729493726,0.,-0.966748377831));
#5288 = PCURVE('',#5208,#5289);
#5289 = DEFINITIONAL_REPRESENTATION('',(#5290),#5294);
#5290 = LINE('',#5291,#5292);
#5291 = CARTESIAN_POINT('',(-0.,0.));
#5292 = VECTOR('',#5293,1.);
#5293 = DIRECTION('',(-0.,1.));
#5294 = ( GEOMETRIC_REPRESENTATION_CONTEXT(2) 
PARAMETRIC_REPRESENTATION_CONTEXT() REPRESENTATION_CONTEXT('2D SPACE',''
  ) );
#5295 = PCURVE('',#5208,#5296);
#5296 = DEFINITIONAL_REPRESENTATION('',(#5297),#5301);
#5297 = LINE('',#5298,#5299);
#5298 = CARTESIAN_POINT('',(-6.28318530718,0.));
#5299 = VECTOR('',#5300,1.);
#5300 = DIRECTION('',(-0.,1.));
#5301 = ( GEOMETRIC_REPRESENTATION_CONTEXT(2) 
PARAMETRIC_REPRESENTATION_CONTEXT() REPRESENTATION_CONTEXT('2D SPACE',''
  ) );
#5302 = ORIENTED_EDGE('',*,*,#5303,.F.);
#5303 = EDGE_CURVE('',#5281,#5281,#5304,.T.);
#5304 = SURFACE_CURVE('',#5305,(#5310,#5317),.PCURVE_S1.);
#5305 = CIRCLE('',#5306,41.424875334033);
#5306 = AXIS2_PLACEMENT_3D('',#5307,#5308,#5309);
#5307 = CARTESIAN_POINT('',(0.,0.,-131.6383072026));
#5308 = DIRECTION('',(0.,0.,1.));
#5309 = DIRECTION('',(1.,0.,-0.));
#5310 = PCURVE('',#5208,#5311);
#5311 = DEFINITIONAL_REPRESENTATION('',(#5312),#5316);
#5312 = LINE('',#5313,#5314);
#5313 = CARTESIAN_POINT('',(-0.,2.752859992115));
#5314 = VECTOR('',#5315,1.);
#5315 = DIRECTION('',(-1.,0.));
#5316 = ( GEOMETRIC_REPRESENTATION_CONTEXT(2) 
PARAMETRIC_REPRESENTATION_CONTEXT() REPRESENTATION_CONTEXT('2D SPACE',''
  ) );
#5317 = PCURVE('',#5318,#5323);
#5318 = CONICAL_SURFACE('',#5319,41.424875334033,0.263321129863);
#5319 = AXIS2_PLACEMENT_3D('',#5320,#5321,#5322);
#5320 = CARTESIAN_POINT('',(0.,0.,-131.6383072026));
#5321 = DIRECTION('',(-0.,-0.,-1.));
#5322 = DIRECTION('',(1.,0.,0.));
#5323 = DEFINITIONAL_REPRESENTATION('',(#5324),#5328);
#5324 = LINE('',#5325,#5326);
#5325 = CARTESIAN_POINT('',(-0.,0.));
#5326 = VECTOR('',#5327,1.);
#5327 = DIRECTION('',(-1.,0.));
#5328 = ( GEOMETRIC_REPRESENTATION_CONTEXT(2) 
PARAMETRIC_REPRESENTATION_CONTEXT() REPRESENTATION_CONTEXT('2D SPACE',''
  ) );
#5329 = ORIENTED_EDGE('',*,*,#5280,.F.);
#5330 = ADVANCED_FACE('',(#5331),#5241,.T.);
#5331 = FACE_BOUND('',#5332,.T.);
#5332 = EDGE_LOOP('',(#5333,#5362,#5383,#5384));
#5333 = ORIENTED_EDGE('',*,*,#5334,.T.);
#5334 = EDGE_CURVE('',#5335,#5335,#5337,.T.);
#5335 = VERTEX_POINT('',#5336);
#5336 = CARTESIAN_POINT('',(47.221738961564,0.,-133.1863291933));
#5337 = SURFACE_CURVE('',#5338,(#5343,#5350),.PCURVE_S1.);
#5338 = CIRCLE('',#5339,47.221738961564);
#5339 = AXIS2_PLACEMENT_3D('',#5340,#5341,#5342);
#5340 = CARTESIAN_POINT('',(0.,0.,-133.1863291933));
#5341 = DIRECTION('',(0.,0.,1.));
#5342 = DIRECTION('',(1.,0.,-0.));
#5343 = PCURVE('',#5241,#5344);
#5344 = DEFINITIONAL_REPRESENTATION('',(#5345),#5349);
#5345 = LINE('',#5346,#5347);
#5346 = CARTESIAN_POINT('',(-0.,-0.));
#5347 = VECTOR('',#5348,1.);
#5348 = DIRECTION('',(-1.,-0.));
#5349 = ( GEOMETRIC_REPRESENTATION_CONTEXT(2) 
PARAMETRIC_REPRESENTATION_CONTEXT() REPRESENTATION_CONTEXT('2D SPACE',''
  ) );
#5350 = PCURVE('',#5351,#5356);
#5351 = CONICAL_SURFACE('',#5352,47.950152830567,0.258301251089);
#5352 = AXIS2_PLACEMENT_3D('',#5353,#5354,#5355);
#5353 = CARTESIAN_POINT('',(0.,0.,-135.9433485145));
#5354 = DIRECTION('',(-0.,-0.,-1.));
#5355 = DIRECTION('',(1.,0.,-0.));
#5356 = DEFINITIONAL_REPRESENTATION('',(#5357),#5361);
#5357 = LINE('',#5358,#5359);
#5358 = CARTESIAN_POINT('',(-0.,-2.757019321189));
#5359 = VECTOR('',#5360,1.);
#5360 = DIRECTION('',(-1.,-0.));
#5361 = ( GEOMETRIC_REPRESENTATION_CONTEXT(2) 
PARAMETRIC_REPRESENTATION_CONTEXT() REPRESENTATION_CONTEXT('2D SPACE',''
  ) );
#5362 = ORIENTED_EDGE('',*,*,#5363,.T.);
#5363 = EDGE_CURVE('',#5335,#5225,#5364,.T.);
#5364 = SEAM_CURVE('',#5365,(#5369,#5376),.PCURVE_S1.);
#5365 = LINE('',#5366,#5367);
#5366 = CARTESIAN_POINT('',(47.221738961564,0.,-133.1863291933));
#5367 = VECTOR('',#5368,1.);
#5368 = DIRECTION('',(-0.251041520858,0.,0.967976319341));
#5369 = PCURVE('',#5241,#5370);
#5370 = DEFINITIONAL_REPRESENTATION('',(#5371),#5375);
#5371 = LINE('',#5372,#5373);
#5372 = CARTESIAN_POINT('',(-0.,-0.));
#5373 = VECTOR('',#5374,1.);
#5374 = DIRECTION('',(-0.,-1.));
#5375 = ( GEOMETRIC_REPRESENTATION_CONTEXT(2) 
PARAMETRIC_REPRESENTATION_CONTEXT() REPRESENTATION_CONTEXT('2D SPACE',''
  ) );
#5376 = PCURVE('',#5241,#5377);
#5377 = DEFINITIONAL_REPRESENTATION('',(#5378),#5382);
#5378 = LINE('',#5379,#5380);
#5379 = CARTESIAN_POINT('',(-6.28318530718,-0.));
#5380 = VECTOR('',#5381,1.);
#5381 = DIRECTION('',(-0.,-1.));
#5382 = ( GEOMETRIC_REPRESENTATION_CONTEXT(2) 
PARAMETRIC_REPRESENTATION_CONTEXT() REPRESENTATION_CONTEXT('2D SPACE',''
  ) );
#5383 = ORIENTED_EDGE('',*,*,#5224,.F.);
#5384 = ORIENTED_EDGE('',*,*,#5363,.F.);
#5385 = ADVANCED_FACE('',(#5386),#5318,.F.);
#5386 = FACE_BOUND('',#5387,.T.);
#5387 = EDGE_LOOP('',(#5388,#5389,#5412,#5439));
#5388 = ORIENTED_EDGE('',*,*,#5303,.T.);
#5389 = ORIENTED_EDGE('',*,*,#5390,.T.);
#5390 = EDGE_CURVE('',#5281,#5391,#5393,.T.);
#5391 = VERTEX_POINT('',#5392);
#5392 = CARTESIAN_POINT('',(42.16070219471,0.,-134.3678291287));
#5393 = SEAM_CURVE('',#5394,(#5398,#5405),.PCURVE_S1.);
#5394 = LINE('',#5395,#5396);
#5395 = CARTESIAN_POINT('',(41.424875334033,0.,-131.6383072026));
#5396 = VECTOR('',#5397,1.);
#5397 = DIRECTION('',(0.260288634822,0.,-0.965530852217));
#5398 = PCURVE('',#5318,#5399);
#5399 = DEFINITIONAL_REPRESENTATION('',(#5400),#5404);
#5400 = LINE('',#5401,#5402);
#5401 = CARTESIAN_POINT('',(-0.,0.));
#5402 = VECTOR('',#5403,1.);
#5403 = DIRECTION('',(-0.,1.));
#5404 = ( GEOMETRIC_REPRESENTATION_CONTEXT(2) 
PARAMETRIC_REPRESENTATION_CONTEXT() REPRESENTATION_CONTEXT('2D SPACE',''
  ) );
#5405 = PCURVE('',#5318,#5406);
#5406 = DEFINITIONAL_REPRESENTATION('',(#5407),#5411);
#5407 = LINE('',#5408,#5409);
#5408 = CARTESIAN_POINT('',(-6.28318530718,0.));
#5409 = VECTOR('',#5410,1.);
#5410 = DIRECTION('',(-0.,1.));
#5411 = ( GEOMETRIC_REPRESENTATION_CONTEXT(2) 
PARAMETRIC_REPRESENTATION_CONTEXT() REPRESENTATION_CONTEXT('2D SPACE',''
  ) );
#5412 = ORIENTED_EDGE('',*,*,#5413,.F.);
#5413 = EDGE_CURVE('',#5391,#5391,#5414,.T.);
#5414 = SURFACE_CURVE('',#5415,(#5420,#5427),.PCURVE_S1.);
#5415 = CIRCLE('',#5416,42.16070219471);
#5416 = AXIS2_PLACEMENT_3D('',#5417,#5418,#5419);
#5417 = CARTESIAN_POINT('',(0.,0.,-134.3678291287));
#5418 = DIRECTION('',(0.,0.,1.));
#5419 = DIRECTION('',(1.,0.,-0.));
#5420 = PCURVE('',#5318,#5421);
#5421 = DEFINITIONAL_REPRESENTATION('',(#5422),#5426);
#5422 = LINE('',#5423,#5424);
#5423 = CARTESIAN_POINT('',(-0.,2.729521926145));
#5424 = VECTOR('',#5425,1.);
#5425 = DIRECTION('',(-1.,0.));
#5426 = ( GEOMETRIC_REPRESENTATION_CONTEXT(2) 
PARAMETRIC_REPRESENTATION_CONTEXT() REPRESENTATION_CONTEXT('2D SPACE',''
  ) );
#5427 = PCURVE('',#5428,#5433);
#5428 = CONICAL_SURFACE('',#5429,42.16070219471,0.268095059755);
#5429 = AXIS2_PLACEMENT_3D('',#5430,#5431,#5432);
#5430 = CARTESIAN_POINT('',(0.,0.,-134.3678291287));
#5431 = DIRECTION('',(-0.,-0.,-1.));
#5432 = DIRECTION('',(1.,0.,0.));
#5433 = DEFINITIONAL_REPRESENTATION('',(#5434),#5438);
#5434 = LINE('',#5435,#5436);
#5435 = CARTESIAN_POINT('',(-0.,0.));
#5436 = VECTOR('',#5437,1.);
#5437 = DIRECTION('',(-1.,0.));
#5438 = ( GEOMETRIC_REPRESENTATION_CONTEXT(2) 
PARAMETRIC_REPRESENTATION_CONTEXT() REPRESENTATION_CONTEXT('2D SPACE',''
  ) );
#5439 = ORIENTED_EDGE('',*,*,#5390,.F.);
#5440 = ADVANCED_FACE('',(#5441),#5351,.T.);
#5441 = FACE_BOUND('',#5442,.T.);
#5442 = EDGE_LOOP('',(#5443,#5472,#5493,#5494));
#5443 = ORIENTED_EDGE('',*,*,#5444,.T.);
#5444 = EDGE_CURVE('',#5445,#5445,#5447,.T.);
#5445 = VERTEX_POINT('',#5446);
#5446 = CARTESIAN_POINT('',(47.950152830567,0.,-135.9433485145));
#5447 = SURFACE_CURVE('',#5448,(#5453,#5460),.PCURVE_S1.);
#5448 = CIRCLE('',#5449,47.950152830567);
#5449 = AXIS2_PLACEMENT_3D('',#5450,#5451,#5452);
#5450 = CARTESIAN_POINT('',(0.,0.,-135.9433485145));
#5451 = DIRECTION('',(0.,0.,1.));
#5452 = DIRECTION('',(1.,0.,-0.));
#5453 = PCURVE('',#5351,#5454);
#5454 = DEFINITIONAL_REPRESENTATION('',(#5455),#5459);
#5455 = LINE('',#5456,#5457);
#5456 = CARTESIAN_POINT('',(-0.,-0.));
#5457 = VECTOR('',#5458,1.);
#5458 = DIRECTION('',(-1.,-0.));
#5459 = ( GEOMETRIC_REPRESENTATION_CONTEXT(2) 
PARAMETRIC_REPRESENTATION_CONTEXT() REPRESENTATION_CONTEXT('2D SPACE',''
  ) );
#5460 = PCURVE('',#5461,#5466);
#5461 = CONICAL_SURFACE('',#5462,48.685895495531,0.262896534294);
#5462 = AXIS2_PLACEMENT_3D('',#5463,#5464,#5465);
#5463 = CARTESIAN_POINT('',(0.,0.,-138.67717635));
#5464 = DIRECTION('',(-0.,-0.,-1.));
#5465 = DIRECTION('',(1.,0.,-0.));
#5466 = DEFINITIONAL_REPRESENTATION('',(#5467),#5471);
#5467 = LINE('',#5468,#5469);
#5468 = CARTESIAN_POINT('',(-0.,-2.733827835522));
#5469 = VECTOR('',#5470,1.);
#5470 = DIRECTION('',(-1.,-0.));
#5471 = ( GEOMETRIC_REPRESENTATION_CONTEXT(2) 
PARAMETRIC_REPRESENTATION_CONTEXT() REPRESENTATION_CONTEXT('2D SPACE',''
  ) );
#5472 = ORIENTED_EDGE('',*,*,#5473,.T.);
#5473 = EDGE_CURVE('',#5445,#5335,#5474,.T.);
#5474 = SEAM_CURVE('',#5475,(#5479,#5486),.PCURVE_S1.);
#5475 = LINE('',#5476,#5477);
#5476 = CARTESIAN_POINT('',(47.950152830567,0.,-135.9433485145));
#5477 = VECTOR('',#5478,1.);
#5478 = DIRECTION('',(-0.255438527824,0.,0.966825298853));
#5479 = PCURVE('',#5351,#5480);
#5480 = DEFINITIONAL_REPRESENTATION('',(#5481),#5485);
#5481 = LINE('',#5482,#5483);
#5482 = CARTESIAN_POINT('',(-0.,-0.));
#5483 = VECTOR('',#5484,1.);
#5484 = DIRECTION('',(-0.,-1.));
#5485 = ( GEOMETRIC_REPRESENTATION_CONTEXT(2) 
PARAMETRIC_REPRESENTATION_CONTEXT() REPRESENTATION_CONTEXT('2D SPACE',''
  ) );
#5486 = PCURVE('',#5351,#5487);
#5487 = DEFINITIONAL_REPRESENTATION('',(#5488),#5492);
#5488 = LINE('',#5489,#5490);
#5489 = CARTESIAN_POINT('',(-6.28318530718,-0.));
#5490 = VECTOR('',#5491,1.);
#5491 = DIRECTION('',(-0.,-1.));
#5492 = ( GEOMETRIC_REPRESENTATION_CONTEXT(2) 
PARAMETRIC_REPRESENTATION_CONTEXT() REPRESENTATION_CONTEXT('2D SPACE',''
  ) );
#5493 = ORIENTED_EDGE('',*,*,#5334,.F.);
#5494 = ORIENTED_EDGE('',*,*,#5473,.F.);
#5495 = ADVANCED_FACE('',(#5496),#5428,.F.);
#5496 = FACE_BOUND('',#5497,.T.);
#5497 = EDGE_LOOP('',(#5498,#5499,#5522,#5549));
#5498 = ORIENTED_EDGE('',*,*,#5413,.T.);
#5499 = ORIENTED_EDGE('',*,*,#5500,.T.);
#5500 = EDGE_CURVE('',#5391,#5501,#5503,.T.);
#5501 = VERTEX_POINT('',#5502);
#5502 = CARTESIAN_POINT('',(42.904076326688,0.,-137.0738775323));
#5503 = SEAM_CURVE('',#5504,(#5508,#5515),.PCURVE_S1.);
#5504 = LINE('',#5505,#5506);
#5505 = CARTESIAN_POINT('',(42.16070219471,0.,-134.3678291287));
#5506 = VECTOR('',#5507,1.);
#5507 = DIRECTION('',(0.264895027875,0.,-0.964277254843));
#5508 = PCURVE('',#5428,#5509);
#5509 = DEFINITIONAL_REPRESENTATION('',(#5510),#5514);
#5510 = LINE('',#5511,#5512);
#5511 = CARTESIAN_POINT('',(-0.,0.));
#5512 = VECTOR('',#5513,1.);
#5513 = DIRECTION('',(-0.,1.));
#5514 = ( GEOMETRIC_REPRESENTATION_CONTEXT(2) 
PARAMETRIC_REPRESENTATION_CONTEXT() REPRESENTATION_CONTEXT('2D SPACE',''
  ) );
#5515 = PCURVE('',#5428,#5516);
#5516 = DEFINITIONAL_REPRESENTATION('',(#5517),#5521);
#5517 = LINE('',#5518,#5519);
#5518 = CARTESIAN_POINT('',(-6.28318530718,0.));
#5519 = VECTOR('',#5520,1.);
#5520 = DIRECTION('',(-0.,1.));
#5521 = ( GEOMETRIC_REPRESENTATION_CONTEXT(2) 
PARAMETRIC_REPRESENTATION_CONTEXT() REPRESENTATION_CONTEXT('2D SPACE',''
  ) );
#5522 = ORIENTED_EDGE('',*,*,#5523,.F.);
#5523 = EDGE_CURVE('',#5501,#5501,#5524,.T.);
#5524 = SURFACE_CURVE('',#5525,(#5530,#5537),.PCURVE_S1.);
#5525 = CIRCLE('',#5526,42.904076326688);
#5526 = AXIS2_PLACEMENT_3D('',#5527,#5528,#5529);
#5527 = CARTESIAN_POINT('',(0.,0.,-137.0738775323));
#5528 = DIRECTION('',(0.,0.,1.));
#5529 = DIRECTION('',(1.,0.,-0.));
#5530 = PCURVE('',#5428,#5531);
#5531 = DEFINITIONAL_REPRESENTATION('',(#5532),#5536);
#5532 = LINE('',#5533,#5534);
#5533 = CARTESIAN_POINT('',(-0.,2.706048403614));
#5534 = VECTOR('',#5535,1.);
#5535 = DIRECTION('',(-1.,0.));
#5536 = ( GEOMETRIC_REPRESENTATION_CONTEXT(2) 
PARAMETRIC_REPRESENTATION_CONTEXT() REPRESENTATION_CONTEXT('2D SPACE',''
  ) );
#5537 = PCURVE('',#5538,#5543);
#5538 = CONICAL_SURFACE('',#5539,42.904076326688,0.272923828068);
#5539 = AXIS2_PLACEMENT_3D('',#5540,#5541,#5542);
#5540 = CARTESIAN_POINT('',(0.,0.,-137.0738775323));
#5541 = DIRECTION('',(-0.,-0.,-1.));
#5542 = DIRECTION('',(1.,0.,0.));
#5543 = DEFINITIONAL_REPRESENTATION('',(#5544),#5548);
#5544 = LINE('',#5545,#5546);
#5545 = CARTESIAN_POINT('',(-0.,0.));
#5546 = VECTOR('',#5547,1.);
#5547 = DIRECTION('',(-1.,0.));
#5548 = ( GEOMETRIC_REPRESENTATION_CONTEXT(2) 
PARAMETRIC_REPRESENTATION_CONTEXT() REPRESENTATION_CONTEXT('2D SPACE',''
  ) );
#5549 = ORIENTED_EDGE('',*,*,#5500,.F.);
#5550 = ADVANCED_FACE('',(#5551),#5461,.T.);
#5551 = FACE_BOUND('',#5552,.T.);
#5552 = EDGE_LOOP('',(#5553,#5582,#5603,#5604));
#5553 = ORIENTED_EDGE('',*,*,#5554,.T.);
#5554 = EDGE_CURVE('',#5555,#5555,#5557,.T.);
#5555 = VERTEX_POINT('',#5556);
#5556 = CARTESIAN_POINT('',(48.685895495531,0.,-138.67717635));
#5557 = SURFACE_CURVE('',#5558,(#5563,#5570),.PCURVE_S1.);
#5558 = CIRCLE('',#5559,48.685895495531);
#5559 = AXIS2_PLACEMENT_3D('',#5560,#5561,#5562);
#5560 = CARTESIAN_POINT('',(0.,0.,-138.67717635));
#5561 = DIRECTION('',(0.,0.,1.));
#5562 = DIRECTION('',(1.,0.,-0.));
#5563 = PCURVE('',#5461,#5564);
#5564 = DEFINITIONAL_REPRESENTATION('',(#5565),#5569);
#5565 = LINE('',#5566,#5567);
#5566 = CARTESIAN_POINT('',(-0.,-0.));
#5567 = VECTOR('',#5568,1.);
#5568 = DIRECTION('',(-1.,-0.));
#5569 = ( GEOMETRIC_REPRESENTATION_CONTEXT(2) 
PARAMETRIC_REPRESENTATION_CONTEXT() REPRESENTATION_CONTEXT('2D SPACE',''
  ) );
#5570 = PCURVE('',#5571,#5576);
#5571 = CONICAL_SURFACE('',#5572,49.428886958774,0.267541681084);
#5572 = AXIS2_PLACEMENT_3D('',#5573,#5574,#5575);
#5573 = CARTESIAN_POINT('',(0.,0.,-141.3877030555));
#5574 = DIRECTION('',(-0.,-0.,-1.));
#5575 = DIRECTION('',(1.,0.,-0.));
#5576 = DEFINITIONAL_REPRESENTATION('',(#5577),#5581);
#5577 = LINE('',#5578,#5579);
#5578 = CARTESIAN_POINT('',(-0.,-2.710526705493));
#5579 = VECTOR('',#5580,1.);
#5580 = DIRECTION('',(-1.,-0.));
#5581 = ( GEOMETRIC_REPRESENTATION_CONTEXT(2) 
PARAMETRIC_REPRESENTATION_CONTEXT() REPRESENTATION_CONTEXT('2D SPACE',''
  ) );
#5582 = ORIENTED_EDGE('',*,*,#5583,.T.);
#5583 = EDGE_CURVE('',#5555,#5445,#5584,.T.);
#5584 = SEAM_CURVE('',#5585,(#5589,#5596),.PCURVE_S1.);
#5585 = LINE('',#5586,#5587);
#5586 = CARTESIAN_POINT('',(48.685895495531,0.,-138.67717635));
#5587 = VECTOR('',#5588,1.);
#5588 = DIRECTION('',(-0.25987865125,0.,0.965641282581));
#5589 = PCURVE('',#5461,#5590);
#5590 = DEFINITIONAL_REPRESENTATION('',(#5591),#5595);
#5591 = LINE('',#5592,#5593);
#5592 = CARTESIAN_POINT('',(-0.,-0.));
#5593 = VECTOR('',#5594,1.);
#5594 = DIRECTION('',(-0.,-1.));
#5595 = ( GEOMETRIC_REPRESENTATION_CONTEXT(2) 
PARAMETRIC_REPRESENTATION_CONTEXT() REPRESENTATION_CONTEXT('2D SPACE',''
  ) );
#5596 = PCURVE('',#5461,#5597);
#5597 = DEFINITIONAL_REPRESENTATION('',(#5598),#5602);
#5598 = LINE('',#5599,#5600);
#5599 = CARTESIAN_POINT('',(-6.28318530718,-0.));
#5600 = VECTOR('',#5601,1.);
#5601 = DIRECTION('',(-0.,-1.));
#5602 = ( GEOMETRIC_REPRESENTATION_CONTEXT(2) 
PARAMETRIC_REPRESENTATION_CONTEXT() REPRESENTATION_CONTEXT('2D SPACE',''
  ) );
#5603 = ORIENTED_EDGE('',*,*,#5444,.F.);
#5604 = ORIENTED_EDGE('',*,*,#5583,.F.);
#5605 = ADVANCED_FACE('',(#5606),#5538,.F.);
#5606 = FACE_BOUND('',#5607,.T.);
#5607 = EDGE_LOOP('',(#5608,#5609,#5632,#5659));
#5608 = ORIENTED_EDGE('',*,*,#5523,.T.);
#5609 = ORIENTED_EDGE('',*,*,#5610,.T.);
#5610 = EDGE_CURVE('',#5501,#5611,#5613,.T.);
#5611 = VERTEX_POINT('',#5612);
#5612 = CARTESIAN_POINT('',(43.654921868367,0.,-139.756345604));
#5613 = SEAM_CURVE('',#5614,(#5618,#5625),.PCURVE_S1.);
#5614 = LINE('',#5615,#5616);
#5615 = CARTESIAN_POINT('',(42.904076326688,0.,-137.0738775323));
#5616 = VECTOR('',#5617,1.);
#5617 = DIRECTION('',(0.26954819296,0.,-0.962986901091));
#5618 = PCURVE('',#5538,#5619);
#5619 = DEFINITIONAL_REPRESENTATION('',(#5620),#5624);
#5620 = LINE('',#5621,#5622);
#5621 = CARTESIAN_POINT('',(-0.,0.));
#5622 = VECTOR('',#5623,1.);
#5623 = DIRECTION('',(-0.,1.));
#5624 = ( GEOMETRIC_REPRESENTATION_CONTEXT(2) 
PARAMETRIC_REPRESENTATION_CONTEXT() REPRESENTATION_CONTEXT('2D SPACE',''
  ) );
#5625 = PCURVE('',#5538,#5626);
#5626 = DEFINITIONAL_REPRESENTATION('',(#5627),#5631);
#5627 = LINE('',#5628,#5629);
#5628 = CARTESIAN_POINT('',(-6.28318530718,0.));
#5629 = VECTOR('',#5630,1.);
#5630 = DIRECTION('',(-0.,1.));
#5631 = ( GEOMETRIC_REPRESENTATION_CONTEXT(2) 
PARAMETRIC_REPRESENTATION_CONTEXT() REPRESENTATION_CONTEXT('2D SPACE',''
  ) );
#5632 = ORIENTED_EDGE('',*,*,#5633,.F.);
#5633 = EDGE_CURVE('',#5611,#5611,#5634,.T.);
#5634 = SURFACE_CURVE('',#5635,(#5640,#5647),.PCURVE_S1.);
#5635 = CIRCLE('',#5636,43.654921868367);
#5636 = AXIS2_PLACEMENT_3D('',#5637,#5638,#5639);
#5637 = CARTESIAN_POINT('',(0.,0.,-139.756345604));
#5638 = DIRECTION('',(0.,0.,1.));
#5639 = DIRECTION('',(1.,0.,-0.));
#5640 = PCURVE('',#5538,#5641);
#5641 = DEFINITIONAL_REPRESENTATION('',(#5642),#5646);
#5642 = LINE('',#5643,#5644);
#5643 = CARTESIAN_POINT('',(-0.,2.682468071621));
#5644 = VECTOR('',#5645,1.);
#5645 = DIRECTION('',(-1.,0.));
#5646 = ( GEOMETRIC_REPRESENTATION_CONTEXT(2) 
PARAMETRIC_REPRESENTATION_CONTEXT() REPRESENTATION_CONTEXT('2D SPACE',''
  ) );
#5647 = PCURVE('',#5648,#5653);
#5648 = CONICAL_SURFACE('',#5649,43.654921868367,0.277807284243);
#5649 = AXIS2_PLACEMENT_3D('',#5650,#5651,#5652);
#5650 = CARTESIAN_POINT('',(0.,0.,-139.756345604));
#5651 = DIRECTION('',(-0.,-0.,-1.));
#5652 = DIRECTION('',(1.,0.,0.));
#5653 = DEFINITIONAL_REPRESENTATION('',(#5654),#5658);
#5654 = LINE('',#5655,#5656);
#5655 = CARTESIAN_POINT('',(-0.,0.));
#5656 = VECTOR('',#5657,1.);
#5657 = DIRECTION('',(-1.,0.));
#5658 = ( GEOMETRIC_REPRESENTATION_CONTEXT(2) 
PARAMETRIC_REPRESENTATION_CONTEXT() REPRESENTATION_CONTEXT('2D SPACE',''
  ) );
#5659 = ORIENTED_EDGE('',*,*,#5610,.F.);
#5660 = ADVANCED_FACE('',(#5661),#5571,.T.);
#5661 = FACE_BOUND('',#5662,.T.);
#5662 = EDGE_LOOP('',(#5663,#5692,#5713,#5714));
#5663 = ORIENTED_EDGE('',*,*,#5664,.T.);
#5664 = EDGE_CURVE('',#5665,#5665,#5667,.T.);
#5665 = VERTEX_POINT('',#5666);
#5666 = CARTESIAN_POINT('',(49.428886958774,0.,-141.3877030555));
#5667 = SURFACE_CURVE('',#5668,(#5673,#5680),.PCURVE_S1.);
#5668 = CIRCLE('',#5669,49.428886958774);
#5669 = AXIS2_PLACEMENT_3D('',#5670,#5671,#5672);
#5670 = CARTESIAN_POINT('',(0.,0.,-141.3877030555));
#5671 = DIRECTION('',(0.,0.,1.));
#5672 = DIRECTION('',(1.,0.,-0.));
#5673 = PCURVE('',#5571,#5674);
#5674 = DEFINITIONAL_REPRESENTATION('',(#5675),#5679);
#5675 = LINE('',#5676,#5677);
#5676 = CARTESIAN_POINT('',(-0.,-0.));
#5677 = VECTOR('',#5678,1.);
#5678 = DIRECTION('',(-1.,-0.));
#5679 = ( GEOMETRIC_REPRESENTATION_CONTEXT(2) 
PARAMETRIC_REPRESENTATION_CONTEXT() REPRESENTATION_CONTEXT('2D SPACE',''
  ) );
#5680 = PCURVE('',#5681,#5686);
#5681 = CONICAL_SURFACE('',#5682,50.179049407509,0.272236463643);
#5682 = AXIS2_PLACEMENT_3D('',#5683,#5684,#5685);
#5683 = CARTESIAN_POINT('',(0.,0.,-144.0748450972));
#5684 = DIRECTION('',(-0.,-0.,-1.));
#5685 = DIRECTION('',(1.,0.,-0.));
#5686 = DEFINITIONAL_REPRESENTATION('',(#5687),#5691);
#5687 = LINE('',#5688,#5689);
#5688 = CARTESIAN_POINT('',(-0.,-2.687142041662));
#5689 = VECTOR('',#5690,1.);
#5690 = DIRECTION('',(-1.,-0.));
#5691 = ( GEOMETRIC_REPRESENTATION_CONTEXT(2) 
PARAMETRIC_REPRESENTATION_CONTEXT() REPRESENTATION_CONTEXT('2D SPACE',''
  ) );
#5692 = ORIENTED_EDGE('',*,*,#5693,.T.);
#5693 = EDGE_CURVE('',#5665,#5555,#5694,.T.);
#5694 = SEAM_CURVE('',#5695,(#5699,#5706),.PCURVE_S1.);
#5695 = LINE('',#5696,#5697);
#5696 = CARTESIAN_POINT('',(49.428886958774,0.,-141.3877030555));
#5697 = VECTOR('',#5698,1.);
#5698 = DIRECTION('',(-0.264361376877,0.,0.96442369445));
#5699 = PCURVE('',#5571,#5700);
#5700 = DEFINITIONAL_REPRESENTATION('',(#5701),#5705);
#5701 = LINE('',#5702,#5703);
#5702 = CARTESIAN_POINT('',(-0.,-0.));
#5703 = VECTOR('',#5704,1.);
#5704 = DIRECTION('',(-0.,-1.));
#5705 = ( GEOMETRIC_REPRESENTATION_CONTEXT(2) 
PARAMETRIC_REPRESENTATION_CONTEXT() REPRESENTATION_CONTEXT('2D SPACE',''
  ) );
#5706 = PCURVE('',#5571,#5707);
#5707 = DEFINITIONAL_REPRESENTATION('',(#5708),#5712);
#5708 = LINE('',#5709,#5710);
#5709 = CARTESIAN_POINT('',(-6.28318530718,-0.));
#5710 = VECTOR('',#5711,1.);
#5711 = DIRECTION('',(-0.,-1.));
#5712 = ( GEOMETRIC_REPRESENTATION_CONTEXT(2) 
PARAMETRIC_REPRESENTATION_CONTEXT() REPRESENTATION_CONTEXT('2D SPACE',''
  ) );
#5713 = ORIENTED_EDGE('',*,*,#5554,.F.);
#5714 = ORIENTED_EDGE('',*,*,#5693,.F.);
#5715 = ADVANCED_FACE('',(#5716),#5648,.F.);
#5716 = FACE_BOUND('',#5717,.T.);
#5717 = EDGE_LOOP('',(#5718,#5719,#5742,#5769));
#5718 = ORIENTED_EDGE('',*,*,#5633,.T.);
#5719 = ORIENTED_EDGE('',*,*,#5720,.T.);
#5720 = EDGE_CURVE('',#5611,#5721,#5723,.T.);
#5721 = VERTEX_POINT('',#5722);
#5722 = CARTESIAN_POINT('',(44.41316520082,0.,-142.4151525609));
#5723 = SEAM_CURVE('',#5724,(#5728,#5735),.PCURVE_S1.);
#5724 = LINE('',#5725,#5726);
#5725 = CARTESIAN_POINT('',(43.654921868367,0.,-139.756345604));
#5726 = VECTOR('',#5727,1.);
#5727 = DIRECTION('',(0.27424766449,0.,-0.961659096833));
#5728 = PCURVE('',#5648,#5729);
#5729 = DEFINITIONAL_REPRESENTATION('',(#5730),#5734);
#5730 = LINE('',#5731,#5732);
#5731 = CARTESIAN_POINT('',(-0.,0.));
#5732 = VECTOR('',#5733,1.);
#5733 = DIRECTION('',(-0.,1.));
#5734 = ( GEOMETRIC_REPRESENTATION_CONTEXT(2) 
PARAMETRIC_REPRESENTATION_CONTEXT() REPRESENTATION_CONTEXT('2D SPACE',''
  ) );
#5735 = PCURVE('',#5648,#5736);
#5736 = DEFINITIONAL_REPRESENTATION('',(#5737),#5741);
#5737 = LINE('',#5738,#5739);
#5738 = CARTESIAN_POINT('',(-6.28318530718,0.));
#5739 = VECTOR('',#5740,1.);
#5740 = DIRECTION('',(-0.,1.));
#5741 = ( GEOMETRIC_REPRESENTATION_CONTEXT(2) 
PARAMETRIC_REPRESENTATION_CONTEXT() REPRESENTATION_CONTEXT('2D SPACE',''
  ) );
#5742 = ORIENTED_EDGE('',*,*,#5743,.F.);
#5743 = EDGE_CURVE('',#5721,#5721,#5744,.T.);
#5744 = SURFACE_CURVE('',#5745,(#5750,#5757),.PCURVE_S1.);
#5745 = CIRCLE('',#5746,44.41316520082);
#5746 = AXIS2_PLACEMENT_3D('',#5747,#5748,#5749);
#5747 = CARTESIAN_POINT('',(0.,0.,-142.4151525609));
#5748 = DIRECTION('',(0.,0.,1.));
#5749 = DIRECTION('',(1.,0.,-0.));
#5750 = PCURVE('',#5648,#5751);
#5751 = DEFINITIONAL_REPRESENTATION('',(#5752),#5756);
#5752 = LINE('',#5753,#5754);
#5753 = CARTESIAN_POINT('',(-0.,2.658806956921));
#5754 = VECTOR('',#5755,1.);
#5755 = DIRECTION('',(-1.,0.));
#5756 = ( GEOMETRIC_REPRESENTATION_CONTEXT(2) 
PARAMETRIC_REPRESENTATION_CONTEXT() REPRESENTATION_CONTEXT('2D SPACE',''
  ) );
#5757 = PCURVE('',#5758,#5763);
#5758 = CONICAL_SURFACE('',#5759,44.41316520082,0.282745301216);
#5759 = AXIS2_PLACEMENT_3D('',#5760,#5761,#5762);
#5760 = CARTESIAN_POINT('',(0.,0.,-142.4151525609));
#5761 = DIRECTION('',(-0.,-0.,-1.));
#5762 = DIRECTION('',(1.,0.,0.));
#5763 = DEFINITIONAL_REPRESENTATION('',(#5764),#5768);
#5764 = LINE('',#5765,#5766);
#5765 = CARTESIAN_POINT('',(-0.,0.));
#5766 = VECTOR('',#5767,1.);
#5767 = DIRECTION('',(-1.,0.));
#5768 = ( GEOMETRIC_REPRESENTATION_CONTEXT(2) 
PARAMETRIC_REPRESENTATION_CONTEXT() REPRESENTATION_CONTEXT('2D SPACE',''
  ) );
#5769 = ORIENTED_EDGE('',*,*,#5720,.F.);
#5770 = ADVANCED_FACE('',(#5771),#5681,.T.);
#5771 = FACE_BOUND('',#5772,.T.);
#5772 = EDGE_LOOP('',(#5773,#5802,#5823,#5824));
#5773 = ORIENTED_EDGE('',*,*,#5774,.T.);
#5774 = EDGE_CURVE('',#5775,#5775,#5777,.T.);
#5775 = VERTEX_POINT('',#5776);
#5776 = CARTESIAN_POINT('',(50.179049407509,0.,-144.0748450972));
#5777 = SURFACE_CURVE('',#5778,(#5783,#5790),.PCURVE_S1.);
#5778 = CIRCLE('',#5779,50.179049407509);
#5779 = AXIS2_PLACEMENT_3D('',#5780,#5781,#5782);
#5780 = CARTESIAN_POINT('',(0.,0.,-144.0748450972));
#5781 = DIRECTION('',(0.,0.,1.));
#5782 = DIRECTION('',(1.,0.,-0.));
#5783 = PCURVE('',#5681,#5784);
#5784 = DEFINITIONAL_REPRESENTATION('',(#5785),#5789);
#5785 = LINE('',#5786,#5787);
#5786 = CARTESIAN_POINT('',(-0.,-0.));
#5787 = VECTOR('',#5788,1.);
#5788 = DIRECTION('',(-1.,-0.));
#5789 = ( GEOMETRIC_REPRESENTATION_CONTEXT(2) 
PARAMETRIC_REPRESENTATION_CONTEXT() REPRESENTATION_CONTEXT('2D SPACE',''
  ) );
#5790 = PCURVE('',#5791,#5796);
#5791 = CONICAL_SURFACE('',#5792,50.936307103913,0.276980677328);
#5792 = AXIS2_PLACEMENT_3D('',#5793,#5794,#5795);
#5793 = CARTESIAN_POINT('',(0.,0.,-146.7385426402));
#5794 = DIRECTION('',(-0.,-0.,-1.));
#5795 = DIRECTION('',(1.,0.,-0.));
#5796 = DEFINITIONAL_REPRESENTATION('',(#5797),#5801);
#5797 = LINE('',#5798,#5799);
#5798 = CARTESIAN_POINT('',(-0.,-2.663697543038));
#5799 = VECTOR('',#5800,1.);
#5800 = DIRECTION('',(-1.,-0.));
#5801 = ( GEOMETRIC_REPRESENTATION_CONTEXT(2) 
PARAMETRIC_REPRESENTATION_CONTEXT() REPRESENTATION_CONTEXT('2D SPACE',''
  ) );
#5802 = ORIENTED_EDGE('',*,*,#5803,.T.);
#5803 = EDGE_CURVE('',#5775,#5665,#5804,.T.);
#5804 = SEAM_CURVE('',#5805,(#5809,#5816),.PCURVE_S1.);
#5805 = LINE('',#5806,#5807);
#5806 = CARTESIAN_POINT('',(50.179049407509,0.,-144.0748450972));
#5807 = VECTOR('',#5808,1.);
#5808 = DIRECTION('',(-0.268886206397,0.,0.963171951424));
#5809 = PCURVE('',#5681,#5810);
#5810 = DEFINITIONAL_REPRESENTATION('',(#5811),#5815);
#5811 = LINE('',#5812,#5813);
#5812 = CARTESIAN_POINT('',(-0.,-0.));
#5813 = VECTOR('',#5814,1.);
#5814 = DIRECTION('',(-0.,-1.));
#5815 = ( GEOMETRIC_REPRESENTATION_CONTEXT(2) 
PARAMETRIC_REPRESENTATION_CONTEXT() REPRESENTATION_CONTEXT('2D SPACE',''
  ) );
#5816 = PCURVE('',#5681,#5817);
#5817 = DEFINITIONAL_REPRESENTATION('',(#5818),#5822);
#5818 = LINE('',#5819,#5820);
#5819 = CARTESIAN_POINT('',(-6.28318530718,-0.));
#5820 = VECTOR('',#5821,1.);
#5821 = DIRECTION('',(-0.,-1.));
#5822 = ( GEOMETRIC_REPRESENTATION_CONTEXT(2) 
PARAMETRIC_REPRESENTATION_CONTEXT() REPRESENTATION_CONTEXT('2D SPACE',''
  ) );
#5823 = ORIENTED_EDGE('',*,*,#5664,.F.);
#5824 = ORIENTED_EDGE('',*,*,#5803,.F.);
#5825 = ADVANCED_FACE('',(#5826),#5758,.F.);
#5826 = FACE_BOUND('',#5827,.T.);
#5827 = EDGE_LOOP('',(#5828,#5829,#5852,#5879));
#5828 = ORIENTED_EDGE('',*,*,#5743,.T.);
#5829 = ORIENTED_EDGE('',*,*,#5830,.T.);
#5830 = EDGE_CURVE('',#5721,#5831,#5833,.T.);
#5831 = VERTEX_POINT('',#5832);
#5832 = CARTESIAN_POINT('',(45.178734839424,0.,-145.0502412397));
#5833 = SEAM_CURVE('',#5834,(#5838,#5845),.PCURVE_S1.);
#5834 = LINE('',#5835,#5836);
#5835 = CARTESIAN_POINT('',(44.41316520082,0.,-142.4151525609));
#5836 = VECTOR('',#5837,1.);
#5837 = DIRECTION('',(0.278992990513,0.,-0.960293138185));
#5838 = PCURVE('',#5758,#5839);
#5839 = DEFINITIONAL_REPRESENTATION('',(#5840),#5844);
#5840 = LINE('',#5841,#5842);
#5841 = CARTESIAN_POINT('',(-0.,0.));
#5842 = VECTOR('',#5843,1.);
#5843 = DIRECTION('',(-0.,1.));
#5844 = ( GEOMETRIC_REPRESENTATION_CONTEXT(2) 
PARAMETRIC_REPRESENTATION_CONTEXT() REPRESENTATION_CONTEXT('2D SPACE',''
  ) );
#5845 = PCURVE('',#5758,#5846);
#5846 = DEFINITIONAL_REPRESENTATION('',(#5847),#5851);
#5847 = LINE('',#5848,#5849);
#5848 = CARTESIAN_POINT('',(-6.28318530718,0.));
#5849 = VECTOR('',#5850,1.);
#5850 = DIRECTION('',(-0.,1.));
#5851 = ( GEOMETRIC_REPRESENTATION_CONTEXT(2) 
PARAMETRIC_REPRESENTATION_CONTEXT() REPRESENTATION_CONTEXT('2D SPACE',''
  ) );
#5852 = ORIENTED_EDGE('',*,*,#5853,.F.);
#5853 = EDGE_CURVE('',#5831,#5831,#5854,.T.);
#5854 = SURFACE_CURVE('',#5855,(#5860,#5867),.PCURVE_S1.);
#5855 = CIRCLE('',#5856,45.178734839424);
#5856 = AXIS2_PLACEMENT_3D('',#5857,#5858,#5859);
#5857 = CARTESIAN_POINT('',(0.,0.,-145.0502412397));
#5858 = DIRECTION('',(0.,0.,1.));
#5859 = DIRECTION('',(1.,0.,-0.));
#5860 = PCURVE('',#5758,#5861);
#5861 = DEFINITIONAL_REPRESENTATION('',(#5862),#5866);
#5862 = LINE('',#5863,#5864);
#5863 = CARTESIAN_POINT('',(-0.,2.635088678764));
#5864 = VECTOR('',#5865,1.);
#5865 = DIRECTION('',(-1.,0.));
#5866 = ( GEOMETRIC_REPRESENTATION_CONTEXT(2) 
PARAMETRIC_REPRESENTATION_CONTEXT() REPRESENTATION_CONTEXT('2D SPACE',''
  ) );
#5867 = PCURVE('',#5868,#5873);
#5868 = CONICAL_SURFACE('',#5869,45.178734839424,0.28773777506);
#5869 = AXIS2_PLACEMENT_3D('',#5870,#5871,#5872);
#5870 = CARTESIAN_POINT('',(0.,0.,-145.0502412397));
#5871 = DIRECTION('',(-0.,-0.,-1.));
#5872 = DIRECTION('',(1.,0.,0.));
#5873 = DEFINITIONAL_REPRESENTATION('',(#5874),#5878);
#5874 = LINE('',#5875,#5876);
#5875 = CARTESIAN_POINT('',(-0.,0.));
#5876 = VECTOR('',#5877,1.);
#5877 = DIRECTION('',(-1.,0.));
#5878 = ( GEOMETRIC_REPRESENTATION_CONTEXT(2) 
PARAMETRIC_REPRESENTATION_CONTEXT() REPRESENTATION_CONTEXT('2D SPACE',''
  ) );
#5879 = ORIENTED_EDGE('',*,*,#5830,.F.);
#5880 = ADVANCED_FACE('',(#5881),#5791,.T.);
#5881 = FACE_BOUND('',#5882,.T.);
#5882 = EDGE_LOOP('',(#5883,#5912,#5933,#5934));
#5883 = ORIENTED_EDGE('',*,*,#5884,.T.);
#5884 = EDGE_CURVE('',#5885,#5885,#5887,.T.);
#5885 = VERTEX_POINT('',#5886);
#5886 = CARTESIAN_POINT('',(50.936307103913,0.,-146.7385426402));
#5887 = SURFACE_CURVE('',#5888,(#5893,#5900),.PCURVE_S1.);
#5888 = CIRCLE('',#5889,50.936307103913);
#5889 = AXIS2_PLACEMENT_3D('',#5890,#5891,#5892);
#5890 = CARTESIAN_POINT('',(0.,0.,-146.7385426402));
#5891 = DIRECTION('',(0.,0.,1.));
#5892 = DIRECTION('',(1.,0.,-0.));
#5893 = PCURVE('',#5791,#5894);
#5894 = DEFINITIONAL_REPRESENTATION('',(#5895),#5899);
#5895 = LINE('',#5896,#5897);
#5896 = CARTESIAN_POINT('',(-0.,-0.));
#5897 = VECTOR('',#5898,1.);
#5898 = DIRECTION('',(-1.,-0.));
#5899 = ( GEOMETRIC_REPRESENTATION_CONTEXT(2) 
PARAMETRIC_REPRESENTATION_CONTEXT() REPRESENTATION_CONTEXT('2D SPACE',''
  ) );
#5900 = PCURVE('',#5901,#5906);
#5901 = CONICAL_SURFACE('',#5902,51.700586282282,0.281774140302);
#5902 = AXIS2_PLACEMENT_3D('',#5903,#5904,#5905);
#5903 = CARTESIAN_POINT('',(0.,0.,-149.3787573329));
#5904 = DIRECTION('',(-0.,-0.,-1.));
#5905 = DIRECTION('',(1.,0.,-0.));
#5906 = DEFINITIONAL_REPRESENTATION('',(#5907),#5911);
#5907 = LINE('',#5908,#5909);
#5908 = CARTESIAN_POINT('',(-0.,-2.640214692698));
#5909 = VECTOR('',#5910,1.);
#5910 = DIRECTION('',(-1.,-0.));
#5911 = ( GEOMETRIC_REPRESENTATION_CONTEXT(2) 
PARAMETRIC_REPRESENTATION_CONTEXT() REPRESENTATION_CONTEXT('2D SPACE',''
  ) );
#5912 = ORIENTED_EDGE('',*,*,#5913,.T.);
#5913 = EDGE_CURVE('',#5885,#5775,#5914,.T.);
#5914 = SEAM_CURVE('',#5915,(#5919,#5926),.PCURVE_S1.);
#5915 = LINE('',#5916,#5917);
#5916 = CARTESIAN_POINT('',(50.936307103913,0.,-146.7385426402));
#5917 = VECTOR('',#5918,1.);
#5918 = DIRECTION('',(-0.273452656828,0.,0.961885463282));
#5919 = PCURVE('',#5791,#5920);
#5920 = DEFINITIONAL_REPRESENTATION('',(#5921),#5925);
#5921 = LINE('',#5922,#5923);
#5922 = CARTESIAN_POINT('',(-0.,-0.));
#5923 = VECTOR('',#5924,1.);
#5924 = DIRECTION('',(-0.,-1.));
#5925 = ( GEOMETRIC_REPRESENTATION_CONTEXT(2) 
PARAMETRIC_REPRESENTATION_CONTEXT() REPRESENTATION_CONTEXT('2D SPACE',''
  ) );
#5926 = PCURVE('',#5791,#5927);
#5927 = DEFINITIONAL_REPRESENTATION('',(#5928),#5932);
#5928 = LINE('',#5929,#5930);
#5929 = CARTESIAN_POINT('',(-6.28318530718,-0.));
#5930 = VECTOR('',#5931,1.);
#5931 = DIRECTION('',(-0.,-1.));
#5932 = ( GEOMETRIC_REPRESENTATION_CONTEXT(2) 
PARAMETRIC_REPRESENTATION_CONTEXT() REPRESENTATION_CONTEXT('2D SPACE',''
  ) );
#5933 = ORIENTED_EDGE('',*,*,#5774,.F.);
#5934 = ORIENTED_EDGE('',*,*,#5913,.F.);
#5935 = ADVANCED_FACE('',(#5936),#5868,.F.);
#5936 = FACE_BOUND('',#5937,.T.);
#5937 = EDGE_LOOP('',(#5938,#5939,#5962,#5989));
#5938 = ORIENTED_EDGE('',*,*,#5853,.T.);
#5939 = ORIENTED_EDGE('',*,*,#5940,.T.);
#5940 = EDGE_CURVE('',#5831,#5941,#5943,.T.);
#5941 = VERTEX_POINT('',#5942);
#5942 = CARTESIAN_POINT('',(45.951561332681,0.,-147.6615758839));
#5943 = SEAM_CURVE('',#5944,(#5948,#5955),.PCURVE_S1.);
#5944 = LINE('',#5945,#5946);
#5945 = CARTESIAN_POINT('',(45.178734839424,0.,-145.0502412397));
#5946 = VECTOR('',#5947,1.);
#5947 = DIRECTION('',(0.283783732057,0.,-0.958888311233));
#5948 = PCURVE('',#5868,#5949);
#5949 = DEFINITIONAL_REPRESENTATION('',(#5950),#5954);
#5950 = LINE('',#5951,#5952);
#5951 = CARTESIAN_POINT('',(-0.,0.));
#5952 = VECTOR('',#5953,1.);
#5953 = DIRECTION('',(-0.,1.));
#5954 = ( GEOMETRIC_REPRESENTATION_CONTEXT(2) 
PARAMETRIC_REPRESENTATION_CONTEXT() REPRESENTATION_CONTEXT('2D SPACE',''
  ) );
#5955 = PCURVE('',#5868,#5956);
#5956 = DEFINITIONAL_REPRESENTATION('',(#5957),#5961);
#5957 = LINE('',#5958,#5959);
#5958 = CARTESIAN_POINT('',(-6.28318530718,0.));
#5959 = VECTOR('',#5960,1.);
#5960 = DIRECTION('',(-0.,1.));
#5961 = ( GEOMETRIC_REPRESENTATION_CONTEXT(2) 
PARAMETRIC_REPRESENTATION_CONTEXT() REPRESENTATION_CONTEXT('2D SPACE',''
  ) );
#5962 = ORIENTED_EDGE('',*,*,#5963,.F.);
#5963 = EDGE_CURVE('',#5941,#5941,#5964,.T.);
#5964 = SURFACE_CURVE('',#5965,(#5970,#5977),.PCURVE_S1.);
#5965 = CIRCLE('',#5966,45.951561332681);
#5966 = AXIS2_PLACEMENT_3D('',#5967,#5968,#5969);
#5967 = CARTESIAN_POINT('',(0.,0.,-147.6615758839));
#5968 = DIRECTION('',(0.,0.,1.));
#5969 = DIRECTION('',(1.,0.,-0.));
#5970 = PCURVE('',#5868,#5971);
#5971 = DEFINITIONAL_REPRESENTATION('',(#5972),#5976);
#5972 = LINE('',#5973,#5974);
#5973 = CARTESIAN_POINT('',(-0.,2.611334644251));
#5974 = VECTOR('',#5975,1.);
#5975 = DIRECTION('',(-1.,0.));
#5976 = ( GEOMETRIC_REPRESENTATION_CONTEXT(2) 
PARAMETRIC_REPRESENTATION_CONTEXT() REPRESENTATION_CONTEXT('2D SPACE',''
  ) );
#5977 = PCURVE('',#5978,#5983);
#5978 = CONICAL_SURFACE('',#5979,45.951561332681,0.29278462466);
#5979 = AXIS2_PLACEMENT_3D('',#5980,#5981,#5982);
#5980 = CARTESIAN_POINT('',(0.,0.,-147.6615758839));
#5981 = DIRECTION('',(-0.,-0.,-1.));
#5982 = DIRECTION('',(1.,0.,0.));
#5983 = DEFINITIONAL_REPRESENTATION('',(#5984),#5988);
#5984 = LINE('',#5985,#5986);
#5985 = CARTESIAN_POINT('',(-0.,0.));
#5986 = VECTOR('',#5987,1.);
#5987 = DIRECTION('',(-1.,0.));
#5988 = ( GEOMETRIC_REPRESENTATION_CONTEXT(2) 
PARAMETRIC_REPRESENTATION_CONTEXT() REPRESENTATION_CONTEXT('2D SPACE',''
  ) );
#5989 = ORIENTED_EDGE('',*,*,#5940,.F.);
#5990 = ADVANCED_FACE('',(#5991),#5901,.T.);
#5991 = FACE_BOUND('',#5992,.T.);
#5992 = EDGE_LOOP('',(#5993,#6022,#6043,#6044));
#5993 = ORIENTED_EDGE('',*,*,#5994,.T.);
#5994 = EDGE_CURVE('',#5995,#5995,#5997,.T.);
#5995 = VERTEX_POINT('',#5996);
#5996 = CARTESIAN_POINT('',(51.700586282282,0.,-149.3787573329));
#5997 = SURFACE_CURVE('',#5998,(#6003,#6010),.PCURVE_S1.);
#5998 = CIRCLE('',#5999,51.700586282282);
#5999 = AXIS2_PLACEMENT_3D('',#6000,#6001,#6002);
#6000 = CARTESIAN_POINT('',(0.,0.,-149.3787573329));
#6001 = DIRECTION('',(0.,0.,1.));
#6002 = DIRECTION('',(1.,0.,-0.));
#6003 = PCURVE('',#5901,#6004);
#6004 = DEFINITIONAL_REPRESENTATION('',(#6005),#6009);
#6005 = LINE('',#6006,#6007);
#6006 = CARTESIAN_POINT('',(-0.,-0.));
#6007 = VECTOR('',#6008,1.);
#6008 = DIRECTION('',(-1.,-0.));
#6009 = ( GEOMETRIC_REPRESENTATION_CONTEXT(2) 
PARAMETRIC_REPRESENTATION_CONTEXT() REPRESENTATION_CONTEXT('2D SPACE',''
  ) );
#6010 = PCURVE('',#6011,#6016);
#6011 = CONICAL_SURFACE('',#6012,52.471815052658,0.286616693219);
#6012 = AXIS2_PLACEMENT_3D('',#6013,#6014,#6015);
#6013 = CARTESIAN_POINT('',(0.,0.,-151.9954702703));
#6014 = DIRECTION('',(-0.,-0.,-1.));
#6015 = DIRECTION('',(1.,0.,-0.));
#6016 = DEFINITIONAL_REPRESENTATION('',(#6017),#6021);
#6017 = LINE('',#6018,#6019);
#6018 = CARTESIAN_POINT('',(-0.,-2.616712937356));
#6019 = VECTOR('',#6020,1.);
#6020 = DIRECTION('',(-1.,-0.));
#6021 = ( GEOMETRIC_REPRESENTATION_CONTEXT(2) 
PARAMETRIC_REPRESENTATION_CONTEXT() REPRESENTATION_CONTEXT('2D SPACE',''
  ) );
#6022 = ORIENTED_EDGE('',*,*,#6023,.T.);
#6023 = EDGE_CURVE('',#5995,#5885,#6024,.T.);
#6024 = SEAM_CURVE('',#6025,(#6029,#6036),.PCURVE_S1.);
#6025 = LINE('',#6026,#6027);
#6026 = CARTESIAN_POINT('',(51.700586282282,0.,-149.3787573329));
#6027 = VECTOR('',#6028,1.);
#6028 = DIRECTION('',(-0.278060259931,0.,0.960563632378));
#6029 = PCURVE('',#5901,#6030);
#6030 = DEFINITIONAL_REPRESENTATION('',(#6031),#6035);
#6031 = LINE('',#6032,#6033);
#6032 = CARTESIAN_POINT('',(-0.,-0.));
#6033 = VECTOR('',#6034,1.);
#6034 = DIRECTION('',(-0.,-1.));
#6035 = ( GEOMETRIC_REPRESENTATION_CONTEXT(2) 
PARAMETRIC_REPRESENTATION_CONTEXT() REPRESENTATION_CONTEXT('2D SPACE',''
  ) );
#6036 = PCURVE('',#5901,#6037);
#6037 = DEFINITIONAL_REPRESENTATION('',(#6038),#6042);
#6038 = LINE('',#6039,#6040);
#6039 = CARTESIAN_POINT('',(-6.28318530718,-0.));
#6040 = VECTOR('',#6041,1.);
#6041 = DIRECTION('',(-0.,-1.));
#6042 = ( GEOMETRIC_REPRESENTATION_CONTEXT(2) 
PARAMETRIC_REPRESENTATION_CONTEXT() REPRESENTATION_CONTEXT('2D SPACE',''
  ) );
#6043 = ORIENTED_EDGE('',*,*,#5884,.F.);
#6044 = ORIENTED_EDGE('',*,*,#6023,.F.);
#6045 = ADVANCED_FACE('',(#6046),#5978,.F.);
#6046 = FACE_BOUND('',#6047,.T.);
#6047 = EDGE_LOOP('',(#6048,#6049,#6072,#6099));
#6048 = ORIENTED_EDGE('',*,*,#5963,.T.);
#6049 = ORIENTED_EDGE('',*,*,#6050,.T.);
#6050 = EDGE_CURVE('',#5941,#6051,#6053,.T.);
#6051 = VERTEX_POINT('',#6052);
#6052 = CARTESIAN_POINT('',(46.731577167629,0.,-150.2491401116));
#6053 = SEAM_CURVE('',#6054,(#6058,#6065),.PCURVE_S1.);
#6054 = LINE('',#6055,#6056);
#6055 = CARTESIAN_POINT('',(45.951561332681,0.,-147.6615758839));
#6056 = VECTOR('',#6057,1.);
#6057 = DIRECTION('',(0.288619462527,0.,-0.957443891751));
#6058 = PCURVE('',#5978,#6059);
#6059 = DEFINITIONAL_REPRESENTATION('',(#6060),#6064);
#6060 = LINE('',#6061,#6062);
#6061 = CARTESIAN_POINT('',(-0.,0.));
#6062 = VECTOR('',#6063,1.);
#6063 = DIRECTION('',(-0.,1.));
#6064 = ( GEOMETRIC_REPRESENTATION_CONTEXT(2) 
PARAMETRIC_REPRESENTATION_CONTEXT() REPRESENTATION_CONTEXT('2D SPACE',''
  ) );
#6065 = PCURVE('',#5978,#6066);
#6066 = DEFINITIONAL_REPRESENTATION('',(#6067),#6071);
#6067 = LINE('',#6068,#6069);
#6068 = CARTESIAN_POINT('',(-6.28318530718,0.));
#6069 = VECTOR('',#6070,1.);
#6070 = DIRECTION('',(-0.,1.));
#6071 = ( GEOMETRIC_REPRESENTATION_CONTEXT(2) 
PARAMETRIC_REPRESENTATION_CONTEXT() REPRESENTATION_CONTEXT('2D SPACE',''
  ) );
#6072 = ORIENTED_EDGE('',*,*,#6073,.F.);
#6073 = EDGE_CURVE('',#6051,#6051,#6074,.T.);
#6074 = SURFACE_CURVE('',#6075,(#6080,#6087),.PCURVE_S1.);
#6075 = CIRCLE('',#6076,46.731577167629);
#6076 = AXIS2_PLACEMENT_3D('',#6077,#6078,#6079);
#6077 = CARTESIAN_POINT('',(0.,0.,-150.2491401116));
#6078 = DIRECTION('',(0.,0.,1.));
#6079 = DIRECTION('',(1.,0.,-0.));
#6080 = PCURVE('',#5978,#6081);
#6081 = DEFINITIONAL_REPRESENTATION('',(#6082),#6086);
#6082 = LINE('',#6083,#6084);
#6083 = CARTESIAN_POINT('',(-0.,2.587564227652));
#6084 = VECTOR('',#6085,1.);
#6085 = DIRECTION('',(-1.,0.));
#6086 = ( GEOMETRIC_REPRESENTATION_CONTEXT(2) 
PARAMETRIC_REPRESENTATION_CONTEXT() REPRESENTATION_CONTEXT('2D SPACE',''
  ) );
#6087 = PCURVE('',#6088,#6093);
#6088 = CONICAL_SURFACE('',#6089,46.731577167629,0.297885791455);
#6089 = AXIS2_PLACEMENT_3D('',#6090,#6091,#6092);
#6090 = CARTESIAN_POINT('',(0.,0.,-150.2491401116));
#6091 = DIRECTION('',(-0.,-0.,-1.));
#6092 = DIRECTION('',(1.,0.,0.));
#6093 = DEFINITIONAL_REPRESENTATION('',(#6094),#6098);
#6094 = LINE('',#6095,#6096);
#6095 = CARTESIAN_POINT('',(-0.,0.));
#6096 = VECTOR('',#6097,1.);
#6097 = DIRECTION('',(-1.,0.));
#6098 = ( GEOMETRIC_REPRESENTATION_CONTEXT(2) 
PARAMETRIC_REPRESENTATION_CONTEXT() REPRESENTATION_CONTEXT('2D SPACE',''
  ) );
#6099 = ORIENTED_EDGE('',*,*,#6050,.F.);
#6100 = ADVANCED_FACE('',(#6101),#6011,.T.);
#6101 = FACE_BOUND('',#6102,.T.);
#6102 = EDGE_LOOP('',(#6103,#6132,#6153,#6154));
#6103 = ORIENTED_EDGE('',*,*,#6104,.T.);
#6104 = EDGE_CURVE('',#6105,#6105,#6107,.T.);
#6105 = VERTEX_POINT('',#6106);
#6106 = CARTESIAN_POINT('',(52.471815052658,0.,-151.9954702703));
#6107 = SURFACE_CURVE('',#6108,(#6113,#6120),.PCURVE_S1.);
#6108 = CIRCLE('',#6109,52.471815052658);
#6109 = AXIS2_PLACEMENT_3D('',#6110,#6111,#6112);
#6110 = CARTESIAN_POINT('',(0.,0.,-151.9954702703));
#6111 = DIRECTION('',(0.,0.,1.));
#6112 = DIRECTION('',(1.,0.,-0.));
#6113 = PCURVE('',#6011,#6114);
#6114 = DEFINITIONAL_REPRESENTATION('',(#6115),#6119);
#6115 = LINE('',#6116,#6117);
#6116 = CARTESIAN_POINT('',(-0.,-0.));
#6117 = VECTOR('',#6118,1.);
#6118 = DIRECTION('',(-1.,-0.));
#6119 = ( GEOMETRIC_REPRESENTATION_CONTEXT(2) 
PARAMETRIC_REPRESENTATION_CONTEXT() REPRESENTATION_CONTEXT('2D SPACE',''
  ) );
#6120 = PCURVE('',#6121,#6126);
#6121 = CONICAL_SURFACE('',#6122,53.249923310397,0.291508198957);
#6122 = AXIS2_PLACEMENT_3D('',#6123,#6124,#6125);
#6123 = CARTESIAN_POINT('',(0.,0.,-154.5886801225));
#6124 = DIRECTION('',(-0.,-0.,-1.));
#6125 = DIRECTION('',(1.,0.,-0.));
#6126 = DEFINITIONAL_REPRESENTATION('',(#6127),#6131);
#6127 = LINE('',#6128,#6129);
#6128 = CARTESIAN_POINT('',(-0.,-2.593209852214));
#6129 = VECTOR('',#6130,1.);
#6130 = DIRECTION('',(-1.,-0.));
#6131 = ( GEOMETRIC_REPRESENTATION_CONTEXT(2) 
PARAMETRIC_REPRESENTATION_CONTEXT() REPRESENTATION_CONTEXT('2D SPACE',''
  ) );
#6132 = ORIENTED_EDGE('',*,*,#6133,.T.);
#6133 = EDGE_CURVE('',#6105,#5995,#6134,.T.);
#6134 = SEAM_CURVE('',#6135,(#6139,#6146),.PCURVE_S1.);
#6135 = LINE('',#6136,#6137);
#6136 = CARTESIAN_POINT('',(52.471815052658,0.,-151.9954702703));
#6137 = VECTOR('',#6138,1.);
#6138 = DIRECTION('',(-0.282708561676,0.,0.959205853378));
#6139 = PCURVE('',#6011,#6140);
#6140 = DEFINITIONAL_REPRESENTATION('',(#6141),#6145);
#6141 = LINE('',#6142,#6143);
#6142 = CARTESIAN_POINT('',(-0.,-0.));
#6143 = VECTOR('',#6144,1.);
#6144 = DIRECTION('',(-0.,-1.));
#6145 = ( GEOMETRIC_REPRESENTATION_CONTEXT(2) 
PARAMETRIC_REPRESENTATION_CONTEXT() REPRESENTATION_CONTEXT('2D SPACE',''
  ) );
#6146 = PCURVE('',#6011,#6147);
#6147 = DEFINITIONAL_REPRESENTATION('',(#6148),#6152);
#6148 = LINE('',#6149,#6150);
#6149 = CARTESIAN_POINT('',(-6.28318530718,-0.));
#6150 = VECTOR('',#6151,1.);
#6151 = DIRECTION('',(-0.,-1.));
#6152 = ( GEOMETRIC_REPRESENTATION_CONTEXT(2) 
PARAMETRIC_REPRESENTATION_CONTEXT() REPRESENTATION_CONTEXT('2D SPACE',''
  ) );
#6153 = ORIENTED_EDGE('',*,*,#5994,.F.);
#6154 = ORIENTED_EDGE('',*,*,#6133,.F.);
#6155 = ADVANCED_FACE('',(#6156),#6088,.F.);
#6156 = FACE_BOUND('',#6157,.T.);
#6157 = EDGE_LOOP('',(#6158,#6159,#6182,#6209));
#6158 = ORIENTED_EDGE('',*,*,#6073,.T.);
#6159 = ORIENTED_EDGE('',*,*,#6160,.T.);
#6160 = EDGE_CURVE('',#6051,#6161,#6163,.T.);
#6161 = VERTEX_POINT('',#6162);
#6162 = CARTESIAN_POINT('',(47.5187166813,0.,-152.8129350466));
#6163 = SEAM_CURVE('',#6164,(#6168,#6175),.PCURVE_S1.);
#6164 = LINE('',#6165,#6166);
#6165 = CARTESIAN_POINT('',(46.731577167629,0.,-150.2491401116));
#6166 = VECTOR('',#6167,1.);
#6167 = DIRECTION('',(0.293499767128,0.,-0.955959144889));
#6168 = PCURVE('',#6088,#6169);
#6169 = DEFINITIONAL_REPRESENTATION('',(#6170),#6174);
#6170 = LINE('',#6171,#6172);
#6171 = CARTESIAN_POINT('',(-0.,0.));
#6172 = VECTOR('',#6173,1.);
#6173 = DIRECTION('',(-0.,1.));
#6174 = ( GEOMETRIC_REPRESENTATION_CONTEXT(2) 
PARAMETRIC_REPRESENTATION_CONTEXT() REPRESENTATION_CONTEXT('2D SPACE',''
  ) );
#6175 = PCURVE('',#6088,#6176);
#6176 = DEFINITIONAL_REPRESENTATION('',(#6177),#6181);
#6177 = LINE('',#6178,#6179);
#6178 = CARTESIAN_POINT('',(-6.28318530718,0.));
#6179 = VECTOR('',#6180,1.);
#6180 = DIRECTION('',(-0.,1.));
#6181 = ( GEOMETRIC_REPRESENTATION_CONTEXT(2) 
PARAMETRIC_REPRESENTATION_CONTEXT() REPRESENTATION_CONTEXT('2D SPACE',''
  ) );
#6182 = ORIENTED_EDGE('',*,*,#6183,.F.);
#6183 = EDGE_CURVE('',#6161,#6161,#6184,.T.);
#6184 = SURFACE_CURVE('',#6185,(#6190,#6197),.PCURVE_S1.);
#6185 = CIRCLE('',#6186,47.5187166813);
#6186 = AXIS2_PLACEMENT_3D('',#6187,#6188,#6189);
#6187 = CARTESIAN_POINT('',(0.,0.,-152.8129350466));
#6188 = DIRECTION('',(0.,0.,1.));
#6189 = DIRECTION('',(1.,0.,-0.));
#6190 = PCURVE('',#6088,#6191);
#6191 = DEFINITIONAL_REPRESENTATION('',(#6192),#6196);
#6192 = LINE('',#6193,#6194);
#6193 = CARTESIAN_POINT('',(-0.,2.563794935039));
#6194 = VECTOR('',#6195,1.);
#6195 = DIRECTION('',(-1.,0.));
#6196 = ( GEOMETRIC_REPRESENTATION_CONTEXT(2) 
PARAMETRIC_REPRESENTATION_CONTEXT() REPRESENTATION_CONTEXT('2D SPACE',''
  ) );
#6197 = PCURVE('',#6198,#6203);
#6198 = CONICAL_SURFACE('',#6199,47.5187166813,0.303041239224);
#6199 = AXIS2_PLACEMENT_3D('',#6200,#6201,#6202);
#6200 = CARTESIAN_POINT('',(0.,0.,-152.8129350466));
#6201 = DIRECTION('',(-0.,-0.,-1.));
#6202 = DIRECTION('',(1.,0.,0.));
#6203 = DEFINITIONAL_REPRESENTATION('',(#6204),#6208);
#6204 = LINE('',#6205,#6206);
#6205 = CARTESIAN_POINT('',(-0.,0.));
#6206 = VECTOR('',#6207,1.);
#6207 = DIRECTION('',(-1.,0.));
#6208 = ( GEOMETRIC_REPRESENTATION_CONTEXT(2) 
PARAMETRIC_REPRESENTATION_CONTEXT() REPRESENTATION_CONTEXT('2D SPACE',''
  ) );
#6209 = ORIENTED_EDGE('',*,*,#6160,.F.);
#6210 = ADVANCED_FACE('',(#6211),#6121,.T.);
#6211 = FACE_BOUND('',#6212,.T.);
#6212 = EDGE_LOOP('',(#6213,#6242,#6263,#6264));
#6213 = ORIENTED_EDGE('',*,*,#6214,.T.);
#6214 = EDGE_CURVE('',#6215,#6215,#6217,.T.);
#6215 = VERTEX_POINT('',#6216);
#6216 = CARTESIAN_POINT('',(53.249923310397,0.,-154.5886801225));
#6217 = SURFACE_CURVE('',#6218,(#6223,#6230),.PCURVE_S1.);
#6218 = CIRCLE('',#6219,53.249923310397);
#6219 = AXIS2_PLACEMENT_3D('',#6220,#6221,#6222);
#6220 = CARTESIAN_POINT('',(0.,0.,-154.5886801225));
#6221 = DIRECTION('',(0.,0.,1.));
#6222 = DIRECTION('',(1.,0.,-0.));
#6223 = PCURVE('',#6121,#6224);
#6224 = DEFINITIONAL_REPRESENTATION('',(#6225),#6229);
#6225 = LINE('',#6226,#6227);
#6226 = CARTESIAN_POINT('',(-0.,-0.));
#6227 = VECTOR('',#6228,1.);
#6228 = DIRECTION('',(-1.,-0.));
#6229 = ( GEOMETRIC_REPRESENTATION_CONTEXT(2) 
PARAMETRIC_REPRESENTATION_CONTEXT() REPRESENTATION_CONTEXT('2D SPACE',''
  ) );
#6230 = PCURVE('',#6231,#6236);
#6231 = CONICAL_SURFACE('',#6232,54.034842651182,0.296448542403);
#6232 = AXIS2_PLACEMENT_3D('',#6233,#6234,#6235);
#6233 = CARTESIAN_POINT('',(0.,0.,-157.1584014148));
#6234 = DIRECTION('',(-0.,-0.,-1.));
#6235 = DIRECTION('',(1.,0.,-0.));
#6236 = DEFINITIONAL_REPRESENTATION('',(#6237),#6241);
#6237 = LINE('',#6238,#6239);
#6238 = CARTESIAN_POINT('',(-0.,-2.569721292338));
#6239 = VECTOR('',#6240,1.);
#6240 = DIRECTION('',(-1.,-0.));
#6241 = ( GEOMETRIC_REPRESENTATION_CONTEXT(2) 
PARAMETRIC_REPRESENTATION_CONTEXT() REPRESENTATION_CONTEXT('2D SPACE',''
  ) );
#6242 = ORIENTED_EDGE('',*,*,#6243,.T.);
#6243 = EDGE_CURVE('',#6215,#6105,#6244,.T.);
#6244 = SEAM_CURVE('',#6245,(#6249,#6256),.PCURVE_S1.);
#6245 = LINE('',#6246,#6247);
#6246 = CARTESIAN_POINT('',(53.249923310397,0.,-154.5886801225));
#6247 = VECTOR('',#6248,1.);
#6248 = DIRECTION('',(-0.287397121748,0.,0.957811512987));
#6249 = PCURVE('',#6121,#6250);
#6250 = DEFINITIONAL_REPRESENTATION('',(#6251),#6255);
#6251 = LINE('',#6252,#6253);
#6252 = CARTESIAN_POINT('',(-0.,-0.));
#6253 = VECTOR('',#6254,1.);
#6254 = DIRECTION('',(-0.,-1.));
#6255 = ( GEOMETRIC_REPRESENTATION_CONTEXT(2) 
PARAMETRIC_REPRESENTATION_CONTEXT() REPRESENTATION_CONTEXT('2D SPACE',''
  ) );
#6256 = PCURVE('',#6121,#6257);
#6257 = DEFINITIONAL_REPRESENTATION('',(#6258),#6262);
#6258 = LINE('',#6259,#6260);
#6259 = CARTESIAN_POINT('',(-6.28318530718,-0.));
#6260 = VECTOR('',#6261,1.);
#6261 = DIRECTION('',(-0.,-1.));
#6262 = ( GEOMETRIC_REPRESENTATION_CONTEXT(2) 
PARAMETRIC_REPRESENTATION_CONTEXT() REPRESENTATION_CONTEXT('2D SPACE',''
  ) );
#6263 = ORIENTED_EDGE('',*,*,#6104,.F.);
#6264 = ORIENTED_EDGE('',*,*,#6243,.F.);
#6265 = ADVANCED_FACE('',(#6266),#6198,.F.);
#6266 = FACE_BOUND('',#6267,.T.);
#6267 = EDGE_LOOP('',(#6268,#6269,#6292,#6319));
#6268 = ORIENTED_EDGE('',*,*,#6183,.T.);
#6269 = ORIENTED_EDGE('',*,*,#6270,.T.);
#6270 = EDGE_CURVE('',#6161,#6271,#6273,.T.);
#6271 = VERTEX_POINT('',#6272);
#6272 = CARTESIAN_POINT('',(48.312915977746,0.,-155.352977602));
#6273 = SEAM_CURVE('',#6274,(#6278,#6285),.PCURVE_S1.);
#6274 = LINE('',#6275,#6276);
#6275 = CARTESIAN_POINT('',(47.5187166813,0.,-152.8129350466));
#6276 = VECTOR('',#6277,1.);
#6277 = DIRECTION('',(0.298424242333,0.,-0.954433324852));
#6278 = PCURVE('',#6198,#6279);
#6279 = DEFINITIONAL_REPRESENTATION('',(#6280),#6284);
#6280 = LINE('',#6281,#6282);
#6281 = CARTESIAN_POINT('',(-0.,0.));
#6282 = VECTOR('',#6283,1.);
#6283 = DIRECTION('',(-0.,1.));
#6284 = ( GEOMETRIC_REPRESENTATION_CONTEXT(2) 
PARAMETRIC_REPRESENTATION_CONTEXT() REPRESENTATION_CONTEXT('2D SPACE',''
  ) );
#6285 = PCURVE('',#6198,#6286);
#6286 = DEFINITIONAL_REPRESENTATION('',(#6287),#6291);
#6287 = LINE('',#6288,#6289);
#6288 = CARTESIAN_POINT('',(-6.28318530718,0.));
#6289 = VECTOR('',#6290,1.);
#6290 = DIRECTION('',(-0.,1.));
#6291 = ( GEOMETRIC_REPRESENTATION_CONTEXT(2) 
PARAMETRIC_REPRESENTATION_CONTEXT() REPRESENTATION_CONTEXT('2D SPACE',''
  ) );
#6292 = ORIENTED_EDGE('',*,*,#6293,.F.);
#6293 = EDGE_CURVE('',#6271,#6271,#6294,.T.);
#6294 = SURFACE_CURVE('',#6295,(#6300,#6307),.PCURVE_S1.);
#6295 = CIRCLE('',#6296,48.312915977746);
#6296 = AXIS2_PLACEMENT_3D('',#6297,#6298,#6299);
#6297 = CARTESIAN_POINT('',(0.,0.,-155.352977602));
#6298 = DIRECTION('',(0.,0.,1.));
#6299 = DIRECTION('',(1.,0.,-0.));
#6300 = PCURVE('',#6198,#6301);
#6301 = DEFINITIONAL_REPRESENTATION('',(#6302),#6306);
#6302 = LINE('',#6303,#6304);
#6303 = CARTESIAN_POINT('',(-0.,2.540042555444));
#6304 = VECTOR('',#6305,1.);
#6305 = DIRECTION('',(-1.,0.));
#6306 = ( GEOMETRIC_REPRESENTATION_CONTEXT(2) 
PARAMETRIC_REPRESENTATION_CONTEXT() REPRESENTATION_CONTEXT('2D SPACE',''
  ) );
#6307 = PCURVE('',#6308,#6313);
#6308 = CONICAL_SURFACE('',#6309,48.312915977746,0.308250953919);
#6309 = AXIS2_PLACEMENT_3D('',#6310,#6311,#6312);
#6310 = CARTESIAN_POINT('',(0.,0.,-155.352977602));
#6311 = DIRECTION('',(-0.,-0.,-1.));
#6312 = DIRECTION('',(1.,0.,0.));
#6313 = DEFINITIONAL_REPRESENTATION('',(#6314),#6318);
#6314 = LINE('',#6315,#6316);
#6315 = CARTESIAN_POINT('',(-0.,0.));
#6316 = VECTOR('',#6317,1.);
#6317 = DIRECTION('',(-1.,0.));
#6318 = ( GEOMETRIC_REPRESENTATION_CONTEXT(2) 
PARAMETRIC_REPRESENTATION_CONTEXT() REPRESENTATION_CONTEXT('2D SPACE',''
  ) );
#6319 = ORIENTED_EDGE('',*,*,#6270,.F.);
#6320 = ADVANCED_FACE('',(#6321),#6231,.T.);
#6321 = FACE_BOUND('',#6322,.T.);
#6322 = EDGE_LOOP('',(#6323,#6352,#6373,#6374));
#6323 = ORIENTED_EDGE('',*,*,#6324,.T.);
#6324 = EDGE_CURVE('',#6325,#6325,#6327,.T.);
#6325 = VERTEX_POINT('',#6326);
#6326 = CARTESIAN_POINT('',(54.034842651182,0.,-157.1584014148));
#6327 = SURFACE_CURVE('',#6328,(#6333,#6340),.PCURVE_S1.);
#6328 = CIRCLE('',#6329,54.034842651182);
#6329 = AXIS2_PLACEMENT_3D('',#6330,#6331,#6332);
#6330 = CARTESIAN_POINT('',(0.,0.,-157.1584014148));
#6331 = DIRECTION('',(0.,0.,1.));
#6332 = DIRECTION('',(1.,0.,-0.));
#6333 = PCURVE('',#6231,#6334);
#6334 = DEFINITIONAL_REPRESENTATION('',(#6335),#6339);
#6335 = LINE('',#6336,#6337);
#6336 = CARTESIAN_POINT('',(-0.,-0.));
#6337 = VECTOR('',#6338,1.);
#6338 = DIRECTION('',(-1.,-0.));
#6339 = ( GEOMETRIC_REPRESENTATION_CONTEXT(2) 
PARAMETRIC_REPRESENTATION_CONTEXT() REPRESENTATION_CONTEXT('2D SPACE',''
  ) );
#6340 = PCURVE('',#6341,#6346);
#6341 = CONICAL_SURFACE('',#6342,54.826506291027,0.301437630286);
#6342 = AXIS2_PLACEMENT_3D('',#6343,#6344,#6345);
#6343 = CARTESIAN_POINT('',(0.,0.,-159.7046629465));
#6344 = DIRECTION('',(-0.,-0.,-1.));
#6345 = DIRECTION('',(1.,0.,-0.));
#6346 = DEFINITIONAL_REPRESENTATION('',(#6347),#6351);
#6347 = LINE('',#6348,#6349);
#6348 = CARTESIAN_POINT('',(-0.,-2.546261531667));
#6349 = VECTOR('',#6350,1.);
#6350 = DIRECTION('',(-1.,-0.));
#6351 = ( GEOMETRIC_REPRESENTATION_CONTEXT(2) 
PARAMETRIC_REPRESENTATION_CONTEXT() REPRESENTATION_CONTEXT('2D SPACE',''
  ) );
#6352 = ORIENTED_EDGE('',*,*,#6353,.T.);
#6353 = EDGE_CURVE('',#6325,#6215,#6354,.T.);
#6354 = SEAM_CURVE('',#6355,(#6359,#6366),.PCURVE_S1.);
#6355 = LINE('',#6356,#6357);
#6356 = CARTESIAN_POINT('',(54.034842651182,0.,-157.1584014148));
#6357 = VECTOR('',#6358,1.);
#6358 = DIRECTION('',(-0.292125513087,0.,0.95637998965));
#6359 = PCURVE('',#6231,#6360);
#6360 = DEFINITIONAL_REPRESENTATION('',(#6361),#6365);
#6361 = LINE('',#6362,#6363);
#6362 = CARTESIAN_POINT('',(-0.,-0.));
#6363 = VECTOR('',#6364,1.);
#6364 = DIRECTION('',(-0.,-1.));
#6365 = ( GEOMETRIC_REPRESENTATION_CONTEXT(2) 
PARAMETRIC_REPRESENTATION_CONTEXT() REPRESENTATION_CONTEXT('2D SPACE',''
  ) );
#6366 = PCURVE('',#6231,#6367);
#6367 = DEFINITIONAL_REPRESENTATION('',(#6368),#6372);
#6368 = LINE('',#6369,#6370);
#6369 = CARTESIAN_POINT('',(-6.28318530718,-0.));
#6370 = VECTOR('',#6371,1.);
#6371 = DIRECTION('',(-0.,-1.));
#6372 = ( GEOMETRIC_REPRESENTATION_CONTEXT(2) 
PARAMETRIC_REPRESENTATION_CONTEXT() REPRESENTATION_CONTEXT('2D SPACE',''
  ) );
#6373 = ORIENTED_EDGE('',*,*,#6214,.F.);
#6374 = ORIENTED_EDGE('',*,*,#6353,.F.);
#6375 = ADVANCED_FACE('',(#6376),#6308,.F.);
#6376 = FACE_BOUND('',#6377,.T.);
#6377 = EDGE_LOOP('',(#6378,#6379,#6402,#6429));
#6378 = ORIENTED_EDGE('',*,*,#6293,.T.);
#6379 = ORIENTED_EDGE('',*,*,#6380,.T.);
#6380 = EDGE_CURVE('',#6271,#6381,#6383,.T.);
#6381 = VERTEX_POINT('',#6382);
#6382 = CARTESIAN_POINT('',(49.114112850172,0.,-157.8692989017));
#6383 = SEAM_CURVE('',#6384,(#6388,#6395),.PCURVE_S1.);
#6384 = LINE('',#6385,#6386);
#6385 = CARTESIAN_POINT('',(48.312915977746,0.,-155.352977602));
#6386 = VECTOR('',#6387,1.);
#6387 = DIRECTION('',(0.303392495383,0.,-0.952865674555));
#6388 = PCURVE('',#6308,#6389);
#6389 = DEFINITIONAL_REPRESENTATION('',(#6390),#6394);
#6390 = LINE('',#6391,#6392);
#6391 = CARTESIAN_POINT('',(-0.,0.));
#6392 = VECTOR('',#6393,1.);
#6393 = DIRECTION('',(-0.,1.));
#6394 = ( GEOMETRIC_REPRESENTATION_CONTEXT(2) 
PARAMETRIC_REPRESENTATION_CONTEXT() REPRESENTATION_CONTEXT('2D SPACE',''
  ) );
#6395 = PCURVE('',#6308,#6396);
#6396 = DEFINITIONAL_REPRESENTATION('',(#6397),#6401);
#6397 = LINE('',#6398,#6399);
#6398 = CARTESIAN_POINT('',(-6.28318530718,0.));
#6399 = VECTOR('',#6400,1.);
#6400 = DIRECTION('',(-0.,1.));
#6401 = ( GEOMETRIC_REPRESENTATION_CONTEXT(2) 
PARAMETRIC_REPRESENTATION_CONTEXT() REPRESENTATION_CONTEXT('2D SPACE',''
  ) );
#6402 = ORIENTED_EDGE('',*,*,#6403,.F.);
#6403 = EDGE_CURVE('',#6381,#6381,#6404,.T.);
#6404 = SURFACE_CURVE('',#6405,(#6410,#6417),.PCURVE_S1.);
#6405 = CIRCLE('',#6406,49.114112850172);
#6406 = AXIS2_PLACEMENT_3D('',#6407,#6408,#6409);
#6407 = CARTESIAN_POINT('',(0.,0.,-157.8692989017));
#6408 = DIRECTION('',(0.,0.,1.));
#6409 = DIRECTION('',(1.,0.,-0.));
#6410 = PCURVE('',#6308,#6411);
#6411 = DEFINITIONAL_REPRESENTATION('',(#6412),#6416);
#6412 = LINE('',#6413,#6414);
#6413 = CARTESIAN_POINT('',(-0.,2.516321299683));
#6414 = VECTOR('',#6415,1.);
#6415 = DIRECTION('',(-1.,0.));
#6416 = ( GEOMETRIC_REPRESENTATION_CONTEXT(2) 
PARAMETRIC_REPRESENTATION_CONTEXT() REPRESENTATION_CONTEXT('2D SPACE',''
  ) );
#6417 = PCURVE('',#6418,#6423);
#6418 = CONICAL_SURFACE('',#6419,49.114112850172,0.313514943547);
#6419 = AXIS2_PLACEMENT_3D('',#6420,#6421,#6422);
#6420 = CARTESIAN_POINT('',(0.,0.,-157.8692989017));
#6421 = DIRECTION('',(-0.,-0.,-1.));
#6422 = DIRECTION('',(1.,0.,0.));
#6423 = DEFINITIONAL_REPRESENTATION('',(#6424),#6428);
#6424 = LINE('',#6425,#6426);
#6425 = CARTESIAN_POINT('',(-0.,0.));
#6426 = VECTOR('',#6427,1.);
#6427 = DIRECTION('',(-1.,0.));
#6428 = ( GEOMETRIC_REPRESENTATION_CONTEXT(2) 
PARAMETRIC_REPRESENTATION_CONTEXT() REPRESENTATION_CONTEXT('2D SPACE',''
  ) );
#6429 = ORIENTED_EDGE('',*,*,#6380,.F.);
#6430 = ADVANCED_FACE('',(#6431),#6341,.T.);
#6431 = FACE_BOUND('',#6432,.T.);
#6432 = EDGE_LOOP('',(#6433,#6462,#6483,#6484));
#6433 = ORIENTED_EDGE('',*,*,#6434,.T.);
#6434 = EDGE_CURVE('',#6435,#6435,#6437,.T.);
#6435 = VERTEX_POINT('',#6436);
#6436 = CARTESIAN_POINT('',(54.826506291027,0.,-159.7046629465));
#6437 = SURFACE_CURVE('',#6438,(#6443,#6450),.PCURVE_S1.);
#6438 = CIRCLE('',#6439,54.826506291027);
#6439 = AXIS2_PLACEMENT_3D('',#6440,#6441,#6442);
#6440 = CARTESIAN_POINT('',(0.,0.,-159.7046629465));
#6441 = DIRECTION('',(0.,0.,1.));
#6442 = DIRECTION('',(1.,0.,-0.));
#6443 = PCURVE('',#6341,#6444);
#6444 = DEFINITIONAL_REPRESENTATION('',(#6445),#6449);
#6445 = LINE('',#6446,#6447);
#6446 = CARTESIAN_POINT('',(-0.,-0.));
#6447 = VECTOR('',#6448,1.);
#6448 = DIRECTION('',(-1.,-0.));
#6449 = ( GEOMETRIC_REPRESENTATION_CONTEXT(2) 
PARAMETRIC_REPRESENTATION_CONTEXT() REPRESENTATION_CONTEXT('2D SPACE',''
  ) );
#6450 = PCURVE('',#6451,#6456);
#6451 = CONICAL_SURFACE('',#6452,55.624848990889,0.306475391044);
#6452 = AXIS2_PLACEMENT_3D('',#6453,#6454,#6455);
#6453 = CARTESIAN_POINT('',(0.,0.,-162.2275063372));
#6454 = DIRECTION('',(-0.,-0.,-1.));
#6455 = DIRECTION('',(1.,0.,-0.));
#6456 = DEFINITIONAL_REPRESENTATION('',(#6457),#6461);
#6457 = LINE('',#6458,#6459);
#6458 = CARTESIAN_POINT('',(-0.,-2.522843390681));
#6459 = VECTOR('',#6460,1.);
#6460 = DIRECTION('',(-1.,-0.));
#6461 = ( GEOMETRIC_REPRESENTATION_CONTEXT(2) 
PARAMETRIC_REPRESENTATION_CONTEXT() REPRESENTATION_CONTEXT('2D SPACE',''
  ) );
#6462 = ORIENTED_EDGE('',*,*,#6463,.T.);
#6463 = EDGE_CURVE('',#6435,#6325,#6464,.T.);
#6464 = SEAM_CURVE('',#6465,(#6469,#6476),.PCURVE_S1.);
#6465 = LINE('',#6466,#6467);
#6466 = CARTESIAN_POINT('',(54.826506291027,0.,-159.7046629465));
#6467 = VECTOR('',#6468,1.);
#6468 = DIRECTION('',(-0.29689332147,0.,0.954910653237));
#6469 = PCURVE('',#6341,#6470);
#6470 = DEFINITIONAL_REPRESENTATION('',(#6471),#6475);
#6471 = LINE('',#6472,#6473);
#6472 = CARTESIAN_POINT('',(-0.,-0.));
#6473 = VECTOR('',#6474,1.);
#6474 = DIRECTION('',(-0.,-1.));
#6475 = ( GEOMETRIC_REPRESENTATION_CONTEXT(2) 
PARAMETRIC_REPRESENTATION_CONTEXT() REPRESENTATION_CONTEXT('2D SPACE',''
  ) );
#6476 = PCURVE('',#6341,#6477);
#6477 = DEFINITIONAL_REPRESENTATION('',(#6478),#6482);
#6478 = LINE('',#6479,#6480);
#6479 = CARTESIAN_POINT('',(-6.28318530718,-0.));
#6480 = VECTOR('',#6481,1.);
#6481 = DIRECTION('',(-0.,-1.));
#6482 = ( GEOMETRIC_REPRESENTATION_CONTEXT(2) 
PARAMETRIC_REPRESENTATION_CONTEXT() REPRESENTATION_CONTEXT('2D SPACE',''
  ) );
#6483 = ORIENTED_EDGE('',*,*,#6324,.F.);
#6484 = ORIENTED_EDGE('',*,*,#6463,.F.);
#6485 = ADVANCED_FACE('',(#6486),#6418,.F.);
#6486 = FACE_BOUND('',#6487,.T.);
#6487 = EDGE_LOOP('',(#6488,#6489,#6512,#6539));
#6488 = ORIENTED_EDGE('',*,*,#6403,.T.);
#6489 = ORIENTED_EDGE('',*,*,#6490,.T.);
#6490 = EDGE_CURVE('',#6381,#6491,#6493,.T.);
#6491 = VERTEX_POINT('',#6492);
#6492 = CARTESIAN_POINT('',(49.922246707803,0.,-160.3619428296));
#6493 = SEAM_CURVE('',#6494,(#6498,#6505),.PCURVE_S1.);
#6494 = LINE('',#6495,#6496);
#6495 = CARTESIAN_POINT('',(49.114112850172,0.,-157.8692989017));
#6496 = VECTOR('',#6497,1.);
#6497 = DIRECTION('',(0.308404143815,0.,-0.951255425255));
#6498 = PCURVE('',#6418,#6499);
#6499 = DEFINITIONAL_REPRESENTATION('',(#6500),#6504);
#6500 = LINE('',#6501,#6502);
#6501 = CARTESIAN_POINT('',(-0.,0.));
#6502 = VECTOR('',#6503,1.);
#6503 = DIRECTION('',(-0.,1.));
#6504 = ( GEOMETRIC_REPRESENTATION_CONTEXT(2) 
PARAMETRIC_REPRESENTATION_CONTEXT() REPRESENTATION_CONTEXT('2D SPACE',''
  ) );
#6505 = PCURVE('',#6418,#6506);
#6506 = DEFINITIONAL_REPRESENTATION('',(#6507),#6511);
#6507 = LINE('',#6508,#6509);
#6508 = CARTESIAN_POINT('',(-6.28318530718,0.));
#6509 = VECTOR('',#6510,1.);
#6510 = DIRECTION('',(-0.,1.));
#6511 = ( GEOMETRIC_REPRESENTATION_CONTEXT(2) 
PARAMETRIC_REPRESENTATION_CONTEXT() REPRESENTATION_CONTEXT('2D SPACE',''
  ) );
#6512 = ORIENTED_EDGE('',*,*,#6513,.F.);
#6513 = EDGE_CURVE('',#6491,#6491,#6514,.T.);
#6514 = SURFACE_CURVE('',#6515,(#6520,#6527),.PCURVE_S1.);
#6515 = CIRCLE('',#6516,49.922246707803);
#6516 = AXIS2_PLACEMENT_3D('',#6517,#6518,#6519);
#6517 = CARTESIAN_POINT('',(0.,0.,-160.3619428296));
#6518 = DIRECTION('',(0.,0.,1.));
#6519 = DIRECTION('',(1.,0.,-0.));
#6520 = PCURVE('',#6418,#6521);
#6521 = DEFINITIONAL_REPRESENTATION('',(#6522),#6526);
#6522 = LINE('',#6523,#6524);
#6523 = CARTESIAN_POINT('',(-0.,2.492643927847));
#6524 = VECTOR('',#6525,1.);
#6525 = DIRECTION('',(-1.,0.));
#6526 = ( GEOMETRIC_REPRESENTATION_CONTEXT(2) 
PARAMETRIC_REPRESENTATION_CONTEXT() REPRESENTATION_CONTEXT('2D SPACE',''
  ) );
#6527 = PCURVE('',#6528,#6533);
#6528 = CONICAL_SURFACE('',#6529,49.922246707803,0.318833238089);
#6529 = AXIS2_PLACEMENT_3D('',#6530,#6531,#6532);
#6530 = CARTESIAN_POINT('',(0.,0.,-160.3619428296));
#6531 = DIRECTION('',(-0.,-0.,-1.));
#6532 = DIRECTION('',(1.,0.,0.));
#6533 = DEFINITIONAL_REPRESENTATION('',(#6534),#6538);
#6534 = LINE('',#6535,#6536);
#6535 = CARTESIAN_POINT('',(-0.,0.));
#6536 = VECTOR('',#6537,1.);
#6537 = DIRECTION('',(-1.,0.));
#6538 = ( GEOMETRIC_REPRESENTATION_CONTEXT(2) 
PARAMETRIC_REPRESENTATION_CONTEXT() REPRESENTATION_CONTEXT('2D SPACE',''
  ) );
#6539 = ORIENTED_EDGE('',*,*,#6490,.F.);
#6540 = ADVANCED_FACE('',(#6541),#6451,.T.);
#6541 = FACE_BOUND('',#6542,.T.);
#6542 = EDGE_LOOP('',(#6543,#6572,#6593,#6594));
#6543 = ORIENTED_EDGE('',*,*,#6544,.T.);
#6544 = EDGE_CURVE('',#6545,#6545,#6547,.T.);
#6545 = VERTEX_POINT('',#6546);
#6546 = CARTESIAN_POINT('',(55.624848990889,0.,-162.2275063372));
#6547 = SURFACE_CURVE('',#6548,(#6553,#6560),.PCURVE_S1.);
#6548 = CIRCLE('',#6549,55.624848990889);
#6549 = AXIS2_PLACEMENT_3D('',#6550,#6551,#6552);
#6550 = CARTESIAN_POINT('',(0.,0.,-162.2275063372));
#6551 = DIRECTION('',(0.,0.,1.));
#6552 = DIRECTION('',(1.,0.,-0.));
#6553 = PCURVE('',#6451,#6554);
#6554 = DEFINITIONAL_REPRESENTATION('',(#6555),#6559);
#6555 = LINE('',#6556,#6557);
#6556 = CARTESIAN_POINT('',(-0.,-0.));
#6557 = VECTOR('',#6558,1.);
#6558 = DIRECTION('',(-1.,-0.));
#6559 = ( GEOMETRIC_REPRESENTATION_CONTEXT(2) 
PARAMETRIC_REPRESENTATION_CONTEXT() REPRESENTATION_CONTEXT('2D SPACE',''
  ) );
#6560 = PCURVE('',#6561,#6566);
#6561 = CONICAL_SURFACE('',#6562,56.429806985505,0.311561774748);
#6562 = AXIS2_PLACEMENT_3D('',#6563,#6564,#6565);
#6563 = CARTESIAN_POINT('',(0.,0.,-164.7269846909));
#6564 = DIRECTION('',(-0.,-0.,-1.));
#6565 = DIRECTION('',(1.,0.,-0.));
#6566 = DEFINITIONAL_REPRESENTATION('',(#6567),#6571);
#6567 = LINE('',#6568,#6569);
#6568 = CARTESIAN_POINT('',(-0.,-2.499478353675));
#6569 = VECTOR('',#6570,1.);
#6570 = DIRECTION('',(-1.,-0.));
#6571 = ( GEOMETRIC_REPRESENTATION_CONTEXT(2) 
PARAMETRIC_REPRESENTATION_CONTEXT() REPRESENTATION_CONTEXT('2D SPACE',''
  ) );
#6572 = ORIENTED_EDGE('',*,*,#6573,.T.);
#6573 = EDGE_CURVE('',#6545,#6435,#6574,.T.);
#6574 = SEAM_CURVE('',#6575,(#6579,#6586),.PCURVE_S1.);
#6575 = LINE('',#6576,#6577);
#6576 = CARTESIAN_POINT('',(55.624848990889,0.,-162.2275063372));
#6577 = VECTOR('',#6578,1.);
#6578 = DIRECTION('',(-0.301700145114,0.,0.95340286471));
#6579 = PCURVE('',#6451,#6580);
#6580 = DEFINITIONAL_REPRESENTATION('',(#6581),#6585);
#6581 = LINE('',#6582,#6583);
#6582 = CARTESIAN_POINT('',(-0.,-0.));
#6583 = VECTOR('',#6584,1.);
#6584 = DIRECTION('',(-0.,-1.));
#6585 = ( GEOMETRIC_REPRESENTATION_CONTEXT(2) 
PARAMETRIC_REPRESENTATION_CONTEXT() REPRESENTATION_CONTEXT('2D SPACE',''
  ) );
#6586 = PCURVE('',#6451,#6587);
#6587 = DEFINITIONAL_REPRESENTATION('',(#6588),#6592);
#6588 = LINE('',#6589,#6590);
#6589 = CARTESIAN_POINT('',(-6.28318530718,-0.));
#6590 = VECTOR('',#6591,1.);
#6591 = DIRECTION('',(-0.,-1.));
#6592 = ( GEOMETRIC_REPRESENTATION_CONTEXT(2) 
PARAMETRIC_REPRESENTATION_CONTEXT() REPRESENTATION_CONTEXT('2D SPACE',''
  ) );
#6593 = ORIENTED_EDGE('',*,*,#6434,.F.);
#6594 = ORIENTED_EDGE('',*,*,#6573,.F.);
#6595 = ADVANCED_FACE('',(#6596),#6528,.F.);
#6596 = FACE_BOUND('',#6597,.T.);
#6597 = EDGE_LOOP('',(#6598,#6599,#6622,#6649));
#6598 = ORIENTED_EDGE('',*,*,#6513,.T.);
#6599 = ORIENTED_EDGE('',*,*,#6600,.T.);
#6600 = EDGE_CURVE('',#6491,#6601,#6603,.T.);
#6601 = VERTEX_POINT('',#6602);
#6602 = CARTESIAN_POINT('',(50.737258507098,0.,-162.830964696));
#6603 = SEAM_CURVE('',#6604,(#6608,#6615),.PCURVE_S1.);
#6604 = LINE('',#6605,#6606);
#6605 = CARTESIAN_POINT('',(49.922246707803,0.,-160.3619428296));
#6606 = VECTOR('',#6607,1.);
#6607 = DIRECTION('',(0.313458815022,0.,-0.949601796168));
#6608 = PCURVE('',#6528,#6609);
#6609 = DEFINITIONAL_REPRESENTATION('',(#6610),#6614);
#6610 = LINE('',#6611,#6612);
#6611 = CARTESIAN_POINT('',(-0.,0.));
#6612 = VECTOR('',#6613,1.);
#6613 = DIRECTION('',(-0.,1.));
#6614 = ( GEOMETRIC_REPRESENTATION_CONTEXT(2) 
PARAMETRIC_REPRESENTATION_CONTEXT() REPRESENTATION_CONTEXT('2D SPACE',''
  ) );
#6615 = PCURVE('',#6528,#6616);
#6616 = DEFINITIONAL_REPRESENTATION('',(#6617),#6621);
#6617 = LINE('',#6618,#6619);
#6618 = CARTESIAN_POINT('',(-6.28318530718,0.));
#6619 = VECTOR('',#6620,1.);
#6620 = DIRECTION('',(-0.,1.));
#6621 = ( GEOMETRIC_REPRESENTATION_CONTEXT(2) 
PARAMETRIC_REPRESENTATION_CONTEXT() REPRESENTATION_CONTEXT('2D SPACE',''
  ) );
#6622 = ORIENTED_EDGE('',*,*,#6623,.F.);
#6623 = EDGE_CURVE('',#6601,#6601,#6624,.T.);
#6624 = SURFACE_CURVE('',#6625,(#6630,#6637),.PCURVE_S1.);
#6625 = CIRCLE('',#6626,50.737258507098);
#6626 = AXIS2_PLACEMENT_3D('',#6627,#6628,#6629);
#6627 = CARTESIAN_POINT('',(0.,0.,-162.830964696));
#6628 = DIRECTION('',(0.,0.,1.));
#6629 = DIRECTION('',(1.,0.,-0.));
#6630 = PCURVE('',#6528,#6631);
#6631 = DEFINITIONAL_REPRESENTATION('',(#6632),#6636);
#6632 = LINE('',#6633,#6634);
#6633 = CARTESIAN_POINT('',(-0.,2.469021866411));
#6634 = VECTOR('',#6635,1.);
#6635 = DIRECTION('',(-1.,0.));
#6636 = ( GEOMETRIC_REPRESENTATION_CONTEXT(2) 
PARAMETRIC_REPRESENTATION_CONTEXT() REPRESENTATION_CONTEXT('2D SPACE',''
  ) );
#6637 = PCURVE('',#6638,#6643);
#6638 = CONICAL_SURFACE('',#6639,50.737258507098,0.324205889467);
#6639 = AXIS2_PLACEMENT_3D('',#6640,#6641,#6642);
#6640 = CARTESIAN_POINT('',(0.,0.,-162.830964696));
#6641 = DIRECTION('',(-0.,-0.,-1.));
#6642 = DIRECTION('',(1.,0.,0.));
#6643 = DEFINITIONAL_REPRESENTATION('',(#6644),#6648);
#6644 = LINE('',#6645,#6646);
#6645 = CARTESIAN_POINT('',(-0.,0.));
#6646 = VECTOR('',#6647,1.);
#6647 = DIRECTION('',(-1.,0.));
#6648 = ( GEOMETRIC_REPRESENTATION_CONTEXT(2) 
PARAMETRIC_REPRESENTATION_CONTEXT() REPRESENTATION_CONTEXT('2D SPACE',''
  ) );
#6649 = ORIENTED_EDGE('',*,*,#6600,.F.);
#6650 = ADVANCED_FACE('',(#6651),#6561,.T.);
#6651 = FACE_BOUND('',#6652,.T.);
#6652 = EDGE_LOOP('',(#6653,#6682,#6703,#6704));
#6653 = ORIENTED_EDGE('',*,*,#6654,.T.);
#6654 = EDGE_CURVE('',#6655,#6655,#6657,.T.);
#6655 = VERTEX_POINT('',#6656);
#6656 = CARTESIAN_POINT('',(56.429806985505,0.,-164.7269846909));
#6657 = SURFACE_CURVE('',#6658,(#6663,#6670),.PCURVE_S1.);
#6658 = CIRCLE('',#6659,56.429806985505);
#6659 = AXIS2_PLACEMENT_3D('',#6660,#6661,#6662);
#6660 = CARTESIAN_POINT('',(0.,0.,-164.7269846909));
#6661 = DIRECTION('',(0.,0.,1.));
#6662 = DIRECTION('',(1.,0.,-0.));
#6663 = PCURVE('',#6561,#6664);
#6664 = DEFINITIONAL_REPRESENTATION('',(#6665),#6669);
#6665 = LINE('',#6666,#6667);
#6666 = CARTESIAN_POINT('',(-0.,-0.));
#6667 = VECTOR('',#6668,1.);
#6668 = DIRECTION('',(-1.,-0.));
#6669 = ( GEOMETRIC_REPRESENTATION_CONTEXT(2) 
PARAMETRIC_REPRESENTATION_CONTEXT() REPRESENTATION_CONTEXT('2D SPACE',''
  ) );
#6670 = PCURVE('',#6671,#6676);
#6671 = CONICAL_SURFACE('',#6672,57.241317916134,0.316696753055);
#6672 = AXIS2_PLACEMENT_3D('',#6673,#6674,#6675);
#6673 = CARTESIAN_POINT('',(0.,0.,-167.2031613673));
#6674 = DIRECTION('',(-0.,-0.,-1.));
#6675 = DIRECTION('',(1.,0.,-0.));
#6676 = DEFINITIONAL_REPRESENTATION('',(#6677),#6681);
#6677 = LINE('',#6678,#6679);
#6678 = CARTESIAN_POINT('',(-0.,-2.476176676488));
#6679 = VECTOR('',#6680,1.);
#6680 = DIRECTION('',(-1.,-0.));
#6681 = ( GEOMETRIC_REPRESENTATION_CONTEXT(2) 
PARAMETRIC_REPRESENTATION_CONTEXT() REPRESENTATION_CONTEXT('2D SPACE',''
  ) );
#6682 = ORIENTED_EDGE('',*,*,#6683,.T.);
#6683 = EDGE_CURVE('',#6655,#6545,#6684,.T.);
#6684 = SEAM_CURVE('',#6685,(#6689,#6696),.PCURVE_S1.);
#6685 = LINE('',#6686,#6687);
#6686 = CARTESIAN_POINT('',(56.429806985505,0.,-164.7269846909));
#6687 = VECTOR('',#6688,1.);
#6688 = DIRECTION('',(-0.30654559432,0.,0.951855975767));
#6689 = PCURVE('',#6561,#6690);
#6690 = DEFINITIONAL_REPRESENTATION('',(#6691),#6695);
#6691 = LINE('',#6692,#6693);
#6692 = CARTESIAN_POINT('',(-0.,-0.));
#6693 = VECTOR('',#6694,1.);
#6694 = DIRECTION('',(-0.,-1.));
#6695 = ( GEOMETRIC_REPRESENTATION_CONTEXT(2) 
PARAMETRIC_REPRESENTATION_CONTEXT() REPRESENTATION_CONTEXT('2D SPACE',''
  ) );
#6696 = PCURVE('',#6561,#6697);
#6697 = DEFINITIONAL_REPRESENTATION('',(#6698),#6702);
#6698 = LINE('',#6699,#6700);
#6699 = CARTESIAN_POINT('',(-6.28318530718,-0.));
#6700 = VECTOR('',#6701,1.);
#6701 = DIRECTION('',(-0.,-1.));
#6702 = ( GEOMETRIC_REPRESENTATION_CONTEXT(2) 
PARAMETRIC_REPRESENTATION_CONTEXT() REPRESENTATION_CONTEXT('2D SPACE',''
  ) );
#6703 = ORIENTED_EDGE('',*,*,#6544,.F.);
#6704 = ORIENTED_EDGE('',*,*,#6683,.F.);
#6705 = ADVANCED_FACE('',(#6706),#6638,.F.);
#6706 = FACE_BOUND('',#6707,.T.);
#6707 = EDGE_LOOP('',(#6708,#6709,#6732,#6759));
#6708 = ORIENTED_EDGE('',*,*,#6623,.T.);
#6709 = ORIENTED_EDGE('',*,*,#6710,.T.);
#6710 = EDGE_CURVE('',#6601,#6711,#6713,.T.);
#6711 = VERTEX_POINT('',#6712);
#6712 = CARTESIAN_POINT('',(51.559090686999,0.,-165.2764300118));
#6713 = SEAM_CURVE('',#6714,(#6718,#6725),.PCURVE_S1.);
#6714 = LINE('',#6715,#6716);
#6715 = CARTESIAN_POINT('',(50.737258507098,0.,-162.830964696));
#6716 = VECTOR('',#6717,1.);
#6717 = DIRECTION('',(0.318556145833,0.,-0.947903994059));
#6718 = PCURVE('',#6638,#6719);
#6719 = DEFINITIONAL_REPRESENTATION('',(#6720),#6724);
#6720 = LINE('',#6721,#6722);
#6721 = CARTESIAN_POINT('',(-0.,0.));
#6722 = VECTOR('',#6723,1.);
#6723 = DIRECTION('',(-0.,1.));
#6724 = ( GEOMETRIC_REPRESENTATION_CONTEXT(2) 
PARAMETRIC_REPRESENTATION_CONTEXT() REPRESENTATION_CONTEXT('2D SPACE',''
  ) );
#6725 = PCURVE('',#6638,#6726);
#6726 = DEFINITIONAL_REPRESENTATION('',(#6727),#6731);
#6727 = LINE('',#6728,#6729);
#6728 = CARTESIAN_POINT('',(-6.28318530718,0.));
#6729 = VECTOR('',#6730,1.);
#6730 = DIRECTION('',(-0.,1.));
#6731 = ( GEOMETRIC_REPRESENTATION_CONTEXT(2) 
PARAMETRIC_REPRESENTATION_CONTEXT() REPRESENTATION_CONTEXT('2D SPACE',''
  ) );
#6732 = ORIENTED_EDGE('',*,*,#6733,.F.);
#6733 = EDGE_CURVE('',#6711,#6711,#6734,.T.);
#6734 = SURFACE_CURVE('',#6735,(#6740,#6747),.PCURVE_S1.);
#6735 = CIRCLE('',#6736,51.559090686999);
#6736 = AXIS2_PLACEMENT_3D('',#6737,#6738,#6739);
#6737 = CARTESIAN_POINT('',(0.,0.,-165.2764300118));
#6738 = DIRECTION('',(0.,0.,1.));
#6739 = DIRECTION('',(1.,0.,-0.));
#6740 = PCURVE('',#6638,#6741);
#6741 = DEFINITIONAL_REPRESENTATION('',(#6742),#6746);
#6742 = LINE('',#6743,#6744);
#6743 = CARTESIAN_POINT('',(-0.,2.445465315816));
#6744 = VECTOR('',#6745,1.);
#6745 = DIRECTION('',(-1.,0.));
#6746 = ( GEOMETRIC_REPRESENTATION_CONTEXT(2) 
PARAMETRIC_REPRESENTATION_CONTEXT() REPRESENTATION_CONTEXT('2D SPACE',''
  ) );
#6747 = PCURVE('',#6748,#6753);
#6748 = CONICAL_SURFACE('',#6749,51.559090686999,0.329632971553);
#6749 = AXIS2_PLACEMENT_3D('',#6750,#6751,#6752);
#6750 = CARTESIAN_POINT('',(0.,0.,-165.2764300118));
#6751 = DIRECTION('',(-0.,-0.,-1.));
#6752 = DIRECTION('',(1.,0.,0.));
#6753 = DEFINITIONAL_REPRESENTATION('',(#6754),#6758);
#6754 = LINE('',#6755,#6756);
#6755 = CARTESIAN_POINT('',(-0.,0.));
#6756 = VECTOR('',#6757,1.);
#6757 = DIRECTION('',(-1.,0.));
#6758 = ( GEOMETRIC_REPRESENTATION_CONTEXT(2) 
PARAMETRIC_REPRESENTATION_CONTEXT() REPRESENTATION_CONTEXT('2D SPACE',''
  ) );
#6759 = ORIENTED_EDGE('',*,*,#6710,.F.);
#6760 = ADVANCED_FACE('',(#6761),#6671,.T.);
#6761 = FACE_BOUND('',#6762,.T.);
#6762 = EDGE_LOOP('',(#6763,#6792,#6813,#6814));
#6763 = ORIENTED_EDGE('',*,*,#6764,.T.);
#6764 = EDGE_CURVE('',#6765,#6765,#6767,.T.);
#6765 = VERTEX_POINT('',#6766);
#6766 = CARTESIAN_POINT('',(57.241317916134,0.,-167.2031613673));
#6767 = SURFACE_CURVE('',#6768,(#6773,#6780),.PCURVE_S1.);
#6768 = CIRCLE('',#6769,57.241317916134);
#6769 = AXIS2_PLACEMENT_3D('',#6770,#6771,#6772);
#6770 = CARTESIAN_POINT('',(0.,0.,-167.2031613673));
#6771 = DIRECTION('',(0.,0.,1.));
#6772 = DIRECTION('',(1.,0.,-0.));
#6773 = PCURVE('',#6671,#6774);
#6774 = DEFINITIONAL_REPRESENTATION('',(#6775),#6779);
#6775 = LINE('',#6776,#6777);
#6776 = CARTESIAN_POINT('',(-0.,-0.));
#6777 = VECTOR('',#6778,1.);
#6778 = DIRECTION('',(-1.,-0.));
#6779 = ( GEOMETRIC_REPRESENTATION_CONTEXT(2) 
PARAMETRIC_REPRESENTATION_CONTEXT() REPRESENTATION_CONTEXT('2D SPACE',''
  ) );
#6780 = PCURVE('',#6781,#6786);
#6781 = CONICAL_SURFACE('',#6782,58.05932076689,0.321880319207);
#6782 = AXIS2_PLACEMENT_3D('',#6783,#6784,#6785);
#6783 = CARTESIAN_POINT('',(0.,0.,-169.6561088528));
#6784 = DIRECTION('',(-0.,-0.,-1.));
#6785 = DIRECTION('',(1.,0.,-0.));
#6786 = DEFINITIONAL_REPRESENTATION('',(#6787),#6791);
#6787 = LINE('',#6788,#6789);
#6788 = CARTESIAN_POINT('',(-0.,-2.45294748548));
#6789 = VECTOR('',#6790,1.);
#6790 = DIRECTION('',(-1.,-0.));
#6791 = ( GEOMETRIC_REPRESENTATION_CONTEXT(2) 
PARAMETRIC_REPRESENTATION_CONTEXT() REPRESENTATION_CONTEXT('2D SPACE',''
  ) );
#6792 = ORIENTED_EDGE('',*,*,#6793,.T.);
#6793 = EDGE_CURVE('',#6765,#6655,#6794,.T.);
#6794 = SEAM_CURVE('',#6795,(#6799,#6806),.PCURVE_S1.);
#6795 = LINE('',#6796,#6797);
#6796 = CARTESIAN_POINT('',(57.241317916134,0.,-167.2031613673));
#6797 = VECTOR('',#6798,1.);
#6798 = DIRECTION('',(-0.311429291138,0.,0.950269328465));
#6799 = PCURVE('',#6671,#6800);
#6800 = DEFINITIONAL_REPRESENTATION('',(#6801),#6805);
#6801 = LINE('',#6802,#6803);
#6802 = CARTESIAN_POINT('',(-0.,-0.));
#6803 = VECTOR('',#6804,1.);
#6804 = DIRECTION('',(-0.,-1.));
#6805 = ( GEOMETRIC_REPRESENTATION_CONTEXT(2) 
PARAMETRIC_REPRESENTATION_CONTEXT() REPRESENTATION_CONTEXT('2D SPACE',''
  ) );
#6806 = PCURVE('',#6671,#6807);
#6807 = DEFINITIONAL_REPRESENTATION('',(#6808),#6812);
#6808 = LINE('',#6809,#6810);
#6809 = CARTESIAN_POINT('',(-6.28318530718,-0.));
#6810 = VECTOR('',#6811,1.);
#6811 = DIRECTION('',(-0.,-1.));
#6812 = ( GEOMETRIC_REPRESENTATION_CONTEXT(2) 
PARAMETRIC_REPRESENTATION_CONTEXT() REPRESENTATION_CONTEXT('2D SPACE',''
  ) );
#6813 = ORIENTED_EDGE('',*,*,#6654,.F.);
#6814 = ORIENTED_EDGE('',*,*,#6793,.F.);
#6815 = ADVANCED_FACE('',(#6816),#6748,.F.);
#6816 = FACE_BOUND('',#6817,.T.);
#6817 = EDGE_LOOP('',(#6818,#6819,#6842,#6869));
#6818 = ORIENTED_EDGE('',*,*,#6733,.T.);
#6819 = ORIENTED_EDGE('',*,*,#6820,.T.);
#6820 = EDGE_CURVE('',#6711,#6821,#6823,.T.);
#6821 = VERTEX_POINT('',#6822);
#6822 = CARTESIAN_POINT('',(52.387687107912,0.,-167.6984133611));
#6823 = SEAM_CURVE('',#6824,(#6828,#6835),.PCURVE_S1.);
#6824 = LINE('',#6825,#6826);
#6825 = CARTESIAN_POINT('',(51.559090686999,0.,-165.2764300118));
#6826 = VECTOR('',#6827,1.);
#6827 = DIRECTION('',(0.323695782125,0.,-0.946161212815));
#6828 = PCURVE('',#6748,#6829);
#6829 = DEFINITIONAL_REPRESENTATION('',(#6830),#6834);
#6830 = LINE('',#6831,#6832);
#6831 = CARTESIAN_POINT('',(-0.,0.));
#6832 = VECTOR('',#6833,1.);
#6833 = DIRECTION('',(-0.,1.));
#6834 = ( GEOMETRIC_REPRESENTATION_CONTEXT(2) 
PARAMETRIC_REPRESENTATION_CONTEXT() REPRESENTATION_CONTEXT('2D SPACE',''
  ) );
#6835 = PCURVE('',#6748,#6836);
#6836 = DEFINITIONAL_REPRESENTATION('',(#6837),#6841);
#6837 = LINE('',#6838,#6839);
#6838 = CARTESIAN_POINT('',(-6.28318530718,0.));
#6839 = VECTOR('',#6840,1.);
#6840 = DIRECTION('',(-0.,1.));
#6841 = ( GEOMETRIC_REPRESENTATION_CONTEXT(2) 
PARAMETRIC_REPRESENTATION_CONTEXT() REPRESENTATION_CONTEXT('2D SPACE',''
  ) );
#6842 = ORIENTED_EDGE('',*,*,#6843,.F.);
#6843 = EDGE_CURVE('',#6821,#6821,#6844,.T.);
#6844 = SURFACE_CURVE('',#6845,(#6850,#6857),.PCURVE_S1.);
#6845 = CIRCLE('',#6846,52.387687107912);
#6846 = AXIS2_PLACEMENT_3D('',#6847,#6848,#6849);
#6847 = CARTESIAN_POINT('',(0.,0.,-167.6984133611));
#6848 = DIRECTION('',(0.,0.,1.));
#6849 = DIRECTION('',(1.,0.,-0.));
#6850 = PCURVE('',#6748,#6851);
#6851 = DEFINITIONAL_REPRESENTATION('',(#6852),#6856);
#6852 = LINE('',#6853,#6854);
#6853 = CARTESIAN_POINT('',(-0.,2.421983349301));
#6854 = VECTOR('',#6855,1.);
#6855 = DIRECTION('',(-1.,0.));
#6856 = ( GEOMETRIC_REPRESENTATION_CONTEXT(2) 
PARAMETRIC_REPRESENTATION_CONTEXT() REPRESENTATION_CONTEXT('2D SPACE',''
  ) );
#6857 = PCURVE('',#6858,#6863);
#6858 = CONICAL_SURFACE('',#6859,52.387687107912,0.335114580215);
#6859 = AXIS2_PLACEMENT_3D('',#6860,#6861,#6862);
#6860 = CARTESIAN_POINT('',(0.,0.,-167.6984133611));
#6861 = DIRECTION('',(-0.,-0.,-1.));
#6862 = DIRECTION('',(1.,0.,0.));
#6863 = DEFINITIONAL_REPRESENTATION('',(#6864),#6868);
#6864 = LINE('',#6865,#6866);
#6865 = CARTESIAN_POINT('',(-0.,0.));
#6866 = VECTOR('',#6867,1.);
#6867 = DIRECTION('',(-1.,0.));
#6868 = ( GEOMETRIC_REPRESENTATION_CONTEXT(2) 
PARAMETRIC_REPRESENTATION_CONTEXT() REPRESENTATION_CONTEXT('2D SPACE',''
  ) );
#6869 = ORIENTED_EDGE('',*,*,#6820,.F.);
#6870 = ADVANCED_FACE('',(#6871),#6781,.T.);
#6871 = FACE_BOUND('',#6872,.T.);
#6872 = EDGE_LOOP('',(#6873,#6902,#6923,#6924));
#6873 = ORIENTED_EDGE('',*,*,#6874,.T.);
#6874 = EDGE_CURVE('',#6875,#6875,#6877,.T.);
#6875 = VERTEX_POINT('',#6876);
#6876 = CARTESIAN_POINT('',(58.05932076689,0.,-169.6561088528));
#6877 = SURFACE_CURVE('',#6878,(#6883,#6890),.PCURVE_S1.);
#6878 = CIRCLE('',#6879,58.05932076689);
#6879 = AXIS2_PLACEMENT_3D('',#6880,#6881,#6882);
#6880 = CARTESIAN_POINT('',(0.,0.,-169.6561088528));
#6881 = DIRECTION('',(0.,0.,1.));
#6882 = DIRECTION('',(1.,0.,-0.));
#6883 = PCURVE('',#6781,#6884);
#6884 = DEFINITIONAL_REPRESENTATION('',(#6885),#6889);
#6885 = LINE('',#6886,#6887);
#6886 = CARTESIAN_POINT('',(-0.,-0.));
#6887 = VECTOR('',#6888,1.);
#6888 = DIRECTION('',(-1.,-0.));
#6889 = ( GEOMETRIC_REPRESENTATION_CONTEXT(2) 
PARAMETRIC_REPRESENTATION_CONTEXT() REPRESENTATION_CONTEXT('2D SPACE',''
  ) );
#6890 = PCURVE('',#6891,#6896);
#6891 = CONICAL_SURFACE('',#6892,58.883755804394,0.327112488071);
#6892 = AXIS2_PLACEMENT_3D('',#6893,#6894,#6895);
#6893 = CARTESIAN_POINT('',(0.,0.,-172.0859077213));
#6894 = DIRECTION('',(-0.,-0.,-1.));
#6895 = DIRECTION('',(1.,0.,-0.));
#6896 = DEFINITIONAL_REPRESENTATION('',(#6897),#6901);
#6897 = LINE('',#6898,#6899);
#6898 = CARTESIAN_POINT('',(-0.,-2.42979886846));
#6899 = VECTOR('',#6900,1.);
#6900 = DIRECTION('',(-1.,-0.));
#6901 = ( GEOMETRIC_REPRESENTATION_CONTEXT(2) 
PARAMETRIC_REPRESENTATION_CONTEXT() REPRESENTATION_CONTEXT('2D SPACE',''
  ) );
#6902 = ORIENTED_EDGE('',*,*,#6903,.T.);
#6903 = EDGE_CURVE('',#6875,#6765,#6904,.T.);
#6904 = SEAM_CURVE('',#6905,(#6909,#6916),.PCURVE_S1.);
#6905 = LINE('',#6906,#6907);
#6906 = CARTESIAN_POINT('',(58.05932076689,0.,-169.6561088528));
#6907 = VECTOR('',#6908,1.);
#6908 = DIRECTION('',(-0.316350869062,0.,0.948642254827));
#6909 = PCURVE('',#6781,#6910);
#6910 = DEFINITIONAL_REPRESENTATION('',(#6911),#6915);
#6911 = LINE('',#6912,#6913);
#6912 = CARTESIAN_POINT('',(-0.,-0.));
#6913 = VECTOR('',#6914,1.);
#6914 = DIRECTION('',(-0.,-1.));
#6915 = ( GEOMETRIC_REPRESENTATION_CONTEXT(2) 
PARAMETRIC_REPRESENTATION_CONTEXT() REPRESENTATION_CONTEXT('2D SPACE',''
  ) );
#6916 = PCURVE('',#6781,#6917);
#6917 = DEFINITIONAL_REPRESENTATION('',(#6918),#6922);
#6918 = LINE('',#6919,#6920);
#6919 = CARTESIAN_POINT('',(-6.28318530718,-0.));
#6920 = VECTOR('',#6921,1.);
#6921 = DIRECTION('',(-0.,-1.));
#6922 = ( GEOMETRIC_REPRESENTATION_CONTEXT(2) 
PARAMETRIC_REPRESENTATION_CONTEXT() REPRESENTATION_CONTEXT('2D SPACE',''
  ) );
#6923 = ORIENTED_EDGE('',*,*,#6764,.F.);
#6924 = ORIENTED_EDGE('',*,*,#6903,.F.);
#6925 = ADVANCED_FACE('',(#6926),#6858,.F.);
#6926 = FACE_BOUND('',#6927,.T.);
#6927 = EDGE_LOOP('',(#6928,#6929,#6952,#6979));
#6928 = ORIENTED_EDGE('',*,*,#6843,.T.);
#6929 = ORIENTED_EDGE('',*,*,#6930,.T.);
#6930 = EDGE_CURVE('',#6821,#6931,#6933,.T.);
#6931 = VERTEX_POINT('',#6932);
#6932 = CARTESIAN_POINT('',(53.222992994146,0.,-170.0969973648));
#6933 = SEAM_CURVE('',#6934,(#6938,#6945),.PCURVE_S1.);
#6934 = LINE('',#6935,#6936);
#6935 = CARTESIAN_POINT('',(52.387687107912,0.,-167.6984133611));
#6936 = VECTOR('',#6937,1.);
#6937 = DIRECTION('',(0.328877378452,0.,-0.944372632991));
#6938 = PCURVE('',#6858,#6939);
#6939 = DEFINITIONAL_REPRESENTATION('',(#6940),#6944);
#6940 = LINE('',#6941,#6942);
#6941 = CARTESIAN_POINT('',(-0.,0.));
#6942 = VECTOR('',#6943,1.);
#6943 = DIRECTION('',(-0.,1.));
#6944 = ( GEOMETRIC_REPRESENTATION_CONTEXT(2) 
PARAMETRIC_REPRESENTATION_CONTEXT() REPRESENTATION_CONTEXT('2D SPACE',''
  ) );
#6945 = PCURVE('',#6858,#6946);
#6946 = DEFINITIONAL_REPRESENTATION('',(#6947),#6951);
#6947 = LINE('',#6948,#6949);
#6948 = CARTESIAN_POINT('',(-6.28318530718,0.));
#6949 = VECTOR('',#6950,1.);
#6950 = DIRECTION('',(-0.,1.));
#6951 = ( GEOMETRIC_REPRESENTATION_CONTEXT(2) 
PARAMETRIC_REPRESENTATION_CONTEXT() REPRESENTATION_CONTEXT('2D SPACE',''
  ) );
#6952 = ORIENTED_EDGE('',*,*,#6953,.F.);
#6953 = EDGE_CURVE('',#6931,#6931,#6954,.T.);
#6954 = SURFACE_CURVE('',#6955,(#6960,#6967),.PCURVE_S1.);
#6955 = CIRCLE('',#6956,53.222992994146);
#6956 = AXIS2_PLACEMENT_3D('',#6957,#6958,#6959);
#6957 = CARTESIAN_POINT('',(0.,0.,-170.0969973648));
#6958 = DIRECTION('',(0.,0.,1.));
#6959 = DIRECTION('',(1.,0.,-0.));
#6960 = PCURVE('',#6858,#6961);
#6961 = DEFINITIONAL_REPRESENTATION('',(#6962),#6966);
#6962 = LINE('',#6963,#6964);
#6963 = CARTESIAN_POINT('',(-0.,2.398584003709));
#6964 = VECTOR('',#6965,1.);
#6965 = DIRECTION('',(-1.,0.));
#6966 = ( GEOMETRIC_REPRESENTATION_CONTEXT(2) 
PARAMETRIC_REPRESENTATION_CONTEXT() REPRESENTATION_CONTEXT('2D SPACE',''
  ) );
#6967 = PCURVE('',#6968,#6973);
#6968 = CONICAL_SURFACE('',#6969,53.222992994146,0.340650833406);
#6969 = AXIS2_PLACEMENT_3D('',#6970,#6971,#6972);
#6970 = CARTESIAN_POINT('',(0.,0.,-170.0969973648));
#6971 = DIRECTION('',(-0.,-0.,-1.));
#6972 = DIRECTION('',(1.,0.,0.));
#6973 = DEFINITIONAL_REPRESENTATION('',(#6974),#6978);
#6974 = LINE('',#6975,#6976);
#6975 = CARTESIAN_POINT('',(-0.,0.));
#6976 = VECTOR('',#6977,1.);
#6977 = DIRECTION('',(-1.,0.));
#6978 = ( GEOMETRIC_REPRESENTATION_CONTEXT(2) 
PARAMETRIC_REPRESENTATION_CONTEXT() REPRESENTATION_CONTEXT('2D SPACE',''
  ) );
#6979 = ORIENTED_EDGE('',*,*,#6930,.F.);
#6980 = ADVANCED_FACE('',(#6981),#6891,.T.);
#6981 = FACE_BOUND('',#6982,.T.);
#6982 = EDGE_LOOP('',(#6983,#7012,#7033,#7034));
#6983 = ORIENTED_EDGE('',*,*,#6984,.T.);
#6984 = EDGE_CURVE('',#6985,#6985,#6987,.T.);
#6985 = VERTEX_POINT('',#6986);
#6986 = CARTESIAN_POINT('',(58.883755804394,0.,-172.0859077213));
#6987 = SURFACE_CURVE('',#6988,(#6993,#7000),.PCURVE_S1.);
#6988 = CIRCLE('',#6989,58.883755804394);
#6989 = AXIS2_PLACEMENT_3D('',#6990,#6991,#6992);
#6990 = CARTESIAN_POINT('',(0.,0.,-172.0859077213));
#6991 = DIRECTION('',(0.,0.,1.));
#6992 = DIRECTION('',(1.,0.,-0.));
#6993 = PCURVE('',#6891,#6994);
#6994 = DEFINITIONAL_REPRESENTATION('',(#6995),#6999);
#6995 = LINE('',#6996,#6997);
#6996 = CARTESIAN_POINT('',(-0.,-0.));
#6997 = VECTOR('',#6998,1.);
#6998 = DIRECTION('',(-1.,-0.));
#6999 = ( GEOMETRIC_REPRESENTATION_CONTEXT(2) 
PARAMETRIC_REPRESENTATION_CONTEXT() REPRESENTATION_CONTEXT('2D SPACE',''
  ) );
#7000 = PCURVE('',#7001,#7006);
#7001 = CONICAL_SURFACE('',#7002,59.714564520494,0.332393296212);
#7002 = AXIS2_PLACEMENT_3D('',#7003,#7004,#7005);
#7003 = CARTESIAN_POINT('',(0.,0.,-174.4926456795));
#7004 = DIRECTION('',(-0.,-0.,-1.));
#7005 = DIRECTION('',(1.,0.,-0.));
#7006 = DEFINITIONAL_REPRESENTATION('',(#7007),#7011);
#7007 = LINE('',#7008,#7009);
#7008 = CARTESIAN_POINT('',(-0.,-2.406737958248));
#7009 = VECTOR('',#7010,1.);
#7010 = DIRECTION('',(-1.,-0.));
#7011 = ( GEOMETRIC_REPRESENTATION_CONTEXT(2) 
PARAMETRIC_REPRESENTATION_CONTEXT() REPRESENTATION_CONTEXT('2D SPACE',''
  ) );
#7012 = ORIENTED_EDGE('',*,*,#7013,.T.);
#7013 = EDGE_CURVE('',#6985,#6875,#7014,.T.);
#7014 = SEAM_CURVE('',#7015,(#7019,#7026),.PCURVE_S1.);
#7015 = LINE('',#7016,#7017);
#7016 = CARTESIAN_POINT('',(58.883755804394,0.,-172.0859077213));
#7017 = VECTOR('',#7018,1.);
#7018 = DIRECTION('',(-0.321309972748,0.,0.946974076421));
#7019 = PCURVE('',#6891,#7020);
#7020 = DEFINITIONAL_REPRESENTATION('',(#7021),#7025);
#7021 = LINE('',#7022,#7023);
#7022 = CARTESIAN_POINT('',(-0.,-0.));
#7023 = VECTOR('',#7024,1.);
#7024 = DIRECTION('',(-0.,-1.));
#7025 = ( GEOMETRIC_REPRESENTATION_CONTEXT(2) 
PARAMETRIC_REPRESENTATION_CONTEXT() REPRESENTATION_CONTEXT('2D SPACE',''
  ) );
#7026 = PCURVE('',#6891,#7027);
#7027 = DEFINITIONAL_REPRESENTATION('',(#7028),#7032);
#7028 = LINE('',#7029,#7030);
#7029 = CARTESIAN_POINT('',(-6.28318530718,-0.));
#7030 = VECTOR('',#7031,1.);
#7031 = DIRECTION('',(-0.,-1.));
#7032 = ( GEOMETRIC_REPRESENTATION_CONTEXT(2) 
PARAMETRIC_REPRESENTATION_CONTEXT() REPRESENTATION_CONTEXT('2D SPACE',''
  ) );
#7033 = ORIENTED_EDGE('',*,*,#6874,.F.);
#7034 = ORIENTED_EDGE('',*,*,#7013,.F.);
#7035 = ADVANCED_FACE('',(#7036),#6968,.F.);
#7036 = FACE_BOUND('',#7037,.T.);
#7037 = EDGE_LOOP('',(#7038,#7039,#7062,#7089));
#7038 = ORIENTED_EDGE('',*,*,#6953,.T.);
#7039 = ORIENTED_EDGE('',*,*,#7040,.T.);
#7040 = EDGE_CURVE('',#6931,#7041,#7043,.T.);
#7041 = VERTEX_POINT('',#7042);
#7042 = CARTESIAN_POINT('',(54.064954879567,0.,-172.4722717277));
#7043 = SEAM_CURVE('',#7044,(#7048,#7055),.PCURVE_S1.);
#7044 = LINE('',#7045,#7046);
#7045 = CARTESIAN_POINT('',(53.222992994146,0.,-170.0969973648));
#7046 = VECTOR('',#7047,1.);
#7047 = DIRECTION('',(0.334100597698,0.,-0.942537421336));
#7048 = PCURVE('',#6968,#7049);
#7049 = DEFINITIONAL_REPRESENTATION('',(#7050),#7054);
#7050 = LINE('',#7051,#7052);
#7051 = CARTESIAN_POINT('',(-0.,0.));
#7052 = VECTOR('',#7053,1.);
#7053 = DIRECTION('',(-0.,1.));
#7054 = ( GEOMETRIC_REPRESENTATION_CONTEXT(2) 
PARAMETRIC_REPRESENTATION_CONTEXT() REPRESENTATION_CONTEXT('2D SPACE',''
  ) );
#7055 = PCURVE('',#6968,#7056);
#7056 = DEFINITIONAL_REPRESENTATION('',(#7057),#7061);
#7057 = LINE('',#7058,#7059);
#7058 = CARTESIAN_POINT('',(-6.28318530718,0.));
#7059 = VECTOR('',#7060,1.);
#7060 = DIRECTION('',(-0.,1.));
#7061 = ( GEOMETRIC_REPRESENTATION_CONTEXT(2) 
PARAMETRIC_REPRESENTATION_CONTEXT() REPRESENTATION_CONTEXT('2D SPACE',''
  ) );
#7062 = ORIENTED_EDGE('',*,*,#7063,.F.);
#7063 = EDGE_CURVE('',#7041,#7041,#7064,.T.);
#7064 = SURFACE_CURVE('',#7065,(#7070,#7077),.PCURVE_S1.);
#7065 = CIRCLE('',#7066,54.064954879567);
#7066 = AXIS2_PLACEMENT_3D('',#7067,#7068,#7069);
#7067 = CARTESIAN_POINT('',(0.,0.,-172.4722717277));
#7068 = DIRECTION('',(0.,0.,1.));
#7069 = DIRECTION('',(1.,0.,-0.));
#7070 = PCURVE('',#6968,#7071);
#7071 = DEFINITIONAL_REPRESENTATION('',(#7072),#7076);
#7072 = LINE('',#7073,#7074);
#7073 = CARTESIAN_POINT('',(-0.,2.375274362921));
#7074 = VECTOR('',#7075,1.);
#7075 = DIRECTION('',(-1.,0.));
#7076 = ( GEOMETRIC_REPRESENTATION_CONTEXT(2) 
PARAMETRIC_REPRESENTATION_CONTEXT() REPRESENTATION_CONTEXT('2D SPACE',''
  ) );
#7077 = PCURVE('',#7078,#7083);
#7078 = CONICAL_SURFACE('',#7079,54.064954879567,0.346241871291);
#7079 = AXIS2_PLACEMENT_3D('',#7080,#7081,#7082);
#7080 = CARTESIAN_POINT('',(0.,0.,-172.4722717277));
#7081 = DIRECTION('',(-0.,-0.,-1.));
#7082 = DIRECTION('',(1.,0.,0.));
#7083 = DEFINITIONAL_REPRESENTATION('',(#7084),#7088);
#7084 = LINE('',#7085,#7086);
#7085 = CARTESIAN_POINT('',(-0.,0.));
#7086 = VECTOR('',#7087,1.);
#7087 = DIRECTION('',(-1.,0.));
#7088 = ( GEOMETRIC_REPRESENTATION_CONTEXT(2) 
PARAMETRIC_REPRESENTATION_CONTEXT() REPRESENTATION_CONTEXT('2D SPACE',''
  ) );
#7089 = ORIENTED_EDGE('',*,*,#7040,.F.);
#7090 = ADVANCED_FACE('',(#7091),#7001,.T.);
#7091 = FACE_BOUND('',#7092,.T.);
#7092 = EDGE_LOOP('',(#7093,#7122,#7143,#7144));
#7093 = ORIENTED_EDGE('',*,*,#7094,.T.);
#7094 = EDGE_CURVE('',#7095,#7095,#7097,.T.);
#7095 = VERTEX_POINT('',#7096);
#7096 = CARTESIAN_POINT('',(59.714564520494,0.,-174.4926456795));
#7097 = SURFACE_CURVE('',#7098,(#7103,#7110),.PCURVE_S1.);
#7098 = CIRCLE('',#7099,59.714564520494);
#7099 = AXIS2_PLACEMENT_3D('',#7100,#7101,#7102);
#7100 = CARTESIAN_POINT('',(0.,0.,-174.4926456795));
#7101 = DIRECTION('',(0.,0.,1.));
#7102 = DIRECTION('',(1.,0.,-0.));
#7103 = PCURVE('',#7001,#7104);
#7104 = DEFINITIONAL_REPRESENTATION('',(#7105),#7109);
#7105 = LINE('',#7106,#7107);
#7106 = CARTESIAN_POINT('',(-0.,-0.));
#7107 = VECTOR('',#7108,1.);
#7108 = DIRECTION('',(-1.,-0.));
#7109 = ( GEOMETRIC_REPRESENTATION_CONTEXT(2) 
PARAMETRIC_REPRESENTATION_CONTEXT() REPRESENTATION_CONTEXT('2D SPACE',''
  ) );
#7110 = PCURVE('',#7111,#7116);
#7111 = CONICAL_SURFACE('',#7112,60.551689577814,0.337722802015);
#7112 = AXIS2_PLACEMENT_3D('',#7113,#7114,#7115);
#7113 = CARTESIAN_POINT('',(0.,0.,-176.876416689));
#7114 = DIRECTION('',(-0.,-0.,-1.));
#7115 = DIRECTION('',(1.,0.,-0.));
#7116 = DEFINITIONAL_REPRESENTATION('',(#7117),#7121);
#7117 = LINE('',#7118,#7119);
#7118 = CARTESIAN_POINT('',(-0.,-2.383771009445));
#7119 = VECTOR('',#7120,1.);
#7120 = DIRECTION('',(-1.,-0.));
#7121 = ( GEOMETRIC_REPRESENTATION_CONTEXT(2) 
PARAMETRIC_REPRESENTATION_CONTEXT() REPRESENTATION_CONTEXT('2D SPACE',''
  ) );
#7122 = ORIENTED_EDGE('',*,*,#7123,.T.);
#7123 = EDGE_CURVE('',#7095,#6985,#7124,.T.);
#7124 = SEAM_CURVE('',#7125,(#7129,#7136),.PCURVE_S1.);
#7125 = LINE('',#7126,#7127);
#7126 = CARTESIAN_POINT('',(59.714564520494,0.,-174.4926456795));
#7127 = VECTOR('',#7128,1.);
#7128 = DIRECTION('',(-0.326306257754,0.,0.945264103915));
#7129 = PCURVE('',#7001,#7130);
#7130 = DEFINITIONAL_REPRESENTATION('',(#7131),#7135);
#7131 = LINE('',#7132,#7133);
#7132 = CARTESIAN_POINT('',(-0.,-0.));
#7133 = VECTOR('',#7134,1.);
#7134 = DIRECTION('',(-0.,-1.));
#7135 = ( GEOMETRIC_REPRESENTATION_CONTEXT(2) 
PARAMETRIC_REPRESENTATION_CONTEXT() REPRESENTATION_CONTEXT('2D SPACE',''
  ) );
#7136 = PCURVE('',#7001,#7137);
#7137 = DEFINITIONAL_REPRESENTATION('',(#7138),#7142);
#7138 = LINE('',#7139,#7140);
#7139 = CARTESIAN_POINT('',(-6.28318530718,-0.));
#7140 = VECTOR('',#7141,1.);
#7141 = DIRECTION('',(-0.,-1.));
#7142 = ( GEOMETRIC_REPRESENTATION_CONTEXT(2) 
PARAMETRIC_REPRESENTATION_CONTEXT() REPRESENTATION_CONTEXT('2D SPACE',''
  ) );
#7143 = ORIENTED_EDGE('',*,*,#6984,.F.);
#7144 = ORIENTED_EDGE('',*,*,#7123,.F.);
#7145 = ADVANCED_FACE('',(#7146),#7078,.F.);
#7146 = FACE_BOUND('',#7147,.T.);
#7147 = EDGE_LOOP('',(#7148,#7149,#7172,#7199));
#7148 = ORIENTED_EDGE('',*,*,#7063,.T.);
#7149 = ORIENTED_EDGE('',*,*,#7150,.T.);
#7150 = EDGE_CURVE('',#7041,#7151,#7153,.T.);
#7151 = VERTEX_POINT('',#7152);
#7152 = CARTESIAN_POINT('',(54.913520556228,0.,-174.8243323622));
#7153 = SEAM_CURVE('',#7154,(#7158,#7165),.PCURVE_S1.);
#7154 = LINE('',#7155,#7156);
#7155 = CARTESIAN_POINT('',(54.064954879567,0.,-172.4722717277));
#7156 = VECTOR('',#7157,1.);
#7157 = DIRECTION('',(0.339365110744,0.,-0.940654730286));
#7158 = PCURVE('',#7078,#7159);
#7159 = DEFINITIONAL_REPRESENTATION('',(#7160),#7164);
#7160 = LINE('',#7161,#7162);
#7161 = CARTESIAN_POINT('',(-0.,0.));
#7162 = VECTOR('',#7163,1.);
#7163 = DIRECTION('',(-0.,1.));
#7164 = ( GEOMETRIC_REPRESENTATION_CONTEXT(2) 
PARAMETRIC_REPRESENTATION_CONTEXT() REPRESENTATION_CONTEXT('2D SPACE',''
  ) );
#7165 = PCURVE('',#7078,#7166);
#7166 = DEFINITIONAL_REPRESENTATION('',(#7167),#7171);
#7167 = LINE('',#7168,#7169);
#7168 = CARTESIAN_POINT('',(-6.28318530718,0.));
#7169 = VECTOR('',#7170,1.);
#7170 = DIRECTION('',(-0.,1.));
#7171 = ( GEOMETRIC_REPRESENTATION_CONTEXT(2) 
PARAMETRIC_REPRESENTATION_CONTEXT() REPRESENTATION_CONTEXT('2D SPACE',''
  ) );
#7172 = ORIENTED_EDGE('',*,*,#7173,.F.);
#7173 = EDGE_CURVE('',#7151,#7151,#7174,.T.);
#7174 = SURFACE_CURVE('',#7175,(#7180,#7187),.PCURVE_S1.);
#7175 = CIRCLE('',#7176,54.913520556228);
#7176 = AXIS2_PLACEMENT_3D('',#7177,#7178,#7179);
#7177 = CARTESIAN_POINT('',(0.,0.,-174.8243323622));
#7178 = DIRECTION('',(0.,0.,1.));
#7179 = DIRECTION('',(1.,0.,-0.));
#7180 = PCURVE('',#7078,#7181);
#7181 = DEFINITIONAL_REPRESENTATION('',(#7182),#7186);
#7182 = LINE('',#7183,#7184);
#7183 = CARTESIAN_POINT('',(-0.,2.352060634521));
#7184 = VECTOR('',#7185,1.);
#7185 = DIRECTION('',(-1.,0.));
#7186 = ( GEOMETRIC_REPRESENTATION_CONTEXT(2) 
PARAMETRIC_REPRESENTATION_CONTEXT() REPRESENTATION_CONTEXT('2D SPACE',''
  ) );
#7187 = PCURVE('',#7188,#7193);
#7188 = CONICAL_SURFACE('',#7189,54.913520556228,0.351887856415);
#7189 = AXIS2_PLACEMENT_3D('',#7190,#7191,#7192);
#7190 = CARTESIAN_POINT('',(0.,0.,-174.8243323622));
#7191 = DIRECTION('',(-0.,-0.,-1.));
#7192 = DIRECTION('',(1.,0.,0.));
#7193 = DEFINITIONAL_REPRESENTATION('',(#7194),#7198);
#7194 = LINE('',#7195,#7196);
#7195 = CARTESIAN_POINT('',(-0.,0.));
#7196 = VECTOR('',#7197,1.);
#7197 = DIRECTION('',(-1.,0.));
#7198 = ( GEOMETRIC_REPRESENTATION_CONTEXT(2) 
PARAMETRIC_REPRESENTATION_CONTEXT() REPRESENTATION_CONTEXT('2D SPACE',''
  ) );
#7199 = ORIENTED_EDGE('',*,*,#7150,.F.);
#7200 = ADVANCED_FACE('',(#7201),#7111,.T.);
#7201 = FACE_BOUND('',#7202,.T.);
#7202 = EDGE_LOOP('',(#7203,#7232,#7253,#7254));
#7203 = ORIENTED_EDGE('',*,*,#7204,.T.);
#7204 = EDGE_CURVE('',#7205,#7205,#7207,.T.);
#7205 = VERTEX_POINT('',#7206);
#7206 = CARTESIAN_POINT('',(60.551689577814,0.,-176.876416689));
#7207 = SURFACE_CURVE('',#7208,(#7213,#7220),.PCURVE_S1.);
#7208 = CIRCLE('',#7209,60.551689577814);
#7209 = AXIS2_PLACEMENT_3D('',#7210,#7211,#7212);
#7210 = CARTESIAN_POINT('',(0.,0.,-176.876416689));
#7211 = DIRECTION('',(0.,0.,1.));
#7212 = DIRECTION('',(1.,0.,-0.));
#7213 = PCURVE('',#7111,#7214);
#7214 = DEFINITIONAL_REPRESENTATION('',(#7215),#7219);
#7215 = LINE('',#7216,#7217);
#7216 = CARTESIAN_POINT('',(-0.,-0.));
#7217 = VECTOR('',#7218,1.);
#7218 = DIRECTION('',(-1.,-0.));
#7219 = ( GEOMETRIC_REPRESENTATION_CONTEXT(2) 
PARAMETRIC_REPRESENTATION_CONTEXT() REPRESENTATION_CONTEXT('2D SPACE',''
  ) );
#7220 = PCURVE('',#7221,#7226);
#7221 = CONICAL_SURFACE('',#7222,61.39507475792,0.343101085829);
#7222 = AXIS2_PLACEMENT_3D('',#7223,#7224,#7225);
#7223 = CARTESIAN_POINT('',(0.,0.,-179.237320158));
#7224 = DIRECTION('',(-0.,-0.,-1.));
#7225 = DIRECTION('',(1.,0.,-0.));
#7226 = DEFINITIONAL_REPRESENTATION('',(#7227),#7231);
#7227 = LINE('',#7228,#7229);
#7228 = CARTESIAN_POINT('',(-0.,-2.360903468984));
#7229 = VECTOR('',#7230,1.);
#7230 = DIRECTION('',(-1.,-0.));
#7231 = ( GEOMETRIC_REPRESENTATION_CONTEXT(2) 
PARAMETRIC_REPRESENTATION_CONTEXT() REPRESENTATION_CONTEXT('2D SPACE',''
  ) );
#7232 = ORIENTED_EDGE('',*,*,#7233,.T.);
#7233 = EDGE_CURVE('',#7205,#7095,#7234,.T.);
#7234 = SEAM_CURVE('',#7235,(#7239,#7246),.PCURVE_S1.);
#7235 = LINE('',#7236,#7237);
#7236 = CARTESIAN_POINT('',(60.551689577814,0.,-176.876416689));
#7237 = VECTOR('',#7238,1.);
#7238 = DIRECTION('',(-0.331339390301,0.,0.943511636619));
#7239 = PCURVE('',#7111,#7240);
#7240 = DEFINITIONAL_REPRESENTATION('',(#7241),#7245);
#7241 = LINE('',#7242,#7243);
#7242 = CARTESIAN_POINT('',(-0.,-0.));
#7243 = VECTOR('',#7244,1.);
#7244 = DIRECTION('',(-0.,-1.));
#7245 = ( GEOMETRIC_REPRESENTATION_CONTEXT(2) 
PARAMETRIC_REPRESENTATION_CONTEXT() REPRESENTATION_CONTEXT('2D SPACE',''
  ) );
#7246 = PCURVE('',#7111,#7247);
#7247 = DEFINITIONAL_REPRESENTATION('',(#7248),#7252);
#7248 = LINE('',#7249,#7250);
#7249 = CARTESIAN_POINT('',(-6.28318530718,-0.));
#7250 = VECTOR('',#7251,1.);
#7251 = DIRECTION('',(-0.,-1.));
#7252 = ( GEOMETRIC_REPRESENTATION_CONTEXT(2) 
PARAMETRIC_REPRESENTATION_CONTEXT() REPRESENTATION_CONTEXT('2D SPACE',''
  ) );
#7253 = ORIENTED_EDGE('',*,*,#7094,.F.);
#7254 = ORIENTED_EDGE('',*,*,#7233,.F.);
#7255 = ADVANCED_FACE('',(#7256),#7188,.F.);
#7256 = FACE_BOUND('',#7257,.T.);
#7257 = EDGE_LOOP('',(#7258,#7259,#7282,#7309));
#7258 = ORIENTED_EDGE('',*,*,#7173,.T.);
#7259 = ORIENTED_EDGE('',*,*,#7260,.T.);
#7260 = EDGE_CURVE('',#7151,#7261,#7263,.T.);
#7261 = VERTEX_POINT('',#7262);
#7262 = CARTESIAN_POINT('',(55.768639025786,0.,-177.1532805825));
#7263 = SEAM_CURVE('',#7264,(#7268,#7275),.PCURVE_S1.);
#7264 = LINE('',#7265,#7266);
#7265 = CARTESIAN_POINT('',(54.913520556228,0.,-174.8243323622));
#7266 = VECTOR('',#7267,1.);
#7267 = DIRECTION('',(0.34467059616,0.,-0.938723697444));
#7268 = PCURVE('',#7188,#7269);
#7269 = DEFINITIONAL_REPRESENTATION('',(#7270),#7274);
#7270 = LINE('',#7271,#7272);
#7271 = CARTESIAN_POINT('',(-0.,0.));
#7272 = VECTOR('',#7273,1.);
#7273 = DIRECTION('',(-0.,1.));
#7274 = ( GEOMETRIC_REPRESENTATION_CONTEXT(2) 
PARAMETRIC_REPRESENTATION_CONTEXT() REPRESENTATION_CONTEXT('2D SPACE',''
  ) );
#7275 = PCURVE('',#7188,#7276);
#7276 = DEFINITIONAL_REPRESENTATION('',(#7277),#7281);
#7277 = LINE('',#7278,#7279);
#7278 = CARTESIAN_POINT('',(-6.28318530718,0.));
#7279 = VECTOR('',#7280,1.);
#7280 = DIRECTION('',(-0.,1.));
#7281 = ( GEOMETRIC_REPRESENTATION_CONTEXT(2) 
PARAMETRIC_REPRESENTATION_CONTEXT() REPRESENTATION_CONTEXT('2D SPACE',''
  ) );
#7282 = ORIENTED_EDGE('',*,*,#7283,.F.);
#7283 = EDGE_CURVE('',#7261,#7261,#7284,.T.);
#7284 = SURFACE_CURVE('',#7285,(#7290,#7297),.PCURVE_S1.);
#7285 = CIRCLE('',#7286,55.768639025786);
#7286 = AXIS2_PLACEMENT_3D('',#7287,#7288,#7289);
#7287 = CARTESIAN_POINT('',(0.,0.,-177.1532805825));
#7288 = DIRECTION('',(0.,0.,1.));
#7289 = DIRECTION('',(1.,0.,-0.));
#7290 = PCURVE('',#7188,#7291);
#7291 = DEFINITIONAL_REPRESENTATION('',(#7292),#7296);
#7292 = LINE('',#7293,#7294);
#7293 = CARTESIAN_POINT('',(-0.,2.328948220238));
#7294 = VECTOR('',#7295,1.);
#7295 = DIRECTION('',(-1.,0.));
#7296 = ( GEOMETRIC_REPRESENTATION_CONTEXT(2) 
PARAMETRIC_REPRESENTATION_CONTEXT() REPRESENTATION_CONTEXT('2D SPACE',''
  ) );
#7297 = PCURVE('',#7298,#7303);
#7298 = CONICAL_SURFACE('',#7299,55.768639025786,0.357588973912);
#7299 = AXIS2_PLACEMENT_3D('',#7300,#7301,#7302);
#7300 = CARTESIAN_POINT('',(0.,0.,-177.1532805825));
#7301 = DIRECTION('',(-0.,-0.,-1.));
#7302 = DIRECTION('',(1.,0.,0.));
#7303 = DEFINITIONAL_REPRESENTATION('',(#7304),#7308);
#7304 = LINE('',#7305,#7306);
#7305 = CARTESIAN_POINT('',(-0.,0.));
#7306 = VECTOR('',#7307,1.);
#7307 = DIRECTION('',(-1.,0.));
#7308 = ( GEOMETRIC_REPRESENTATION_CONTEXT(2) 
PARAMETRIC_REPRESENTATION_CONTEXT() REPRESENTATION_CONTEXT('2D SPACE',''
  ) );
#7309 = ORIENTED_EDGE('',*,*,#7260,.F.);
#7310 = ADVANCED_FACE('',(#7311),#7221,.T.);
#7311 = FACE_BOUND('',#7312,.T.);
#7312 = EDGE_LOOP('',(#7313,#7342,#7363,#7364));
#7313 = ORIENTED_EDGE('',*,*,#7314,.T.);
#7314 = EDGE_CURVE('',#7315,#7315,#7317,.T.);
#7315 = VERTEX_POINT('',#7316);
#7316 = CARTESIAN_POINT('',(61.39507475792,0.,-179.237320158));
#7317 = SURFACE_CURVE('',#7318,(#7323,#7330),.PCURVE_S1.);
#7318 = CIRCLE('',#7319,61.39507475792);
#7319 = AXIS2_PLACEMENT_3D('',#7320,#7321,#7322);
#7320 = CARTESIAN_POINT('',(0.,0.,-179.237320158));
#7321 = DIRECTION('',(0.,0.,1.));
#7322 = DIRECTION('',(1.,0.,-0.));
#7323 = PCURVE('',#7221,#7324);
#7324 = DEFINITIONAL_REPRESENTATION('',(#7325),#7329);
#7325 = LINE('',#7326,#7327);
#7326 = CARTESIAN_POINT('',(-0.,-0.));
#7327 = VECTOR('',#7328,1.);
#7328 = DIRECTION('',(-1.,-0.));
#7329 = ( GEOMETRIC_REPRESENTATION_CONTEXT(2) 
PARAMETRIC_REPRESENTATION_CONTEXT() REPRESENTATION_CONTEXT('2D SPACE',''
  ) );
#7330 = PCURVE('',#7331,#7336);
#7331 = CONICAL_SURFACE('',#7332,62.244664911901,0.348528250171);
#7332 = AXIS2_PLACEMENT_3D('',#7333,#7334,#7335);
#7333 = CARTESIAN_POINT('',(0.,0.,-181.5754601989));
#7334 = DIRECTION('',(-0.,-0.,-1.));
#7335 = DIRECTION('',(1.,0.,-0.));
#7336 = DEFINITIONAL_REPRESENTATION('',(#7337),#7341);
#7337 = LINE('',#7338,#7339);
#7338 = CARTESIAN_POINT('',(-0.,-2.338140040951));
#7339 = VECTOR('',#7340,1.);
#7340 = DIRECTION('',(-1.,-0.));
#7341 = ( GEOMETRIC_REPRESENTATION_CONTEXT(2) 
PARAMETRIC_REPRESENTATION_CONTEXT() REPRESENTATION_CONTEXT('2D SPACE',''
  ) );
#7342 = ORIENTED_EDGE('',*,*,#7343,.T.);
#7343 = EDGE_CURVE('',#7315,#7205,#7344,.T.);
#7344 = SEAM_CURVE('',#7345,(#7349,#7356),.PCURVE_S1.);
#7345 = LINE('',#7346,#7347);
#7346 = CARTESIAN_POINT('',(61.39507475792,0.,-179.237320158));
#7347 = VECTOR('',#7348,1.);
#7348 = DIRECTION('',(-0.336409047062,0.,0.941715961984));
#7349 = PCURVE('',#7221,#7350);
#7350 = DEFINITIONAL_REPRESENTATION('',(#7351),#7355);
#7351 = LINE('',#7352,#7353);
#7352 = CARTESIAN_POINT('',(-0.,-0.));
#7353 = VECTOR('',#7354,1.);
#7354 = DIRECTION('',(-0.,-1.));
#7355 = ( GEOMETRIC_REPRESENTATION_CONTEXT(2) 
PARAMETRIC_REPRESENTATION_CONTEXT() REPRESENTATION_CONTEXT('2D SPACE',''
  ) );
#7356 = PCURVE('',#7221,#7357);
#7357 = DEFINITIONAL_REPRESENTATION('',(#7358),#7362);
#7358 = LINE('',#7359,#7360);
#7359 = CARTESIAN_POINT('',(-6.28318530718,-0.));
#7360 = VECTOR('',#7361,1.);
#7361 = DIRECTION('',(-0.,-1.));
#7362 = ( GEOMETRIC_REPRESENTATION_CONTEXT(2) 
PARAMETRIC_REPRESENTATION_CONTEXT() REPRESENTATION_CONTEXT('2D SPACE',''
  ) );
#7363 = ORIENTED_EDGE('',*,*,#7204,.F.);
#7364 = ORIENTED_EDGE('',*,*,#7343,.F.);
#7365 = ADVANCED_FACE('',(#7366),#7298,.F.);
#7366 = FACE_BOUND('',#7367,.T.);
#7367 = EDGE_LOOP('',(#7368,#7369,#7392,#7419));
#7368 = ORIENTED_EDGE('',*,*,#7283,.T.);
#7369 = ORIENTED_EDGE('',*,*,#7370,.T.);
#7370 = EDGE_CURVE('',#7261,#7371,#7373,.T.);
#7371 = VERTEX_POINT('',#7372);
#7372 = CARTESIAN_POINT('',(56.630260453499,0.,-179.4592223632));
#7373 = SEAM_CURVE('',#7374,(#7378,#7385),.PCURVE_S1.);
#7374 = LINE('',#7375,#7376);
#7375 = CARTESIAN_POINT('',(55.768639025786,0.,-177.1532805825));
#7376 = VECTOR('',#7377,1.);
#7377 = DIRECTION('',(0.350016739911,0.,-0.936743445017));
#7378 = PCURVE('',#7298,#7379);
#7379 = DEFINITIONAL_REPRESENTATION('',(#7380),#7384);
#7380 = LINE('',#7381,#7382);
#7381 = CARTESIAN_POINT('',(-0.,0.));
#7382 = VECTOR('',#7383,1.);
#7383 = DIRECTION('',(-0.,1.));
#7384 = ( GEOMETRIC_REPRESENTATION_CONTEXT(2) 
PARAMETRIC_REPRESENTATION_CONTEXT() REPRESENTATION_CONTEXT('2D SPACE',''
  ) );
#7385 = PCURVE('',#7298,#7386);
#7386 = DEFINITIONAL_REPRESENTATION('',(#7387),#7391);
#7387 = LINE('',#7388,#7389);
#7388 = CARTESIAN_POINT('',(-6.28318530718,0.));
#7389 = VECTOR('',#7390,1.);
#7390 = DIRECTION('',(-0.,1.));
#7391 = ( GEOMETRIC_REPRESENTATION_CONTEXT(2) 
PARAMETRIC_REPRESENTATION_CONTEXT() REPRESENTATION_CONTEXT('2D SPACE',''
  ) );
#7392 = ORIENTED_EDGE('',*,*,#7393,.F.);
#7393 = EDGE_CURVE('',#7371,#7371,#7394,.T.);
#7394 = SURFACE_CURVE('',#7395,(#7400,#7407),.PCURVE_S1.);
#7395 = CIRCLE('',#7396,56.630260453499);
#7396 = AXIS2_PLACEMENT_3D('',#7397,#7398,#7399);
#7397 = CARTESIAN_POINT('',(0.,0.,-179.4592223632));
#7398 = DIRECTION('',(0.,0.,1.));
#7399 = DIRECTION('',(1.,0.,-0.));
#7400 = PCURVE('',#7298,#7401);
#7401 = DEFINITIONAL_REPRESENTATION('',(#7402),#7406);
#7402 = LINE('',#7403,#7404);
#7403 = CARTESIAN_POINT('',(-0.,2.305941780678));
#7404 = VECTOR('',#7405,1.);
#7405 = DIRECTION('',(-1.,0.));
#7406 = ( GEOMETRIC_REPRESENTATION_CONTEXT(2) 
PARAMETRIC_REPRESENTATION_CONTEXT() REPRESENTATION_CONTEXT('2D SPACE',''
  ) );
#7407 = PCURVE('',#7408,#7413);
#7408 = CONICAL_SURFACE('',#7409,56.630260453499,0.363345431749);
#7409 = AXIS2_PLACEMENT_3D('',#7410,#7411,#7412);
#7410 = CARTESIAN_POINT('',(0.,0.,-179.4592223632));
#7411 = DIRECTION('',(-0.,-0.,-1.));
#7412 = DIRECTION('',(1.,0.,0.));
#7413 = DEFINITIONAL_REPRESENTATION('',(#7414),#7418);
#7414 = LINE('',#7415,#7416);
#7415 = CARTESIAN_POINT('',(-0.,0.));
#7416 = VECTOR('',#7417,1.);
#7417 = DIRECTION('',(-1.,0.));
#7418 = ( GEOMETRIC_REPRESENTATION_CONTEXT(2) 
PARAMETRIC_REPRESENTATION_CONTEXT() REPRESENTATION_CONTEXT('2D SPACE',''
  ) );
#7419 = ORIENTED_EDGE('',*,*,#7370,.F.);
#7420 = ADVANCED_FACE('',(#7421),#7331,.T.);
#7421 = FACE_BOUND('',#7422,.T.);
#7422 = EDGE_LOOP('',(#7423,#7452,#7473,#7474));
#7423 = ORIENTED_EDGE('',*,*,#7424,.T.);
#7424 = EDGE_CURVE('',#7425,#7425,#7427,.T.);
#7425 = VERTEX_POINT('',#7426);
#7426 = CARTESIAN_POINT('',(62.244664911901,0.,-181.5754601989));
#7427 = SURFACE_CURVE('',#7428,(#7433,#7440),.PCURVE_S1.);
#7428 = CIRCLE('',#7429,62.244664911901);
#7429 = AXIS2_PLACEMENT_3D('',#7430,#7431,#7432);
#7430 = CARTESIAN_POINT('',(0.,0.,-181.5754601989));
#7431 = DIRECTION('',(0.,0.,1.));
#7432 = DIRECTION('',(1.,0.,-0.));
#7433 = PCURVE('',#7331,#7434);
#7434 = DEFINITIONAL_REPRESENTATION('',(#7435),#7439);
#7435 = LINE('',#7436,#7437);
#7436 = CARTESIAN_POINT('',(-0.,-0.));
#7437 = VECTOR('',#7438,1.);
#7438 = DIRECTION('',(-1.,-0.));
#7439 = ( GEOMETRIC_REPRESENTATION_CONTEXT(2) 
PARAMETRIC_REPRESENTATION_CONTEXT() REPRESENTATION_CONTEXT('2D SPACE',''
  ) );
#7440 = PCURVE('',#7441,#7446);
#7441 = CONICAL_SURFACE('',#7442,63.100405913196,0.354004419946);
#7442 = AXIS2_PLACEMENT_3D('',#7443,#7444,#7445);
#7443 = CARTESIAN_POINT('',(0.,0.,-183.8909449451));
#7444 = DIRECTION('',(-0.,-0.,-1.));
#7445 = DIRECTION('',(1.,0.,-0.));
#7446 = DEFINITIONAL_REPRESENTATION('',(#7447),#7451);
#7447 = LINE('',#7448,#7449);
#7448 = CARTESIAN_POINT('',(-0.,-2.31548474615));
#7449 = VECTOR('',#7450,1.);
#7450 = DIRECTION('',(-1.,-0.));
#7451 = ( GEOMETRIC_REPRESENTATION_CONTEXT(2) 
PARAMETRIC_REPRESENTATION_CONTEXT() REPRESENTATION_CONTEXT('2D SPACE',''
  ) );
#7452 = ORIENTED_EDGE('',*,*,#7453,.T.);
#7453 = EDGE_CURVE('',#7425,#7315,#7454,.T.);
#7454 = SEAM_CURVE('',#7455,(#7459,#7466),.PCURVE_S1.);
#7455 = LINE('',#7456,#7457);
#7456 = CARTESIAN_POINT('',(62.244664911901,0.,-181.5754601989));
#7457 = VECTOR('',#7458,1.);
#7458 = DIRECTION('',(-0.341514914958,0.,0.939876355092));
#7459 = PCURVE('',#7331,#7460);
#7460 = DEFINITIONAL_REPRESENTATION('',(#7461),#7465);
#7461 = LINE('',#7462,#7463);
#7462 = CARTESIAN_POINT('',(-0.,-0.));
#7463 = VECTOR('',#7464,1.);
#7464 = DIRECTION('',(-0.,-1.));
#7465 = ( GEOMETRIC_REPRESENTATION_CONTEXT(2) 
PARAMETRIC_REPRESENTATION_CONTEXT() REPRESENTATION_CONTEXT('2D SPACE',''
  ) );
#7466 = PCURVE('',#7331,#7467);
#7467 = DEFINITIONAL_REPRESENTATION('',(#7468),#7472);
#7468 = LINE('',#7469,#7470);
#7469 = CARTESIAN_POINT('',(-6.28318530718,-0.));
#7470 = VECTOR('',#7471,1.);
#7471 = DIRECTION('',(-0.,-1.));
#7472 = ( GEOMETRIC_REPRESENTATION_CONTEXT(2) 
PARAMETRIC_REPRESENTATION_CONTEXT() REPRESENTATION_CONTEXT('2D SPACE',''
  ) );
#7473 = ORIENTED_EDGE('',*,*,#7314,.F.);
#7474 = ORIENTED_EDGE('',*,*,#7453,.F.);
#7475 = ADVANCED_FACE('',(#7476),#7408,.F.);
#7476 = FACE_BOUND('',#7477,.T.);
#7477 = EDGE_LOOP('',(#7478,#7479,#7502,#7529));
#7478 = ORIENTED_EDGE('',*,*,#7393,.T.);
#7479 = ORIENTED_EDGE('',*,*,#7480,.T.);
#7480 = EDGE_CURVE('',#7371,#7481,#7483,.T.);
#7481 = VERTEX_POINT('',#7482);
#7482 = CARTESIAN_POINT('',(57.498336124641,0.,-181.742267658));
#7483 = SEAM_CURVE('',#7484,(#7488,#7495),.PCURVE_S1.);
#7484 = LINE('',#7485,#7486);
#7485 = CARTESIAN_POINT('',(56.630260453499,0.,-179.4592223632));
#7486 = VECTOR('',#7487,1.);
#7487 = DIRECTION('',(0.355403235073,0.,-0.934713079239));
#7488 = PCURVE('',#7408,#7489);
#7489 = DEFINITIONAL_REPRESENTATION('',(#7490),#7494);
#7490 = LINE('',#7491,#7492);
#7491 = CARTESIAN_POINT('',(-0.,0.));
#7492 = VECTOR('',#7493,1.);
#7493 = DIRECTION('',(-0.,1.));
#7494 = ( GEOMETRIC_REPRESENTATION_CONTEXT(2) 
PARAMETRIC_REPRESENTATION_CONTEXT() REPRESENTATION_CONTEXT('2D SPACE',''
  ) );
#7495 = PCURVE('',#7408,#7496);
#7496 = DEFINITIONAL_REPRESENTATION('',(#7497),#7501);
#7497 = LINE('',#7498,#7499);
#7498 = CARTESIAN_POINT('',(-6.28318530718,0.));
#7499 = VECTOR('',#7500,1.);
#7500 = DIRECTION('',(-0.,1.));
#7501 = ( GEOMETRIC_REPRESENTATION_CONTEXT(2) 
PARAMETRIC_REPRESENTATION_CONTEXT() REPRESENTATION_CONTEXT('2D SPACE',''
  ) );
#7502 = ORIENTED_EDGE('',*,*,#7503,.F.);
#7503 = EDGE_CURVE('',#7481,#7481,#7504,.T.);
#7504 = SURFACE_CURVE('',#7505,(#7510,#7517),.PCURVE_S1.);
#7505 = CIRCLE('',#7506,57.498336124641);
#7506 = AXIS2_PLACEMENT_3D('',#7507,#7508,#7509);
#7507 = CARTESIAN_POINT('',(0.,0.,-181.742267658));
#7508 = DIRECTION('',(0.,0.,1.));
#7509 = DIRECTION('',(1.,0.,-0.));
#7510 = PCURVE('',#7408,#7511);
#7511 = DEFINITIONAL_REPRESENTATION('',(#7512),#7516);
#7512 = LINE('',#7513,#7514);
#7513 = CARTESIAN_POINT('',(-0.,2.283045294788));
#7514 = VECTOR('',#7515,1.);
#7515 = DIRECTION('',(-1.,0.));
#7516 = ( GEOMETRIC_REPRESENTATION_CONTEXT(2) 
PARAMETRIC_REPRESENTATION_CONTEXT() REPRESENTATION_CONTEXT('2D SPACE',''
  ) );
#7517 = PCURVE('',#7518,#7523);
#7518 = CONICAL_SURFACE('',#7519,57.498336124641,0.369157461017);
#7519 = AXIS2_PLACEMENT_3D('',#7520,#7521,#7522);
#7520 = CARTESIAN_POINT('',(0.,0.,-181.742267658));
#7521 = DIRECTION('',(-0.,-0.,-1.));
#7522 = DIRECTION('',(1.,0.,0.));
#7523 = DEFINITIONAL_REPRESENTATION('',(#7524),#7528);
#7524 = LINE('',#7525,#7526);
#7525 = CARTESIAN_POINT('',(-0.,0.));
#7526 = VECTOR('',#7527,1.);
#7527 = DIRECTION('',(-1.,0.));
#7528 = ( GEOMETRIC_REPRESENTATION_CONTEXT(2) 
PARAMETRIC_REPRESENTATION_CONTEXT() REPRESENTATION_CONTEXT('2D SPACE',''
  ) );
#7529 = ORIENTED_EDGE('',*,*,#7480,.F.);
#7530 = ADVANCED_FACE('',(#7531),#7441,.T.);
#7531 = FACE_BOUND('',#7532,.T.);
#7532 = EDGE_LOOP('',(#7533,#7562,#7583,#7584));
#7533 = ORIENTED_EDGE('',*,*,#7534,.T.);
#7534 = EDGE_CURVE('',#7535,#7535,#7537,.T.);
#7535 = VERTEX_POINT('',#7536);
#7536 = CARTESIAN_POINT('',(63.100405913196,0.,-183.8909449451));
#7537 = SURFACE_CURVE('',#7538,(#7543,#7550),.PCURVE_S1.);
#7538 = CIRCLE('',#7539,63.100405913196);
#7539 = AXIS2_PLACEMENT_3D('',#7540,#7541,#7542);
#7540 = CARTESIAN_POINT('',(0.,0.,-183.8909449451));
#7541 = DIRECTION('',(0.,0.,1.));
#7542 = DIRECTION('',(1.,0.,-0.));
#7543 = PCURVE('',#7441,#7544);
#7544 = DEFINITIONAL_REPRESENTATION('',(#7545),#7549);
#7545 = LINE('',#7546,#7547);
#7546 = CARTESIAN_POINT('',(-0.,-0.));
#7547 = VECTOR('',#7548,1.);
#7548 = DIRECTION('',(-1.,-0.));
#7549 = ( GEOMETRIC_REPRESENTATION_CONTEXT(2) 
PARAMETRIC_REPRESENTATION_CONTEXT() REPRESENTATION_CONTEXT('2D SPACE',''
  ) );
#7550 = PCURVE('',#7551,#7556);
#7551 = CONICAL_SURFACE('',#7552,63.962244612474,0.359529742723);
#7552 = AXIS2_PLACEMENT_3D('',#7553,#7554,#7555);
#7553 = CARTESIAN_POINT('',(0.,0.,-186.1838859219));
#7554 = DIRECTION('',(-0.,-0.,-1.));
#7555 = DIRECTION('',(1.,0.,-0.));
#7556 = DEFINITIONAL_REPRESENTATION('',(#7557),#7561);
#7557 = LINE('',#7558,#7559);
#7558 = CARTESIAN_POINT('',(-0.,-2.292940976826));
#7559 = VECTOR('',#7560,1.);
#7560 = DIRECTION('',(-1.,-0.));
#7561 = ( GEOMETRIC_REPRESENTATION_CONTEXT(2) 
PARAMETRIC_REPRESENTATION_CONTEXT() REPRESENTATION_CONTEXT('2D SPACE',''
  ) );
#7562 = ORIENTED_EDGE('',*,*,#7563,.T.);
#7563 = EDGE_CURVE('',#7535,#7425,#7564,.T.);
#7564 = SEAM_CURVE('',#7565,(#7569,#7576),.PCURVE_S1.);
#7565 = LINE('',#7566,#7567);
#7566 = CARTESIAN_POINT('',(63.100405913196,0.,-183.8909449451));
#7567 = VECTOR('',#7568,1.);
#7568 = DIRECTION('',(-0.346656690985,0.,0.937992078109));
#7569 = PCURVE('',#7441,#7570);
#7570 = DEFINITIONAL_REPRESENTATION('',(#7571),#7575);
#7571 = LINE('',#7572,#7573);
#7572 = CARTESIAN_POINT('',(-0.,-0.));
#7573 = VECTOR('',#7574,1.);
#7574 = DIRECTION('',(-0.,-1.));
#7575 = ( GEOMETRIC_REPRESENTATION_CONTEXT(2) 
PARAMETRIC_REPRESENTATION_CONTEXT() REPRESENTATION_CONTEXT('2D SPACE',''
  ) );
#7576 = PCURVE('',#7441,#7577);
#7577 = DEFINITIONAL_REPRESENTATION('',(#7578),#7582);
#7578 = LINE('',#7579,#7580);
#7579 = CARTESIAN_POINT('',(-6.28318530718,-0.));
#7580 = VECTOR('',#7581,1.);
#7581 = DIRECTION('',(-0.,-1.));
#7582 = ( GEOMETRIC_REPRESENTATION_CONTEXT(2) 
PARAMETRIC_REPRESENTATION_CONTEXT() REPRESENTATION_CONTEXT('2D SPACE',''
  ) );
#7583 = ORIENTED_EDGE('',*,*,#7424,.F.);
#7584 = ORIENTED_EDGE('',*,*,#7563,.F.);
#7585 = ADVANCED_FACE('',(#7586),#7518,.F.);
#7586 = FACE_BOUND('',#7587,.T.);
#7587 = EDGE_LOOP('',(#7588,#7589,#7612,#7639));
#7588 = ORIENTED_EDGE('',*,*,#7503,.T.);
#7589 = ORIENTED_EDGE('',*,*,#7590,.T.);
#7590 = EDGE_CURVE('',#7481,#7591,#7593,.T.);
#7591 = VERTEX_POINT('',#7592);
#7592 = CARTESIAN_POINT('',(58.372818403163,0.,-184.0025297725));
#7593 = SEAM_CURVE('',#7594,(#7598,#7605),.PCURVE_S1.);
#7594 = LINE('',#7595,#7596);
#7595 = CARTESIAN_POINT('',(57.498336124641,0.,-181.742267658));
#7596 = VECTOR('',#7597,1.);
#7597 = DIRECTION('',(0.360829781574,0.,-0.932631689752));
#7598 = PCURVE('',#7518,#7599);
#7599 = DEFINITIONAL_REPRESENTATION('',(#7600),#7604);
#7600 = LINE('',#7601,#7602);
#7601 = CARTESIAN_POINT('',(-0.,0.));
#7602 = VECTOR('',#7603,1.);
#7603 = DIRECTION('',(-0.,1.));
#7604 = ( GEOMETRIC_REPRESENTATION_CONTEXT(2) 
PARAMETRIC_REPRESENTATION_CONTEXT() REPRESENTATION_CONTEXT('2D SPACE',''
  ) );
#7605 = PCURVE('',#7518,#7606);
#7606 = DEFINITIONAL_REPRESENTATION('',(#7607),#7611);
#7607 = LINE('',#7608,#7609);
#7608 = CARTESIAN_POINT('',(-6.28318530718,0.));
#7609 = VECTOR('',#7610,1.);
#7610 = DIRECTION('',(-0.,1.));
#7611 = ( GEOMETRIC_REPRESENTATION_CONTEXT(2) 
PARAMETRIC_REPRESENTATION_CONTEXT() REPRESENTATION_CONTEXT('2D SPACE',''
  ) );
#7612 = ORIENTED_EDGE('',*,*,#7613,.F.);
#7613 = EDGE_CURVE('',#7591,#7591,#7614,.T.);
#7614 = SURFACE_CURVE('',#7615,(#7620,#7627),.PCURVE_S1.);
#7615 = CIRCLE('',#7616,58.372818403163);
#7616 = AXIS2_PLACEMENT_3D('',#7617,#7618,#7619);
#7617 = CARTESIAN_POINT('',(0.,0.,-184.0025297725));
#7618 = DIRECTION('',(0.,0.,1.));
#7619 = DIRECTION('',(1.,0.,-0.));
#7620 = PCURVE('',#7518,#7621);
#7621 = DEFINITIONAL_REPRESENTATION('',(#7622),#7626);
#7622 = LINE('',#7623,#7624);
#7623 = CARTESIAN_POINT('',(-0.,2.260262114506));
#7624 = VECTOR('',#7625,1.);
#7625 = DIRECTION('',(-1.,0.));
#7626 = ( GEOMETRIC_REPRESENTATION_CONTEXT(2) 
PARAMETRIC_REPRESENTATION_CONTEXT() REPRESENTATION_CONTEXT('2D SPACE',''
  ) );
#7627 = PCURVE('',#7628,#7633);
#7628 = CONICAL_SURFACE('',#7629,58.372818403163,0.375025316257);
#7629 = AXIS2_PLACEMENT_3D('',#7630,#7631,#7632);
#7630 = CARTESIAN_POINT('',(0.,0.,-184.0025297725));
#7631 = DIRECTION('',(-0.,-0.,-1.));
#7632 = DIRECTION('',(1.,0.,0.));
#7633 = DEFINITIONAL_REPRESENTATION('',(#7634),#7638);
#7634 = LINE('',#7635,#7636);
#7635 = CARTESIAN_POINT('',(-0.,0.));
#7636 = VECTOR('',#7637,1.);
#7637 = DIRECTION('',(-1.,0.));
#7638 = ( GEOMETRIC_REPRESENTATION_CONTEXT(2) 
PARAMETRIC_REPRESENTATION_CONTEXT() REPRESENTATION_CONTEXT('2D SPACE',''
  ) );
#7639 = ORIENTED_EDGE('',*,*,#7590,.F.);
#7640 = ADVANCED_FACE('',(#7641),#7551,.T.);
#7641 = FACE_BOUND('',#7642,.T.);
#7642 = EDGE_LOOP('',(#7643,#7672,#7693,#7694));
#7643 = ORIENTED_EDGE('',*,*,#7644,.T.);
#7644 = EDGE_CURVE('',#7645,#7645,#7647,.T.);
#7645 = VERTEX_POINT('',#7646);
#7646 = CARTESIAN_POINT('',(63.962244612474,0.,-186.1838859219));
#7647 = SURFACE_CURVE('',#7648,(#7653,#7660),.PCURVE_S1.);
#7648 = CIRCLE('',#7649,63.962244612474);
#7649 = AXIS2_PLACEMENT_3D('',#7650,#7651,#7652);
#7650 = CARTESIAN_POINT('',(0.,0.,-186.1838859219));
#7651 = DIRECTION('',(0.,0.,1.));
#7652 = DIRECTION('',(1.,0.,-0.));
#7653 = PCURVE('',#7551,#7654);
#7654 = DEFINITIONAL_REPRESENTATION('',(#7655),#7659);
#7655 = LINE('',#7656,#7657);
#7656 = CARTESIAN_POINT('',(-0.,-0.));
#7657 = VECTOR('',#7658,1.);
#7658 = DIRECTION('',(-1.,-0.));
#7659 = ( GEOMETRIC_REPRESENTATION_CONTEXT(2) 
PARAMETRIC_REPRESENTATION_CONTEXT() REPRESENTATION_CONTEXT('2D SPACE',''
  ) );
#7660 = PCURVE('',#7661,#7666);
#7661 = CONICAL_SURFACE('',#7662,64.830128794435,0.365104389045);
#7662 = AXIS2_PLACEMENT_3D('',#7663,#7664,#7665);
#7663 = CARTESIAN_POINT('',(0.,0.,-188.4543974688));
#7664 = DIRECTION('',(-0.,-0.,-1.));
#7665 = DIRECTION('',(1.,0.,-0.));
#7666 = DEFINITIONAL_REPRESENTATION('',(#7667),#7671);
#7667 = LINE('',#7668,#7669);
#7668 = CARTESIAN_POINT('',(-0.,-2.270511546944));
#7669 = VECTOR('',#7670,1.);
#7670 = DIRECTION('',(-1.,-0.));
#7671 = ( GEOMETRIC_REPRESENTATION_CONTEXT(2) 
PARAMETRIC_REPRESENTATION_CONTEXT() REPRESENTATION_CONTEXT('2D SPACE',''
  ) );
#7672 = ORIENTED_EDGE('',*,*,#7673,.T.);
#7673 = EDGE_CURVE('',#7645,#7535,#7674,.T.);
#7674 = SEAM_CURVE('',#7675,(#7679,#7686),.PCURVE_S1.);
#7675 = LINE('',#7676,#7677);
#7676 = CARTESIAN_POINT('',(63.962244612474,0.,-186.1838859219));
#7677 = VECTOR('',#7678,1.);
#7678 = DIRECTION('',(-0.351834082048,0.,0.936062379711));
#7679 = PCURVE('',#7551,#7680);
#7680 = DEFINITIONAL_REPRESENTATION('',(#7681),#7685);
#7681 = LINE('',#7682,#7683);
#7682 = CARTESIAN_POINT('',(-0.,-0.));
#7683 = VECTOR('',#7684,1.);
#7684 = DIRECTION('',(-0.,-1.));
#7685 = ( GEOMETRIC_REPRESENTATION_CONTEXT(2) 
PARAMETRIC_REPRESENTATION_CONTEXT() REPRESENTATION_CONTEXT('2D SPACE',''
  ) );
#7686 = PCURVE('',#7551,#7687);
#7687 = DEFINITIONAL_REPRESENTATION('',(#7688),#7692);
#7688 = LINE('',#7689,#7690);
#7689 = CARTESIAN_POINT('',(-6.28318530718,-0.));
#7690 = VECTOR('',#7691,1.);
#7691 = DIRECTION('',(-0.,-1.));
#7692 = ( GEOMETRIC_REPRESENTATION_CONTEXT(2) 
PARAMETRIC_REPRESENTATION_CONTEXT() REPRESENTATION_CONTEXT('2D SPACE',''
  ) );
#7693 = ORIENTED_EDGE('',*,*,#7534,.F.);
#7694 = ORIENTED_EDGE('',*,*,#7673,.F.);
#7695 = ADVANCED_FACE('',(#7696),#7628,.F.);
#7696 = FACE_BOUND('',#7697,.T.);
#7697 = EDGE_LOOP('',(#7698,#7699,#7722,#7749));
#7698 = ORIENTED_EDGE('',*,*,#7613,.T.);
#7699 = ORIENTED_EDGE('',*,*,#7700,.T.);
#7700 = EDGE_CURVE('',#7591,#7701,#7703,.T.);
#7701 = VERTEX_POINT('',#7702);
#7702 = CARTESIAN_POINT('',(59.253660692465,0.,-186.2401247874));
#7703 = SEAM_CURVE('',#7704,(#7708,#7715),.PCURVE_S1.);
#7704 = LINE('',#7705,#7706);
#7705 = CARTESIAN_POINT('',(58.372818403163,0.,-184.0025297725));
#7706 = VECTOR('',#7707,1.);
#7707 = DIRECTION('',(0.366296085939,0.,-0.930498348965));
#7708 = PCURVE('',#7628,#7709);
#7709 = DEFINITIONAL_REPRESENTATION('',(#7710),#7714);
#7710 = LINE('',#7711,#7712);
#7711 = CARTESIAN_POINT('',(-0.,0.));
#7712 = VECTOR('',#7713,1.);
#7713 = DIRECTION('',(-0.,1.));
#7714 = ( GEOMETRIC_REPRESENTATION_CONTEXT(2) 
PARAMETRIC_REPRESENTATION_CONTEXT() REPRESENTATION_CONTEXT('2D SPACE',''
  ) );
#7715 = PCURVE('',#7628,#7716);
#7716 = DEFINITIONAL_REPRESENTATION('',(#7717),#7721);
#7717 = LINE('',#7718,#7719);
#7718 = CARTESIAN_POINT('',(-6.28318530718,0.));
#7719 = VECTOR('',#7720,1.);
#7720 = DIRECTION('',(-0.,1.));
#7721 = ( GEOMETRIC_REPRESENTATION_CONTEXT(2) 
PARAMETRIC_REPRESENTATION_CONTEXT() REPRESENTATION_CONTEXT('2D SPACE',''
  ) );
#7722 = ORIENTED_EDGE('',*,*,#7723,.F.);
#7723 = EDGE_CURVE('',#7701,#7701,#7724,.T.);
#7724 = SURFACE_CURVE('',#7725,(#7730,#7737),.PCURVE_S1.);
#7725 = CIRCLE('',#7726,59.253660692465);
#7726 = AXIS2_PLACEMENT_3D('',#7727,#7728,#7729);
#7727 = CARTESIAN_POINT('',(0.,0.,-186.2401247874));
#7728 = DIRECTION('',(0.,0.,1.));
#7729 = DIRECTION('',(1.,0.,-0.));
#7730 = PCURVE('',#7628,#7731);
#7731 = DEFINITIONAL_REPRESENTATION('',(#7732),#7736);
#7732 = LINE('',#7733,#7734);
#7733 = CARTESIAN_POINT('',(-0.,2.237595014952));
#7734 = VECTOR('',#7735,1.);
#7735 = DIRECTION('',(-1.,0.));
#7736 = ( GEOMETRIC_REPRESENTATION_CONTEXT(2) 
PARAMETRIC_REPRESENTATION_CONTEXT() REPRESENTATION_CONTEXT('2D SPACE',''
  ) );
#7737 = PCURVE('',#7738,#7743);
#7738 = CONICAL_SURFACE('',#7739,59.253660692465,0.380949275835);
#7739 = AXIS2_PLACEMENT_3D('',#7740,#7741,#7742);
#7740 = CARTESIAN_POINT('',(0.,0.,-186.2401247874));
#7741 = DIRECTION('',(-0.,-0.,-1.));
#7742 = DIRECTION('',(1.,0.,0.));
#7743 = DEFINITIONAL_REPRESENTATION('',(#7744),#7748);
#7744 = LINE('',#7745,#7746);
#7745 = CARTESIAN_POINT('',(-0.,0.));
#7746 = VECTOR('',#7747,1.);
#7747 = DIRECTION('',(-1.,0.));
#7748 = ( GEOMETRIC_REPRESENTATION_CONTEXT(2) 
PARAMETRIC_REPRESENTATION_CONTEXT() REPRESENTATION_CONTEXT('2D SPACE',''
  ) );
#7749 = ORIENTED_EDGE('',*,*,#7700,.F.);
#7750 = ADVANCED_FACE('',(#7751),#7661,.T.);
#7751 = FACE_BOUND('',#7752,.T.);
#7752 = EDGE_LOOP('',(#7753,#7782,#7803,#7804));
#7753 = ORIENTED_EDGE('',*,*,#7754,.T.);
#7754 = EDGE_CURVE('',#7755,#7755,#7757,.T.);
#7755 = VERTEX_POINT('',#7756);
#7756 = CARTESIAN_POINT('',(64.830128794435,0.,-188.4543974688));
#7757 = SURFACE_CURVE('',#7758,(#7763,#7770),.PCURVE_S1.);
#7758 = CIRCLE('',#7759,64.830128794435);
#7759 = AXIS2_PLACEMENT_3D('',#7760,#7761,#7762);
#7760 = CARTESIAN_POINT('',(0.,0.,-188.4543974688));
#7761 = DIRECTION('',(0.,0.,1.));
#7762 = DIRECTION('',(1.,0.,-0.));
#7763 = PCURVE('',#7661,#7764);
#7764 = DEFINITIONAL_REPRESENTATION('',(#7765),#7769);
#7765 = LINE('',#7766,#7767);
#7766 = CARTESIAN_POINT('',(-0.,-0.));
#7767 = VECTOR('',#7768,1.);
#7768 = DIRECTION('',(-1.,-0.));
#7769 = ( GEOMETRIC_REPRESENTATION_CONTEXT(2) 
PARAMETRIC_REPRESENTATION_CONTEXT() REPRESENTATION_CONTEXT('2D SPACE',''
  ) );
#7770 = PCURVE('',#7771,#7776);
#7771 = CONICAL_SURFACE('',#7772,65.704007136371,0.370728552776);
#7772 = AXIS2_PLACEMENT_3D('',#7773,#7774,#7775);
#7773 = CARTESIAN_POINT('',(0.,0.,-190.7025962072));
#7774 = DIRECTION('',(-0.,-0.,-1.));
#7775 = DIRECTION('',(1.,0.,-0.));
#7776 = DEFINITIONAL_REPRESENTATION('',(#7777),#7781);
#7777 = LINE('',#7778,#7779);
#7778 = CARTESIAN_POINT('',(-0.,-2.24819873836));
#7779 = VECTOR('',#7780,1.);
#7780 = DIRECTION('',(-1.,-0.));
#7781 = ( GEOMETRIC_REPRESENTATION_CONTEXT(2) 
PARAMETRIC_REPRESENTATION_CONTEXT() REPRESENTATION_CONTEXT('2D SPACE',''
  ) );
#7782 = ORIENTED_EDGE('',*,*,#7783,.T.);
#7783 = EDGE_CURVE('',#7755,#7645,#7784,.T.);
#7784 = SEAM_CURVE('',#7785,(#7789,#7796),.PCURVE_S1.);
#7785 = LINE('',#7786,#7787);
#7786 = CARTESIAN_POINT('',(64.830128794435,0.,-188.4543974688));
#7787 = VECTOR('',#7788,1.);
#7788 = DIRECTION('',(-0.35704680482,0.,0.934086494479));
#7789 = PCURVE('',#7661,#7790);
#7790 = DEFINITIONAL_REPRESENTATION('',(#7791),#7795);
#7791 = LINE('',#7792,#7793);
#7792 = CARTESIAN_POINT('',(-0.,-0.));
#7793 = VECTOR('',#7794,1.);
#7794 = DIRECTION('',(-0.,-1.));
#7795 = ( GEOMETRIC_REPRESENTATION_CONTEXT(2) 
PARAMETRIC_REPRESENTATION_CONTEXT() REPRESENTATION_CONTEXT('2D SPACE',''
  ) );
#7796 = PCURVE('',#7661,#7797);
#7797 = DEFINITIONAL_REPRESENTATION('',(#7798),#7802);
#7798 = LINE('',#7799,#7800);
#7799 = CARTESIAN_POINT('',(-6.28318530718,-0.));
#7800 = VECTOR('',#7801,1.);
#7801 = DIRECTION('',(-0.,-1.));
#7802 = ( GEOMETRIC_REPRESENTATION_CONTEXT(2) 
PARAMETRIC_REPRESENTATION_CONTEXT() REPRESENTATION_CONTEXT('2D SPACE',''
  ) );
#7803 = ORIENTED_EDGE('',*,*,#7644,.F.);
#7804 = ORIENTED_EDGE('',*,*,#7783,.F.);
#7805 = ADVANCED_FACE('',(#7806),#7738,.F.);
#7806 = FACE_BOUND('',#7807,.T.);
#7807 = EDGE_LOOP('',(#7808,#7809,#7832,#7859));
#7808 = ORIENTED_EDGE('',*,*,#7723,.T.);
#7809 = ORIENTED_EDGE('',*,*,#7810,.T.);
#7810 = EDGE_CURVE('',#7701,#7811,#7813,.T.);
#7811 = VERTEX_POINT('',#7812);
#7812 = CARTESIAN_POINT('',(60.140817398132,0.,-188.4551710279));
#7813 = SEAM_CURVE('',#7814,(#7818,#7825),.PCURVE_S1.);
#7814 = LINE('',#7815,#7816);
#7815 = CARTESIAN_POINT('',(59.253660692465,0.,-186.2401247874));
#7816 = VECTOR('',#7817,1.);
#7817 = DIRECTION('',(0.371801861056,0.,-0.92831211137));
#7818 = PCURVE('',#7738,#7819);
#7819 = DEFINITIONAL_REPRESENTATION('',(#7820),#7824);
#7820 = LINE('',#7821,#7822);
#7821 = CARTESIAN_POINT('',(-0.,0.));
#7822 = VECTOR('',#7823,1.);
#7823 = DIRECTION('',(-0.,1.));
#7824 = ( GEOMETRIC_REPRESENTATION_CONTEXT(2) 
PARAMETRIC_REPRESENTATION_CONTEXT() REPRESENTATION_CONTEXT('2D SPACE',''
  ) );
#7825 = PCURVE('',#7738,#7826);
#7826 = DEFINITIONAL_REPRESENTATION('',(#7827),#7831);
#7827 = LINE('',#7828,#7829);
#7828 = CARTESIAN_POINT('',(-6.28318530718,0.));
#7829 = VECTOR('',#7830,1.);
#7830 = DIRECTION('',(-0.,1.));
#7831 = ( GEOMETRIC_REPRESENTATION_CONTEXT(2) 
PARAMETRIC_REPRESENTATION_CONTEXT() REPRESENTATION_CONTEXT('2D SPACE',''
  ) );
#7832 = ORIENTED_EDGE('',*,*,#7833,.F.);
#7833 = EDGE_CURVE('',#7811,#7811,#7834,.T.);
#7834 = SURFACE_CURVE('',#7835,(#7840,#7847),.PCURVE_S1.);
#7835 = CIRCLE('',#7836,60.140817398132);
#7836 = AXIS2_PLACEMENT_3D('',#7837,#7838,#7839);
#7837 = CARTESIAN_POINT('',(0.,0.,-188.4551710279));
#7838 = DIRECTION('',(0.,0.,1.));
#7839 = DIRECTION('',(1.,0.,-0.));
#7840 = PCURVE('',#7738,#7841);
#7841 = DEFINITIONAL_REPRESENTATION('',(#7842),#7846);
#7842 = LINE('',#7843,#7844);
#7843 = CARTESIAN_POINT('',(-0.,2.21504624053));
#7844 = VECTOR('',#7845,1.);
#7845 = DIRECTION('',(-1.,0.));
#7846 = ( GEOMETRIC_REPRESENTATION_CONTEXT(2) 
PARAMETRIC_REPRESENTATION_CONTEXT() REPRESENTATION_CONTEXT('2D SPACE',''
  ) );
#7847 = PCURVE('',#7848,#7853);
#7848 = CONICAL_SURFACE('',#7849,60.140817398132,0.386929642351);
#7849 = AXIS2_PLACEMENT_3D('',#7850,#7851,#7852);
#7850 = CARTESIAN_POINT('',(0.,0.,-188.4551710279));
#7851 = DIRECTION('',(-0.,-0.,-1.));
#7852 = DIRECTION('',(1.,0.,0.));
#7853 = DEFINITIONAL_REPRESENTATION('',(#7854),#7858);
#7854 = LINE('',#7855,#7856);
#7855 = CARTESIAN_POINT('',(-0.,0.));
#7856 = VECTOR('',#7857,1.);
#7857 = DIRECTION('',(-1.,0.));
#7858 = ( GEOMETRIC_REPRESENTATION_CONTEXT(2) 
PARAMETRIC_REPRESENTATION_CONTEXT() REPRESENTATION_CONTEXT('2D SPACE',''
  ) );
#7859 = ORIENTED_EDGE('',*,*,#7810,.F.);
#7860 = ADVANCED_FACE('',(#7861),#7771,.T.);
#7861 = FACE_BOUND('',#7862,.T.);
#7862 = EDGE_LOOP('',(#7863,#7892,#7913,#7914));
#7863 = ORIENTED_EDGE('',*,*,#7864,.T.);
#7864 = EDGE_CURVE('',#7865,#7865,#7867,.T.);
#7865 = VERTEX_POINT('',#7866);
#7866 = CARTESIAN_POINT('',(65.704007136371,0.,-190.7025962072));
#7867 = SURFACE_CURVE('',#7868,(#7873,#7880),.PCURVE_S1.);
#7868 = CIRCLE('',#7869,65.704007136371);
#7869 = AXIS2_PLACEMENT_3D('',#7870,#7871,#7872);
#7870 = CARTESIAN_POINT('',(0.,0.,-190.7025962072));
#7871 = DIRECTION('',(0.,0.,1.));
#7872 = DIRECTION('',(1.,0.,-0.));
#7873 = PCURVE('',#7771,#7874);
#7874 = DEFINITIONAL_REPRESENTATION('',(#7875),#7879);
#7875 = LINE('',#7876,#7877);
#7876 = CARTESIAN_POINT('',(-0.,-0.));
#7877 = VECTOR('',#7878,1.);
#7878 = DIRECTION('',(-1.,-0.));
#7879 = ( GEOMETRIC_REPRESENTATION_CONTEXT(2) 
PARAMETRIC_REPRESENTATION_CONTEXT() REPRESENTATION_CONTEXT('2D SPACE',''
  ) );
#7880 = PCURVE('',#7881,#7886);
#7881 = CONICAL_SURFACE('',#7882,66.583829168348,0.376402451494);
#7882 = AXIS2_PLACEMENT_3D('',#7883,#7884,#7885);
#7883 = CARTESIAN_POINT('',(0.,0.,-192.9286005504));
#7884 = DIRECTION('',(-0.,-0.,-1.));
#7885 = DIRECTION('',(1.,0.,-0.));
#7886 = DEFINITIONAL_REPRESENTATION('',(#7887),#7891);
#7887 = LINE('',#7888,#7889);
#7888 = CARTESIAN_POINT('',(-0.,-2.226004343234));
#7889 = VECTOR('',#7890,1.);
#7890 = DIRECTION('',(-1.,-0.));
#7891 = ( GEOMETRIC_REPRESENTATION_CONTEXT(2) 
PARAMETRIC_REPRESENTATION_CONTEXT() REPRESENTATION_CONTEXT('2D SPACE',''
  ) );
#7892 = ORIENTED_EDGE('',*,*,#7893,.T.);
#7893 = EDGE_CURVE('',#7865,#7755,#7894,.T.);
#7894 = SEAM_CURVE('',#7895,(#7899,#7906),.PCURVE_S1.);
#7895 = LINE('',#7896,#7897);
#7896 = CARTESIAN_POINT('',(65.704007136371,0.,-190.7025962072));
#7897 = VECTOR('',#7898,1.);
#7898 = DIRECTION('',(-0.36229458561,0.,0.932063642268));
#7899 = PCURVE('',#7771,#7900);
#7900 = DEFINITIONAL_REPRESENTATION('',(#7901),#7905);
#7901 = LINE('',#7902,#7903);
#7902 = CARTESIAN_POINT('',(-0.,-0.));
#7903 = VECTOR('',#7904,1.);
#7904 = DIRECTION('',(-0.,-1.));
#7905 = ( GEOMETRIC_REPRESENTATION_CONTEXT(2) 
PARAMETRIC_REPRESENTATION_CONTEXT() REPRESENTATION_CONTEXT('2D SPACE',''
  ) );
#7906 = PCURVE('',#7771,#7907);
#7907 = DEFINITIONAL_REPRESENTATION('',(#7908),#7912);
#7908 = LINE('',#7909,#7910);
#7909 = CARTESIAN_POINT('',(-6.28318530718,-0.));
#7910 = VECTOR('',#7911,1.);
#7911 = DIRECTION('',(-0.,-1.));
#7912 = ( GEOMETRIC_REPRESENTATION_CONTEXT(2) 
PARAMETRIC_REPRESENTATION_CONTEXT() REPRESENTATION_CONTEXT('2D SPACE',''
  ) );
#7913 = ORIENTED_EDGE('',*,*,#7754,.F.);
#7914 = ORIENTED_EDGE('',*,*,#7893,.F.);
#7915 = ADVANCED_FACE('',(#7916),#7848,.F.);
#7916 = FACE_BOUND('',#7917,.T.);
#7917 = EDGE_LOOP('',(#7918,#7919,#7942,#7969));
#7918 = ORIENTED_EDGE('',*,*,#7833,.T.);
#7919 = ORIENTED_EDGE('',*,*,#7920,.T.);
#7920 = EDGE_CURVE('',#7811,#7921,#7923,.T.);
#7921 = VERTEX_POINT('',#7922);
#7922 = CARTESIAN_POINT('',(61.034243892517,0.,-190.6477885752));
#7923 = SEAM_CURVE('',#7924,(#7928,#7935),.PCURVE_S1.);
#7924 = LINE('',#7925,#7926);
#7925 = CARTESIAN_POINT('',(60.140817398132,0.,-188.4551710279));
#7926 = VECTOR('',#7927,1.);
#7927 = DIRECTION('',(0.377346825944,0.,-0.926072012832));
#7928 = PCURVE('',#7848,#7929);
#7929 = DEFINITIONAL_REPRESENTATION('',(#7930),#7934);
#7930 = LINE('',#7931,#7932);
#7931 = CARTESIAN_POINT('',(-0.,0.));
#7932 = VECTOR('',#7933,1.);
#7933 = DIRECTION('',(-0.,1.));
#7934 = ( GEOMETRIC_REPRESENTATION_CONTEXT(2) 
PARAMETRIC_REPRESENTATION_CONTEXT() REPRESENTATION_CONTEXT('2D SPACE',''
  ) );
#7935 = PCURVE('',#7848,#7936);
#7936 = DEFINITIONAL_REPRESENTATION('',(#7937),#7941);
#7937 = LINE('',#7938,#7939);
#7938 = CARTESIAN_POINT('',(-6.28318530718,0.));
#7939 = VECTOR('',#7940,1.);
#7940 = DIRECTION('',(-0.,1.));
#7941 = ( GEOMETRIC_REPRESENTATION_CONTEXT(2) 
PARAMETRIC_REPRESENTATION_CONTEXT() REPRESENTATION_CONTEXT('2D SPACE',''
  ) );
#7942 = ORIENTED_EDGE('',*,*,#7943,.F.);
#7943 = EDGE_CURVE('',#7921,#7921,#7944,.T.);
#7944 = SURFACE_CURVE('',#7945,(#7950,#7957),.PCURVE_S1.);
#7945 = CIRCLE('',#7946,61.034243892517);
#7946 = AXIS2_PLACEMENT_3D('',#7947,#7948,#7949);
#7947 = CARTESIAN_POINT('',(0.,0.,-190.6477885752));
#7948 = DIRECTION('',(0.,0.,1.));
#7949 = DIRECTION('',(1.,0.,-0.));
#7950 = PCURVE('',#7848,#7951);
#7951 = DEFINITIONAL_REPRESENTATION('',(#7952),#7956);
#7952 = LINE('',#7953,#7954);
#7953 = CARTESIAN_POINT('',(-0.,2.192617547275));
#7954 = VECTOR('',#7955,1.);
#7955 = DIRECTION('',(-1.,0.));
#7956 = ( GEOMETRIC_REPRESENTATION_CONTEXT(2) 
PARAMETRIC_REPRESENTATION_CONTEXT() REPRESENTATION_CONTEXT('2D SPACE',''
  ) );
#7957 = PCURVE('',#7958,#7963);
#7958 = CONICAL_SURFACE('',#7959,61.034243892517,0.392966743098);
#7959 = AXIS2_PLACEMENT_3D('',#7960,#7961,#7962);
#7960 = CARTESIAN_POINT('',(0.,0.,-190.6477885752));
#7961 = DIRECTION('',(-0.,-0.,-1.));
#7962 = DIRECTION('',(1.,0.,0.));
#7963 = DEFINITIONAL_REPRESENTATION('',(#7964),#7968);
#7964 = LINE('',#7965,#7966);
#7965 = CARTESIAN_POINT('',(-0.,0.));
#7966 = VECTOR('',#7967,1.);
#7967 = DIRECTION('',(-1.,0.));
#7968 = ( GEOMETRIC_REPRESENTATION_CONTEXT(2) 
PARAMETRIC_REPRESENTATION_CONTEXT() REPRESENTATION_CONTEXT('2D SPACE',''
  ) );
#7969 = ORIENTED_EDGE('',*,*,#7920,.F.);
#7970 = ADVANCED_FACE('',(#7971),#7881,.T.);
#7971 = FACE_BOUND('',#7972,.T.);
#7972 = EDGE_LOOP('',(#7973,#8002,#8023,#8024));
#7973 = ORIENTED_EDGE('',*,*,#7974,.T.);
#7974 = EDGE_CURVE('',#7975,#7975,#7977,.T.);
#7975 = VERTEX_POINT('',#7976);
#7976 = CARTESIAN_POINT('',(66.583829168348,0.,-192.9286005504));
#7977 = SURFACE_CURVE('',#7978,(#7983,#7990),.PCURVE_S1.);
#7978 = CIRCLE('',#7979,66.583829168348);
#7979 = AXIS2_PLACEMENT_3D('',#7980,#7981,#7982);
#7980 = CARTESIAN_POINT('',(0.,0.,-192.9286005504));
#7981 = DIRECTION('',(0.,0.,1.));
#7982 = DIRECTION('',(1.,0.,-0.));
#7983 = PCURVE('',#7881,#7984);
#7984 = DEFINITIONAL_REPRESENTATION('',(#7985),#7989);
#7985 = LINE('',#7986,#7987);
#7986 = CARTESIAN_POINT('',(-0.,-0.));
#7987 = VECTOR('',#7988,1.);
#7988 = DIRECTION('',(-1.,-0.));
#7989 = ( GEOMETRIC_REPRESENTATION_CONTEXT(2) 
PARAMETRIC_REPRESENTATION_CONTEXT() REPRESENTATION_CONTEXT('2D SPACE',''
  ) );
#7990 = PCURVE('',#7991,#7996);
#7991 = CONICAL_SURFACE('',#7992,67.469545234892,0.382126326923);
#7992 = AXIS2_PLACEMENT_3D('',#7993,#7994,#7995);
#7993 = CARTESIAN_POINT('',(0.,0.,-195.1325302534));
#7994 = DIRECTION('',(-0.,-0.,-1.));
#7995 = DIRECTION('',(1.,0.,-0.));
#7996 = DEFINITIONAL_REPRESENTATION('',(#7997),#8001);
#7997 = LINE('',#7998,#7999);
#7998 = CARTESIAN_POINT('',(-0.,-2.203929702965));
#7999 = VECTOR('',#8000,1.);
#8000 = DIRECTION('',(-1.,-0.));
#8001 = ( GEOMETRIC_REPRESENTATION_CONTEXT(2) 
PARAMETRIC_REPRESENTATION_CONTEXT() REPRESENTATION_CONTEXT('2D SPACE',''
  ) );
#8002 = ORIENTED_EDGE('',*,*,#8003,.T.);
#8003 = EDGE_CURVE('',#7975,#7865,#8004,.T.);
#8004 = SEAM_CURVE('',#8005,(#8009,#8016),.PCURVE_S1.);
#8005 = LINE('',#8006,#8007);
#8006 = CARTESIAN_POINT('',(66.583829168348,0.,-192.9286005504));
#8007 = VECTOR('',#8008,1.);
#8008 = DIRECTION('',(-0.367577160258,0.,0.929993027531));
#8009 = PCURVE('',#7881,#8010);
#8010 = DEFINITIONAL_REPRESENTATION('',(#8011),#8015);
#8011 = LINE('',#8012,#8013);
#8012 = CARTESIAN_POINT('',(-0.,-0.));
#8013 = VECTOR('',#8014,1.);
#8014 = DIRECTION('',(-0.,-1.));
#8015 = ( GEOMETRIC_REPRESENTATION_CONTEXT(2) 
PARAMETRIC_REPRESENTATION_CONTEXT() REPRESENTATION_CONTEXT('2D SPACE',''
  ) );
#8016 = PCURVE('',#7881,#8017);
#8017 = DEFINITIONAL_REPRESENTATION('',(#8018),#8022);
#8018 = LINE('',#8019,#8020);
#8019 = CARTESIAN_POINT('',(-6.28318530718,-0.));
#8020 = VECTOR('',#8021,1.);
#8021 = DIRECTION('',(-0.,-1.));
#8022 = ( GEOMETRIC_REPRESENTATION_CONTEXT(2) 
PARAMETRIC_REPRESENTATION_CONTEXT() REPRESENTATION_CONTEXT('2D SPACE',''
  ) );
#8023 = ORIENTED_EDGE('',*,*,#7864,.F.);
#8024 = ORIENTED_EDGE('',*,*,#8003,.F.);
#8025 = ADVANCED_FACE('',(#8026),#7958,.F.);
#8026 = FACE_BOUND('',#8027,.T.);
#8027 = EDGE_LOOP('',(#8028,#8029,#8052,#8079));
#8028 = ORIENTED_EDGE('',*,*,#7943,.T.);
#8029 = ORIENTED_EDGE('',*,*,#8030,.T.);
#8030 = EDGE_CURVE('',#7921,#8031,#8033,.T.);
#8031 = VERTEX_POINT('',#8032);
#8032 = CARTESIAN_POINT('',(61.933896481051,0.,-192.8180988169));
#8033 = SEAM_CURVE('',#8034,(#8038,#8045),.PCURVE_S1.);
#8034 = LINE('',#8035,#8036);
#8035 = CARTESIAN_POINT('',(61.034243892517,0.,-190.6477885752));
#8036 = VECTOR('',#8037,1.);
#8037 = DIRECTION('',(0.382930705542,0.,-0.923777069835));
#8038 = PCURVE('',#7958,#8039);
#8039 = DEFINITIONAL_REPRESENTATION('',(#8040),#8044);
#8040 = LINE('',#8041,#8042);
#8041 = CARTESIAN_POINT('',(-0.,0.));
#8042 = VECTOR('',#8043,1.);
#8043 = DIRECTION('',(-0.,1.));
#8044 = ( GEOMETRIC_REPRESENTATION_CONTEXT(2) 
PARAMETRIC_REPRESENTATION_CONTEXT() REPRESENTATION_CONTEXT('2D SPACE',''
  ) );
#8045 = PCURVE('',#7958,#8046);
#8046 = DEFINITIONAL_REPRESENTATION('',(#8047),#8051);
#8047 = LINE('',#8048,#8049);
#8048 = CARTESIAN_POINT('',(-6.28318530718,0.));
#8049 = VECTOR('',#8050,1.);
#8050 = DIRECTION('',(-0.,1.));
#8051 = ( GEOMETRIC_REPRESENTATION_CONTEXT(2) 
PARAMETRIC_REPRESENTATION_CONTEXT() REPRESENTATION_CONTEXT('2D SPACE',''
  ) );
#8052 = ORIENTED_EDGE('',*,*,#8053,.F.);
#8053 = EDGE_CURVE('',#8031,#8031,#8054,.T.);
#8054 = SURFACE_CURVE('',#8055,(#8060,#8067),.PCURVE_S1.);
#8055 = CIRCLE('',#8056,61.933896481051);
#8056 = AXIS2_PLACEMENT_3D('',#8057,#8058,#8059);
#8057 = CARTESIAN_POINT('',(0.,0.,-192.8180988169));
#8058 = DIRECTION('',(0.,0.,1.));
#8059 = DIRECTION('',(1.,0.,-0.));
#8060 = PCURVE('',#7958,#8061);
#8061 = DEFINITIONAL_REPRESENTATION('',(#8062),#8066);
#8062 = LINE('',#8063,#8064);
#8063 = CARTESIAN_POINT('',(-0.,2.170310241715));
#8064 = VECTOR('',#8065,1.);
#8065 = DIRECTION('',(-1.,0.));
#8066 = ( GEOMETRIC_REPRESENTATION_CONTEXT(2) 
PARAMETRIC_REPRESENTATION_CONTEXT() REPRESENTATION_CONTEXT('2D SPACE',''
  ) );
#8067 = PCURVE('',#8068,#8073);
#8068 = CONICAL_SURFACE('',#8069,61.933896481051,0.399060930565);
#8069 = AXIS2_PLACEMENT_3D('',#8070,#8071,#8072);
#8070 = CARTESIAN_POINT('',(0.,0.,-192.8180988169));
#8071 = DIRECTION('',(-0.,-0.,-1.));
#8072 = DIRECTION('',(1.,0.,0.));
#8073 = DEFINITIONAL_REPRESENTATION('',(#8074),#8078);
#8074 = LINE('',#8075,#8076);
#8075 = CARTESIAN_POINT('',(-0.,0.));
#8076 = VECTOR('',#8077,1.);
#8077 = DIRECTION('',(-1.,0.));
#8078 = ( GEOMETRIC_REPRESENTATION_CONTEXT(2) 
PARAMETRIC_REPRESENTATION_CONTEXT() REPRESENTATION_CONTEXT('2D SPACE',''
  ) );
#8079 = ORIENTED_EDGE('',*,*,#8030,.F.);
#8080 = ADVANCED_FACE('',(#8081),#7991,.T.);
#8081 = FACE_BOUND('',#8082,.T.);
#8082 = EDGE_LOOP('',(#8083,#8112,#8133,#8134));
#8083 = ORIENTED_EDGE('',*,*,#8084,.T.);
#8084 = EDGE_CURVE('',#8085,#8085,#8087,.T.);
#8085 = VERTEX_POINT('',#8086);
#8086 = CARTESIAN_POINT('',(67.469545234892,0.,-195.1325302534));
#8087 = SURFACE_CURVE('',#8088,(#8093,#8100),.PCURVE_S1.);
#8088 = CIRCLE('',#8089,67.469545234892);
#8089 = AXIS2_PLACEMENT_3D('',#8090,#8091,#8092);
#8090 = CARTESIAN_POINT('',(0.,0.,-195.1325302534));
#8091 = DIRECTION('',(0.,0.,1.));
#8092 = DIRECTION('',(1.,0.,-0.));
#8093 = PCURVE('',#7991,#8094);
#8094 = DEFINITIONAL_REPRESENTATION('',(#8095),#8099);
#8095 = LINE('',#8096,#8097);
#8096 = CARTESIAN_POINT('',(-0.,-0.));
#8097 = VECTOR('',#8098,1.);
#8098 = DIRECTION('',(-1.,-0.));
#8099 = ( GEOMETRIC_REPRESENTATION_CONTEXT(2) 
PARAMETRIC_REPRESENTATION_CONTEXT() REPRESENTATION_CONTEXT('2D SPACE',''
  ) );
#8100 = PCURVE('',#8101,#8106);
#8101 = CONICAL_SURFACE('',#8102,68.361106458054,0.387900445411);
#8102 = AXIS2_PLACEMENT_3D('',#8103,#8104,#8105);
#8103 = CARTESIAN_POINT('',(0.,0.,-197.3145059973));
#8104 = DIRECTION('',(-0.,-0.,-1.));
#8105 = DIRECTION('',(1.,0.,-0.));
#8106 = DEFINITIONAL_REPRESENTATION('',(#8107),#8111);
#8107 = LINE('',#8108,#8109);
#8108 = CARTESIAN_POINT('',(-0.,-2.181975743925));
#8109 = VECTOR('',#8110,1.);
#8110 = DIRECTION('',(-1.,-0.));
#8111 = ( GEOMETRIC_REPRESENTATION_CONTEXT(2) 
PARAMETRIC_REPRESENTATION_CONTEXT() REPRESENTATION_CONTEXT('2D SPACE',''
  ) );
#8112 = ORIENTED_EDGE('',*,*,#8113,.T.);
#8113 = EDGE_CURVE('',#8085,#7975,#8114,.T.);
#8114 = SEAM_CURVE('',#8115,(#8119,#8126),.PCURVE_S1.);
#8115 = LINE('',#8116,#8117);
#8116 = CARTESIAN_POINT('',(67.469545234892,0.,-195.1325302534));
#8117 = VECTOR('',#8118,1.);
#8118 = DIRECTION('',(-0.372894274027,0.,0.927873838621));
#8119 = PCURVE('',#7991,#8120);
#8120 = DEFINITIONAL_REPRESENTATION('',(#8121),#8125);
#8121 = LINE('',#8122,#8123);
#8122 = CARTESIAN_POINT('',(-0.,-0.));
#8123 = VECTOR('',#8124,1.);
#8124 = DIRECTION('',(-0.,-1.));
#8125 = ( GEOMETRIC_REPRESENTATION_CONTEXT(2) 
PARAMETRIC_REPRESENTATION_CONTEXT() REPRESENTATION_CONTEXT('2D SPACE',''
  ) );
#8126 = PCURVE('',#7991,#8127);
#8127 = DEFINITIONAL_REPRESENTATION('',(#8128),#8132);
#8128 = LINE('',#8129,#8130);
#8129 = CARTESIAN_POINT('',(-6.28318530718,-0.));
#8130 = VECTOR('',#8131,1.);
#8131 = DIRECTION('',(-0.,-1.));
#8132 = ( GEOMETRIC_REPRESENTATION_CONTEXT(2) 
PARAMETRIC_REPRESENTATION_CONTEXT() REPRESENTATION_CONTEXT('2D SPACE',''
  ) );
#8133 = ORIENTED_EDGE('',*,*,#7974,.F.);
#8134 = ORIENTED_EDGE('',*,*,#8113,.F.);
#8135 = ADVANCED_FACE('',(#8136),#8068,.F.);
#8136 = FACE_BOUND('',#8137,.T.);
#8137 = EDGE_LOOP('',(#8138,#8139,#8162,#8189));
#8138 = ORIENTED_EDGE('',*,*,#8053,.T.);
#8139 = ORIENTED_EDGE('',*,*,#8140,.T.);
#8140 = EDGE_CURVE('',#8031,#8141,#8143,.T.);
#8141 = VERTEX_POINT('',#8142);
#8142 = CARTESIAN_POINT('',(62.839732370173,0.,-194.9662240335));
#8143 = SEAM_CURVE('',#8144,(#8148,#8155),.PCURVE_S1.);
#8144 = LINE('',#8145,#8146);
#8145 = CARTESIAN_POINT('',(61.933896481051,0.,-192.8180988169));
#8146 = VECTOR('',#8147,1.);
#8147 = DIRECTION('',(0.388553230504,0.,-0.921426278692));
#8148 = PCURVE('',#8068,#8149);
#8149 = DEFINITIONAL_REPRESENTATION('',(#8150),#8154);
#8150 = LINE('',#8151,#8152);
#8151 = CARTESIAN_POINT('',(-0.,0.));
#8152 = VECTOR('',#8153,1.);
#8153 = DIRECTION('',(-0.,1.));
#8154 = ( GEOMETRIC_REPRESENTATION_CONTEXT(2) 
PARAMETRIC_REPRESENTATION_CONTEXT() REPRESENTATION_CONTEXT('2D SPACE',''
  ) );
#8155 = PCURVE('',#8068,#8156);
#8156 = DEFINITIONAL_REPRESENTATION('',(#8157),#8161);
#8157 = LINE('',#8158,#8159);
#8158 = CARTESIAN_POINT('',(-6.28318530718,0.));
#8159 = VECTOR('',#8160,1.);
#8160 = DIRECTION('',(-0.,1.));
#8161 = ( GEOMETRIC_REPRESENTATION_CONTEXT(2) 
PARAMETRIC_REPRESENTATION_CONTEXT() REPRESENTATION_CONTEXT('2D SPACE',''
  ) );
#8162 = ORIENTED_EDGE('',*,*,#8163,.F.);
#8163 = EDGE_CURVE('',#8141,#8141,#8164,.T.);
#8164 = SURFACE_CURVE('',#8165,(#8170,#8177),.PCURVE_S1.);
#8165 = CIRCLE('',#8166,62.839732370173);
#8166 = AXIS2_PLACEMENT_3D('',#8167,#8168,#8169);
#8167 = CARTESIAN_POINT('',(0.,0.,-194.9662240335));
#8168 = DIRECTION('',(0.,0.,1.));
#8169 = DIRECTION('',(1.,0.,-0.));
#8170 = PCURVE('',#8068,#8171);
#8171 = DEFINITIONAL_REPRESENTATION('',(#8172),#8176);
#8172 = LINE('',#8173,#8174);
#8173 = CARTESIAN_POINT('',(-0.,2.148125216554));
#8174 = VECTOR('',#8175,1.);
#8175 = DIRECTION('',(-1.,0.));
#8176 = ( GEOMETRIC_REPRESENTATION_CONTEXT(2) 
PARAMETRIC_REPRESENTATION_CONTEXT() REPRESENTATION_CONTEXT('2D SPACE',''
  ) );
#8177 = PCURVE('',#8178,#8183);
#8178 = CONICAL_SURFACE('',#8179,62.839732370173,0.40521258299);
#8179 = AXIS2_PLACEMENT_3D('',#8180,#8181,#8182);
#8180 = CARTESIAN_POINT('',(0.,0.,-194.9662240335));
#8181 = DIRECTION('',(-0.,-0.,-1.));
#8182 = DIRECTION('',(1.,0.,0.));
#8183 = DEFINITIONAL_REPRESENTATION('',(#8184),#8188);
#8184 = LINE('',#8185,#8186);
#8185 = CARTESIAN_POINT('',(-0.,0.));
#8186 = VECTOR('',#8187,1.);
#8187 = DIRECTION('',(-1.,0.));
#8188 = ( GEOMETRIC_REPRESENTATION_CONTEXT(2) 
PARAMETRIC_REPRESENTATION_CONTEXT() REPRESENTATION_CONTEXT('2D SPACE',''
  ) );
#8189 = ORIENTED_EDGE('',*,*,#8140,.F.);
#8190 = ADVANCED_FACE('',(#8191),#8101,.T.);
#8191 = FACE_BOUND('',#8192,.T.);
#8192 = EDGE_LOOP('',(#8193,#8222,#8243,#8244));
#8193 = ORIENTED_EDGE('',*,*,#8194,.T.);
#8194 = EDGE_CURVE('',#8195,#8195,#8197,.T.);
#8195 = VERTEX_POINT('',#8196);
#8196 = CARTESIAN_POINT('',(68.361106458054,0.,-197.3145059973));
#8197 = SURFACE_CURVE('',#8198,(#8203,#8210),.PCURVE_S1.);
#8198 = CIRCLE('',#8199,68.361106458054);
#8199 = AXIS2_PLACEMENT_3D('',#8200,#8201,#8202);
#8200 = CARTESIAN_POINT('',(0.,0.,-197.3145059973));
#8201 = DIRECTION('',(0.,0.,1.));
#8202 = DIRECTION('',(1.,0.,-0.));
#8203 = PCURVE('',#8101,#8204);
#8204 = DEFINITIONAL_REPRESENTATION('',(#8205),#8209);
#8205 = LINE('',#8206,#8207);
#8206 = CARTESIAN_POINT('',(-0.,-0.));
#8207 = VECTOR('',#8208,1.);
#8208 = DIRECTION('',(-1.,-0.));
#8209 = ( GEOMETRIC_REPRESENTATION_CONTEXT(2) 
PARAMETRIC_REPRESENTATION_CONTEXT() REPRESENTATION_CONTEXT('2D SPACE',''
  ) );
#8210 = PCURVE('',#8211,#8216);
#8211 = CONICAL_SURFACE('',#8212,69.258464701731,0.393725098456);
#8212 = AXIS2_PLACEMENT_3D('',#8213,#8214,#8215);
#8213 = CARTESIAN_POINT('',(0.,0.,-199.4746490076));
#8214 = DIRECTION('',(-0.,-0.,-1.));
#8215 = DIRECTION('',(1.,0.,-0.));
#8216 = DEFINITIONAL_REPRESENTATION('',(#8217),#8221);
#8217 = LINE('',#8218,#8219);
#8218 = CARTESIAN_POINT('',(-0.,-2.160143010247));
#8219 = VECTOR('',#8220,1.);
#8220 = DIRECTION('',(-1.,-0.));
#8221 = ( GEOMETRIC_REPRESENTATION_CONTEXT(2) 
PARAMETRIC_REPRESENTATION_CONTEXT() REPRESENTATION_CONTEXT('2D SPACE',''
  ) );
#8222 = ORIENTED_EDGE('',*,*,#8223,.T.);
#8223 = EDGE_CURVE('',#8195,#8085,#8224,.T.);
#8224 = SEAM_CURVE('',#8225,(#8229,#8236),.PCURVE_S1.);
#8225 = LINE('',#8226,#8227);
#8226 = CARTESIAN_POINT('',(68.361106458054,0.,-197.3145059973));
#8227 = VECTOR('',#8228,1.);
#8228 = DIRECTION('',(-0.378245681529,0.,0.925705247044));
#8229 = PCURVE('',#8101,#8230);
#8230 = DEFINITIONAL_REPRESENTATION('',(#8231),#8235);
#8231 = LINE('',#8232,#8233);
#8232 = CARTESIAN_POINT('',(-0.,-0.));
#8233 = VECTOR('',#8234,1.);
#8234 = DIRECTION('',(-0.,-1.));
#8235 = ( GEOMETRIC_REPRESENTATION_CONTEXT(2) 
PARAMETRIC_REPRESENTATION_CONTEXT() REPRESENTATION_CONTEXT('2D SPACE',''
  ) );
#8236 = PCURVE('',#8101,#8237);
#8237 = DEFINITIONAL_REPRESENTATION('',(#8238),#8242);
#8238 = LINE('',#8239,#8240);
#8239 = CARTESIAN_POINT('',(-6.28318530718,-0.));
#8240 = VECTOR('',#8241,1.);
#8241 = DIRECTION('',(-0.,-1.));
#8242 = ( GEOMETRIC_REPRESENTATION_CONTEXT(2) 
PARAMETRIC_REPRESENTATION_CONTEXT() REPRESENTATION_CONTEXT('2D SPACE',''
  ) );
#8243 = ORIENTED_EDGE('',*,*,#8084,.F.);
#8244 = ORIENTED_EDGE('',*,*,#8223,.F.);
#8245 = ADVANCED_FACE('',(#8246),#8178,.F.);
#8246 = FACE_BOUND('',#8247,.T.);
#8247 = EDGE_LOOP('',(#8248,#8249,#8272,#8299));
#8248 = ORIENTED_EDGE('',*,*,#8163,.T.);
#8249 = ORIENTED_EDGE('',*,*,#8250,.T.);
#8250 = EDGE_CURVE('',#8141,#8251,#8253,.T.);
#8251 = VERTEX_POINT('',#8252);
#8252 = CARTESIAN_POINT('',(63.751709636784,0.,-197.0922870169));
#8253 = SEAM_CURVE('',#8254,(#8258,#8265),.PCURVE_S1.);
#8254 = LINE('',#8255,#8256);
#8255 = CARTESIAN_POINT('',(62.839732370173,0.,-194.9662240335));
#8256 = VECTOR('',#8257,1.);
#8257 = DIRECTION('',(0.394214137002,0.,-0.919018614712));
#8258 = PCURVE('',#8178,#8259);
#8259 = DEFINITIONAL_REPRESENTATION('',(#8260),#8264);
#8260 = LINE('',#8261,#8262);
#8261 = CARTESIAN_POINT('',(-0.,0.));
#8262 = VECTOR('',#8263,1.);
#8263 = DIRECTION('',(-0.,1.));
#8264 = ( GEOMETRIC_REPRESENTATION_CONTEXT(2) 
PARAMETRIC_REPRESENTATION_CONTEXT() REPRESENTATION_CONTEXT('2D SPACE',''
  ) );
#8265 = PCURVE('',#8178,#8266);
#8266 = DEFINITIONAL_REPRESENTATION('',(#8267),#8271);
#8267 = LINE('',#8268,#8269);
#8268 = CARTESIAN_POINT('',(-6.28318530718,0.));
#8269 = VECTOR('',#8270,1.);
#8270 = DIRECTION('',(-0.,1.));
#8271 = ( GEOMETRIC_REPRESENTATION_CONTEXT(2) 
PARAMETRIC_REPRESENTATION_CONTEXT() REPRESENTATION_CONTEXT('2D SPACE',''
  ) );
#8272 = ORIENTED_EDGE('',*,*,#8273,.F.);
#8273 = EDGE_CURVE('',#8251,#8251,#8274,.T.);
#8274 = SURFACE_CURVE('',#8275,(#8280,#8287),.PCURVE_S1.);
#8275 = CIRCLE('',#8276,63.751709636784);
#8276 = AXIS2_PLACEMENT_3D('',#8277,#8278,#8279);
#8277 = CARTESIAN_POINT('',(0.,0.,-197.0922870169));
#8278 = DIRECTION('',(0.,0.,1.));
#8279 = DIRECTION('',(1.,0.,-0.));
#8280 = PCURVE('',#8178,#8281);
#8281 = DEFINITIONAL_REPRESENTATION('',(#8282),#8286);
#8282 = LINE('',#8283,#8284);
#8283 = CARTESIAN_POINT('',(-0.,2.126062983394));
#8284 = VECTOR('',#8285,1.);
#8285 = DIRECTION('',(-1.,0.));
#8286 = ( GEOMETRIC_REPRESENTATION_CONTEXT(2) 
PARAMETRIC_REPRESENTATION_CONTEXT() REPRESENTATION_CONTEXT('2D SPACE',''
  ) );
#8287 = PCURVE('',#8288,#8293);
#8288 = CONICAL_SURFACE('',#8289,63.751709636784,0.411422104954);
#8289 = AXIS2_PLACEMENT_3D('',#8290,#8291,#8292);
#8290 = CARTESIAN_POINT('',(0.,0.,-197.0922870169));
#8291 = DIRECTION('',(-0.,-0.,-1.));
#8292 = DIRECTION('',(1.,0.,0.));
#8293 = DEFINITIONAL_REPRESENTATION('',(#8294),#8298);
#8294 = LINE('',#8295,#8296);
#8295 = CARTESIAN_POINT('',(-0.,0.));
#8296 = VECTOR('',#8297,1.);
#8297 = DIRECTION('',(-1.,0.));
#8298 = ( GEOMETRIC_REPRESENTATION_CONTEXT(2) 
PARAMETRIC_REPRESENTATION_CONTEXT() REPRESENTATION_CONTEXT('2D SPACE',''
  ) );
#8299 = ORIENTED_EDGE('',*,*,#8250,.F.);
#8300 = ADVANCED_FACE('',(#8301),#8211,.T.);
#8301 = FACE_BOUND('',#8302,.T.);
#8302 = EDGE_LOOP('',(#8303,#8332,#8353,#8354));
#8303 = ORIENTED_EDGE('',*,*,#8304,.T.);
#8304 = EDGE_CURVE('',#8305,#8305,#8307,.T.);
#8305 = VERTEX_POINT('',#8306);
#8306 = CARTESIAN_POINT('',(69.258464701731,0.,-199.4746490076));
#8307 = SURFACE_CURVE('',#8308,(#8313,#8320),.PCURVE_S1.);
#8308 = CIRCLE('',#8309,69.258464701731);
#8309 = AXIS2_PLACEMENT_3D('',#8310,#8311,#8312);
#8310 = CARTESIAN_POINT('',(0.,0.,-199.4746490076));
#8311 = DIRECTION('',(0.,0.,1.));
#8312 = DIRECTION('',(1.,0.,-0.));
#8313 = PCURVE('',#8211,#8314);
#8314 = DEFINITIONAL_REPRESENTATION('',(#8315),#8319);
#8315 = LINE('',#8316,#8317);
#8316 = CARTESIAN_POINT('',(-0.,-0.));
#8317 = VECTOR('',#8318,1.);
#8318 = DIRECTION('',(-1.,-0.));
#8319 = ( GEOMETRIC_REPRESENTATION_CONTEXT(2) 
PARAMETRIC_REPRESENTATION_CONTEXT() REPRESENTATION_CONTEXT('2D SPACE',''
  ) );
#8320 = PCURVE('',#8321,#8326);
#8321 = CONICAL_SURFACE('',#8322,70.161572537156,0.399600603269);
#8322 = AXIS2_PLACEMENT_3D('',#8323,#8324,#8325);
#8323 = CARTESIAN_POINT('',(0.,0.,-201.6130807015));
#8324 = DIRECTION('',(-0.,-0.,-1.));
#8325 = DIRECTION('',(1.,0.,-0.));
#8326 = DEFINITIONAL_REPRESENTATION('',(#8327),#8331);
#8327 = LINE('',#8328,#8329);
#8328 = CARTESIAN_POINT('',(-0.,-2.138431693886));
#8329 = VECTOR('',#8330,1.);
#8330 = DIRECTION('',(-1.,-0.));
#8331 = ( GEOMETRIC_REPRESENTATION_CONTEXT(2) 
PARAMETRIC_REPRESENTATION_CONTEXT() REPRESENTATION_CONTEXT('2D SPACE',''
  ) );
#8332 = ORIENTED_EDGE('',*,*,#8333,.T.);
#8333 = EDGE_CURVE('',#8305,#8195,#8334,.T.);
#8334 = SEAM_CURVE('',#8335,(#8339,#8346),.PCURVE_S1.);
#8335 = LINE('',#8336,#8337);
#8336 = CARTESIAN_POINT('',(69.258464701731,0.,-199.4746490076));
#8337 = VECTOR('',#8338,1.);
#8338 = DIRECTION('',(-0.383631146653,0.,0.923486406677));
#8339 = PCURVE('',#8211,#8340);
#8340 = DEFINITIONAL_REPRESENTATION('',(#8341),#8345);
#8341 = LINE('',#8342,#8343);
#8342 = CARTESIAN_POINT('',(-0.,-0.));
#8343 = VECTOR('',#8344,1.);
#8344 = DIRECTION('',(-0.,-1.));
#8345 = ( GEOMETRIC_REPRESENTATION_CONTEXT(2) 
PARAMETRIC_REPRESENTATION_CONTEXT() REPRESENTATION_CONTEXT('2D SPACE',''
  ) );
#8346 = PCURVE('',#8211,#8347);
#8347 = DEFINITIONAL_REPRESENTATION('',(#8348),#8352);
#8348 = LINE('',#8349,#8350);
#8349 = CARTESIAN_POINT('',(-6.28318530718,-0.));
#8350 = VECTOR('',#8351,1.);
#8351 = DIRECTION('',(-0.,-1.));
#8352 = ( GEOMETRIC_REPRESENTATION_CONTEXT(2) 
PARAMETRIC_REPRESENTATION_CONTEXT() REPRESENTATION_CONTEXT('2D SPACE',''
  ) );
#8353 = ORIENTED_EDGE('',*,*,#8194,.F.);
#8354 = ORIENTED_EDGE('',*,*,#8333,.F.);
#8355 = ADVANCED_FACE('',(#8356),#8288,.F.);
#8356 = FACE_BOUND('',#8357,.T.);
#8357 = EDGE_LOOP('',(#8358,#8359,#8382,#8409));
#8358 = ORIENTED_EDGE('',*,*,#8273,.T.);
#8359 = ORIENTED_EDGE('',*,*,#8360,.T.);
#8360 = EDGE_CURVE('',#8251,#8361,#8363,.T.);
#8361 = VERTEX_POINT('',#8362);
#8362 = CARTESIAN_POINT('',(64.66978719913,0.,-199.1964107196));
#8363 = SEAM_CURVE('',#8364,(#8368,#8375),.PCURVE_S1.);
#8364 = LINE('',#8365,#8366);
#8365 = CARTESIAN_POINT('',(63.751709636784,0.,-197.0922870169));
#8366 = VECTOR('',#8367,1.);
#8367 = DIRECTION('',(0.39991316654,0.,-0.916553031323));
#8368 = PCURVE('',#8288,#8369);
#8369 = DEFINITIONAL_REPRESENTATION('',(#8370),#8374);
#8370 = LINE('',#8371,#8372);
#8371 = CARTESIAN_POINT('',(-0.,0.));
#8372 = VECTOR('',#8373,1.);
#8373 = DIRECTION('',(-0.,1.));
#8374 = ( GEOMETRIC_REPRESENTATION_CONTEXT(2) 
PARAMETRIC_REPRESENTATION_CONTEXT() REPRESENTATION_CONTEXT('2D SPACE',''
  ) );
#8375 = PCURVE('',#8288,#8376);
#8376 = DEFINITIONAL_REPRESENTATION('',(#8377),#8381);
#8377 = LINE('',#8378,#8379);
#8378 = CARTESIAN_POINT('',(-6.28318530718,0.));
#8379 = VECTOR('',#8380,1.);
#8380 = DIRECTION('',(-0.,1.));
#8381 = ( GEOMETRIC_REPRESENTATION_CONTEXT(2) 
PARAMETRIC_REPRESENTATION_CONTEXT() REPRESENTATION_CONTEXT('2D SPACE',''
  ) );
#8382 = ORIENTED_EDGE('',*,*,#8383,.F.);
#8383 = EDGE_CURVE('',#8361,#8361,#8384,.T.);
#8384 = SURFACE_CURVE('',#8385,(#8390,#8397),.PCURVE_S1.);
#8385 = CIRCLE('',#8386,64.66978719913);
#8386 = AXIS2_PLACEMENT_3D('',#8387,#8388,#8389);
#8387 = CARTESIAN_POINT('',(0.,0.,-199.1964107196));
#8388 = DIRECTION('',(0.,0.,1.));
#8389 = DIRECTION('',(1.,0.,-0.));
#8390 = PCURVE('',#8288,#8391);
#8391 = DEFINITIONAL_REPRESENTATION('',(#8392),#8396);
#8392 = LINE('',#8393,#8394);
#8393 = CARTESIAN_POINT('',(-0.,2.104123702751));
#8394 = VECTOR('',#8395,1.);
#8395 = DIRECTION('',(-1.,0.));
#8396 = ( GEOMETRIC_REPRESENTATION_CONTEXT(2) 
PARAMETRIC_REPRESENTATION_CONTEXT() REPRESENTATION_CONTEXT('2D SPACE',''
  ) );
#8397 = PCURVE('',#8398,#8403);
#8398 = CONICAL_SURFACE('',#8399,64.66978719913,0.417689928033);
#8399 = AXIS2_PLACEMENT_3D('',#8400,#8401,#8402);
#8400 = CARTESIAN_POINT('',(0.,0.,-199.1964107196));
#8401 = DIRECTION('',(-0.,-0.,-1.));
#8402 = DIRECTION('',(1.,0.,0.));
#8403 = DEFINITIONAL_REPRESENTATION('',(#8404),#8408);
#8404 = LINE('',#8405,#8406);
#8405 = CARTESIAN_POINT('',(-0.,0.));
#8406 = VECTOR('',#8407,1.);
#8407 = DIRECTION('',(-1.,0.));
#8408 = ( GEOMETRIC_REPRESENTATION_CONTEXT(2) 
PARAMETRIC_REPRESENTATION_CONTEXT() REPRESENTATION_CONTEXT('2D SPACE',''
  ) );
#8409 = ORIENTED_EDGE('',*,*,#8360,.F.);
#8410 = ADVANCED_FACE('',(#8411),#8321,.T.);
#8411 = FACE_BOUND('',#8412,.T.);
#8412 = EDGE_LOOP('',(#8413,#8442,#8463,#8464));
#8413 = ORIENTED_EDGE('',*,*,#8414,.T.);
#8414 = EDGE_CURVE('',#8415,#8415,#8417,.T.);
#8415 = VERTEX_POINT('',#8416);
#8416 = CARTESIAN_POINT('',(70.161572537156,0.,-201.6130807015));
#8417 = SURFACE_CURVE('',#8418,(#8423,#8430),.PCURVE_S1.);
#8418 = CIRCLE('',#8419,70.161572537156);
#8419 = AXIS2_PLACEMENT_3D('',#8420,#8421,#8422);
#8420 = CARTESIAN_POINT('',(0.,0.,-201.6130807015));
#8421 = DIRECTION('',(0.,0.,1.));
#8422 = DIRECTION('',(1.,0.,-0.));
#8423 = PCURVE('',#8321,#8424);
#8424 = DEFINITIONAL_REPRESENTATION('',(#8425),#8429);
#8425 = LINE('',#8426,#8427);
#8426 = CARTESIAN_POINT('',(-0.,-0.));
#8427 = VECTOR('',#8428,1.);
#8428 = DIRECTION('',(-1.,-0.));
#8429 = ( GEOMETRIC_REPRESENTATION_CONTEXT(2) 
PARAMETRIC_REPRESENTATION_CONTEXT() REPRESENTATION_CONTEXT('2D SPACE',''
  ) );
#8430 = PCURVE('',#8431,#8436);
#8431 = CONICAL_SURFACE('',#8432,71.070383209433,0.405527303398);
#8432 = AXIS2_PLACEMENT_3D('',#8433,#8434,#8435);
#8433 = CARTESIAN_POINT('',(0.,0.,-203.7299223636));
#8434 = DIRECTION('',(-0.,-0.,-1.));
#8435 = DIRECTION('',(1.,0.,-0.));
#8436 = DEFINITIONAL_REPRESENTATION('',(#8437),#8441);
#8437 = LINE('',#8438,#8439);
#8438 = CARTESIAN_POINT('',(-0.,-2.116841662177));
#8439 = VECTOR('',#8440,1.);
#8440 = DIRECTION('',(-1.,-0.));
#8441 = ( GEOMETRIC_REPRESENTATION_CONTEXT(2) 
PARAMETRIC_REPRESENTATION_CONTEXT() REPRESENTATION_CONTEXT('2D SPACE',''
  ) );
#8442 = ORIENTED_EDGE('',*,*,#8443,.T.);
#8443 = EDGE_CURVE('',#8415,#8305,#8444,.T.);
#8444 = SEAM_CURVE('',#8445,(#8449,#8456),.PCURVE_S1.);
#8445 = LINE('',#8446,#8447);
#8446 = CARTESIAN_POINT('',(70.161572537156,0.,-201.6130807015));
#8447 = VECTOR('',#8448,1.);
#8448 = DIRECTION('',(-0.389050442508,0.,0.921216452949));
#8449 = PCURVE('',#8321,#8450);
#8450 = DEFINITIONAL_REPRESENTATION('',(#8451),#8455);
#8451 = LINE('',#8452,#8453);
#8452 = CARTESIAN_POINT('',(-0.,-0.));
#8453 = VECTOR('',#8454,1.);
#8454 = DIRECTION('',(-0.,-1.));
#8455 = ( GEOMETRIC_REPRESENTATION_CONTEXT(2) 
PARAMETRIC_REPRESENTATION_CONTEXT() REPRESENTATION_CONTEXT('2D SPACE',''
  ) );
#8456 = PCURVE('',#8321,#8457);
#8457 = DEFINITIONAL_REPRESENTATION('',(#8458),#8462);
#8458 = LINE('',#8459,#8460);
#8459 = CARTESIAN_POINT('',(-6.28318530718,-0.));
#8460 = VECTOR('',#8461,1.);
#8461 = DIRECTION('',(-0.,-1.));
#8462 = ( GEOMETRIC_REPRESENTATION_CONTEXT(2) 
PARAMETRIC_REPRESENTATION_CONTEXT() REPRESENTATION_CONTEXT('2D SPACE',''
  ) );
#8463 = ORIENTED_EDGE('',*,*,#8304,.F.);
#8464 = ORIENTED_EDGE('',*,*,#8443,.F.);
#8465 = ADVANCED_FACE('',(#8466),#8398,.F.);
#8466 = FACE_BOUND('',#8467,.T.);
#8467 = EDGE_LOOP('',(#8468,#8469,#8492,#8519));
#8468 = ORIENTED_EDGE('',*,*,#8383,.T.);
#8469 = ORIENTED_EDGE('',*,*,#8470,.T.);
#8470 = EDGE_CURVE('',#8361,#8471,#8473,.T.);
#8471 = VERTEX_POINT('',#8472);
#8472 = CARTESIAN_POINT('',(65.593924789033,0.,-201.2787179312));
#8473 = SEAM_CURVE('',#8474,(#8478,#8485),.PCURVE_S1.);
#8474 = LINE('',#8475,#8476);
#8475 = CARTESIAN_POINT('',(64.66978719913,0.,-199.1964107196));
#8476 = VECTOR('',#8477,1.);
#8477 = DIRECTION('',(0.405650065779,0.,-0.914028459149));
#8478 = PCURVE('',#8398,#8479);
#8479 = DEFINITIONAL_REPRESENTATION('',(#8480),#8484);
#8480 = LINE('',#8481,#8482);
#8481 = CARTESIAN_POINT('',(-0.,0.));
#8482 = VECTOR('',#8483,1.);
#8483 = DIRECTION('',(-0.,1.));
#8484 = ( GEOMETRIC_REPRESENTATION_CONTEXT(2) 
PARAMETRIC_REPRESENTATION_CONTEXT() REPRESENTATION_CONTEXT('2D SPACE',''
  ) );
#8485 = PCURVE('',#8398,#8486);
#8486 = DEFINITIONAL_REPRESENTATION('',(#8487),#8491);
#8487 = LINE('',#8488,#8489);
#8488 = CARTESIAN_POINT('',(-6.28318530718,0.));
#8489 = VECTOR('',#8490,1.);
#8490 = DIRECTION('',(-0.,1.));
#8491 = ( GEOMETRIC_REPRESENTATION_CONTEXT(2) 
PARAMETRIC_REPRESENTATION_CONTEXT() REPRESENTATION_CONTEXT('2D SPACE',''
  ) );
#8492 = ORIENTED_EDGE('',*,*,#8493,.F.);
#8493 = EDGE_CURVE('',#8471,#8471,#8494,.T.);
#8494 = SURFACE_CURVE('',#8495,(#8500,#8507),.PCURVE_S1.);
#8495 = CIRCLE('',#8496,65.593924789033);
#8496 = AXIS2_PLACEMENT_3D('',#8497,#8498,#8499);
#8497 = CARTESIAN_POINT('',(0.,0.,-201.2787179312));
#8498 = DIRECTION('',(0.,0.,1.));
#8499 = DIRECTION('',(1.,0.,-0.));
#8500 = PCURVE('',#8398,#8501);
#8501 = DEFINITIONAL_REPRESENTATION('',(#8502),#8506);
#8502 = LINE('',#8503,#8504);
#8503 = CARTESIAN_POINT('',(-0.,2.082307211558));
#8504 = VECTOR('',#8505,1.);
#8505 = DIRECTION('',(-1.,0.));
#8506 = ( GEOMETRIC_REPRESENTATION_CONTEXT(2) 
PARAMETRIC_REPRESENTATION_CONTEXT() REPRESENTATION_CONTEXT('2D SPACE',''
  ) );
#8507 = PCURVE('',#8508,#8513);
#8508 = CONICAL_SURFACE('',#8509,65.593924789033,0.424016511505);
#8509 = AXIS2_PLACEMENT_3D('',#8510,#8511,#8512);
#8510 = CARTESIAN_POINT('',(0.,0.,-201.2787179312));
#8511 = DIRECTION('',(-0.,-0.,-1.));
#8512 = DIRECTION('',(1.,0.,0.));
#8513 = DEFINITIONAL_REPRESENTATION('',(#8514),#8518);
#8514 = LINE('',#8515,#8516);
#8515 = CARTESIAN_POINT('',(-0.,0.));
#8516 = VECTOR('',#8517,1.);
#8517 = DIRECTION('',(-1.,0.));
#8518 = ( GEOMETRIC_REPRESENTATION_CONTEXT(2) 
PARAMETRIC_REPRESENTATION_CONTEXT() REPRESENTATION_CONTEXT('2D SPACE',''
  ) );
#8519 = ORIENTED_EDGE('',*,*,#8470,.F.);
#8520 = ADVANCED_FACE('',(#8521),#8431,.T.);
#8521 = FACE_BOUND('',#8522,.T.);
#8522 = EDGE_LOOP('',(#8523,#8552,#8573,#8574));
#8523 = ORIENTED_EDGE('',*,*,#8524,.T.);
#8524 = EDGE_CURVE('',#8525,#8525,#8527,.T.);
#8525 = VERTEX_POINT('',#8526);
#8526 = CARTESIAN_POINT('',(71.070383209433,0.,-203.7299223636));
#8527 = SURFACE_CURVE('',#8528,(#8533,#8540),.PCURVE_S1.);
#8528 = CIRCLE('',#8529,71.070383209433);
#8529 = AXIS2_PLACEMENT_3D('',#8530,#8531,#8532);
#8530 = CARTESIAN_POINT('',(0.,0.,-203.7299223636));
#8531 = DIRECTION('',(0.,0.,1.));
#8532 = DIRECTION('',(1.,0.,-0.));
#8533 = PCURVE('',#8431,#8534);
#8534 = DEFINITIONAL_REPRESENTATION('',(#8535),#8539);
#8535 = LINE('',#8536,#8537);
#8536 = CARTESIAN_POINT('',(-0.,-0.));
#8537 = VECTOR('',#8538,1.);
#8538 = DIRECTION('',(-1.,-0.));
#8539 = ( GEOMETRIC_REPRESENTATION_CONTEXT(2) 
PARAMETRIC_REPRESENTATION_CONTEXT() REPRESENTATION_CONTEXT('2D SPACE',''
  ) );
#8540 = PCURVE('',#8541,#8546);
#8541 = CONICAL_SURFACE('',#8542,71.984850605038,0.411505569395);
#8542 = AXIS2_PLACEMENT_3D('',#8543,#8544,#8545);
#8543 = CARTESIAN_POINT('',(0.,0.,-205.8252948467));
#8544 = DIRECTION('',(-0.,-0.,-1.));
#8545 = DIRECTION('',(1.,0.,-0.));
#8546 = DEFINITIONAL_REPRESENTATION('',(#8547),#8551);
#8547 = LINE('',#8548,#8549);
#8548 = CARTESIAN_POINT('',(-0.,-2.095372483065));
#8549 = VECTOR('',#8550,1.);
#8550 = DIRECTION('',(-1.,-0.));
#8551 = ( GEOMETRIC_REPRESENTATION_CONTEXT(2) 
PARAMETRIC_REPRESENTATION_CONTEXT() REPRESENTATION_CONTEXT('2D SPACE',''
  ) );
#8552 = ORIENTED_EDGE('',*,*,#8553,.T.);
#8553 = EDGE_CURVE('',#8525,#8415,#8554,.T.);
#8554 = SEAM_CURVE('',#8555,(#8559,#8566),.PCURVE_S1.);
#8555 = LINE('',#8556,#8557);
#8556 = CARTESIAN_POINT('',(71.070383209433,0.,-203.7299223636));
#8557 = VECTOR('',#8558,1.);
#8558 = DIRECTION('',(-0.394503351387,0.,0.918894501967));
#8559 = PCURVE('',#8431,#8560);
#8560 = DEFINITIONAL_REPRESENTATION('',(#8561),#8565);
#8561 = LINE('',#8562,#8563);
#8562 = CARTESIAN_POINT('',(-0.,-0.));
#8563 = VECTOR('',#8564,1.);
#8564 = DIRECTION('',(-0.,-1.));
#8565 = ( GEOMETRIC_REPRESENTATION_CONTEXT(2) 
PARAMETRIC_REPRESENTATION_CONTEXT() REPRESENTATION_CONTEXT('2D SPACE',''
  ) );
#8566 = PCURVE('',#8431,#8567);
#8567 = DEFINITIONAL_REPRESENTATION('',(#8568),#8572);
#8568 = LINE('',#8569,#8570);
#8569 = CARTESIAN_POINT('',(-6.28318530718,-0.));
#8570 = VECTOR('',#8571,1.);
#8571 = DIRECTION('',(-0.,-1.));
#8572 = ( GEOMETRIC_REPRESENTATION_CONTEXT(2) 
PARAMETRIC_REPRESENTATION_CONTEXT() REPRESENTATION_CONTEXT('2D SPACE',''
  ) );
#8573 = ORIENTED_EDGE('',*,*,#8414,.F.);
#8574 = ORIENTED_EDGE('',*,*,#8553,.F.);
#8575 = ADVANCED_FACE('',(#8576),#8508,.F.);
#8576 = FACE_BOUND('',#8577,.T.);
#8577 = EDGE_LOOP('',(#8578,#8579,#8602,#8629));
#8578 = ORIENTED_EDGE('',*,*,#8493,.T.);
#8579 = ORIENTED_EDGE('',*,*,#8580,.T.);
#8580 = EDGE_CURVE('',#8471,#8581,#8583,.T.);
#8581 = VERTEX_POINT('',#8582);
#8582 = CARTESIAN_POINT('',(66.524082925384,0.,-203.3393309795));
#8583 = SEAM_CURVE('',#8584,(#8588,#8595),.PCURVE_S1.);
#8584 = LINE('',#8585,#8586);
#8585 = CARTESIAN_POINT('',(65.593924789033,0.,-201.2787179312));
#8586 = VECTOR('',#8587,1.);
#8587 = DIRECTION('',(0.411424586367,0.,-0.911443805033));
#8588 = PCURVE('',#8508,#8589);
#8589 = DEFINITIONAL_REPRESENTATION('',(#8590),#8594);
#8590 = LINE('',#8591,#8592);
#8591 = CARTESIAN_POINT('',(-0.,0.));
#8592 = VECTOR('',#8593,1.);
#8593 = DIRECTION('',(-0.,1.));
#8594 = ( GEOMETRIC_REPRESENTATION_CONTEXT(2) 
PARAMETRIC_REPRESENTATION_CONTEXT() REPRESENTATION_CONTEXT('2D SPACE',''
  ) );
#8595 = PCURVE('',#8508,#8596);
#8596 = DEFINITIONAL_REPRESENTATION('',(#8597),#8601);
#8597 = LINE('',#8598,#8599);
#8598 = CARTESIAN_POINT('',(-6.28318530718,0.));
#8599 = VECTOR('',#8600,1.);
#8600 = DIRECTION('',(-0.,1.));
#8601 = ( GEOMETRIC_REPRESENTATION_CONTEXT(2) 
PARAMETRIC_REPRESENTATION_CONTEXT() REPRESENTATION_CONTEXT('2D SPACE',''
  ) );
#8602 = ORIENTED_EDGE('',*,*,#8603,.F.);
#8603 = EDGE_CURVE('',#8581,#8581,#8604,.T.);
#8604 = SURFACE_CURVE('',#8605,(#8610,#8617),.PCURVE_S1.);
#8605 = CIRCLE('',#8606,66.524082925384);
#8606 = AXIS2_PLACEMENT_3D('',#8607,#8608,#8609);
#8607 = CARTESIAN_POINT('',(0.,0.,-203.3393309795));
#8608 = DIRECTION('',(0.,0.,1.));
#8609 = DIRECTION('',(1.,0.,-0.));
#8610 = PCURVE('',#8508,#8611);
#8611 = DEFINITIONAL_REPRESENTATION('',(#8612),#8616);
#8612 = LINE('',#8613,#8614);
#8613 = CARTESIAN_POINT('',(-0.,2.060613048345));
#8614 = VECTOR('',#8615,1.);
#8615 = DIRECTION('',(-1.,0.));
#8616 = ( GEOMETRIC_REPRESENTATION_CONTEXT(2) 
PARAMETRIC_REPRESENTATION_CONTEXT() REPRESENTATION_CONTEXT('2D SPACE',''
  ) );
#8617 = PCURVE('',#8618,#8623);
#8618 = CONICAL_SURFACE('',#8619,66.524082925384,0.430402343102);
#8619 = AXIS2_PLACEMENT_3D('',#8620,#8621,#8622);
#8620 = CARTESIAN_POINT('',(0.,0.,-203.3393309795));
#8621 = DIRECTION('',(-0.,-0.,-1.));
#8622 = DIRECTION('',(1.,0.,0.));
#8623 = DEFINITIONAL_REPRESENTATION('',(#8624),#8628);
#8624 = LINE('',#8625,#8626);
#8625 = CARTESIAN_POINT('',(-0.,0.));
#8626 = VECTOR('',#8627,1.);
#8627 = DIRECTION('',(-1.,0.));
#8628 = ( GEOMETRIC_REPRESENTATION_CONTEXT(2) 
PARAMETRIC_REPRESENTATION_CONTEXT() REPRESENTATION_CONTEXT('2D SPACE',''
  ) );
#8629 = ORIENTED_EDGE('',*,*,#8580,.F.);
#8630 = ADVANCED_FACE('',(#8631),#8541,.T.);
#8631 = FACE_BOUND('',#8632,.T.);
#8632 = EDGE_LOOP('',(#8633,#8662,#8683,#8684));
#8633 = ORIENTED_EDGE('',*,*,#8634,.T.);
#8634 = EDGE_CURVE('',#8635,#8635,#8637,.T.);
#8635 = VERTEX_POINT('',#8636);
#8636 = CARTESIAN_POINT('',(71.984850605038,0.,-205.8252948467));
#8637 = SURFACE_CURVE('',#8638,(#8643,#8650),.PCURVE_S1.);
#8638 = CIRCLE('',#8639,71.984850605038);
#8639 = AXIS2_PLACEMENT_3D('',#8640,#8641,#8642);
#8640 = CARTESIAN_POINT('',(0.,0.,-205.8252948467));
#8641 = DIRECTION('',(0.,0.,1.));
#8642 = DIRECTION('',(1.,0.,-0.));
#8643 = PCURVE('',#8541,#8644);
#8644 = DEFINITIONAL_REPRESENTATION('',(#8645),#8649);
#8645 = LINE('',#8646,#8647);
#8646 = CARTESIAN_POINT('',(-0.,-0.));
#8647 = VECTOR('',#8648,1.);
#8648 = DIRECTION('',(-1.,-0.));
#8649 = ( GEOMETRIC_REPRESENTATION_CONTEXT(2) 
PARAMETRIC_REPRESENTATION_CONTEXT() REPRESENTATION_CONTEXT('2D SPACE',''
  ) );
#8650 = PCURVE('',#8651,#8656);
#8651 = CONICAL_SURFACE('',#8652,72.904929220181,0.41753579954);
#8652 = AXIS2_PLACEMENT_3D('',#8653,#8654,#8655);
#8653 = CARTESIAN_POINT('',(0.,0.,-207.8993182949));
#8654 = DIRECTION('',(-0.,-0.,-1.));
#8655 = DIRECTION('',(1.,0.,-0.));
#8656 = DEFINITIONAL_REPRESENTATION('',(#8657),#8661);
#8657 = LINE('',#8658,#8659);
#8658 = CARTESIAN_POINT('',(-0.,-2.074023448196));
#8659 = VECTOR('',#8660,1.);
#8660 = DIRECTION('',(-1.,-0.));
#8661 = ( GEOMETRIC_REPRESENTATION_CONTEXT(2) 
PARAMETRIC_REPRESENTATION_CONTEXT() REPRESENTATION_CONTEXT('2D SPACE',''
  ) );
#8662 = ORIENTED_EDGE('',*,*,#8663,.T.);
#8663 = EDGE_CURVE('',#8635,#8525,#8664,.T.);
#8664 = SEAM_CURVE('',#8665,(#8669,#8676),.PCURVE_S1.);
#8665 = LINE('',#8666,#8667);
#8666 = CARTESIAN_POINT('',(71.984850605038,0.,-205.8252948467));
#8667 = VECTOR('',#8668,1.);
#8668 = DIRECTION('',(-0.399989664733,0.,0.916519649602));
#8669 = PCURVE('',#8541,#8670);
#8670 = DEFINITIONAL_REPRESENTATION('',(#8671),#8675);
#8671 = LINE('',#8672,#8673);
#8672 = CARTESIAN_POINT('',(-0.,-0.));
#8673 = VECTOR('',#8674,1.);
#8674 = DIRECTION('',(-0.,-1.));
#8675 = ( GEOMETRIC_REPRESENTATION_CONTEXT(2) 
PARAMETRIC_REPRESENTATION_CONTEXT() REPRESENTATION_CONTEXT('2D SPACE',''
  ) );
#8676 = PCURVE('',#8541,#8677);
#8677 = DEFINITIONAL_REPRESENTATION('',(#8678),#8682);
#8678 = LINE('',#8679,#8680);
#8679 = CARTESIAN_POINT('',(-6.28318530718,-0.));
#8680 = VECTOR('',#8681,1.);
#8681 = DIRECTION('',(-0.,-1.));
#8682 = ( GEOMETRIC_REPRESENTATION_CONTEXT(2) 
PARAMETRIC_REPRESENTATION_CONTEXT() REPRESENTATION_CONTEXT('2D SPACE',''
  ) );
#8683 = ORIENTED_EDGE('',*,*,#8524,.F.);
#8684 = ORIENTED_EDGE('',*,*,#8663,.F.);
#8685 = ADVANCED_FACE('',(#8686),#8618,.F.);
#8686 = FACE_BOUND('',#8687,.T.);
#8687 = EDGE_LOOP('',(#8688,#8689,#8712,#8739));
#8688 = ORIENTED_EDGE('',*,*,#8603,.T.);
#8689 = ORIENTED_EDGE('',*,*,#8690,.T.);
#8690 = EDGE_CURVE('',#8581,#8691,#8693,.T.);
#8691 = VERTEX_POINT('',#8692);
#8692 = CARTESIAN_POINT('',(67.460222888834,0.,-205.3783714558));
#8693 = SEAM_CURVE('',#8694,(#8698,#8705),.PCURVE_S1.);
#8694 = LINE('',#8695,#8696);
#8695 = CARTESIAN_POINT('',(66.524082925384,0.,-203.3393309795));
#8696 = VECTOR('',#8697,1.);
#8697 = DIRECTION('',(0.417236484777,0.,-0.908797951016));
#8698 = PCURVE('',#8618,#8699);
#8699 = DEFINITIONAL_REPRESENTATION('',(#8700),#8704);
#8700 = LINE('',#8701,#8702);
#8701 = CARTESIAN_POINT('',(-0.,0.));
#8702 = VECTOR('',#8703,1.);
#8703 = DIRECTION('',(-0.,1.));
#8704 = ( GEOMETRIC_REPRESENTATION_CONTEXT(2) 
PARAMETRIC_REPRESENTATION_CONTEXT() REPRESENTATION_CONTEXT('2D SPACE',''
  ) );
#8705 = PCURVE('',#8618,#8706);
#8706 = DEFINITIONAL_REPRESENTATION('',(#8707),#8711);
#8707 = LINE('',#8708,#8709);
#8708 = CARTESIAN_POINT('',(-6.28318530718,0.));
#8709 = VECTOR('',#8710,1.);
#8710 = DIRECTION('',(-0.,1.));
#8711 = ( GEOMETRIC_REPRESENTATION_CONTEXT(2) 
PARAMETRIC_REPRESENTATION_CONTEXT() REPRESENTATION_CONTEXT('2D SPACE',''
  ) );
#8712 = ORIENTED_EDGE('',*,*,#8713,.F.);
#8713 = EDGE_CURVE('',#8691,#8691,#8714,.T.);
#8714 = SURFACE_CURVE('',#8715,(#8720,#8727),.PCURVE_S1.);
#8715 = CIRCLE('',#8716,67.460222888834);
#8716 = AXIS2_PLACEMENT_3D('',#8717,#8718,#8719);
#8717 = CARTESIAN_POINT('',(0.,0.,-205.3783714558));
#8718 = DIRECTION('',(0.,0.,1.));
#8719 = DIRECTION('',(1.,0.,-0.));
#8720 = PCURVE('',#8618,#8721);
#8721 = DEFINITIONAL_REPRESENTATION('',(#8722),#8726);
#8722 = LINE('',#8723,#8724);
#8723 = CARTESIAN_POINT('',(-0.,2.039040476295));
#8724 = VECTOR('',#8725,1.);
#8725 = DIRECTION('',(-1.,0.));
#8726 = ( GEOMETRIC_REPRESENTATION_CONTEXT(2) 
PARAMETRIC_REPRESENTATION_CONTEXT() REPRESENTATION_CONTEXT('2D SPACE',''
  ) );
#8727 = PCURVE('',#8728,#8733);
#8728 = CONICAL_SURFACE('',#8729,67.460222888834,0.436847939833);
#8729 = AXIS2_PLACEMENT_3D('',#8730,#8731,#8732);
#8730 = CARTESIAN_POINT('',(0.,0.,-205.3783714558));
#8731 = DIRECTION('',(-0.,-0.,-1.));
#8732 = DIRECTION('',(1.,0.,0.));
#8733 = DEFINITIONAL_REPRESENTATION('',(#8734),#8738);
#8734 = LINE('',#8735,#8736);
#8735 = CARTESIAN_POINT('',(-0.,0.));
#8736 = VECTOR('',#8737,1.);
#8737 = DIRECTION('',(-1.,0.));
#8738 = ( GEOMETRIC_REPRESENTATION_CONTEXT(2) 
PARAMETRIC_REPRESENTATION_CONTEXT() REPRESENTATION_CONTEXT('2D SPACE',''
  ) );
#8739 = ORIENTED_EDGE('',*,*,#8690,.F.);
#8740 = ADVANCED_FACE('',(#8741),#8651,.T.);
#8741 = FACE_BOUND('',#8742,.T.);
#8742 = EDGE_LOOP('',(#8743,#8772,#8793,#8794));
#8743 = ORIENTED_EDGE('',*,*,#8744,.T.);
#8744 = EDGE_CURVE('',#8745,#8745,#8747,.T.);
#8745 = VERTEX_POINT('',#8746);
#8746 = CARTESIAN_POINT('',(72.904929220181,0.,-207.8993182949));
#8747 = SURFACE_CURVE('',#8748,(#8753,#8760),.PCURVE_S1.);
#8748 = CIRCLE('',#8749,72.904929220181);
#8749 = AXIS2_PLACEMENT_3D('',#8750,#8751,#8752);
#8750 = CARTESIAN_POINT('',(0.,0.,-207.8993182949));
#8751 = DIRECTION('',(0.,0.,1.));
#8752 = DIRECTION('',(1.,0.,-0.));
#8753 = PCURVE('',#8651,#8754);
#8754 = DEFINITIONAL_REPRESENTATION('',(#8755),#8759);
#8755 = LINE('',#8756,#8757);
#8756 = CARTESIAN_POINT('',(-0.,-0.));
#8757 = VECTOR('',#8758,1.);
#8758 = DIRECTION('',(-1.,-0.));
#8759 = ( GEOMETRIC_REPRESENTATION_CONTEXT(2) 
PARAMETRIC_REPRESENTATION_CONTEXT() REPRESENTATION_CONTEXT('2D SPACE',''
  ) );
#8760 = PCURVE('',#8761,#8766);
#8761 = CONICAL_SURFACE('',#8762,73.830574129942,0.423618420621);
#8762 = AXIS2_PLACEMENT_3D('',#8763,#8764,#8765);
#8763 = CARTESIAN_POINT('',(0.,0.,-209.9521118889));
#8764 = DIRECTION('',(-0.,-0.,-1.));
#8765 = DIRECTION('',(1.,0.,-0.));
#8766 = DEFINITIONAL_REPRESENTATION('',(#8767),#8771);
#8767 = LINE('',#8768,#8769);
#8768 = CARTESIAN_POINT('',(-0.,-2.052793594026));
#8769 = VECTOR('',#8770,1.);
#8770 = DIRECTION('',(-1.,-0.));
#8771 = ( GEOMETRIC_REPRESENTATION_CONTEXT(2) 
PARAMETRIC_REPRESENTATION_CONTEXT() REPRESENTATION_CONTEXT('2D SPACE',''
  ) );
#8772 = ORIENTED_EDGE('',*,*,#8773,.T.);
#8773 = EDGE_CURVE('',#8745,#8635,#8774,.T.);
#8774 = SEAM_CURVE('',#8775,(#8779,#8786),.PCURVE_S1.);
#8775 = LINE('',#8776,#8777);
#8776 = CARTESIAN_POINT('',(72.904929220181,0.,-207.8993182949));
#8777 = VECTOR('',#8778,1.);
#8778 = DIRECTION('',(-0.405509183132,0.,0.914090970525));
#8779 = PCURVE('',#8651,#8780);
#8780 = DEFINITIONAL_REPRESENTATION('',(#8781),#8785);
#8781 = LINE('',#8782,#8783);
#8782 = CARTESIAN_POINT('',(-0.,-0.));
#8783 = VECTOR('',#8784,1.);
#8784 = DIRECTION('',(-0.,-1.));
#8785 = ( GEOMETRIC_REPRESENTATION_CONTEXT(2) 
PARAMETRIC_REPRESENTATION_CONTEXT() REPRESENTATION_CONTEXT('2D SPACE',''
  ) );
#8786 = PCURVE('',#8651,#8787);
#8787 = DEFINITIONAL_REPRESENTATION('',(#8788),#8792);
#8788 = LINE('',#8789,#8790);
#8789 = CARTESIAN_POINT('',(-6.28318530718,-0.));
#8790 = VECTOR('',#8791,1.);
#8791 = DIRECTION('',(-0.,-1.));
#8792 = ( GEOMETRIC_REPRESENTATION_CONTEXT(2) 
PARAMETRIC_REPRESENTATION_CONTEXT() REPRESENTATION_CONTEXT('2D SPACE',''
  ) );
#8793 = ORIENTED_EDGE('',*,*,#8634,.F.);
#8794 = ORIENTED_EDGE('',*,*,#8773,.F.);
#8795 = ADVANCED_FACE('',(#8796),#8728,.F.);
#8796 = FACE_BOUND('',#8797,.T.);
#8797 = EDGE_LOOP('',(#8798,#8799,#8822,#8849));
#8798 = ORIENTED_EDGE('',*,*,#8713,.T.);
#8799 = ORIENTED_EDGE('',*,*,#8800,.T.);
#8800 = EDGE_CURVE('',#8691,#8801,#8803,.T.);
#8801 = VERTEX_POINT('',#8802);
#8802 = CARTESIAN_POINT('',(68.402306697609,0.,-207.3959599601));
#8803 = SEAM_CURVE('',#8804,(#8808,#8815),.PCURVE_S1.);
#8804 = LINE('',#8805,#8806);
#8805 = CARTESIAN_POINT('',(67.460222888834,0.,-205.3783714558));
#8806 = VECTOR('',#8807,1.);
#8807 = DIRECTION('',(0.423085522154,0.,-0.906089753249));
#8808 = PCURVE('',#8728,#8809);
#8809 = DEFINITIONAL_REPRESENTATION('',(#8810),#8814);
#8810 = LINE('',#8811,#8812);
#8811 = CARTESIAN_POINT('',(-0.,0.));
#8812 = VECTOR('',#8813,1.);
#8813 = DIRECTION('',(-0.,1.));
#8814 = ( GEOMETRIC_REPRESENTATION_CONTEXT(2) 
PARAMETRIC_REPRESENTATION_CONTEXT() REPRESENTATION_CONTEXT('2D SPACE',''
  ) );
#8815 = PCURVE('',#8728,#8816);
#8816 = DEFINITIONAL_REPRESENTATION('',(#8817),#8821);
#8817 = LINE('',#8818,#8819);
#8818 = CARTESIAN_POINT('',(-6.28318530718,0.));
#8819 = VECTOR('',#8820,1.);
#8820 = DIRECTION('',(-0.,1.));
#8821 = ( GEOMETRIC_REPRESENTATION_CONTEXT(2) 
PARAMETRIC_REPRESENTATION_CONTEXT() REPRESENTATION_CONTEXT('2D SPACE',''
  ) );
#8822 = ORIENTED_EDGE('',*,*,#8823,.F.);
#8823 = EDGE_CURVE('',#8801,#8801,#8824,.T.);
#8824 = SURFACE_CURVE('',#8825,(#8830,#8837),.PCURVE_S1.);
#8825 = CIRCLE('',#8826,68.402306697609);
#8826 = AXIS2_PLACEMENT_3D('',#8827,#8828,#8829);
#8827 = CARTESIAN_POINT('',(0.,0.,-207.3959599601));
#8828 = DIRECTION('',(0.,0.,1.));
#8829 = DIRECTION('',(1.,0.,-0.));
#8830 = PCURVE('',#8728,#8831);
#8831 = DEFINITIONAL_REPRESENTATION('',(#8832),#8836);
#8832 = LINE('',#8833,#8834);
#8833 = CARTESIAN_POINT('',(-0.,2.017588504298));
#8834 = VECTOR('',#8835,1.);
#8835 = DIRECTION('',(-1.,0.));
#8836 = ( GEOMETRIC_REPRESENTATION_CONTEXT(2) 
PARAMETRIC_REPRESENTATION_CONTEXT() REPRESENTATION_CONTEXT('2D SPACE',''
  ) );
#8837 = PCURVE('',#8838,#8843);
#8838 = CONICAL_SURFACE('',#8839,68.402306697609,0.44335384886);
#8839 = AXIS2_PLACEMENT_3D('',#8840,#8841,#8842);
#8840 = CARTESIAN_POINT('',(0.,0.,-207.3959599601));
#8841 = DIRECTION('',(-0.,-0.,-1.));
#8842 = DIRECTION('',(1.,0.,0.));
#8843 = DEFINITIONAL_REPRESENTATION('',(#8844),#8848);
#8844 = LINE('',#8845,#8846);
#8845 = CARTESIAN_POINT('',(-0.,0.));
#8846 = VECTOR('',#8847,1.);
#8847 = DIRECTION('',(-1.,0.));
#8848 = ( GEOMETRIC_REPRESENTATION_CONTEXT(2) 
PARAMETRIC_REPRESENTATION_CONTEXT() REPRESENTATION_CONTEXT('2D SPACE',''
  ) );
#8849 = ORIENTED_EDGE('',*,*,#8800,.F.);
#8850 = ADVANCED_FACE('',(#8851),#8761,.T.);
#8851 = FACE_BOUND('',#8852,.T.);
#8852 = EDGE_LOOP('',(#8853,#8882,#8903,#8904));
#8853 = ORIENTED_EDGE('',*,*,#8854,.T.);
#8854 = EDGE_CURVE('',#8855,#8855,#8857,.T.);
#8855 = VERTEX_POINT('',#8856);
#8856 = CARTESIAN_POINT('',(73.830574129942,0.,-209.9521118889));
#8857 = SURFACE_CURVE('',#8858,(#8863,#8870),.PCURVE_S1.);
#8858 = CIRCLE('',#8859,73.830574129942);
#8859 = AXIS2_PLACEMENT_3D('',#8860,#8861,#8862);
#8860 = CARTESIAN_POINT('',(0.,0.,-209.9521118889));
#8861 = DIRECTION('',(0.,0.,1.));
#8862 = DIRECTION('',(1.,0.,-0.));
#8863 = PCURVE('',#8761,#8864);
#8864 = DEFINITIONAL_REPRESENTATION('',(#8865),#8869);
#8865 = LINE('',#8866,#8867);
#8866 = CARTESIAN_POINT('',(-0.,-0.));
#8867 = VECTOR('',#8868,1.);
#8868 = DIRECTION('',(-1.,-0.));
#8869 = ( GEOMETRIC_REPRESENTATION_CONTEXT(2) 
PARAMETRIC_REPRESENTATION_CONTEXT() REPRESENTATION_CONTEXT('2D SPACE',''
  ) );
#8870 = PCURVE('',#8871,#8876);
#8871 = CONICAL_SURFACE('',#8872,74.761740958102,0.429753888769);
#8872 = AXIS2_PLACEMENT_3D('',#8873,#8874,#8875);
#8873 = CARTESIAN_POINT('',(0.,0.,-211.98379361));
#8874 = DIRECTION('',(-0.,-0.,-1.));
#8875 = DIRECTION('',(1.,0.,-0.));
#8876 = DEFINITIONAL_REPRESENTATION('',(#8877),#8881);
#8877 = LINE('',#8878,#8879);
#8878 = CARTESIAN_POINT('',(-0.,-2.031681721088));
#8879 = VECTOR('',#8880,1.);
#8880 = DIRECTION('',(-1.,-0.));
#8881 = ( GEOMETRIC_REPRESENTATION_CONTEXT(2) 
PARAMETRIC_REPRESENTATION_CONTEXT() REPRESENTATION_CONTEXT('2D SPACE',''
  ) );
#8882 = ORIENTED_EDGE('',*,*,#8883,.T.);
#8883 = EDGE_CURVE('',#8855,#8745,#8884,.T.);
#8884 = SEAM_CURVE('',#8885,(#8889,#8896),.PCURVE_S1.);
#8885 = LINE('',#8886,#8887);
#8886 = CARTESIAN_POINT('',(73.830574129942,0.,-209.9521118889));
#8887 = VECTOR('',#8888,1.);
#8888 = DIRECTION('',(-0.411061716306,0.,0.911607517185));
#8889 = PCURVE('',#8761,#8890);
#8890 = DEFINITIONAL_REPRESENTATION('',(#8891),#8895);
#8891 = LINE('',#8892,#8893);
#8892 = CARTESIAN_POINT('',(-0.,-0.));
#8893 = VECTOR('',#8894,1.);
#8894 = DIRECTION('',(-0.,-1.));
#8895 = ( GEOMETRIC_REPRESENTATION_CONTEXT(2) 
PARAMETRIC_REPRESENTATION_CONTEXT() REPRESENTATION_CONTEXT('2D SPACE',''
  ) );
#8896 = PCURVE('',#8761,#8897);
#8897 = DEFINITIONAL_REPRESENTATION('',(#8898),#8902);
#8898 = LINE('',#8899,#8900);
#8899 = CARTESIAN_POINT('',(-6.28318530718,-0.));
#8900 = VECTOR('',#8901,1.);
#8901 = DIRECTION('',(-0.,-1.));
#8902 = ( GEOMETRIC_REPRESENTATION_CONTEXT(2) 
PARAMETRIC_REPRESENTATION_CONTEXT() REPRESENTATION_CONTEXT('2D SPACE',''
  ) );
#8903 = ORIENTED_EDGE('',*,*,#8744,.F.);
#8904 = ORIENTED_EDGE('',*,*,#8883,.F.);
#8905 = ADVANCED_FACE('',(#8906),#8838,.F.);
#8906 = FACE_BOUND('',#8907,.T.);
#8907 = EDGE_LOOP('',(#8908,#8909,#8932,#8959));
#8908 = ORIENTED_EDGE('',*,*,#8823,.T.);
#8909 = ORIENTED_EDGE('',*,*,#8910,.T.);
#8910 = EDGE_CURVE('',#8801,#8911,#8913,.T.);
#8911 = VERTEX_POINT('',#8912);
#8912 = CARTESIAN_POINT('',(69.350297084384,0.,-209.3922158663));
#8913 = SEAM_CURVE('',#8914,(#8918,#8925),.PCURVE_S1.);
#8914 = LINE('',#8915,#8916);
#8915 = CARTESIAN_POINT('',(68.402306697609,0.,-207.3959599601));
#8916 = VECTOR('',#8917,1.);
#8917 = DIRECTION('',(0.428971464166,0.,-0.903318040853));
#8918 = PCURVE('',#8838,#8919);
#8919 = DEFINITIONAL_REPRESENTATION('',(#8920),#8924);
#8920 = LINE('',#8921,#8922);
#8921 = CARTESIAN_POINT('',(-0.,0.));
#8922 = VECTOR('',#8923,1.);
#8923 = DIRECTION('',(-0.,1.));
#8924 = ( GEOMETRIC_REPRESENTATION_CONTEXT(2) 
PARAMETRIC_REPRESENTATION_CONTEXT() REPRESENTATION_CONTEXT('2D SPACE',''
  ) );
#8925 = PCURVE('',#8838,#8926);
#8926 = DEFINITIONAL_REPRESENTATION('',(#8927),#8931);
#8927 = LINE('',#8928,#8929);
#8928 = CARTESIAN_POINT('',(-6.28318530718,0.));
#8929 = VECTOR('',#8930,1.);
#8930 = DIRECTION('',(-0.,1.));
#8931 = ( GEOMETRIC_REPRESENTATION_CONTEXT(2) 
PARAMETRIC_REPRESENTATION_CONTEXT() REPRESENTATION_CONTEXT('2D SPACE',''
  ) );
#8932 = ORIENTED_EDGE('',*,*,#8933,.F.);
#8933 = EDGE_CURVE('',#8911,#8911,#8934,.T.);
#8934 = SURFACE_CURVE('',#8935,(#8940,#8947),.PCURVE_S1.);
#8935 = CIRCLE('',#8936,69.350297084384);
#8936 = AXIS2_PLACEMENT_3D('',#8937,#8938,#8939);
#8937 = CARTESIAN_POINT('',(0.,0.,-209.3922158663));
#8938 = DIRECTION('',(0.,0.,1.));
#8939 = DIRECTION('',(1.,0.,-0.));
#8940 = PCURVE('',#8838,#8941);
#8941 = DEFINITIONAL_REPRESENTATION('',(#8942),#8946);
#8942 = LINE('',#8943,#8944);
#8943 = CARTESIAN_POINT('',(-0.,1.996255906191));
#8944 = VECTOR('',#8945,1.);
#8945 = DIRECTION('',(-1.,0.));
#8946 = ( GEOMETRIC_REPRESENTATION_CONTEXT(2) 
PARAMETRIC_REPRESENTATION_CONTEXT() REPRESENTATION_CONTEXT('2D SPACE',''
  ) );
#8947 = PCURVE('',#8948,#8953);
#8948 = CONICAL_SURFACE('',#8949,69.350297084384,0.449920648446);
#8949 = AXIS2_PLACEMENT_3D('',#8950,#8951,#8952);
#8950 = CARTESIAN_POINT('',(0.,0.,-209.3922158663));
#8951 = DIRECTION('',(-0.,-0.,-1.));
#8952 = DIRECTION('',(1.,0.,0.));
#8953 = DEFINITIONAL_REPRESENTATION('',(#8954),#8958);
#8954 = LINE('',#8955,#8956);
#8955 = CARTESIAN_POINT('',(-0.,0.));
#8956 = VECTOR('',#8957,1.);
#8957 = DIRECTION('',(-1.,0.));
#8958 = ( GEOMETRIC_REPRESENTATION_CONTEXT(2) 
PARAMETRIC_REPRESENTATION_CONTEXT() REPRESENTATION_CONTEXT('2D SPACE',''
  ) );
#8959 = ORIENTED_EDGE('',*,*,#8910,.F.);
#8960 = ADVANCED_FACE('',(#8961),#8871,.T.);
#8961 = FACE_BOUND('',#8962,.T.);
#8962 = EDGE_LOOP('',(#8963,#8992,#9013,#9014));
#8963 = ORIENTED_EDGE('',*,*,#8964,.T.);
#8964 = EDGE_CURVE('',#8965,#8965,#8967,.T.);
#8965 = VERTEX_POINT('',#8966);
#8966 = CARTESIAN_POINT('',(74.761740958102,0.,-211.98379361));
#8967 = SURFACE_CURVE('',#8968,(#8973,#8980),.PCURVE_S1.);
#8968 = CIRCLE('',#8969,74.761740958102);
#8969 = AXIS2_PLACEMENT_3D('',#8970,#8971,#8972);
#8970 = CARTESIAN_POINT('',(0.,0.,-211.98379361));
#8971 = DIRECTION('',(0.,0.,1.));
#8972 = DIRECTION('',(1.,0.,-0.));
#8973 = PCURVE('',#8871,#8974);
#8974 = DEFINITIONAL_REPRESENTATION('',(#8975),#8979);
#8975 = LINE('',#8976,#8977);
#8976 = CARTESIAN_POINT('',(-0.,-0.));
#8977 = VECTOR('',#8978,1.);
#8978 = DIRECTION('',(-1.,-0.));
#8979 = ( GEOMETRIC_REPRESENTATION_CONTEXT(2) 
PARAMETRIC_REPRESENTATION_CONTEXT() REPRESENTATION_CONTEXT('2D SPACE',''
  ) );
#8980 = PCURVE('',#8981,#8986);
#8981 = CONICAL_SURFACE('',#8982,75.698385847574,0.435942690365);
#8982 = AXIS2_PLACEMENT_3D('',#8983,#8984,#8985);
#8983 = CARTESIAN_POINT('',(0.,0.,-213.9944800216));
#8984 = DIRECTION('',(-0.,-0.,-1.));
#8985 = DIRECTION('',(1.,0.,-0.));
#8986 = DEFINITIONAL_REPRESENTATION('',(#8987),#8991);
#8987 = LINE('',#8988,#8989);
#8988 = CARTESIAN_POINT('',(-0.,-2.010686411564));
#8989 = VECTOR('',#8990,1.);
#8990 = DIRECTION('',(-1.,-0.));
#8991 = ( GEOMETRIC_REPRESENTATION_CONTEXT(2) 
PARAMETRIC_REPRESENTATION_CONTEXT() REPRESENTATION_CONTEXT('2D SPACE',''
  ) );
#8992 = ORIENTED_EDGE('',*,*,#8993,.T.);
#8993 = EDGE_CURVE('',#8965,#8855,#8994,.T.);
#8994 = SEAM_CURVE('',#8995,(#8999,#9006),.PCURVE_S1.);
#8995 = LINE('',#8996,#8997);
#8996 = CARTESIAN_POINT('',(74.761740958102,0.,-211.98379361));
#8997 = VECTOR('',#8998,1.);
#8998 = DIRECTION('',(-0.416647083127,0.,0.909068318732));
#8999 = PCURVE('',#8871,#9000);
#9000 = DEFINITIONAL_REPRESENTATION('',(#9001),#9005);
#9001 = LINE('',#9002,#9003);
#9002 = CARTESIAN_POINT('',(-0.,-0.));
#9003 = VECTOR('',#9004,1.);
#9004 = DIRECTION('',(-0.,-1.));
#9005 = ( GEOMETRIC_REPRESENTATION_CONTEXT(2) 
PARAMETRIC_REPRESENTATION_CONTEXT() REPRESENTATION_CONTEXT('2D SPACE',''
  ) );
#9006 = PCURVE('',#8871,#9007);
#9007 = DEFINITIONAL_REPRESENTATION('',(#9008),#9012);
#9008 = LINE('',#9009,#9010);
#9009 = CARTESIAN_POINT('',(-6.28318530718,-0.));
#9010 = VECTOR('',#9011,1.);
#9011 = DIRECTION('',(-0.,-1.));
#9012 = ( GEOMETRIC_REPRESENTATION_CONTEXT(2) 
PARAMETRIC_REPRESENTATION_CONTEXT() REPRESENTATION_CONTEXT('2D SPACE',''
  ) );
#9013 = ORIENTED_EDGE('',*,*,#8854,.F.);
#9014 = ORIENTED_EDGE('',*,*,#8993,.F.);
#9015 = ADVANCED_FACE('',(#9016),#8948,.F.);
#9016 = FACE_BOUND('',#9017,.T.);
#9017 = EDGE_LOOP('',(#9018,#9019,#9042,#9069));
#9018 = ORIENTED_EDGE('',*,*,#8933,.T.);
#9019 = ORIENTED_EDGE('',*,*,#9020,.T.);
#9020 = EDGE_CURVE('',#8911,#9021,#9023,.T.);
#9021 = VERTEX_POINT('',#9022);
#9022 = CARTESIAN_POINT('',(70.304157474161,0.,-211.3672571046));
#9023 = SEAM_CURVE('',#9024,(#9028,#9035),.PCURVE_S1.);
#9024 = LINE('',#9025,#9026);
#9025 = CARTESIAN_POINT('',(69.350297084384,0.,-209.3922158663));
#9026 = VECTOR('',#9027,1.);
#9027 = DIRECTION('',(0.434894080865,0.,-0.900481614709));
#9028 = PCURVE('',#8948,#9029);
#9029 = DEFINITIONAL_REPRESENTATION('',(#9030),#9034);
#9030 = LINE('',#9031,#9032);
#9031 = CARTESIAN_POINT('',(-0.,0.));
#9032 = VECTOR('',#9033,1.);
#9033 = DIRECTION('',(-0.,1.));
#9034 = ( GEOMETRIC_REPRESENTATION_CONTEXT(2) 
PARAMETRIC_REPRESENTATION_CONTEXT() REPRESENTATION_CONTEXT('2D SPACE',''
  ) );
#9035 = PCURVE('',#8948,#9036);
#9036 = DEFINITIONAL_REPRESENTATION('',(#9037),#9041);
#9037 = LINE('',#9038,#9039);
#9038 = CARTESIAN_POINT('',(-6.28318530718,0.));
#9039 = VECTOR('',#9040,1.);
#9040 = DIRECTION('',(-0.,1.));
#9041 = ( GEOMETRIC_REPRESENTATION_CONTEXT(2) 
PARAMETRIC_REPRESENTATION_CONTEXT() REPRESENTATION_CONTEXT('2D SPACE',''
  ) );
#9042 = ORIENTED_EDGE('',*,*,#9043,.F.);
#9043 = EDGE_CURVE('',#9021,#9021,#9044,.T.);
#9044 = SURFACE_CURVE('',#9045,(#9050,#9057),.PCURVE_S1.);
#9045 = CIRCLE('',#9046,70.304157474161);
#9046 = AXIS2_PLACEMENT_3D('',#9047,#9048,#9049);
#9047 = CARTESIAN_POINT('',(0.,0.,-211.3672571046));
#9048 = DIRECTION('',(0.,0.,1.));
#9049 = DIRECTION('',(1.,0.,-0.));
#9050 = PCURVE('',#8948,#9051);
#9051 = DEFINITIONAL_REPRESENTATION('',(#9052),#9056);
#9052 = LINE('',#9053,#9054);
#9053 = CARTESIAN_POINT('',(-0.,1.975041238282));
#9054 = VECTOR('',#9055,1.);
#9055 = DIRECTION('',(-1.,0.));
#9056 = ( GEOMETRIC_REPRESENTATION_CONTEXT(2) 
PARAMETRIC_REPRESENTATION_CONTEXT() REPRESENTATION_CONTEXT('2D SPACE',''
  ) );
#9057 = PCURVE('',#9058,#9063);
#9058 = CONICAL_SURFACE('',#9059,70.304157474161,0.456548948965);
#9059 = AXIS2_PLACEMENT_3D('',#9060,#9061,#9062);
#9060 = CARTESIAN_POINT('',(0.,0.,-211.3672571046));
#9061 = DIRECTION('',(-0.,-0.,-1.));
#9062 = DIRECTION('',(1.,0.,0.));
#9063 = DEFINITIONAL_REPRESENTATION('',(#9064),#9068);
#9064 = LINE('',#9065,#9066);
#9065 = CARTESIAN_POINT('',(-0.,0.));
#9066 = VECTOR('',#9067,1.);
#9067 = DIRECTION('',(-1.,0.));
#9068 = ( GEOMETRIC_REPRESENTATION_CONTEXT(2) 
PARAMETRIC_REPRESENTATION_CONTEXT() REPRESENTATION_CONTEXT('2D SPACE',''
  ) );
#9069 = ORIENTED_EDGE('',*,*,#9020,.F.);
#9070 = ADVANCED_FACE('',(#9071),#8981,.T.);
#9071 = FACE_BOUND('',#9072,.T.);
#9072 = EDGE_LOOP('',(#9073,#9102,#9123,#9124));
#9073 = ORIENTED_EDGE('',*,*,#9074,.T.);
#9074 = EDGE_CURVE('',#9075,#9075,#9077,.T.);
#9075 = VERTEX_POINT('',#9076);
#9076 = CARTESIAN_POINT('',(75.698385847574,0.,-213.9944800216));
#9077 = SURFACE_CURVE('',#9078,(#9083,#9090),.PCURVE_S1.);
#9078 = CIRCLE('',#9079,75.698385847574);
#9079 = AXIS2_PLACEMENT_3D('',#9080,#9081,#9082);
#9080 = CARTESIAN_POINT('',(0.,0.,-213.9944800216));
#9081 = DIRECTION('',(0.,0.,1.));
#9082 = DIRECTION('',(1.,0.,-0.));
#9083 = PCURVE('',#8981,#9084);
#9084 = DEFINITIONAL_REPRESENTATION('',(#9085),#9089);
#9085 = LINE('',#9086,#9087);
#9086 = CARTESIAN_POINT('',(-0.,-0.));
#9087 = VECTOR('',#9088,1.);
#9088 = DIRECTION('',(-1.,-0.));
#9089 = ( GEOMETRIC_REPRESENTATION_CONTEXT(2) 
PARAMETRIC_REPRESENTATION_CONTEXT() REPRESENTATION_CONTEXT('2D SPACE',''
  ) );
#9090 = PCURVE('',#9091,#9096);
#9091 = CONICAL_SURFACE('',#9092,76.640465431355,0.442185343002);
#9092 = AXIS2_PLACEMENT_3D('',#9093,#9094,#9095);
#9093 = CARTESIAN_POINT('',(0.,0.,-215.9842860668));
#9094 = DIRECTION('',(-0.,-0.,-1.));
#9095 = DIRECTION('',(1.,0.,-0.));
#9096 = DEFINITIONAL_REPRESENTATION('',(#9097),#9101);
#9097 = LINE('',#9098,#9099);
#9098 = CARTESIAN_POINT('',(-0.,-1.989806045274));
#9099 = VECTOR('',#9100,1.);
#9100 = DIRECTION('',(-1.,-0.));
#9101 = ( GEOMETRIC_REPRESENTATION_CONTEXT(2) 
PARAMETRIC_REPRESENTATION_CONTEXT() REPRESENTATION_CONTEXT('2D SPACE',''
  ) );
#9102 = ORIENTED_EDGE('',*,*,#9103,.T.);
#9103 = EDGE_CURVE('',#9075,#8965,#9104,.T.);
#9104 = SEAM_CURVE('',#9105,(#9109,#9116),.PCURVE_S1.);
#9105 = LINE('',#9106,#9107);
#9106 = CARTESIAN_POINT('',(75.698385847574,0.,-213.9944800216));
#9107 = VECTOR('',#9108,1.);
#9108 = DIRECTION('',(-0.422265111645,0.,0.906472379881));
#9109 = PCURVE('',#8981,#9110);
#9110 = DEFINITIONAL_REPRESENTATION('',(#9111),#9115);
#9111 = LINE('',#9112,#9113);
#9112 = CARTESIAN_POINT('',(-0.,-0.));
#9113 = VECTOR('',#9114,1.);
#9114 = DIRECTION('',(-0.,-1.));
#9115 = ( GEOMETRIC_REPRESENTATION_CONTEXT(2) 
PARAMETRIC_REPRESENTATION_CONTEXT() REPRESENTATION_CONTEXT('2D SPACE',''
  ) );
#9116 = PCURVE('',#8981,#9117);
#9117 = DEFINITIONAL_REPRESENTATION('',(#9118),#9122);
#9118 = LINE('',#9119,#9120);
#9119 = CARTESIAN_POINT('',(-6.28318530718,-0.));
#9120 = VECTOR('',#9121,1.);
#9121 = DIRECTION('',(-0.,-1.));
#9122 = ( GEOMETRIC_REPRESENTATION_CONTEXT(2) 
PARAMETRIC_REPRESENTATION_CONTEXT() REPRESENTATION_CONTEXT('2D SPACE',''
  ) );
#9123 = ORIENTED_EDGE('',*,*,#8964,.F.);
#9124 = ORIENTED_EDGE('',*,*,#9103,.F.);
#9125 = ADVANCED_FACE('',(#9126),#9058,.F.);
#9126 = FACE_BOUND('',#9127,.T.);
#9127 = EDGE_LOOP('',(#9128,#9129,#9152,#9179));
#9128 = ORIENTED_EDGE('',*,*,#9043,.T.);
#9129 = ORIENTED_EDGE('',*,*,#9130,.T.);
#9130 = EDGE_CURVE('',#9021,#9131,#9133,.T.);
#9131 = VERTEX_POINT('',#9132);
#9132 = CARTESIAN_POINT('',(71.263851963098,0.,-213.3211999599));
#9133 = SEAM_CURVE('',#9134,(#9138,#9145),.PCURVE_S1.);
#9134 = LINE('',#9135,#9136);
#9135 = CARTESIAN_POINT('',(70.304157474161,0.,-211.3672571046));
#9136 = VECTOR('',#9137,1.);
#9137 = DIRECTION('',(0.440853146551,0.,-0.897579246182));
#9138 = PCURVE('',#9058,#9139);
#9139 = DEFINITIONAL_REPRESENTATION('',(#9140),#9144);
#9140 = LINE('',#9141,#9142);
#9141 = CARTESIAN_POINT('',(-0.,0.));
#9142 = VECTOR('',#9143,1.);
#9143 = DIRECTION('',(-0.,1.));
#9144 = ( GEOMETRIC_REPRESENTATION_CONTEXT(2) 
PARAMETRIC_REPRESENTATION_CONTEXT() REPRESENTATION_CONTEXT('2D SPACE',''
  ) );
#9145 = PCURVE('',#9058,#9146);
#9146 = DEFINITIONAL_REPRESENTATION('',(#9147),#9151);
#9147 = LINE('',#9148,#9149);
#9148 = CARTESIAN_POINT('',(-6.28318530718,0.));
#9149 = VECTOR('',#9150,1.);
#9150 = DIRECTION('',(-0.,1.));
#9151 = ( GEOMETRIC_REPRESENTATION_CONTEXT(2) 
PARAMETRIC_REPRESENTATION_CONTEXT() REPRESENTATION_CONTEXT('2D SPACE',''
  ) );
#9152 = ORIENTED_EDGE('',*,*,#9153,.F.);
#9153 = EDGE_CURVE('',#9131,#9131,#9154,.T.);
#9154 = SURFACE_CURVE('',#9155,(#9160,#9167),.PCURVE_S1.);
#9155 = CIRCLE('',#9156,71.263851963098);
#9156 = AXIS2_PLACEMENT_3D('',#9157,#9158,#9159);
#9157 = CARTESIAN_POINT('',(0.,0.,-213.3211999599));
#9158 = DIRECTION('',(0.,0.,1.));
#9159 = DIRECTION('',(1.,0.,-0.));
#9160 = PCURVE('',#9058,#9161);
#9161 = DEFINITIONAL_REPRESENTATION('',(#9162),#9166);
#9162 = LINE('',#9163,#9164);
#9163 = CARTESIAN_POINT('',(-0.,1.953942855312));
#9164 = VECTOR('',#9165,1.);
#9165 = DIRECTION('',(-1.,0.));
#9166 = ( GEOMETRIC_REPRESENTATION_CONTEXT(2) 
PARAMETRIC_REPRESENTATION_CONTEXT() REPRESENTATION_CONTEXT('2D SPACE',''
  ) );
#9167 = PCURVE('',#9168,#9173);
#9168 = CONICAL_SURFACE('',#9169,71.263851963098,0.46323939399);
#9169 = AXIS2_PLACEMENT_3D('',#9170,#9171,#9172);
#9170 = CARTESIAN_POINT('',(0.,0.,-213.3211999599));
#9171 = DIRECTION('',(-0.,-0.,-1.));
#9172 = DIRECTION('',(1.,0.,0.));
#9173 = DEFINITIONAL_REPRESENTATION('',(#9174),#9178);
#9174 = LINE('',#9175,#9176);
#9175 = CARTESIAN_POINT('',(-0.,0.));
#9176 = VECTOR('',#9177,1.);
#9177 = DIRECTION('',(-1.,0.));
#9178 = ( GEOMETRIC_REPRESENTATION_CONTEXT(2) 
PARAMETRIC_REPRESENTATION_CONTEXT() REPRESENTATION_CONTEXT('2D SPACE',''
  ) );
#9179 = ORIENTED_EDGE('',*,*,#9130,.F.);
#9180 = ADVANCED_FACE('',(#9181),#9091,.T.);
#9181 = FACE_BOUND('',#9182,.T.);
#9182 = EDGE_LOOP('',(#9183,#9212,#9233,#9234));
#9183 = ORIENTED_EDGE('',*,*,#9184,.T.);
#9184 = EDGE_CURVE('',#9185,#9185,#9187,.T.);
#9185 = VERTEX_POINT('',#9186);
#9186 = CARTESIAN_POINT('',(76.640465431355,0.,-215.9842860668));
#9187 = SURFACE_CURVE('',#9188,(#9193,#9200),.PCURVE_S1.);
#9188 = CIRCLE('',#9189,76.640465431355);
#9189 = AXIS2_PLACEMENT_3D('',#9190,#9191,#9192);
#9190 = CARTESIAN_POINT('',(0.,0.,-215.9842860668));
#9191 = DIRECTION('',(0.,0.,1.));
#9192 = DIRECTION('',(1.,0.,-0.));
#9193 = PCURVE('',#9091,#9194);
#9194 = DEFINITIONAL_REPRESENTATION('',(#9195),#9199);
#9195 = LINE('',#9196,#9197);
#9196 = CARTESIAN_POINT('',(-0.,-0.));
#9197 = VECTOR('',#9198,1.);
#9198 = DIRECTION('',(-1.,-0.));
#9199 = ( GEOMETRIC_REPRESENTATION_CONTEXT(2) 
PARAMETRIC_REPRESENTATION_CONTEXT() REPRESENTATION_CONTEXT('2D SPACE',''
  ) );
#9200 = PCURVE('',#9201,#9206);
#9201 = CONICAL_SURFACE('',#9202,77.587936803928,0.448482396523);
#9202 = AXIS2_PLACEMENT_3D('',#9203,#9204,#9205);
#9203 = CARTESIAN_POINT('',(0.,0.,-217.953324881));
#9204 = DIRECTION('',(-0.,-0.,-1.));
#9205 = DIRECTION('',(1.,0.,-0.));
#9206 = DEFINITIONAL_REPRESENTATION('',(#9207),#9211);
#9207 = LINE('',#9208,#9209);
#9208 = CARTESIAN_POINT('',(-0.,-1.969038814196));
#9209 = VECTOR('',#9210,1.);
#9210 = DIRECTION('',(-1.,-0.));
#9211 = ( GEOMETRIC_REPRESENTATION_CONTEXT(2) 
PARAMETRIC_REPRESENTATION_CONTEXT() REPRESENTATION_CONTEXT('2D SPACE',''
  ) );
#9212 = ORIENTED_EDGE('',*,*,#9213,.T.);
#9213 = EDGE_CURVE('',#9185,#9075,#9214,.T.);
#9214 = SEAM_CURVE('',#9215,(#9219,#9226),.PCURVE_S1.);
#9215 = LINE('',#9216,#9217);
#9216 = CARTESIAN_POINT('',(76.640465431355,0.,-215.9842860668));
#9217 = VECTOR('',#9218,1.);
#9218 = DIRECTION('',(-0.427915639124,0.,0.90381867971));
#9219 = PCURVE('',#9091,#9220);
#9220 = DEFINITIONAL_REPRESENTATION('',(#9221),#9225);
#9221 = LINE('',#9222,#9223);
#9222 = CARTESIAN_POINT('',(-0.,-0.));
#9223 = VECTOR('',#9224,1.);
#9224 = DIRECTION('',(-0.,-1.));
#9225 = ( GEOMETRIC_REPRESENTATION_CONTEXT(2) 
PARAMETRIC_REPRESENTATION_CONTEXT() REPRESENTATION_CONTEXT('2D SPACE',''
  ) );
#9226 = PCURVE('',#9091,#9227);
#9227 = DEFINITIONAL_REPRESENTATION('',(#9228),#9232);
#9228 = LINE('',#9229,#9230);
#9229 = CARTESIAN_POINT('',(-6.28318530718,-0.));
#9230 = VECTOR('',#9231,1.);
#9231 = DIRECTION('',(-0.,-1.));
#9232 = ( GEOMETRIC_REPRESENTATION_CONTEXT(2) 
PARAMETRIC_REPRESENTATION_CONTEXT() REPRESENTATION_CONTEXT('2D SPACE',''
  ) );
#9233 = ORIENTED_EDGE('',*,*,#9074,.F.);
#9234 = ORIENTED_EDGE('',*,*,#9213,.F.);
#9235 = ADVANCED_FACE('',(#9236),#9168,.F.);
#9236 = FACE_BOUND('',#9237,.T.);
#9237 = EDGE_LOOP('',(#9238,#9239,#9262,#9289));
#9238 = ORIENTED_EDGE('',*,*,#9153,.T.);
#9239 = ORIENTED_EDGE('',*,*,#9240,.T.);
#9240 = EDGE_CURVE('',#9131,#9241,#9243,.T.);
#9241 = VERTEX_POINT('',#9242);
#9242 = CARTESIAN_POINT('',(72.229345298226,0.,-215.2541588848));
#9243 = SEAM_CURVE('',#9244,(#9248,#9255),.PCURVE_S1.);
#9244 = LINE('',#9245,#9246);
#9245 = CARTESIAN_POINT('',(71.263851963098,0.,-213.3211999599));
#9246 = VECTOR('',#9247,1.);
#9247 = DIRECTION('',(0.446848439643,0.,-0.894609675774));
#9248 = PCURVE('',#9168,#9249);
#9249 = DEFINITIONAL_REPRESENTATION('',(#9250),#9254);
#9250 = LINE('',#9251,#9252);
#9251 = CARTESIAN_POINT('',(-0.,0.));
#9252 = VECTOR('',#9253,1.);
#9253 = DIRECTION('',(-0.,1.));
#9254 = ( GEOMETRIC_REPRESENTATION_CONTEXT(2) 
PARAMETRIC_REPRESENTATION_CONTEXT() REPRESENTATION_CONTEXT('2D SPACE',''
  ) );
#9255 = PCURVE('',#9168,#9256);
#9256 = DEFINITIONAL_REPRESENTATION('',(#9257),#9261);
#9257 = LINE('',#9258,#9259);
#9258 = CARTESIAN_POINT('',(-6.28318530718,0.));
#9259 = VECTOR('',#9260,1.);
#9260 = DIRECTION('',(-0.,1.));
#9261 = ( GEOMETRIC_REPRESENTATION_CONTEXT(2) 
PARAMETRIC_REPRESENTATION_CONTEXT() REPRESENTATION_CONTEXT('2D SPACE',''
  ) );
#9262 = ORIENTED_EDGE('',*,*,#9263,.F.);
#9263 = EDGE_CURVE('',#9241,#9241,#9264,.T.);
#9264 = SURFACE_CURVE('',#9265,(#9270,#9277),.PCURVE_S1.);
#9265 = CIRCLE('',#9266,72.229345298226);
#9266 = AXIS2_PLACEMENT_3D('',#9267,#9268,#9269);
#9267 = CARTESIAN_POINT('',(0.,0.,-215.2541588848));
#9268 = DIRECTION('',(0.,0.,1.));
#9269 = DIRECTION('',(1.,0.,-0.));
#9270 = PCURVE('',#9168,#9271);
#9271 = DEFINITIONAL_REPRESENTATION('',(#9272),#9276);
#9272 = LINE('',#9273,#9274);
#9273 = CARTESIAN_POINT('',(-0.,1.932958924936));
#9274 = VECTOR('',#9275,1.);
#9275 = DIRECTION('',(-1.,0.));
#9276 = ( GEOMETRIC_REPRESENTATION_CONTEXT(2) 
PARAMETRIC_REPRESENTATION_CONTEXT() REPRESENTATION_CONTEXT('2D SPACE',''
  ) );
#9277 = PCURVE('',#9278,#9283);
#9278 = CONICAL_SURFACE('',#9279,72.229345298226,0.469992661458);
#9279 = AXIS2_PLACEMENT_3D('',#9280,#9281,#9282);
#9280 = CARTESIAN_POINT('',(0.,0.,-215.2541588848));
#9281 = DIRECTION('',(-0.,-0.,-1.));
#9282 = DIRECTION('',(1.,0.,0.));
#9283 = DEFINITIONAL_REPRESENTATION('',(#9284),#9288);
#9284 = LINE('',#9285,#9286);
#9285 = CARTESIAN_POINT('',(-0.,0.));
#9286 = VECTOR('',#9287,1.);
#9287 = DIRECTION('',(-1.,0.));
#9288 = ( GEOMETRIC_REPRESENTATION_CONTEXT(2) 
PARAMETRIC_REPRESENTATION_CONTEXT() REPRESENTATION_CONTEXT('2D SPACE',''
  ) );
#9289 = ORIENTED_EDGE('',*,*,#9240,.F.);
#9290 = ADVANCED_FACE('',(#9291),#9201,.T.);
#9291 = FACE_BOUND('',#9292,.T.);
#9292 = EDGE_LOOP('',(#9293,#9322,#9343,#9344));
#9293 = ORIENTED_EDGE('',*,*,#9294,.T.);
#9294 = EDGE_CURVE('',#9295,#9295,#9297,.T.);
#9295 = VERTEX_POINT('',#9296);
#9296 = CARTESIAN_POINT('',(77.587936803928,0.,-217.953324881));
#9297 = SURFACE_CURVE('',#9298,(#9303,#9310),.PCURVE_S1.);
#9298 = CIRCLE('',#9299,77.587936803928);
#9299 = AXIS2_PLACEMENT_3D('',#9300,#9301,#9302);
#9300 = CARTESIAN_POINT('',(0.,0.,-217.953324881));
#9301 = DIRECTION('',(0.,0.,1.));
#9302 = DIRECTION('',(1.,0.,-0.));
#9303 = PCURVE('',#9201,#9304);
#9304 = DEFINITIONAL_REPRESENTATION('',(#9305),#9309);
#9305 = LINE('',#9306,#9307);
#9306 = CARTESIAN_POINT('',(-0.,-0.));
#9307 = VECTOR('',#9308,1.);
#9308 = DIRECTION('',(-1.,-0.));
#9309 = ( GEOMETRIC_REPRESENTATION_CONTEXT(2) 
PARAMETRIC_REPRESENTATION_CONTEXT() REPRESENTATION_CONTEXT('2D SPACE',''
  ) );
#9310 = PCURVE('',#9311,#9316);
#9311 = CONICAL_SURFACE('',#9312,78.540757493011,0.454834434136);
#9312 = AXIS2_PLACEMENT_3D('',#9313,#9314,#9315);
#9313 = CARTESIAN_POINT('',(0.,0.,-219.9017076167));
#9314 = DIRECTION('',(-0.,-0.,-1.));
#9315 = DIRECTION('',(1.,0.,-0.));
#9316 = DEFINITIONAL_REPRESENTATION('',(#9317),#9321);
#9317 = LINE('',#9318,#9319);
#9318 = CARTESIAN_POINT('',(-0.,-1.948382735629));
#9319 = VECTOR('',#9320,1.);
#9320 = DIRECTION('',(-1.,-0.));
#9321 = ( GEOMETRIC_REPRESENTATION_CONTEXT(2) 
PARAMETRIC_REPRESENTATION_CONTEXT() REPRESENTATION_CONTEXT('2D SPACE',''
  ) );
#9322 = ORIENTED_EDGE('',*,*,#9323,.T.);
#9323 = EDGE_CURVE('',#9295,#9185,#9324,.T.);
#9324 = SEAM_CURVE('',#9325,(#9329,#9336),.PCURVE_S1.);
#9325 = LINE('',#9326,#9327);
#9326 = CARTESIAN_POINT('',(77.587936803928,0.,-217.953324881));
#9327 = VECTOR('',#9328,1.);
#9328 = DIRECTION('',(-0.433598512094,0.,0.901106170387));
#9329 = PCURVE('',#9201,#9330);
#9330 = DEFINITIONAL_REPRESENTATION('',(#9331),#9335);
#9331 = LINE('',#9332,#9333);
#9332 = CARTESIAN_POINT('',(-0.,-0.));
#9333 = VECTOR('',#9334,1.);
#9334 = DIRECTION('',(-0.,-1.));
#9335 = ( GEOMETRIC_REPRESENTATION_CONTEXT(2) 
PARAMETRIC_REPRESENTATION_CONTEXT() REPRESENTATION_CONTEXT('2D SPACE',''
  ) );
#9336 = PCURVE('',#9201,#9337);
#9337 = DEFINITIONAL_REPRESENTATION('',(#9338),#9342);
#9338 = LINE('',#9339,#9340);
#9339 = CARTESIAN_POINT('',(-6.28318530718,-0.));
#9340 = VECTOR('',#9341,1.);
#9341 = DIRECTION('',(-0.,-1.));
#9342 = ( GEOMETRIC_REPRESENTATION_CONTEXT(2) 
PARAMETRIC_REPRESENTATION_CONTEXT() REPRESENTATION_CONTEXT('2D SPACE',''
  ) );
#9343 = ORIENTED_EDGE('',*,*,#9184,.F.);
#9344 = ORIENTED_EDGE('',*,*,#9323,.F.);
#9345 = ADVANCED_FACE('',(#9346),#9278,.F.);
#9346 = FACE_BOUND('',#9347,.T.);
#9347 = EDGE_LOOP('',(#9348,#9349,#9372,#9399));
#9348 = ORIENTED_EDGE('',*,*,#9263,.T.);
#9349 = ORIENTED_EDGE('',*,*,#9350,.T.);
#9350 = EDGE_CURVE('',#9241,#9351,#9353,.T.);
#9351 = VERTEX_POINT('',#9352);
#9352 = CARTESIAN_POINT('',(73.200602858021,0.,-217.1662463257));
#9353 = SEAM_CURVE('',#9354,(#9358,#9365),.PCURVE_S1.);
#9354 = LINE('',#9355,#9356);
#9355 = CARTESIAN_POINT('',(72.229345298226,0.,-215.2541588848));
#9356 = VECTOR('',#9357,1.);
#9357 = DIRECTION('',(0.452879742556,0.,-0.891571611696));
#9358 = PCURVE('',#9278,#9359);
#9359 = DEFINITIONAL_REPRESENTATION('',(#9360),#9364);
#9360 = LINE('',#9361,#9362);
#9361 = CARTESIAN_POINT('',(-0.,0.));
#9362 = VECTOR('',#9363,1.);
#9363 = DIRECTION('',(-0.,1.));
#9364 = ( GEOMETRIC_REPRESENTATION_CONTEXT(2) 
PARAMETRIC_REPRESENTATION_CONTEXT() REPRESENTATION_CONTEXT('2D SPACE',''
  ) );
#9365 = PCURVE('',#9278,#9366);
#9366 = DEFINITIONAL_REPRESENTATION('',(#9367),#9371);
#9367 = LINE('',#9368,#9369);
#9368 = CARTESIAN_POINT('',(-6.28318530718,0.));
#9369 = VECTOR('',#9370,1.);
#9370 = DIRECTION('',(-0.,1.));
#9371 = ( GEOMETRIC_REPRESENTATION_CONTEXT(2) 
PARAMETRIC_REPRESENTATION_CONTEXT() REPRESENTATION_CONTEXT('2D SPACE',''
  ) );
#9372 = ORIENTED_EDGE('',*,*,#9373,.F.);
#9373 = EDGE_CURVE('',#9351,#9351,#9374,.T.);
#9374 = SURFACE_CURVE('',#9375,(#9380,#9387),.PCURVE_S1.);
#9375 = CIRCLE('',#9376,73.200602858021);
#9376 = AXIS2_PLACEMENT_3D('',#9377,#9378,#9379);
#9377 = CARTESIAN_POINT('',(0.,0.,-217.1662463257));
#9378 = DIRECTION('',(0.,0.,1.));
#9379 = DIRECTION('',(1.,0.,-0.));
#9380 = PCURVE('',#9278,#9381);
#9381 = DEFINITIONAL_REPRESENTATION('',(#9382),#9386);
#9382 = LINE('',#9383,#9384);
#9383 = CARTESIAN_POINT('',(-0.,1.912087440854));
#9384 = VECTOR('',#9385,1.);
#9385 = DIRECTION('',(-1.,0.));
#9386 = ( GEOMETRIC_REPRESENTATION_CONTEXT(2) 
PARAMETRIC_REPRESENTATION_CONTEXT() REPRESENTATION_CONTEXT('2D SPACE',''
  ) );
#9387 = PCURVE('',#9388,#9393);
#9388 = CONICAL_SURFACE('',#9389,73.200602858021,0.476809464918);
#9389 = AXIS2_PLACEMENT_3D('',#9390,#9391,#9392);
#9390 = CARTESIAN_POINT('',(0.,0.,-217.1662463257));
#9391 = DIRECTION('',(-0.,-0.,-1.));
#9392 = DIRECTION('',(1.,0.,0.));
#9393 = DEFINITIONAL_REPRESENTATION('',(#9394),#9398);
#9394 = LINE('',#9395,#9396);
#9395 = CARTESIAN_POINT('',(-0.,0.));
#9396 = VECTOR('',#9397,1.);
#9397 = DIRECTION('',(-1.,0.));
#9398 = ( GEOMETRIC_REPRESENTATION_CONTEXT(2) 
PARAMETRIC_REPRESENTATION_CONTEXT() REPRESENTATION_CONTEXT('2D SPACE',''
  ) );
#9399 = ORIENTED_EDGE('',*,*,#9350,.F.);
#9400 = ADVANCED_FACE('',(#9401),#9311,.T.);
#9401 = FACE_BOUND('',#9402,.T.);
#9402 = EDGE_LOOP('',(#9403,#9432,#9453,#9454));
#9403 = ORIENTED_EDGE('',*,*,#9404,.T.);
#9404 = EDGE_CURVE('',#9405,#9405,#9407,.T.);
#9405 = VERTEX_POINT('',#9406);
#9406 = CARTESIAN_POINT('',(78.540757493011,0.,-219.9017076167));
#9407 = SURFACE_CURVE('',#9408,(#9413,#9420),.PCURVE_S1.);
#9408 = CIRCLE('',#9409,78.540757493011);
#9409 = AXIS2_PLACEMENT_3D('',#9410,#9411,#9412);
#9410 = CARTESIAN_POINT('',(0.,0.,-219.9017076167));
#9411 = DIRECTION('',(0.,0.,1.));
#9412 = DIRECTION('',(1.,0.,-0.));
#9413 = PCURVE('',#9311,#9414);
#9414 = DEFINITIONAL_REPRESENTATION('',(#9415),#9419);
#9415 = LINE('',#9416,#9417);
#9416 = CARTESIAN_POINT('',(-0.,-0.));
#9417 = VECTOR('',#9418,1.);
#9418 = DIRECTION('',(-1.,-0.));
#9419 = ( GEOMETRIC_REPRESENTATION_CONTEXT(2) 
PARAMETRIC_REPRESENTATION_CONTEXT() REPRESENTATION_CONTEXT('2D SPACE',''
  ) );
#9420 = PCURVE('',#9421,#9426);
#9421 = CONICAL_SURFACE('',#9422,79.498885431602,0.461242073599);
#9422 = AXIS2_PLACEMENT_3D('',#9423,#9424,#9425);
#9423 = CARTESIAN_POINT('',(0.,0.,-221.8295432807));
#9424 = DIRECTION('',(-0.,-0.,-1.));
#9425 = DIRECTION('',(1.,0.,-0.));
#9426 = DEFINITIONAL_REPRESENTATION('',(#9427),#9431);
#9427 = LINE('',#9428,#9429);
#9428 = CARTESIAN_POINT('',(-0.,-1.92783566407));
#9429 = VECTOR('',#9430,1.);
#9430 = DIRECTION('',(-1.,-0.));
#9431 = ( GEOMETRIC_REPRESENTATION_CONTEXT(2) 
PARAMETRIC_REPRESENTATION_CONTEXT() REPRESENTATION_CONTEXT('2D SPACE',''
  ) );
#9432 = ORIENTED_EDGE('',*,*,#9433,.T.);
#9433 = EDGE_CURVE('',#9405,#9295,#9434,.T.);
#9434 = SEAM_CURVE('',#9435,(#9439,#9446),.PCURVE_S1.);
#9435 = LINE('',#9436,#9437);
#9436 = CARTESIAN_POINT('',(78.540757493011,0.,-219.9017076167));
#9437 = VECTOR('',#9438,1.);
#9438 = DIRECTION('',(-0.43931358642,0.,0.898333775824));
#9439 = PCURVE('',#9311,#9440);
#9440 = DEFINITIONAL_REPRESENTATION('',(#9441),#9445);
#9441 = LINE('',#9442,#9443);
#9442 = CARTESIAN_POINT('',(-0.,-0.));
#9443 = VECTOR('',#9444,1.);
#9444 = DIRECTION('',(-0.,-1.));
#9445 = ( GEOMETRIC_REPRESENTATION_CONTEXT(2) 
PARAMETRIC_REPRESENTATION_CONTEXT() REPRESENTATION_CONTEXT('2D SPACE',''
  ) );
#9446 = PCURVE('',#9311,#9447);
#9447 = DEFINITIONAL_REPRESENTATION('',(#9448),#9452);
#9448 = LINE('',#9449,#9450);
#9449 = CARTESIAN_POINT('',(-6.28318530718,-0.));
#9450 = VECTOR('',#9451,1.);
#9451 = DIRECTION('',(-0.,-1.));
#9452 = ( GEOMETRIC_REPRESENTATION_CONTEXT(2) 
PARAMETRIC_REPRESENTATION_CONTEXT() REPRESENTATION_CONTEXT('2D SPACE',''
  ) );
#9453 = ORIENTED_EDGE('',*,*,#9294,.F.);
#9454 = ORIENTED_EDGE('',*,*,#9433,.F.);
#9455 = ADVANCED_FACE('',(#9456),#9388,.F.);
#9456 = FACE_BOUND('',#9457,.T.);
#9457 = EDGE_LOOP('',(#9458,#9459,#9482,#9509));
#9458 = ORIENTED_EDGE('',*,*,#9373,.T.);
#9459 = ORIENTED_EDGE('',*,*,#9460,.T.);
#9460 = EDGE_CURVE('',#9351,#9461,#9463,.T.);
#9461 = VERTEX_POINT('',#9462);
#9462 = CARTESIAN_POINT('',(74.177590633773,0.,-219.0575725604));
#9463 = SEAM_CURVE('',#9464,(#9468,#9475),.PCURVE_S1.);
#9464 = LINE('',#9465,#9466);
#9465 = CARTESIAN_POINT('',(73.200602858021,0.,-217.1662463257));
#9466 = VECTOR('',#9467,1.);
#9467 = DIRECTION('',(0.458946841582,0.,-0.888463728355));
#9468 = PCURVE('',#9388,#9469);
#9469 = DEFINITIONAL_REPRESENTATION('',(#9470),#9474);
#9470 = LINE('',#9471,#9472);
#9471 = CARTESIAN_POINT('',(-0.,0.));
#9472 = VECTOR('',#9473,1.);
#9473 = DIRECTION('',(-0.,1.));
#9474 = ( GEOMETRIC_REPRESENTATION_CONTEXT(2) 
PARAMETRIC_REPRESENTATION_CONTEXT() REPRESENTATION_CONTEXT('2D SPACE',''
  ) );
#9475 = PCURVE('',#9388,#9476);
#9476 = DEFINITIONAL_REPRESENTATION('',(#9477),#9481);
#9477 = LINE('',#9478,#9479);
#9478 = CARTESIAN_POINT('',(-6.28318530718,0.));
#9479 = VECTOR('',#9480,1.);
#9480 = DIRECTION('',(-0.,1.));
#9481 = ( GEOMETRIC_REPRESENTATION_CONTEXT(2) 
PARAMETRIC_REPRESENTATION_CONTEXT() REPRESENTATION_CONTEXT('2D SPACE',''
  ) );
#9482 = ORIENTED_EDGE('',*,*,#9483,.F.);
#9483 = EDGE_CURVE('',#9461,#9461,#9484,.T.);
#9484 = SURFACE_CURVE('',#9485,(#9490,#9497),.PCURVE_S1.);
#9485 = CIRCLE('',#9486,74.177590633773);
#9486 = AXIS2_PLACEMENT_3D('',#9487,#9488,#9489);
#9487 = CARTESIAN_POINT('',(0.,0.,-219.0575725604));
#9488 = DIRECTION('',(0.,0.,1.));
#9489 = DIRECTION('',(1.,0.,-0.));
#9490 = PCURVE('',#9388,#9491);
#9491 = DEFINITIONAL_REPRESENTATION('',(#9492),#9496);
#9492 = LINE('',#9493,#9494);
#9493 = CARTESIAN_POINT('',(-0.,1.891326234666));
#9494 = VECTOR('',#9495,1.);
#9495 = DIRECTION('',(-1.,0.));
#9496 = ( GEOMETRIC_REPRESENTATION_CONTEXT(2) 
PARAMETRIC_REPRESENTATION_CONTEXT() REPRESENTATION_CONTEXT('2D SPACE',''
  ) );
#9497 = PCURVE('',#9498,#9503);
#9498 = CONICAL_SURFACE('',#9499,74.177590633773,0.483690554862);
#9499 = AXIS2_PLACEMENT_3D('',#9500,#9501,#9502);
#9500 = CARTESIAN_POINT('',(0.,0.,-219.0575725604));
#9501 = DIRECTION('',(-0.,-0.,-1.));
#9502 = DIRECTION('',(1.,0.,0.));
#9503 = DEFINITIONAL_REPRESENTATION('',(#9504),#9508);
#9504 = LINE('',#9505,#9506);
#9505 = CARTESIAN_POINT('',(-0.,0.));
#9506 = VECTOR('',#9507,1.);
#9507 = DIRECTION('',(-1.,0.));
#9508 = ( GEOMETRIC_REPRESENTATION_CONTEXT(2) 
PARAMETRIC_REPRESENTATION_CONTEXT() REPRESENTATION_CONTEXT('2D SPACE',''
  ) );
#9509 = ORIENTED_EDGE('',*,*,#9460,.F.);
#9510 = ADVANCED_FACE('',(#9511),#9421,.T.);
#9511 = FACE_BOUND('',#9512,.T.);
#9512 = EDGE_LOOP('',(#9513,#9542,#9563,#9564));
#9513 = ORIENTED_EDGE('',*,*,#9514,.T.);
#9514 = EDGE_CURVE('',#9515,#9515,#9517,.T.);
#9515 = VERTEX_POINT('',#9516);
#9516 = CARTESIAN_POINT('',(79.498885431602,0.,-221.8295432807));
#9517 = SURFACE_CURVE('',#9518,(#9523,#9530),.PCURVE_S1.);
#9518 = CIRCLE('',#9519,79.498885431602);
#9519 = AXIS2_PLACEMENT_3D('',#9520,#9521,#9522);
#9520 = CARTESIAN_POINT('',(0.,0.,-221.8295432807));
#9521 = DIRECTION('',(0.,0.,1.));
#9522 = DIRECTION('',(1.,0.,-0.));
#9523 = PCURVE('',#9421,#9524);
#9524 = DEFINITIONAL_REPRESENTATION('',(#9525),#9529);
#9525 = LINE('',#9526,#9527);
#9526 = CARTESIAN_POINT('',(-0.,-0.));
#9527 = VECTOR('',#9528,1.);
#9528 = DIRECTION('',(-1.,-0.));
#9529 = ( GEOMETRIC_REPRESENTATION_CONTEXT(2) 
PARAMETRIC_REPRESENTATION_CONTEXT() REPRESENTATION_CONTEXT('2D SPACE',''
  ) );
#9530 = PCURVE('',#9531,#9536);
#9531 = CONICAL_SURFACE('',#9532,80.462278930214,0.467705968501);
#9532 = AXIS2_PLACEMENT_3D('',#9533,#9534,#9535);
#9533 = CARTESIAN_POINT('',(0.,0.,-223.7369385827));
#9534 = DIRECTION('',(-0.,-0.,-1.));
#9535 = DIRECTION('',(1.,0.,-0.));
#9536 = DEFINITIONAL_REPRESENTATION('',(#9537),#9541);
#9537 = LINE('',#9538,#9539);
#9538 = CARTESIAN_POINT('',(-0.,-1.907395301917));
#9539 = VECTOR('',#9540,1.);
#9540 = DIRECTION('',(-1.,-0.));
#9541 = ( GEOMETRIC_REPRESENTATION_CONTEXT(2) 
PARAMETRIC_REPRESENTATION_CONTEXT() REPRESENTATION_CONTEXT('2D SPACE',''
  ) );
#9542 = ORIENTED_EDGE('',*,*,#9543,.T.);
#9543 = EDGE_CURVE('',#9515,#9405,#9544,.T.);
#9544 = SEAM_CURVE('',#9545,(#9549,#9556),.PCURVE_S1.);
#9545 = LINE('',#9546,#9547);
#9546 = CARTESIAN_POINT('',(79.498885431602,0.,-221.8295432807));
#9547 = VECTOR('',#9548,1.);
#9548 = DIRECTION('',(-0.44506072738,0.,0.895500390253));
#9549 = PCURVE('',#9421,#9550);
#9550 = DEFINITIONAL_REPRESENTATION('',(#9551),#9555);
#9551 = LINE('',#9552,#9553);
#9552 = CARTESIAN_POINT('',(-0.,-0.));
#9553 = VECTOR('',#9554,1.);
#9554 = DIRECTION('',(-0.,-1.));
#9555 = ( GEOMETRIC_REPRESENTATION_CONTEXT(2) 
PARAMETRIC_REPRESENTATION_CONTEXT() REPRESENTATION_CONTEXT('2D SPACE',''
  ) );
#9556 = PCURVE('',#9421,#9557);
#9557 = DEFINITIONAL_REPRESENTATION('',(#9558),#9562);
#9558 = LINE('',#9559,#9560);
#9559 = CARTESIAN_POINT('',(-6.28318530718,-0.));
#9560 = VECTOR('',#9561,1.);
#9561 = DIRECTION('',(-0.,-1.));
#9562 = ( GEOMETRIC_REPRESENTATION_CONTEXT(2) 
PARAMETRIC_REPRESENTATION_CONTEXT() REPRESENTATION_CONTEXT('2D SPACE',''
  ) );
#9563 = ORIENTED_EDGE('',*,*,#9404,.F.);
#9564 = ORIENTED_EDGE('',*,*,#9543,.F.);
#9565 = ADVANCED_FACE('',(#9566),#9498,.F.);
#9566 = FACE_BOUND('',#9567,.T.);
#9567 = EDGE_LOOP('',(#9568,#9569,#9592,#9619));
#9568 = ORIENTED_EDGE('',*,*,#9483,.T.);
#9569 = ORIENTED_EDGE('',*,*,#9570,.T.);
#9570 = EDGE_CURVE('',#9461,#9571,#9573,.T.);
#9571 = VERTEX_POINT('',#9572);
#9572 = CARTESIAN_POINT('',(75.160275211721,0.,-220.9282455469));
#9573 = SEAM_CURVE('',#9574,(#9578,#9585),.PCURVE_S1.);
#9574 = LINE('',#9575,#9576);
#9575 = CARTESIAN_POINT('',(74.177590633773,0.,-219.0575725604));
#9576 = VECTOR('',#9577,1.);
#9577 = DIRECTION('',(0.465049526778,0.,-0.885284664751));
#9578 = PCURVE('',#9498,#9579);
#9579 = DEFINITIONAL_REPRESENTATION('',(#9580),#9584);
#9580 = LINE('',#9581,#9582);
#9581 = CARTESIAN_POINT('',(-0.,0.));
#9582 = VECTOR('',#9583,1.);
#9583 = DIRECTION('',(-0.,1.));
#9584 = ( GEOMETRIC_REPRESENTATION_CONTEXT(2) 
PARAMETRIC_REPRESENTATION_CONTEXT() REPRESENTATION_CONTEXT('2D SPACE',''
  ) );
#9585 = PCURVE('',#9498,#9586);
#9586 = DEFINITIONAL_REPRESENTATION('',(#9587),#9591);
#9587 = LINE('',#9588,#9589);
#9588 = CARTESIAN_POINT('',(-6.28318530718,0.));
#9589 = VECTOR('',#9590,1.);
#9590 = DIRECTION('',(-0.,1.));
#9591 = ( GEOMETRIC_REPRESENTATION_CONTEXT(2) 
PARAMETRIC_REPRESENTATION_CONTEXT() REPRESENTATION_CONTEXT('2D SPACE',''
  ) );
#9592 = ORIENTED_EDGE('',*,*,#9593,.F.);
#9593 = EDGE_CURVE('',#9571,#9571,#9594,.T.);
#9594 = SURFACE_CURVE('',#9595,(#9600,#9607),.PCURVE_S1.);
#9595 = CIRCLE('',#9596,75.160275211721);
#9596 = AXIS2_PLACEMENT_3D('',#9597,#9598,#9599);
#9597 = CARTESIAN_POINT('',(0.,0.,-220.9282455469));
#9598 = DIRECTION('',(0.,0.,1.));
#9599 = DIRECTION('',(1.,0.,-0.));
#9600 = PCURVE('',#9498,#9601);
#9601 = DEFINITIONAL_REPRESENTATION('',(#9602),#9606);
#9602 = LINE('',#9603,#9604);
#9603 = CARTESIAN_POINT('',(-0.,1.870672986536));
#9604 = VECTOR('',#9605,1.);
#9605 = DIRECTION('',(-1.,0.));
#9606 = ( GEOMETRIC_REPRESENTATION_CONTEXT(2) 
PARAMETRIC_REPRESENTATION_CONTEXT() REPRESENTATION_CONTEXT('2D SPACE',''
  ) );
#9607 = PCURVE('',#9608,#9613);
#9608 = CONICAL_SURFACE('',#9609,75.160275211721,0.49063672016);
#9609 = AXIS2_PLACEMENT_3D('',#9610,#9611,#9612);
#9610 = CARTESIAN_POINT('',(0.,0.,-220.9282455469));
#9611 = DIRECTION('',(-0.,-0.,-1.));
#9612 = DIRECTION('',(1.,0.,0.));
#9613 = DEFINITIONAL_REPRESENTATION('',(#9614),#9618);
#9614 = LINE('',#9615,#9616);
#9615 = CARTESIAN_POINT('',(-0.,0.));
#9616 = VECTOR('',#9617,1.);
#9617 = DIRECTION('',(-1.,0.));
#9618 = ( GEOMETRIC_REPRESENTATION_CONTEXT(2) 
PARAMETRIC_REPRESENTATION_CONTEXT() REPRESENTATION_CONTEXT('2D SPACE',''
  ) );
#9619 = ORIENTED_EDGE('',*,*,#9570,.F.);
#9620 = ADVANCED_FACE('',(#9621),#9531,.T.);
#9621 = FACE_BOUND('',#9622,.T.);
#9622 = EDGE_LOOP('',(#9623,#9652,#9673,#9674));
#9623 = ORIENTED_EDGE('',*,*,#9624,.T.);
#9624 = EDGE_CURVE('',#9625,#9625,#9627,.T.);
#9625 = VERTEX_POINT('',#9626);
#9626 = CARTESIAN_POINT('',(80.462278930214,0.,-223.7369385827));
#9627 = SURFACE_CURVE('',#9628,(#9633,#9640),.PCURVE_S1.);
#9628 = CIRCLE('',#9629,80.462278930214);
#9629 = AXIS2_PLACEMENT_3D('',#9630,#9631,#9632);
#9630 = CARTESIAN_POINT('',(0.,0.,-223.7369385827));
#9631 = DIRECTION('',(0.,0.,1.));
#9632 = DIRECTION('',(1.,0.,-0.));
#9633 = PCURVE('',#9531,#9634);
#9634 = DEFINITIONAL_REPRESENTATION('',(#9635),#9639);
#9635 = LINE('',#9636,#9637);
#9636 = CARTESIAN_POINT('',(-0.,-0.));
#9637 = VECTOR('',#9638,1.);
#9638 = DIRECTION('',(-1.,-0.));
#9639 = ( GEOMETRIC_REPRESENTATION_CONTEXT(2) 
PARAMETRIC_REPRESENTATION_CONTEXT() REPRESENTATION_CONTEXT('2D SPACE',''
  ) );
#9640 = PCURVE('',#9641,#9646);
#9641 = CONICAL_SURFACE('',#9642,81.430896649237,0.474226809621);
#9642 = AXIS2_PLACEMENT_3D('',#9643,#9644,#9645);
#9643 = CARTESIAN_POINT('',(0.,0.,-225.6239977917));
#9644 = DIRECTION('',(-0.,-0.,-1.));
#9645 = DIRECTION('',(1.,0.,-0.));
#9646 = DEFINITIONAL_REPRESENTATION('',(#9647),#9651);
#9647 = LINE('',#9648,#9649);
#9648 = CARTESIAN_POINT('',(-0.,-1.887059209051));
#9649 = VECTOR('',#9650,1.);
#9650 = DIRECTION('',(-1.,-0.));
#9651 = ( GEOMETRIC_REPRESENTATION_CONTEXT(2) 
PARAMETRIC_REPRESENTATION_CONTEXT() REPRESENTATION_CONTEXT('2D SPACE',''
  ) );
#9652 = ORIENTED_EDGE('',*,*,#9653,.T.);
#9653 = EDGE_CURVE('',#9625,#9515,#9654,.T.);
#9654 = SEAM_CURVE('',#9655,(#9659,#9666),.PCURVE_S1.);
#9655 = LINE('',#9656,#9657);
#9656 = CARTESIAN_POINT('',(80.462278930214,0.,-223.7369385827));
#9657 = VECTOR('',#9658,1.);
#9658 = DIRECTION('',(-0.450839809761,0.,0.892604876714));
#9659 = PCURVE('',#9531,#9660);
#9660 = DEFINITIONAL_REPRESENTATION('',(#9661),#9665);
#9661 = LINE('',#9662,#9663);
#9662 = CARTESIAN_POINT('',(-0.,-0.));
#9663 = VECTOR('',#9664,1.);
#9664 = DIRECTION('',(-0.,-1.));
#9665 = ( GEOMETRIC_REPRESENTATION_CONTEXT(2) 
PARAMETRIC_REPRESENTATION_CONTEXT() REPRESENTATION_CONTEXT('2D SPACE',''
  ) );
#9666 = PCURVE('',#9531,#9667);
#9667 = DEFINITIONAL_REPRESENTATION('',(#9668),#9672);
#9668 = LINE('',#9669,#9670);
#9669 = CARTESIAN_POINT('',(-6.28318530718,-0.));
#9670 = VECTOR('',#9671,1.);
#9671 = DIRECTION('',(-0.,-1.));
#9672 = ( GEOMETRIC_REPRESENTATION_CONTEXT(2) 
PARAMETRIC_REPRESENTATION_CONTEXT() REPRESENTATION_CONTEXT('2D SPACE',''
  ) );
#9673 = ORIENTED_EDGE('',*,*,#9514,.F.);
#9674 = ORIENTED_EDGE('',*,*,#9653,.F.);
#9675 = ADVANCED_FACE('',(#9676),#9608,.F.);
#9676 = FACE_BOUND('',#9677,.T.);
#9677 = EDGE_LOOP('',(#9678,#9679,#9702,#9729));
#9678 = ORIENTED_EDGE('',*,*,#9593,.T.);
#9679 = ORIENTED_EDGE('',*,*,#9680,.T.);
#9680 = EDGE_CURVE('',#9571,#9681,#9683,.T.);
#9681 = VERTEX_POINT('',#9682);
#9682 = CARTESIAN_POINT('',(76.148623755902,0.,-222.7783707817));
#9683 = SEAM_CURVE('',#9684,(#9688,#9695),.PCURVE_S1.);
#9684 = LINE('',#9685,#9686);
#9685 = CARTESIAN_POINT('',(75.160275211721,0.,-220.9282455469));
#9686 = VECTOR('',#9687,1.);
#9687 = DIRECTION('',(0.471187591853,0.,-0.882033022785));
#9688 = PCURVE('',#9608,#9689);
#9689 = DEFINITIONAL_REPRESENTATION('',(#9690),#9694);
#9690 = LINE('',#9691,#9692);
#9691 = CARTESIAN_POINT('',(-0.,0.));
#9692 = VECTOR('',#9693,1.);
#9693 = DIRECTION('',(-0.,1.));
#9694 = ( GEOMETRIC_REPRESENTATION_CONTEXT(2) 
PARAMETRIC_REPRESENTATION_CONTEXT() REPRESENTATION_CONTEXT('2D SPACE',''
  ) );
#9695 = PCURVE('',#9608,#9696);
#9696 = DEFINITIONAL_REPRESENTATION('',(#9697),#9701);
#9697 = LINE('',#9698,#9699);
#9698 = CARTESIAN_POINT('',(-6.28318530718,0.));
#9699 = VECTOR('',#9700,1.);
#9700 = DIRECTION('',(-0.,1.));
#9701 = ( GEOMETRIC_REPRESENTATION_CONTEXT(2) 
PARAMETRIC_REPRESENTATION_CONTEXT() REPRESENTATION_CONTEXT('2D SPACE',''
  ) );
#9702 = ORIENTED_EDGE('',*,*,#9703,.F.);
#9703 = EDGE_CURVE('',#9681,#9681,#9704,.T.);
#9704 = SURFACE_CURVE('',#9705,(#9710,#9717),.PCURVE_S1.);
#9705 = CIRCLE('',#9706,76.148623755902);
#9706 = AXIS2_PLACEMENT_3D('',#9707,#9708,#9709);
#9707 = CARTESIAN_POINT('',(0.,0.,-222.7783707817));
#9708 = DIRECTION('',(0.,0.,1.));
#9709 = DIRECTION('',(1.,0.,-0.));
#9710 = PCURVE('',#9608,#9711);
#9711 = DEFINITIONAL_REPRESENTATION('',(#9712),#9716);
#9712 = LINE('',#9713,#9714);
#9713 = CARTESIAN_POINT('',(-0.,1.850125234753));
#9714 = VECTOR('',#9715,1.);
#9715 = DIRECTION('',(-1.,0.));
#9716 = ( GEOMETRIC_REPRESENTATION_CONTEXT(2) 
PARAMETRIC_REPRESENTATION_CONTEXT() REPRESENTATION_CONTEXT('2D SPACE',''
  ) );
#9717 = PCURVE('',#9718,#9723);
#9718 = CONICAL_SURFACE('',#9719,76.148623755902,0.497648789584);
#9719 = AXIS2_PLACEMENT_3D('',#9720,#9721,#9722);
#9720 = CARTESIAN_POINT('',(0.,0.,-222.7783707817));
#9721 = DIRECTION('',(-0.,-0.,-1.));
#9722 = DIRECTION('',(1.,0.,0.));
#9723 = DEFINITIONAL_REPRESENTATION('',(#9724),#9728);
#9724 = LINE('',#9725,#9726);
#9725 = CARTESIAN_POINT('',(-0.,0.));
#9726 = VECTOR('',#9727,1.);
#9727 = DIRECTION('',(-1.,0.));
#9728 = ( GEOMETRIC_REPRESENTATION_CONTEXT(2) 
PARAMETRIC_REPRESENTATION_CONTEXT() REPRESENTATION_CONTEXT('2D SPACE',''
  ) );
#9729 = ORIENTED_EDGE('',*,*,#9680,.F.);
#9730 = ADVANCED_FACE('',(#9731),#9641,.T.);
#9731 = FACE_BOUND('',#9732,.T.);
#9732 = EDGE_LOOP('',(#9733,#9762,#9783,#9784));
#9733 = ORIENTED_EDGE('',*,*,#9734,.T.);
#9734 = EDGE_CURVE('',#9735,#9735,#9737,.T.);
#9735 = VERTEX_POINT('',#9736);
#9736 = CARTESIAN_POINT('',(81.430896649237,0.,-225.6239977917));
#9737 = SURFACE_CURVE('',#9738,(#9743,#9750),.PCURVE_S1.);
#9738 = CIRCLE('',#9739,81.430896649237);
#9739 = AXIS2_PLACEMENT_3D('',#9740,#9741,#9742);
#9740 = CARTESIAN_POINT('',(0.,0.,-225.6239977917));
#9741 = DIRECTION('',(0.,0.,1.));
#9742 = DIRECTION('',(1.,0.,-0.));
#9743 = PCURVE('',#9641,#9744);
#9744 = DEFINITIONAL_REPRESENTATION('',(#9745),#9749);
#9745 = LINE('',#9746,#9747);
#9746 = CARTESIAN_POINT('',(-0.,-0.));
#9747 = VECTOR('',#9748,1.);
#9748 = DIRECTION('',(-1.,-0.));
#9749 = ( GEOMETRIC_REPRESENTATION_CONTEXT(2) 
PARAMETRIC_REPRESENTATION_CONTEXT() REPRESENTATION_CONTEXT('2D SPACE',''
  ) );
#9750 = PCURVE('',#9751,#9756);
#9751 = CONICAL_SURFACE('',#9752,82.404697571336,0.480805326394);
#9752 = AXIS2_PLACEMENT_3D('',#9753,#9754,#9755);
#9753 = CARTESIAN_POINT('',(0.,0.,-227.4908226031));
#9754 = DIRECTION('',(-0.,-0.,-1.));
#9755 = DIRECTION('',(1.,0.,-0.));
#9756 = DEFINITIONAL_REPRESENTATION('',(#9757),#9761);
#9757 = LINE('',#9758,#9759);
#9758 = CARTESIAN_POINT('',(-0.,-1.866824811377));
#9759 = VECTOR('',#9760,1.);
#9760 = DIRECTION('',(-1.,-0.));
#9761 = ( GEOMETRIC_REPRESENTATION_CONTEXT(2) 
PARAMETRIC_REPRESENTATION_CONTEXT() REPRESENTATION_CONTEXT('2D SPACE',''
  ) );
#9762 = ORIENTED_EDGE('',*,*,#9763,.T.);
#9763 = EDGE_CURVE('',#9735,#9625,#9764,.T.);
#9764 = SEAM_CURVE('',#9765,(#9769,#9776),.PCURVE_S1.);
#9765 = LINE('',#9766,#9767);
#9766 = CARTESIAN_POINT('',(81.430896649237,0.,-225.6239977917));
#9767 = VECTOR('',#9768,1.);
#9768 = DIRECTION('',(-0.456650717967,0.,0.889646065455));
#9769 = PCURVE('',#9641,#9770);
#9770 = DEFINITIONAL_REPRESENTATION('',(#9771),#9775);
#9771 = LINE('',#9772,#9773);
#9772 = CARTESIAN_POINT('',(-0.,-0.));
#9773 = VECTOR('',#9774,1.);
#9774 = DIRECTION('',(-0.,-1.));
#9775 = ( GEOMETRIC_REPRESENTATION_CONTEXT(2) 
PARAMETRIC_REPRESENTATION_CONTEXT() REPRESENTATION_CONTEXT('2D SPACE',''
  ) );
#9776 = PCURVE('',#9641,#9777);
#9777 = DEFINITIONAL_REPRESENTATION('',(#9778),#9782);
#9778 = LINE('',#9779,#9780);
#9779 = CARTESIAN_POINT('',(-6.28318530718,-0.));
#9780 = VECTOR('',#9781,1.);
#9781 = DIRECTION('',(-0.,-1.));
#9782 = ( GEOMETRIC_REPRESENTATION_CONTEXT(2) 
PARAMETRIC_REPRESENTATION_CONTEXT() REPRESENTATION_CONTEXT('2D SPACE',''
  ) );
#9783 = ORIENTED_EDGE('',*,*,#9624,.F.);
#9784 = ORIENTED_EDGE('',*,*,#9763,.F.);
#9785 = ADVANCED_FACE('',(#9786),#9718,.F.);
#9786 = FACE_BOUND('',#9787,.T.);
#9787 = EDGE_LOOP('',(#9788,#9789,#9812,#9839));
#9788 = ORIENTED_EDGE('',*,*,#9703,.T.);
#9789 = ORIENTED_EDGE('',*,*,#9790,.T.);
#9790 = EDGE_CURVE('',#9681,#9791,#9793,.T.);
#9791 = VERTEX_POINT('',#9792);
#9792 = CARTESIAN_POINT('',(77.14260399169,0.,-224.6080511659));
#9793 = SEAM_CURVE('',#9794,(#9798,#9805),.PCURVE_S1.);
#9794 = LINE('',#9795,#9796);
#9795 = CARTESIAN_POINT('',(76.148623755902,0.,-222.7783707817));
#9796 = VECTOR('',#9797,1.);
#9797 = DIRECTION('',(0.477360834068,0.,-0.878707365451));
#9798 = PCURVE('',#9718,#9799);
#9799 = DEFINITIONAL_REPRESENTATION('',(#9800),#9804);
#9800 = LINE('',#9801,#9802);
#9801 = CARTESIAN_POINT('',(-0.,0.));
#9802 = VECTOR('',#9803,1.);
#9803 = DIRECTION('',(-0.,1.));
#9804 = ( GEOMETRIC_REPRESENTATION_CONTEXT(2) 
PARAMETRIC_REPRESENTATION_CONTEXT() REPRESENTATION_CONTEXT('2D SPACE',''
  ) );
#9805 = PCURVE('',#9718,#9806);
#9806 = DEFINITIONAL_REPRESENTATION('',(#9807),#9811);
#9807 = LINE('',#9808,#9809);
#9808 = CARTESIAN_POINT('',(-6.28318530718,0.));
#9809 = VECTOR('',#9810,1.);
#9810 = DIRECTION('',(-0.,1.));
#9811 = ( GEOMETRIC_REPRESENTATION_CONTEXT(2) 
PARAMETRIC_REPRESENTATION_CONTEXT() REPRESENTATION_CONTEXT('2D SPACE',''
  ) );
#9812 = ORIENTED_EDGE('',*,*,#9813,.F.);
#9813 = EDGE_CURVE('',#9791,#9791,#9814,.T.);
#9814 = SURFACE_CURVE('',#9815,(#9820,#9827),.PCURVE_S1.);
#9815 = CIRCLE('',#9816,77.14260399169);
#9816 = AXIS2_PLACEMENT_3D('',#9817,#9818,#9819);
#9817 = CARTESIAN_POINT('',(0.,0.,-224.6080511659));
#9818 = DIRECTION('',(0.,0.,1.));
#9819 = DIRECTION('',(1.,0.,-0.));
#9820 = PCURVE('',#9718,#9821);
#9821 = DEFINITIONAL_REPRESENTATION('',(#9822),#9826);
#9822 = LINE('',#9823,#9824);
#9823 = CARTESIAN_POINT('',(-0.,1.829680384243));
#9824 = VECTOR('',#9825,1.);
#9825 = DIRECTION('',(-1.,0.));
#9826 = ( GEOMETRIC_REPRESENTATION_CONTEXT(2) 
PARAMETRIC_REPRESENTATION_CONTEXT() REPRESENTATION_CONTEXT('2D SPACE',''
  ) );
#9827 = PCURVE('',#9828,#9833);
#9828 = CONICAL_SURFACE('',#9829,77.14260399169,0.504727633454);
#9829 = AXIS2_PLACEMENT_3D('',#9830,#9831,#9832);
#9830 = CARTESIAN_POINT('',(0.,0.,-224.6080511659));
#9831 = DIRECTION('',(-0.,-0.,-1.));
#9832 = DIRECTION('',(1.,0.,0.));
#9833 = DEFINITIONAL_REPRESENTATION('',(#9834),#9838);
#9834 = LINE('',#9835,#9836);
#9835 = CARTESIAN_POINT('',(-0.,0.));
#9836 = VECTOR('',#9837,1.);
#9837 = DIRECTION('',(-1.,0.));
#9838 = ( GEOMETRIC_REPRESENTATION_CONTEXT(2) 
PARAMETRIC_REPRESENTATION_CONTEXT() REPRESENTATION_CONTEXT('2D SPACE',''
  ) );
#9839 = ORIENTED_EDGE('',*,*,#9790,.F.);
#9840 = ADVANCED_FACE('',(#9841),#9751,.T.);
#9841 = FACE_BOUND('',#9842,.T.);
#9842 = EDGE_LOOP('',(#9843,#9872,#9893,#9894));
#9843 = ORIENTED_EDGE('',*,*,#9844,.T.);
#9844 = EDGE_CURVE('',#9845,#9845,#9847,.T.);
#9845 = VERTEX_POINT('',#9846);
#9846 = CARTESIAN_POINT('',(82.404697571336,0.,-227.4908226031));
#9847 = SURFACE_CURVE('',#9848,(#9853,#9860),.PCURVE_S1.);
#9848 = CIRCLE('',#9849,82.404697571336);
#9849 = AXIS2_PLACEMENT_3D('',#9850,#9851,#9852);
#9850 = CARTESIAN_POINT('',(0.,0.,-227.4908226031));
#9851 = DIRECTION('',(0.,0.,1.));
#9852 = DIRECTION('',(1.,0.,-0.));
#9853 = PCURVE('',#9751,#9854);
#9854 = DEFINITIONAL_REPRESENTATION('',(#9855),#9859);
#9855 = LINE('',#9856,#9857);
#9856 = CARTESIAN_POINT('',(-0.,-0.));
#9857 = VECTOR('',#9858,1.);
#9858 = DIRECTION('',(-1.,-0.));
#9859 = ( GEOMETRIC_REPRESENTATION_CONTEXT(2) 
PARAMETRIC_REPRESENTATION_CONTEXT() REPRESENTATION_CONTEXT('2D SPACE',''
  ) );
#9860 = PCURVE('',#9861,#9866);
#9861 = CONICAL_SURFACE('',#9862,83.383640973802,0.487442288472);
#9862 = AXIS2_PLACEMENT_3D('',#9863,#9864,#9865);
#9863 = CARTESIAN_POINT('',(0.,0.,-229.3375120115));
#9864 = DIRECTION('',(-0.,-0.,-1.));
#9865 = DIRECTION('',(1.,0.,-0.));
#9866 = DEFINITIONAL_REPRESENTATION('',(#9867),#9871);
#9867 = LINE('',#9868,#9869);
#9868 = CARTESIAN_POINT('',(-0.,-1.846689408381));
#9869 = VECTOR('',#9870,1.);
#9870 = DIRECTION('',(-1.,-0.));
#9871 = ( GEOMETRIC_REPRESENTATION_CONTEXT(2) 
PARAMETRIC_REPRESENTATION_CONTEXT() REPRESENTATION_CONTEXT('2D SPACE',''
  ) );
#9872 = ORIENTED_EDGE('',*,*,#9873,.T.);
#9873 = EDGE_CURVE('',#9845,#9735,#9874,.T.);
#9874 = SEAM_CURVE('',#9875,(#9879,#9886),.PCURVE_S1.);
#9875 = LINE('',#9876,#9877);
#9876 = CARTESIAN_POINT('',(82.404697571336,0.,-227.4908226031));
#9877 = VECTOR('',#9878,1.);
#9878 = DIRECTION('',(-0.462493346143,0.,0.886622752231));
#9879 = PCURVE('',#9751,#9880);
#9880 = DEFINITIONAL_REPRESENTATION('',(#9881),#9885);
#9881 = LINE('',#9882,#9883);
#9882 = CARTESIAN_POINT('',(-0.,-0.));
#9883 = VECTOR('',#9884,1.);
#9884 = DIRECTION('',(-0.,-1.));
#9885 = ( GEOMETRIC_REPRESENTATION_CONTEXT(2) 
PARAMETRIC_REPRESENTATION_CONTEXT() REPRESENTATION_CONTEXT('2D SPACE',''
  ) );
#9886 = PCURVE('',#9751,#9887);
#9887 = DEFINITIONAL_REPRESENTATION('',(#9888),#9892);
#9888 = LINE('',#9889,#9890);
#9889 = CARTESIAN_POINT('',(-6.28318530718,-0.));
#9890 = VECTOR('',#9891,1.);
#9891 = DIRECTION('',(-0.,-1.));
#9892 = ( GEOMETRIC_REPRESENTATION_CONTEXT(2) 
PARAMETRIC_REPRESENTATION_CONTEXT() REPRESENTATION_CONTEXT('2D SPACE',''
  ) );
#9893 = ORIENTED_EDGE('',*,*,#9734,.F.);
#9894 = ORIENTED_EDGE('',*,*,#9873,.F.);
#9895 = ADVANCED_FACE('',(#9896),#9828,.F.);
#9896 = FACE_BOUND('',#9897,.T.);
#9897 = EDGE_LOOP('',(#9898,#9899,#9922,#9949));
#9898 = ORIENTED_EDGE('',*,*,#9813,.T.);
#9899 = ORIENTED_EDGE('',*,*,#9900,.T.);
#9900 = EDGE_CURVE('',#9791,#9901,#9903,.T.);
#9901 = VERTEX_POINT('',#9902);
#9902 = CARTESIAN_POINT('',(78.142184189984,0.,-226.41738688));
#9903 = SEAM_CURVE('',#9904,(#9908,#9915),.PCURVE_S1.);
#9904 = LINE('',#9905,#9906);
#9905 = CARTESIAN_POINT('',(77.14260399169,0.,-224.6080511659));
#9906 = VECTOR('',#9907,1.);
#9907 = DIRECTION('',(0.483569054133,0.,-0.875306214924));
#9908 = PCURVE('',#9828,#9909);
#9909 = DEFINITIONAL_REPRESENTATION('',(#9910),#9914);
#9910 = LINE('',#9911,#9912);
#9911 = CARTESIAN_POINT('',(-0.,0.));
#9912 = VECTOR('',#9913,1.);
#9913 = DIRECTION('',(-0.,1.));
#9914 = ( GEOMETRIC_REPRESENTATION_CONTEXT(2) 
PARAMETRIC_REPRESENTATION_CONTEXT() REPRESENTATION_CONTEXT('2D SPACE',''
  ) );
#9915 = PCURVE('',#9828,#9916);
#9916 = DEFINITIONAL_REPRESENTATION('',(#9917),#9921);
#9917 = LINE('',#9918,#9919);
#9918 = CARTESIAN_POINT('',(-6.28318530718,0.));
#9919 = VECTOR('',#9920,1.);
#9920 = DIRECTION('',(-0.,1.));
#9921 = ( GEOMETRIC_REPRESENTATION_CONTEXT(2) 
PARAMETRIC_REPRESENTATION_CONTEXT() REPRESENTATION_CONTEXT('2D SPACE',''
  ) );
#9922 = ORIENTED_EDGE('',*,*,#9923,.F.);
#9923 = EDGE_CURVE('',#9901,#9901,#9924,.T.);
#9924 = SURFACE_CURVE('',#9925,(#9930,#9937),.PCURVE_S1.);
#9925 = CIRCLE('',#9926,78.142184189984);
#9926 = AXIS2_PLACEMENT_3D('',#9927,#9928,#9929);
#9927 = CARTESIAN_POINT('',(0.,0.,-226.41738688));
#9928 = DIRECTION('',(0.,0.,1.));
#9929 = DIRECTION('',(1.,0.,-0.));
#9930 = PCURVE('',#9828,#9931);
#9931 = DEFINITIONAL_REPRESENTATION('',(#9932),#9936);
#9932 = LINE('',#9933,#9934);
#9933 = CARTESIAN_POINT('',(-0.,1.809335714109));
#9934 = VECTOR('',#9935,1.);
#9935 = DIRECTION('',(-1.,0.));
#9936 = ( GEOMETRIC_REPRESENTATION_CONTEXT(2) 
PARAMETRIC_REPRESENTATION_CONTEXT() REPRESENTATION_CONTEXT('2D SPACE',''
  ) );
#9937 = PCURVE('',#9938,#9943);
#9938 = CONICAL_SURFACE('',#9939,78.142184189984,0.511874165385);
#9939 = AXIS2_PLACEMENT_3D('',#9940,#9941,#9942);
#9940 = CARTESIAN_POINT('',(0.,0.,-226.41738688));
#9941 = DIRECTION('',(-0.,-0.,-1.));
#9942 = DIRECTION('',(1.,0.,0.));
#9943 = DEFINITIONAL_REPRESENTATION('',(#9944),#9948);
#9944 = LINE('',#9945,#9946);
#9945 = CARTESIAN_POINT('',(-0.,0.));
#9946 = VECTOR('',#9947,1.);
#9947 = DIRECTION('',(-1.,0.));
#9948 = ( GEOMETRIC_REPRESENTATION_CONTEXT(2) 
PARAMETRIC_REPRESENTATION_CONTEXT() REPRESENTATION_CONTEXT('2D SPACE',''
  ) );
#9949 = ORIENTED_EDGE('',*,*,#9900,.F.);
#9950 = ADVANCED_FACE('',(#9951),#9861,.T.);
#9951 = FACE_BOUND('',#9952,.T.);
#9952 = EDGE_LOOP('',(#9953,#9982,#10003,#10004));
#9953 = ORIENTED_EDGE('',*,*,#9954,.T.);
#9954 = EDGE_CURVE('',#9955,#9955,#9957,.T.);
#9955 = VERTEX_POINT('',#9956);
#9956 = CARTESIAN_POINT('',(82.674616189533,0.,-228.));
#9957 = SURFACE_CURVE('',#9958,(#9963,#9970),.PCURVE_S1.);
#9958 = CIRCLE('',#9959,82.674616189533);
#9959 = AXIS2_PLACEMENT_3D('',#9960,#9961,#9962);
#9960 = CARTESIAN_POINT('',(0.,0.,-228.));
#9961 = DIRECTION('',(0.,0.,1.));
#9962 = DIRECTION('',(1.,0.,-0.));
#9963 = PCURVE('',#9861,#9964);
#9964 = DEFINITIONAL_REPRESENTATION('',(#9965),#9969);
#9965 = LINE('',#9966,#9967);
#9966 = CARTESIAN_POINT('',(-0.,-1.337512011512));
#9967 = VECTOR('',#9968,1.);
#9968 = DIRECTION('',(-1.,-0.));
#9969 = ( GEOMETRIC_REPRESENTATION_CONTEXT(2) 
PARAMETRIC_REPRESENTATION_CONTEXT() REPRESENTATION_CONTEXT('2D SPACE',''
  ) );
#9970 = PCURVE('',#9971,#9976);
#9971 = PLANE('',#9972);
#9972 = AXIS2_PLACEMENT_3D('',#9973,#9974,#9975);
#9973 = CARTESIAN_POINT('',(-2.109931155872E-15,5.053314114073E-15,-228.
    ));
#9974 = DIRECTION('',(0.,0.,1.));
#9975 = DIRECTION('',(1.,0.,0.));
#9976 = DEFINITIONAL_REPRESENTATION('',(#9977),#9981);
#9977 = CIRCLE('',#9978,82.674616189533);
#9978 = AXIS2_PLACEMENT_2D('',#9979,#9980);
#9979 = CARTESIAN_POINT('',(2.109931155872E-15,-5.053314114073E-15));
#9980 = DIRECTION('',(1.,0.));
#9981 = ( GEOMETRIC_REPRESENTATION_CONTEXT(2) 
PARAMETRIC_REPRESENTATION_CONTEXT() REPRESENTATION_CONTEXT('2D SPACE',''
  ) );
#9982 = ORIENTED_EDGE('',*,*,#9983,.T.);
#9983 = EDGE_CURVE('',#9955,#9845,#9984,.T.);
#9984 = SEAM_CURVE('',#9985,(#9989,#9996),.PCURVE_S1.);
#9985 = LINE('',#9986,#9987);
#9986 = CARTESIAN_POINT('',(83.383640973802,0.,-229.3375120115));
#9987 = VECTOR('',#9988,1.);
#9988 = DIRECTION('',(-0.468367598318,0.,0.883533696497));
#9989 = PCURVE('',#9861,#9990);
#9990 = DEFINITIONAL_REPRESENTATION('',(#9991),#9995);
#9991 = LINE('',#9992,#9993);
#9992 = CARTESIAN_POINT('',(-0.,-0.));
#9993 = VECTOR('',#9994,1.);
#9994 = DIRECTION('',(-0.,-1.));
#9995 = ( GEOMETRIC_REPRESENTATION_CONTEXT(2) 
PARAMETRIC_REPRESENTATION_CONTEXT() REPRESENTATION_CONTEXT('2D SPACE',''
  ) );
#9996 = PCURVE('',#9861,#9997);
#9997 = DEFINITIONAL_REPRESENTATION('',(#9998),#10002);
#9998 = LINE('',#9999,#10000);
#9999 = CARTESIAN_POINT('',(-6.28318530718,-0.));
#10000 = VECTOR('',#10001,1.);
#10001 = DIRECTION('',(-0.,-1.));
#10002 = ( GEOMETRIC_REPRESENTATION_CONTEXT(2) 
PARAMETRIC_REPRESENTATION_CONTEXT() REPRESENTATION_CONTEXT('2D SPACE',''
  ) );
#10003 = ORIENTED_EDGE('',*,*,#9844,.F.);
#10004 = ORIENTED_EDGE('',*,*,#9983,.F.);
#10005 = ADVANCED_FACE('',(#10006),#9938,.F.);
#10006 = FACE_BOUND('',#10007,.T.);
#10007 = EDGE_LOOP('',(#10008,#10009,#10032,#10059));
#10008 = ORIENTED_EDGE('',*,*,#9923,.T.);
#10009 = ORIENTED_EDGE('',*,*,#10010,.T.);
#10010 = EDGE_CURVE('',#9901,#10011,#10013,.T.);
#10011 = VERTEX_POINT('',#10012);
#10012 = CARTESIAN_POINT('',(79.147333152005,0.,-228.2064752642));
#10013 = SEAM_CURVE('',#10014,(#10018,#10025),.PCURVE_S1.);
#10014 = LINE('',#10015,#10016);
#10015 = CARTESIAN_POINT('',(78.142184189984,0.,-226.41738688));
#10016 = VECTOR('',#10017,1.);
#10017 = DIRECTION('',(0.489812056112,0.,-0.871828050528));
#10018 = PCURVE('',#9938,#10019);
#10019 = DEFINITIONAL_REPRESENTATION('',(#10020),#10024);
#10020 = LINE('',#10021,#10022);
#10021 = CARTESIAN_POINT('',(-0.,0.));
#10022 = VECTOR('',#10023,1.);
#10023 = DIRECTION('',(-0.,1.));
#10024 = ( GEOMETRIC_REPRESENTATION_CONTEXT(2) 
PARAMETRIC_REPRESENTATION_CONTEXT() REPRESENTATION_CONTEXT('2D SPACE',''
  ) );
#10025 = PCURVE('',#9938,#10026);
#10026 = DEFINITIONAL_REPRESENTATION('',(#10027),#10031);
#10027 = LINE('',#10028,#10029);
#10028 = CARTESIAN_POINT('',(-6.28318530718,0.));
#10029 = VECTOR('',#10030,1.);
#10030 = DIRECTION('',(-0.,1.));
#10031 = ( GEOMETRIC_REPRESENTATION_CONTEXT(2) 
PARAMETRIC_REPRESENTATION_CONTEXT() REPRESENTATION_CONTEXT('2D SPACE',''
  ) );
#10032 = ORIENTED_EDGE('',*,*,#10033,.F.);
#10033 = EDGE_CURVE('',#10011,#10011,#10034,.T.);
#10034 = SURFACE_CURVE('',#10035,(#10040,#10047),.PCURVE_S1.);
#10035 = CIRCLE('',#10036,79.147333152005);
#10036 = AXIS2_PLACEMENT_3D('',#10037,#10038,#10039);
#10037 = CARTESIAN_POINT('',(0.,0.,-228.2064752642));
#10038 = DIRECTION('',(0.,0.,1.));
#10039 = DIRECTION('',(1.,0.,-0.));
#10040 = PCURVE('',#9938,#10041);
#10041 = DEFINITIONAL_REPRESENTATION('',(#10042),#10046);
#10042 = LINE('',#10043,#10044);
#10043 = CARTESIAN_POINT('',(-0.,1.789088384239));
#10044 = VECTOR('',#10045,1.);
#10045 = DIRECTION('',(-1.,0.));
#10046 = ( GEOMETRIC_REPRESENTATION_CONTEXT(2) 
PARAMETRIC_REPRESENTATION_CONTEXT() REPRESENTATION_CONTEXT('2D SPACE',''
  ) );
#10047 = PCURVE('',#10048,#10053);
#10048 = CONICAL_SURFACE('',#10049,79.147333152005,0.51908934417);
#10049 = AXIS2_PLACEMENT_3D('',#10050,#10051,#10052);
#10050 = CARTESIAN_POINT('',(0.,0.,-228.2064752642));
#10051 = DIRECTION('',(-0.,-0.,-1.));
#10052 = DIRECTION('',(1.,0.,0.));
#10053 = DEFINITIONAL_REPRESENTATION('',(#10054),#10058);
#10054 = LINE('',#10055,#10056);
#10055 = CARTESIAN_POINT('',(-0.,0.));
#10056 = VECTOR('',#10057,1.);
#10057 = DIRECTION('',(-1.,0.));
#10058 = ( GEOMETRIC_REPRESENTATION_CONTEXT(2) 
PARAMETRIC_REPRESENTATION_CONTEXT() REPRESENTATION_CONTEXT('2D SPACE',''
  ) );
#10059 = ORIENTED_EDGE('',*,*,#10010,.F.);
#10060 = ADVANCED_FACE('',(#10061,#10092),#9971,.T.);
#10061 = FACE_BOUND('',#10062,.T.);
#10062 = EDGE_LOOP('',(#10063));
#10063 = ORIENTED_EDGE('',*,*,#10064,.T.);
#10064 = EDGE_CURVE('',#10065,#10065,#10067,.T.);
#10065 = VERTEX_POINT('',#10066);
#10066 = CARTESIAN_POINT('',(82.956420866126,0.,-228.));
#10067 = SURFACE_CURVE('',#10068,(#10073,#10080),.PCURVE_S1.);
#10068 = CIRCLE('',#10069,82.956420866126);
#10069 = AXIS2_PLACEMENT_3D('',#10070,#10071,#10072);
#10070 = CARTESIAN_POINT('',(0.,0.,-228.));
#10071 = DIRECTION('',(0.,0.,1.));
#10072 = DIRECTION('',(1.,0.,0.));
#10073 = PCURVE('',#9971,#10074);
#10074 = DEFINITIONAL_REPRESENTATION('',(#10075),#10079);
#10075 = CIRCLE('',#10076,82.956420866126);
#10076 = AXIS2_PLACEMENT_2D('',#10077,#10078);
#10077 = CARTESIAN_POINT('',(2.109931155872E-15,-5.053314114073E-15));
#10078 = DIRECTION('',(1.,0.));
#10079 = ( GEOMETRIC_REPRESENTATION_CONTEXT(2) 
PARAMETRIC_REPRESENTATION_CONTEXT() REPRESENTATION_CONTEXT('2D SPACE',''
  ) );
#10080 = PCURVE('',#10081,#10086);
#10081 = CYLINDRICAL_SURFACE('',#10082,82.956420866126);
#10082 = AXIS2_PLACEMENT_3D('',#10083,#10084,#10085);
#10083 = CARTESIAN_POINT('',(0.,0.,-230.));
#10084 = DIRECTION('',(-0.,-0.,-1.));
#10085 = DIRECTION('',(1.,0.,0.));
#10086 = DEFINITIONAL_REPRESENTATION('',(#10087),#10091);
#10087 = LINE('',#10088,#10089);
#10088 = CARTESIAN_POINT('',(-0.,-2.));
#10089 = VECTOR('',#10090,1.);
#10090 = DIRECTION('',(-1.,0.));
#10091 = ( GEOMETRIC_REPRESENTATION_CONTEXT(2) 
PARAMETRIC_REPRESENTATION_CONTEXT() REPRESENTATION_CONTEXT('2D SPACE',''
  ) );
#10092 = FACE_BOUND('',#10093,.T.);
#10093 = EDGE_LOOP('',(#10094));
#10094 = ORIENTED_EDGE('',*,*,#9954,.F.);
#10095 = ADVANCED_FACE('',(#10096),#10048,.F.);
#10096 = FACE_BOUND('',#10097,.T.);
#10097 = EDGE_LOOP('',(#10098,#10099,#10122,#10149));
#10098 = ORIENTED_EDGE('',*,*,#10033,.T.);
#10099 = ORIENTED_EDGE('',*,*,#10100,.T.);
#10100 = EDGE_CURVE('',#10011,#10101,#10103,.T.);
#10101 = VERTEX_POINT('',#10102);
#10102 = CARTESIAN_POINT('',(80.158020194694,0.,-229.9754107053));
#10103 = SEAM_CURVE('',#10104,(#10108,#10115),.PCURVE_S1.);
#10104 = LINE('',#10105,#10106);
#10105 = CARTESIAN_POINT('',(79.147333152005,0.,-228.2064752642));
#10106 = VECTOR('',#10107,1.);
#10107 = DIRECTION('',(0.496089647328,0.,-0.868271306571));
#10108 = PCURVE('',#10048,#10109);
#10109 = DEFINITIONAL_REPRESENTATION('',(#10110),#10114);
#10110 = LINE('',#10111,#10112);
#10111 = CARTESIAN_POINT('',(-0.,0.));
#10112 = VECTOR('',#10113,1.);
#10113 = DIRECTION('',(-0.,1.));
#10114 = ( GEOMETRIC_REPRESENTATION_CONTEXT(2) 
PARAMETRIC_REPRESENTATION_CONTEXT() REPRESENTATION_CONTEXT('2D SPACE',''
  ) );
#10115 = PCURVE('',#10048,#10116);
#10116 = DEFINITIONAL_REPRESENTATION('',(#10117),#10121);
#10117 = LINE('',#10118,#10119);
#10118 = CARTESIAN_POINT('',(-6.28318530718,0.));
#10119 = VECTOR('',#10120,1.);
#10120 = DIRECTION('',(-0.,1.));
#10121 = ( GEOMETRIC_REPRESENTATION_CONTEXT(2) 
PARAMETRIC_REPRESENTATION_CONTEXT() REPRESENTATION_CONTEXT('2D SPACE',''
  ) );
#10122 = ORIENTED_EDGE('',*,*,#10123,.F.);
#10123 = EDGE_CURVE('',#10101,#10101,#10124,.T.);
#10124 = SURFACE_CURVE('',#10125,(#10130,#10137),.PCURVE_S1.);
#10125 = CIRCLE('',#10126,80.158020194694);
#10126 = AXIS2_PLACEMENT_3D('',#10127,#10128,#10129);
#10127 = CARTESIAN_POINT('',(0.,0.,-229.9754107053));
#10128 = DIRECTION('',(0.,0.,1.));
#10129 = DIRECTION('',(1.,0.,-0.));
#10130 = PCURVE('',#10048,#10131);
#10131 = DEFINITIONAL_REPRESENTATION('',(#10132),#10136);
#10132 = LINE('',#10133,#10134);
#10133 = CARTESIAN_POINT('',(-0.,1.768935441037));
#10134 = VECTOR('',#10135,1.);
#10135 = DIRECTION('',(-1.,0.));
#10136 = ( GEOMETRIC_REPRESENTATION_CONTEXT(2) 
PARAMETRIC_REPRESENTATION_CONTEXT() REPRESENTATION_CONTEXT('2D SPACE',''
  ) );
#10137 = PCURVE('',#10138,#10143);
#10138 = CONICAL_SURFACE('',#10139,80.158020194694,0.526374175791);
#10139 = AXIS2_PLACEMENT_3D('',#10140,#10141,#10142);
#10140 = CARTESIAN_POINT('',(0.,0.,-229.9754107053));
#10141 = DIRECTION('',(-0.,-0.,-1.));
#10142 = DIRECTION('',(1.,0.,0.));
#10143 = DEFINITIONAL_REPRESENTATION('',(#10144),#10148);
#10144 = LINE('',#10145,#10146);
#10145 = CARTESIAN_POINT('',(-0.,0.));
#10146 = VECTOR('',#10147,1.);
#10147 = DIRECTION('',(-1.,0.));
#10148 = ( GEOMETRIC_REPRESENTATION_CONTEXT(2) 
PARAMETRIC_REPRESENTATION_CONTEXT() REPRESENTATION_CONTEXT('2D SPACE',''
  ) );
#10149 = ORIENTED_EDGE('',*,*,#10100,.F.);
#10150 = ADVANCED_FACE('',(#10151),#10081,.T.);
#10151 = FACE_BOUND('',#10152,.F.);
#10152 = EDGE_LOOP('',(#10153,#10182,#10203,#10204));
#10153 = ORIENTED_EDGE('',*,*,#10154,.T.);
#10154 = EDGE_CURVE('',#10155,#10155,#10157,.T.);
#10155 = VERTEX_POINT('',#10156);
#10156 = CARTESIAN_POINT('',(82.956420866126,0.,-228.5315993858));
#10157 = SURFACE_CURVE('',#10158,(#10163,#10170),.PCURVE_S1.);
#10158 = CIRCLE('',#10159,82.956420866126);
#10159 = AXIS2_PLACEMENT_3D('',#10160,#10161,#10162);
#10160 = CARTESIAN_POINT('',(0.,0.,-228.5315993858));
#10161 = DIRECTION('',(0.,-0.,-1.));
#10162 = DIRECTION('',(0.,1.,-0.));
#10163 = PCURVE('',#10081,#10164);
#10164 = DEFINITIONAL_REPRESENTATION('',(#10165),#10169);
#10165 = LINE('',#10166,#10167);
#10166 = CARTESIAN_POINT('',(-7.853981633974,-1.468400614187));
#10167 = VECTOR('',#10168,1.);
#10168 = DIRECTION('',(1.,-0.));
#10169 = ( GEOMETRIC_REPRESENTATION_CONTEXT(2) 
PARAMETRIC_REPRESENTATION_CONTEXT() REPRESENTATION_CONTEXT('2D SPACE',''
  ) );
#10170 = PCURVE('',#10171,#10176);
#10171 = CONICAL_SURFACE('',#10172,83.383640973802,0.487442288472);
#10172 = AXIS2_PLACEMENT_3D('',#10173,#10174,#10175);
#10173 = CARTESIAN_POINT('',(0.,0.,-229.3375120115));
#10174 = DIRECTION('',(-0.,-0.,-1.));
#10175 = DIRECTION('',(1.,0.,-0.));
#10176 = DEFINITIONAL_REPRESENTATION('',(#10177),#10181);
#10177 = LINE('',#10178,#10179);
#10178 = CARTESIAN_POINT('',(-7.853981633974,-0.805912625699));
#10179 = VECTOR('',#10180,1.);
#10180 = DIRECTION('',(1.,-0.));
#10181 = ( GEOMETRIC_REPRESENTATION_CONTEXT(2) 
PARAMETRIC_REPRESENTATION_CONTEXT() REPRESENTATION_CONTEXT('2D SPACE',''
  ) );
#10182 = ORIENTED_EDGE('',*,*,#10183,.T.);
#10183 = EDGE_CURVE('',#10155,#10065,#10184,.T.);
#10184 = SEAM_CURVE('',#10185,(#10189,#10196),.PCURVE_S1.);
#10185 = LINE('',#10186,#10187);
#10186 = CARTESIAN_POINT('',(82.956420866126,0.,-230.));
#10187 = VECTOR('',#10188,1.);
#10188 = DIRECTION('',(0.,0.,1.));
#10189 = PCURVE('',#10081,#10190);
#10190 = DEFINITIONAL_REPRESENTATION('',(#10191),#10195);
#10191 = LINE('',#10192,#10193);
#10192 = CARTESIAN_POINT('',(-6.28318530718,0.));
#10193 = VECTOR('',#10194,1.);
#10194 = DIRECTION('',(-0.,-1.));
#10195 = ( GEOMETRIC_REPRESENTATION_CONTEXT(2) 
PARAMETRIC_REPRESENTATION_CONTEXT() REPRESENTATION_CONTEXT('2D SPACE',''
  ) );
#10196 = PCURVE('',#10081,#10197);
#10197 = DEFINITIONAL_REPRESENTATION('',(#10198),#10202);
#10198 = LINE('',#10199,#10200);
#10199 = CARTESIAN_POINT('',(-0.,0.));
#10200 = VECTOR('',#10201,1.);
#10201 = DIRECTION('',(-0.,-1.));
#10202 = ( GEOMETRIC_REPRESENTATION_CONTEXT(2) 
PARAMETRIC_REPRESENTATION_CONTEXT() REPRESENTATION_CONTEXT('2D SPACE',''
  ) );
#10203 = ORIENTED_EDGE('',*,*,#10064,.T.);
#10204 = ORIENTED_EDGE('',*,*,#10183,.F.);
#10205 = ADVANCED_FACE('',(#10206),#10138,.F.);
#10206 = FACE_BOUND('',#10207,.T.);
#10207 = EDGE_LOOP('',(#10208,#10231,#10232,#10233));
#10208 = ORIENTED_EDGE('',*,*,#10209,.F.);
#10209 = EDGE_CURVE('',#10101,#10210,#10212,.T.);
#10210 = VERTEX_POINT('',#10211);
#10211 = CARTESIAN_POINT('',(80.172307970376,0.,-230.));
#10212 = SEAM_CURVE('',#10213,(#10217,#10224),.PCURVE_S1.);
#10213 = LINE('',#10214,#10215);
#10214 = CARTESIAN_POINT('',(80.158020194694,0.,-229.9754107053));
#10215 = VECTOR('',#10216,1.);
#10216 = DIRECTION('',(0.502401638276,0.,-0.864634370042));
#10217 = PCURVE('',#10138,#10218);
#10218 = DEFINITIONAL_REPRESENTATION('',(#10219),#10223);
#10219 = LINE('',#10220,#10221);
#10220 = CARTESIAN_POINT('',(-0.,0.));
#10221 = VECTOR('',#10222,1.);
#10222 = DIRECTION('',(-0.,1.));
#10223 = ( GEOMETRIC_REPRESENTATION_CONTEXT(2) 
PARAMETRIC_REPRESENTATION_CONTEXT() REPRESENTATION_CONTEXT('2D SPACE',''
  ) );
#10224 = PCURVE('',#10138,#10225);
#10225 = DEFINITIONAL_REPRESENTATION('',(#10226),#10230);
#10226 = LINE('',#10227,#10228);
#10227 = CARTESIAN_POINT('',(-6.28318530718,0.));
#10228 = VECTOR('',#10229,1.);
#10229 = DIRECTION('',(-0.,1.));
#10230 = ( GEOMETRIC_REPRESENTATION_CONTEXT(2) 
PARAMETRIC_REPRESENTATION_CONTEXT() REPRESENTATION_CONTEXT('2D SPACE',''
  ) );
#10231 = ORIENTED_EDGE('',*,*,#10123,.T.);
#10232 = ORIENTED_EDGE('',*,*,#10209,.T.);
#10233 = ORIENTED_EDGE('',*,*,#10234,.T.);
#10234 = EDGE_CURVE('',#10210,#10210,#10235,.T.);
#10235 = SURFACE_CURVE('',#10236,(#10241,#10248),.PCURVE_S1.);
#10236 = CIRCLE('',#10237,80.172307970376);
#10237 = AXIS2_PLACEMENT_3D('',#10238,#10239,#10240);
#10238 = CARTESIAN_POINT('',(0.,0.,-230.));
#10239 = DIRECTION('',(0.,0.,-1.));
#10240 = DIRECTION('',(1.,0.,0.));
#10241 = PCURVE('',#10138,#10242);
#10242 = DEFINITIONAL_REPRESENTATION('',(#10243),#10247);
#10243 = LINE('',#10244,#10245);
#10244 = CARTESIAN_POINT('',(-6.28318530718,2.458929466943E-02));
#10245 = VECTOR('',#10246,1.);
#10246 = DIRECTION('',(1.,-0.));
#10247 = ( GEOMETRIC_REPRESENTATION_CONTEXT(2) 
PARAMETRIC_REPRESENTATION_CONTEXT() REPRESENTATION_CONTEXT('2D SPACE',''
  ) );
#10248 = PCURVE('',#10249,#10254);
#10249 = PLANE('',#10250);
#10250 = AXIS2_PLACEMENT_3D('',#10251,#10252,#10253);
#10251 = CARTESIAN_POINT('',(-1.E+03,-1.E+03,-230.));
#10252 = DIRECTION('',(0.,0.,1.));
#10253 = DIRECTION('',(1.,0.,-0.));
#10254 = DEFINITIONAL_REPRESENTATION('',(#10255),#10263);
#10255 = ( BOUNDED_CURVE() B_SPLINE_CURVE(2,(#10256,#10257,#10258,#10259
    ,#10260,#10261,#10262),.UNSPECIFIED.,.T.,.F.) 
B_SPLINE_CURVE_WITH_KNOTS((1,2,2,2,2,1),(-2.094395102393,0.,
    2.094395102393,4.188790204786,6.28318530718,8.377580409573),
.UNSPECIFIED.) CURVE() GEOMETRIC_REPRESENTATION_ITEM() 
RATIONAL_B_SPLINE_CURVE((1.,0.5,1.,0.5,1.,0.5,1.)) REPRESENTATION_ITEM(
  '') );
#10256 = CARTESIAN_POINT('',(1.08017230797E+03,1.E+03));
#10257 = CARTESIAN_POINT('',(1.08017230797E+03,861.13748923525));
#10258 = CARTESIAN_POINT('',(959.91384601481,930.56874461762));
#10259 = CARTESIAN_POINT('',(839.65538405924,1.E+03));
#10260 = CARTESIAN_POINT('',(959.91384601481,1.069431255382E+03));
#10261 = CARTESIAN_POINT('',(1.08017230797E+03,1.138862510765E+03));
#10262 = CARTESIAN_POINT('',(1.08017230797E+03,1.E+03));
#10263 = ( GEOMETRIC_REPRESENTATION_CONTEXT(2) 
PARAMETRIC_REPRESENTATION_CONTEXT() REPRESENTATION_CONTEXT('2D SPACE',''
  ) );
#10264 = ADVANCED_FACE('',(#10265),#10171,.T.);
#10265 = FACE_BOUND('',#10266,.T.);
#10266 = EDGE_LOOP('',(#10267,#10290,#10317,#10318));
#10267 = ORIENTED_EDGE('',*,*,#10268,.F.);
#10268 = EDGE_CURVE('',#10269,#10155,#10271,.T.);
#10269 = VERTEX_POINT('',#10270);
#10270 = CARTESIAN_POINT('',(83.383640973802,0.,-229.3375120115));
#10271 = SEAM_CURVE('',#10272,(#10276,#10283),.PCURVE_S1.);
#10272 = LINE('',#10273,#10274);
#10273 = CARTESIAN_POINT('',(83.383640973802,0.,-229.3375120115));
#10274 = VECTOR('',#10275,1.);
#10275 = DIRECTION('',(-0.468367598318,0.,0.883533696497));
#10276 = PCURVE('',#10171,#10277);
#10277 = DEFINITIONAL_REPRESENTATION('',(#10278),#10282);
#10278 = LINE('',#10279,#10280);
#10279 = CARTESIAN_POINT('',(-0.,-0.));
#10280 = VECTOR('',#10281,1.);
#10281 = DIRECTION('',(-0.,-1.));
#10282 = ( GEOMETRIC_REPRESENTATION_CONTEXT(2) 
PARAMETRIC_REPRESENTATION_CONTEXT() REPRESENTATION_CONTEXT('2D SPACE',''
  ) );
#10283 = PCURVE('',#10171,#10284);
#10284 = DEFINITIONAL_REPRESENTATION('',(#10285),#10289);
#10285 = LINE('',#10286,#10287);
#10286 = CARTESIAN_POINT('',(-6.28318530718,-0.));
#10287 = VECTOR('',#10288,1.);
#10288 = DIRECTION('',(-0.,-1.));
#10289 = ( GEOMETRIC_REPRESENTATION_CONTEXT(2) 
PARAMETRIC_REPRESENTATION_CONTEXT() REPRESENTATION_CONTEXT('2D SPACE',''
  ) );
#10290 = ORIENTED_EDGE('',*,*,#10291,.T.);
#10291 = EDGE_CURVE('',#10269,#10269,#10292,.T.);
#10292 = SURFACE_CURVE('',#10293,(#10298,#10305),.PCURVE_S1.);
#10293 = CIRCLE('',#10294,83.383640973802);
#10294 = AXIS2_PLACEMENT_3D('',#10295,#10296,#10297);
#10295 = CARTESIAN_POINT('',(0.,0.,-229.3375120115));
#10296 = DIRECTION('',(0.,0.,1.));
#10297 = DIRECTION('',(1.,0.,-0.));
#10298 = PCURVE('',#10171,#10299);
#10299 = DEFINITIONAL_REPRESENTATION('',(#10300),#10304);
#10300 = LINE('',#10301,#10302);
#10301 = CARTESIAN_POINT('',(-0.,-0.));
#10302 = VECTOR('',#10303,1.);
#10303 = DIRECTION('',(-1.,-0.));
#10304 = ( GEOMETRIC_REPRESENTATION_CONTEXT(2) 
PARAMETRIC_REPRESENTATION_CONTEXT() REPRESENTATION_CONTEXT('2D SPACE',''
  ) );
#10305 = PCURVE('',#10306,#10311);
#10306 = CONICAL_SURFACE('',#10307,84.367686400774,0.494138507403);
#10307 = AXIS2_PLACEMENT_3D('',#10308,#10309,#10310);
#10308 = CARTESIAN_POINT('',(0.,0.,-231.1641621912));
#10309 = DIRECTION('',(-0.,-0.,-1.));
#10310 = DIRECTION('',(1.,0.,-0.));
#10311 = DEFINITIONAL_REPRESENTATION('',(#10312),#10316);
#10312 = LINE('',#10313,#10314);
#10313 = CARTESIAN_POINT('',(-0.,-1.826650179769));
#10314 = VECTOR('',#10315,1.);
#10315 = DIRECTION('',(-1.,-0.));
#10316 = ( GEOMETRIC_REPRESENTATION_CONTEXT(2) 
PARAMETRIC_REPRESENTATION_CONTEXT() REPRESENTATION_CONTEXT('2D SPACE',''
  ) );
#10317 = ORIENTED_EDGE('',*,*,#10268,.T.);
#10318 = ORIENTED_EDGE('',*,*,#10154,.T.);
#10319 = ADVANCED_FACE('',(#10320,#10323),#10249,.F.);
#10320 = FACE_BOUND('',#10321,.F.);
#10321 = EDGE_LOOP('',(#10322));
#10322 = ORIENTED_EDGE('',*,*,#10234,.T.);
#10323 = FACE_BOUND('',#10324,.F.);
#10324 = EDGE_LOOP('',(#10325));
#10325 = ORIENTED_EDGE('',*,*,#10326,.T.);
#10326 = EDGE_CURVE('',#10327,#10327,#10329,.T.);
#10327 = VERTEX_POINT('',#10328);
#10328 = CARTESIAN_POINT('',(83.740533761876,0.,-230.));
#10329 = SURFACE_CURVE('',#10330,(#10335,#10342),.PCURVE_S1.);
#10330 = CIRCLE('',#10331,83.740533761876);
#10331 = AXIS2_PLACEMENT_3D('',#10332,#10333,#10334);
#10332 = CARTESIAN_POINT('',(0.,0.,-230.));
#10333 = DIRECTION('',(0.,0.,1.));
#10334 = DIRECTION('',(1.,0.,-0.));
#10335 = PCURVE('',#10249,#10336);
#10336 = DEFINITIONAL_REPRESENTATION('',(#10337),#10341);
#10337 = CIRCLE('',#10338,83.740533761876);
#10338 = AXIS2_PLACEMENT_2D('',#10339,#10340);
#10339 = CARTESIAN_POINT('',(1.E+03,1.E+03));
#10340 = DIRECTION('',(1.,0.));
#10341 = ( GEOMETRIC_REPRESENTATION_CONTEXT(2) 
PARAMETRIC_REPRESENTATION_CONTEXT() REPRESENTATION_CONTEXT('2D SPACE',''
  ) );
#10342 = PCURVE('',#10306,#10343);
#10343 = DEFINITIONAL_REPRESENTATION('',(#10344),#10348);
#10344 = LINE('',#10345,#10346);
#10345 = CARTESIAN_POINT('',(-0.,-1.164162191282));
#10346 = VECTOR('',#10347,1.);
#10347 = DIRECTION('',(-1.,-0.));
#10348 = ( GEOMETRIC_REPRESENTATION_CONTEXT(2) 
PARAMETRIC_REPRESENTATION_CONTEXT() REPRESENTATION_CONTEXT('2D SPACE',''
  ) );
#10349 = ADVANCED_FACE('',(#10350),#10306,.T.);
#10350 = FACE_BOUND('',#10351,.T.);
#10351 = EDGE_LOOP('',(#10352,#10353,#10374,#10375));
#10352 = ORIENTED_EDGE('',*,*,#10326,.T.);
#10353 = ORIENTED_EDGE('',*,*,#10354,.T.);
#10354 = EDGE_CURVE('',#10327,#10269,#10355,.T.);
#10355 = SEAM_CURVE('',#10356,(#10360,#10367),.PCURVE_S1.);
#10356 = LINE('',#10357,#10358);
#10357 = CARTESIAN_POINT('',(84.367686400774,0.,-231.1641621912));
#10358 = VECTOR('',#10359,1.);
#10359 = DIRECTION('',(-0.474273388559,0.,0.880377619493));
#10360 = PCURVE('',#10306,#10361);
#10361 = DEFINITIONAL_REPRESENTATION('',(#10362),#10366);
#10362 = LINE('',#10363,#10364);
#10363 = CARTESIAN_POINT('',(-0.,-0.));
#10364 = VECTOR('',#10365,1.);
#10365 = DIRECTION('',(-0.,-1.));
#10366 = ( GEOMETRIC_REPRESENTATION_CONTEXT(2) 
PARAMETRIC_REPRESENTATION_CONTEXT() REPRESENTATION_CONTEXT('2D SPACE',''
  ) );
#10367 = PCURVE('',#10306,#10368);
#10368 = DEFINITIONAL_REPRESENTATION('',(#10369),#10373);
#10369 = LINE('',#10370,#10371);
#10370 = CARTESIAN_POINT('',(-6.28318530718,-0.));
#10371 = VECTOR('',#10372,1.);
#10372 = DIRECTION('',(-0.,-1.));
#10373 = ( GEOMETRIC_REPRESENTATION_CONTEXT(2) 
PARAMETRIC_REPRESENTATION_CONTEXT() REPRESENTATION_CONTEXT('2D SPACE',''
  ) );
#10374 = ORIENTED_EDGE('',*,*,#10291,.F.);
#10375 = ORIENTED_EDGE('',*,*,#10354,.F.);
#10376 = MANIFOLD_SOLID_BREP('',#10377);
#10377 = CLOSED_SHELL('',(#10378,#10465,#10624,#10758,#10785,#10812,
    #10839,#10866));
#10378 = ADVANCED_FACE('',(#10379),#10393,.F.);
#10379 = FACE_BOUND('',#10380,.T.);
#10380 = EDGE_LOOP('',(#10381,#10411,#10438,#10439));
#10381 = ORIENTED_EDGE('',*,*,#10382,.T.);
#10382 = EDGE_CURVE('',#10383,#10385,#10387,.T.);
#10383 = VERTEX_POINT('',#10384);
#10384 = CARTESIAN_POINT('',(18.,0.,0.));
#10385 = VERTEX_POINT('',#10386);
#10386 = CARTESIAN_POINT('',(18.,0.,8.));
#10387 = SEAM_CURVE('',#10388,(#10392,#10404),.PCURVE_S1.);
#10388 = LINE('',#10389,#10390);
#10389 = CARTESIAN_POINT('',(18.,0.,0.));
#10390 = VECTOR('',#10391,1.);
#10391 = DIRECTION('',(0.,0.,1.));
#10392 = PCURVE('',#10393,#10398);
#10393 = CYLINDRICAL_SURFACE('',#10394,18.);
#10394 = AXIS2_PLACEMENT_3D('',#10395,#10396,#10397);
#10395 = CARTESIAN_POINT('',(0.,0.,0.));
#10396 = DIRECTION('',(-0.,-0.,-1.));
#10397 = DIRECTION('',(1.,0.,0.));
#10398 = DEFINITIONAL_REPRESENTATION('',(#10399),#10403);
#10399 = LINE('',#10400,#10401);
#10400 = CARTESIAN_POINT('',(-0.,0.));
#10401 = VECTOR('',#10402,1.);
#10402 = DIRECTION('',(-0.,-1.));
#10403 = ( GEOMETRIC_REPRESENTATION_CONTEXT(2) 
PARAMETRIC_REPRESENTATION_CONTEXT() REPRESENTATION_CONTEXT('2D SPACE',''
  ) );
#10404 = PCURVE('',#10393,#10405);
#10405 = DEFINITIONAL_REPRESENTATION('',(#10406),#10410);
#10406 = LINE('',#10407,#10408);
#10407 = CARTESIAN_POINT('',(-6.28318530718,0.));
#10408 = VECTOR('',#10409,1.);
#10409 = DIRECTION('',(-0.,-1.));
#10410 = ( GEOMETRIC_REPRESENTATION_CONTEXT(2) 
PARAMETRIC_REPRESENTATION_CONTEXT() REPRESENTATION_CONTEXT('2D SPACE',''
  ) );
#10411 = ORIENTED_EDGE('',*,*,#10412,.T.);
#10412 = EDGE_CURVE('',#10385,#10385,#10413,.T.);
#10413 = SURFACE_CURVE('',#10414,(#10419,#10426),.PCURVE_S1.);
#10414 = CIRCLE('',#10415,18.);
#10415 = AXIS2_PLACEMENT_3D('',#10416,#10417,#10418);
#10416 = CARTESIAN_POINT('',(0.,0.,8.));
#10417 = DIRECTION('',(0.,0.,1.));
#10418 = DIRECTION('',(1.,0.,0.));
#10419 = PCURVE('',#10393,#10420);
#10420 = DEFINITIONAL_REPRESENTATION('',(#10421),#10425);
#10421 = LINE('',#10422,#10423);
#10422 = CARTESIAN_POINT('',(-0.,-8.));
#10423 = VECTOR('',#10424,1.);
#10424 = DIRECTION('',(-1.,0.));
#10425 = ( GEOMETRIC_REPRESENTATION_CONTEXT(2) 
PARAMETRIC_REPRESENTATION_CONTEXT() REPRESENTATION_CONTEXT('2D SPACE',''
  ) );
#10426 = PCURVE('',#10427,#10432);
#10427 = PLANE('',#10428);
#10428 = AXIS2_PLACEMENT_3D('',#10429,#10430,#10431);
#10429 = CARTESIAN_POINT('',(-4.039207776116E-15,2.732208970003E-15,8.)
  );
#10430 = DIRECTION('',(0.,0.,1.));
#10431 = DIRECTION('',(1.,0.,0.));
#10432 = DEFINITIONAL_REPRESENTATION('',(#10433),#10437);
#10433 = CIRCLE('',#10434,18.);
#10434 = AXIS2_PLACEMENT_2D('',#10435,#10436);
#10435 = CARTESIAN_POINT('',(4.039207776116E-15,-2.732208970003E-15));
#10436 = DIRECTION('',(1.,0.));
#10437 = ( GEOMETRIC_REPRESENTATION_CONTEXT(2) 
PARAMETRIC_REPRESENTATION_CONTEXT() REPRESENTATION_CONTEXT('2D SPACE',''
  ) );
#10438 = ORIENTED_EDGE('',*,*,#10382,.F.);
#10439 = ORIENTED_EDGE('',*,*,#10440,.F.);
#10440 = EDGE_CURVE('',#10383,#10383,#10441,.T.);
#10441 = SURFACE_CURVE('',#10442,(#10447,#10453),.PCURVE_S1.);
#10442 = CIRCLE('',#10443,18.);
#10443 = AXIS2_PLACEMENT_3D('',#10444,#10445,#10446);
#10444 = CARTESIAN_POINT('',(0.,0.,0.));
#10445 = DIRECTION('',(0.,0.,1.));
#10446 = DIRECTION('',(1.,0.,-0.));
#10447 = PCURVE('',#10393,#10448);
#10448 = DEFINITIONAL_REPRESENTATION('',(#10449),#10452);
#10449 = B_SPLINE_CURVE_WITH_KNOTS('',1,(#10450,#10451),.UNSPECIFIED.,
  .F.,.F.,(2,2),(0.,6.28318530718),.PIECEWISE_BEZIER_KNOTS.);
#10450 = CARTESIAN_POINT('',(0.,0.));
#10451 = CARTESIAN_POINT('',(-6.28318530718,0.));
#10452 = ( GEOMETRIC_REPRESENTATION_CONTEXT(2) 
PARAMETRIC_REPRESENTATION_CONTEXT() REPRESENTATION_CONTEXT('2D SPACE',''
  ) );
#10453 = PCURVE('',#10454,#10459);
#10454 = PLANE('',#10455);
#10455 = AXIS2_PLACEMENT_3D('',#10456,#10457,#10458);
#10456 = CARTESIAN_POINT('',(-4.039207776116E-15,2.732208970003E-15,0.)
  );
#10457 = DIRECTION('',(0.,0.,1.));
#10458 = DIRECTION('',(1.,0.,0.));
#10459 = DEFINITIONAL_REPRESENTATION('',(#10460),#10464);
#10460 = CIRCLE('',#10461,18.);
#10461 = AXIS2_PLACEMENT_2D('',#10462,#10463);
#10462 = CARTESIAN_POINT('',(4.039207776116E-15,-2.732208970003E-15));
#10463 = DIRECTION('',(1.,0.));
#10464 = ( GEOMETRIC_REPRESENTATION_CONTEXT(2) 
PARAMETRIC_REPRESENTATION_CONTEXT() REPRESENTATION_CONTEXT('2D SPACE',''
  ) );
#10465 = ADVANCED_FACE('',(#10466,#10497,#10528,#10559,#10562,#10593),
  #10454,.F.);
#10466 = FACE_BOUND('',#10467,.F.);
#10467 = EDGE_LOOP('',(#10468));
#10468 = ORIENTED_EDGE('',*,*,#10469,.T.);
#10469 = EDGE_CURVE('',#10470,#10470,#10472,.T.);
#10470 = VERTEX_POINT('',#10471);
#10471 = CARTESIAN_POINT('',(65.,0.,0.));
#10472 = SURFACE_CURVE('',#10473,(#10478,#10485),.PCURVE_S1.);
#10473 = CIRCLE('',#10474,65.);
#10474 = AXIS2_PLACEMENT_3D('',#10475,#10476,#10477);
#10475 = CARTESIAN_POINT('',(0.,0.,0.));
#10476 = DIRECTION('',(0.,0.,1.));
#10477 = DIRECTION('',(1.,0.,0.));
#10478 = PCURVE('',#10454,#10479);
#10479 = DEFINITIONAL_REPRESENTATION('',(#10480),#10484);
#10480 = CIRCLE('',#10481,65.);
#10481 = AXIS2_PLACEMENT_2D('',#10482,#10483);
#10482 = CARTESIAN_POINT('',(4.039207776116E-15,-2.732208970003E-15));
#10483 = DIRECTION('',(1.,0.));
#10484 = ( GEOMETRIC_REPRESENTATION_CONTEXT(2) 
PARAMETRIC_REPRESENTATION_CONTEXT() REPRESENTATION_CONTEXT('2D SPACE',''
  ) );
#10485 = PCURVE('',#10486,#10491);
#10486 = CYLINDRICAL_SURFACE('',#10487,65.);
#10487 = AXIS2_PLACEMENT_3D('',#10488,#10489,#10490);
#10488 = CARTESIAN_POINT('',(0.,0.,0.));
#10489 = DIRECTION('',(-0.,-0.,-1.));
#10490 = DIRECTION('',(1.,0.,0.));
#10491 = DEFINITIONAL_REPRESENTATION('',(#10492),#10496);
#10492 = LINE('',#10493,#10494);
#10493 = CARTESIAN_POINT('',(-0.,0.));
#10494 = VECTOR('',#10495,1.);
#10495 = DIRECTION('',(-1.,0.));
#10496 = ( GEOMETRIC_REPRESENTATION_CONTEXT(2) 
PARAMETRIC_REPRESENTATION_CONTEXT() REPRESENTATION_CONTEXT('2D SPACE',''
  ) );
#10497 = FACE_BOUND('',#10498,.F.);
#10498 = EDGE_LOOP('',(#10499));
#10499 = ORIENTED_EDGE('',*,*,#10500,.F.);
#10500 = EDGE_CURVE('',#10501,#10501,#10503,.T.);
#10501 = VERTEX_POINT('',#10502);
#10502 = CARTESIAN_POINT('',(-1.204591981718E-14,-54.25,0.));
#10503 = SURFACE_CURVE('',#10504,(#10509,#10516),.PCURVE_S1.);
#10504 = CIRCLE('',#10505,3.25);
#10505 = AXIS2_PLACEMENT_3D('',#10506,#10507,#10508);
#10506 = CARTESIAN_POINT('',(-1.132427485118E-14,-51.,0.));
#10507 = DIRECTION('',(0.,0.,1.));
#10508 = DIRECTION('',(-2.22044604925E-16,-1.,0.));
#10509 = PCURVE('',#10454,#10510);
#10510 = DEFINITIONAL_REPRESENTATION('',(#10511),#10515);
#10511 = CIRCLE('',#10512,3.25);
#10512 = AXIS2_PLACEMENT_2D('',#10513,#10514);
#10513 = CARTESIAN_POINT('',(-7.28506707506E-15,-51.));
#10514 = DIRECTION('',(-2.22044604925E-16,-1.));
#10515 = ( GEOMETRIC_REPRESENTATION_CONTEXT(2) 
PARAMETRIC_REPRESENTATION_CONTEXT() REPRESENTATION_CONTEXT('2D SPACE',''
  ) );
#10516 = PCURVE('',#10517,#10522);
#10517 = CYLINDRICAL_SURFACE('',#10518,3.25);
#10518 = AXIS2_PLACEMENT_3D('',#10519,#10520,#10521);
#10519 = CARTESIAN_POINT('',(-1.132427485118E-14,-51.,0.));
#10520 = DIRECTION('',(-0.,-0.,-1.));
#10521 = DIRECTION('',(-2.22044604925E-16,-1.,0.));
#10522 = DEFINITIONAL_REPRESENTATION('',(#10523),#10527);
#10523 = LINE('',#10524,#10525);
#10524 = CARTESIAN_POINT('',(-0.,0.));
#10525 = VECTOR('',#10526,1.);
#10526 = DIRECTION('',(-1.,0.));
#10527 = ( GEOMETRIC_REPRESENTATION_CONTEXT(2) 
PARAMETRIC_REPRESENTATION_CONTEXT() REPRESENTATION_CONTEXT('2D SPACE',''
  ) );
#10528 = FACE_BOUND('',#10529,.F.);
#10529 = EDGE_LOOP('',(#10530));
#10530 = ORIENTED_EDGE('',*,*,#10531,.F.);
#10531 = EDGE_CURVE('',#10532,#10532,#10534,.T.);
#10532 = VERTEX_POINT('',#10533);
#10533 = CARTESIAN_POINT('',(-54.25,6.643708885374E-15,0.));
#10534 = SURFACE_CURVE('',#10535,(#10540,#10547),.PCURVE_S1.);
#10535 = CIRCLE('',#10536,3.25);
#10536 = AXIS2_PLACEMENT_3D('',#10537,#10538,#10539);
#10537 = CARTESIAN_POINT('',(-51.,6.245698675652E-15,0.));
#10538 = DIRECTION('',(0.,0.,1.));
#10539 = DIRECTION('',(-1.,1.224646799147E-16,0.));
#10540 = PCURVE('',#10454,#10541);
#10541 = DEFINITIONAL_REPRESENTATION('',(#10542),#10546);
#10542 = CIRCLE('',#10543,3.25);
#10543 = AXIS2_PLACEMENT_2D('',#10544,#10545);
#10544 = CARTESIAN_POINT('',(-51.,3.513489705649E-15));
#10545 = DIRECTION('',(-1.,1.224646799147E-16));
#10546 = ( GEOMETRIC_REPRESENTATION_CONTEXT(2) 
PARAMETRIC_REPRESENTATION_CONTEXT() REPRESENTATION_CONTEXT('2D SPACE',''
  ) );
#10547 = PCURVE('',#10548,#10553);
#10548 = CYLINDRICAL_SURFACE('',#10549,3.25);
#10549 = AXIS2_PLACEMENT_3D('',#10550,#10551,#10552);
#10550 = CARTESIAN_POINT('',(-51.,6.245698675652E-15,0.));
#10551 = DIRECTION('',(-0.,-0.,-1.));
#10552 = DIRECTION('',(-1.,1.224646799147E-16,0.));
#10553 = DEFINITIONAL_REPRESENTATION('',(#10554),#10558);
#10554 = LINE('',#10555,#10556);
#10555 = CARTESIAN_POINT('',(-0.,0.));
#10556 = VECTOR('',#10557,1.);
#10557 = DIRECTION('',(-1.,0.));
#10558 = ( GEOMETRIC_REPRESENTATION_CONTEXT(2) 
PARAMETRIC_REPRESENTATION_CONTEXT() REPRESENTATION_CONTEXT('2D SPACE',''
  ) );
#10559 = FACE_BOUND('',#10560,.F.);
#10560 = EDGE_LOOP('',(#10561));
#10561 = ORIENTED_EDGE('',*,*,#10440,.F.);
#10562 = FACE_BOUND('',#10563,.F.);
#10563 = EDGE_LOOP('',(#10564));
#10564 = ORIENTED_EDGE('',*,*,#10565,.F.);
#10565 = EDGE_CURVE('',#10566,#10566,#10568,.T.);
#10566 = VERTEX_POINT('',#10567);
#10567 = CARTESIAN_POINT('',(54.25,0.,0.));
#10568 = SURFACE_CURVE('',#10569,(#10574,#10581),.PCURVE_S1.);
#10569 = CIRCLE('',#10570,3.25);
#10570 = AXIS2_PLACEMENT_3D('',#10571,#10572,#10573);
#10571 = CARTESIAN_POINT('',(51.,0.,0.));
#10572 = DIRECTION('',(0.,0.,1.));
#10573 = DIRECTION('',(1.,0.,0.));
#10574 = PCURVE('',#10454,#10575);
#10575 = DEFINITIONAL_REPRESENTATION('',(#10576),#10580);
#10576 = CIRCLE('',#10577,3.25);
#10577 = AXIS2_PLACEMENT_2D('',#10578,#10579);
#10578 = CARTESIAN_POINT('',(51.,-2.732208970003E-15));
#10579 = DIRECTION('',(1.,0.));
#10580 = ( GEOMETRIC_REPRESENTATION_CONTEXT(2) 
PARAMETRIC_REPRESENTATION_CONTEXT() REPRESENTATION_CONTEXT('2D SPACE',''
  ) );
#10581 = PCURVE('',#10582,#10587);
#10582 = CYLINDRICAL_SURFACE('',#10583,3.25);
#10583 = AXIS2_PLACEMENT_3D('',#10584,#10585,#10586);
#10584 = CARTESIAN_POINT('',(51.,0.,0.));
#10585 = DIRECTION('',(-0.,-0.,-1.));
#10586 = DIRECTION('',(1.,0.,0.));
#10587 = DEFINITIONAL_REPRESENTATION('',(#10588),#10592);
#10588 = LINE('',#10589,#10590);
#10589 = CARTESIAN_POINT('',(-0.,0.));
#10590 = VECTOR('',#10591,1.);
#10591 = DIRECTION('',(-1.,0.));
#10592 = ( GEOMETRIC_REPRESENTATION_CONTEXT(2) 
PARAMETRIC_REPRESENTATION_CONTEXT() REPRESENTATION_CONTEXT('2D SPACE',''
  ) );
#10593 = FACE_BOUND('',#10594,.F.);
#10594 = EDGE_LOOP('',(#10595));
#10595 = ORIENTED_EDGE('',*,*,#10596,.F.);
#10596 = EDGE_CURVE('',#10597,#10597,#10599,.T.);
#10597 = VERTEX_POINT('',#10598);
#10598 = CARTESIAN_POINT('',(6.022959908591E-15,54.25,0.));
#10599 = SURFACE_CURVE('',#10600,(#10605,#10612),.PCURVE_S1.);
#10600 = CIRCLE('',#10601,3.25);
#10601 = AXIS2_PLACEMENT_3D('',#10602,#10603,#10604);
#10602 = CARTESIAN_POINT('',(5.662137425588E-15,51.,0.));
#10603 = DIRECTION('',(0.,-0.,1.));
#10604 = DIRECTION('',(1.110223024625E-16,1.,0.));
#10605 = PCURVE('',#10454,#10606);
#10606 = DEFINITIONAL_REPRESENTATION('',(#10607),#10611);
#10607 = CIRCLE('',#10608,3.25);
#10608 = AXIS2_PLACEMENT_2D('',#10609,#10610);
#10609 = CARTESIAN_POINT('',(9.701345201705E-15,51.));
#10610 = DIRECTION('',(1.110223024625E-16,1.));
#10611 = ( GEOMETRIC_REPRESENTATION_CONTEXT(2) 
PARAMETRIC_REPRESENTATION_CONTEXT() REPRESENTATION_CONTEXT('2D SPACE',''
  ) );
#10612 = PCURVE('',#10613,#10618);
#10613 = CYLINDRICAL_SURFACE('',#10614,3.25);
#10614 = AXIS2_PLACEMENT_3D('',#10615,#10616,#10617);
#10615 = CARTESIAN_POINT('',(5.662137425588E-15,51.,0.));
#10616 = DIRECTION('',(-0.,0.,-1.));
#10617 = DIRECTION('',(1.110223024625E-16,1.,0.));
#10618 = DEFINITIONAL_REPRESENTATION('',(#10619),#10623);
#10619 = LINE('',#10620,#10621);
#10620 = CARTESIAN_POINT('',(-0.,0.));
#10621 = VECTOR('',#10622,1.);
#10622 = DIRECTION('',(-1.,0.));
#10623 = ( GEOMETRIC_REPRESENTATION_CONTEXT(2) 
PARAMETRIC_REPRESENTATION_CONTEXT() REPRESENTATION_CONTEXT('2D SPACE',''
  ) );
#10624 = ADVANCED_FACE('',(#10625,#10651,#10677,#10703,#10706,#10732),
  #10427,.T.);
#10625 = FACE_BOUND('',#10626,.T.);
#10626 = EDGE_LOOP('',(#10627));
#10627 = ORIENTED_EDGE('',*,*,#10628,.T.);
#10628 = EDGE_CURVE('',#10629,#10629,#10631,.T.);
#10629 = VERTEX_POINT('',#10630);
#10630 = CARTESIAN_POINT('',(65.,0.,8.));
#10631 = SURFACE_CURVE('',#10632,(#10637,#10644),.PCURVE_S1.);
#10632 = CIRCLE('',#10633,65.);
#10633 = AXIS2_PLACEMENT_3D('',#10634,#10635,#10636);
#10634 = CARTESIAN_POINT('',(0.,0.,8.));
#10635 = DIRECTION('',(0.,0.,1.));
#10636 = DIRECTION('',(1.,0.,0.));
#10637 = PCURVE('',#10427,#10638);
#10638 = DEFINITIONAL_REPRESENTATION('',(#10639),#10643);
#10639 = CIRCLE('',#10640,65.);
#10640 = AXIS2_PLACEMENT_2D('',#10641,#10642);
#10641 = CARTESIAN_POINT('',(4.039207776116E-15,-2.732208970003E-15));
#10642 = DIRECTION('',(1.,0.));
#10643 = ( GEOMETRIC_REPRESENTATION_CONTEXT(2) 
PARAMETRIC_REPRESENTATION_CONTEXT() REPRESENTATION_CONTEXT('2D SPACE',''
  ) );
#10644 = PCURVE('',#10486,#10645);
#10645 = DEFINITIONAL_REPRESENTATION('',(#10646),#10650);
#10646 = LINE('',#10647,#10648);
#10647 = CARTESIAN_POINT('',(-0.,-8.));
#10648 = VECTOR('',#10649,1.);
#10649 = DIRECTION('',(-1.,0.));
#10650 = ( GEOMETRIC_REPRESENTATION_CONTEXT(2) 
PARAMETRIC_REPRESENTATION_CONTEXT() REPRESENTATION_CONTEXT('2D SPACE',''
  ) );
#10651 = FACE_BOUND('',#10652,.T.);
#10652 = EDGE_LOOP('',(#10653));
#10653 = ORIENTED_EDGE('',*,*,#10654,.F.);
#10654 = EDGE_CURVE('',#10655,#10655,#10657,.T.);
#10655 = VERTEX_POINT('',#10656);
#10656 = CARTESIAN_POINT('',(-1.204591981718E-14,-54.25,8.));
#10657 = SURFACE_CURVE('',#10658,(#10663,#10670),.PCURVE_S1.);
#10658 = CIRCLE('',#10659,3.25);
#10659 = AXIS2_PLACEMENT_3D('',#10660,#10661,#10662);
#10660 = CARTESIAN_POINT('',(-1.132427485118E-14,-51.,8.));
#10661 = DIRECTION('',(0.,0.,1.));
#10662 = DIRECTION('',(-2.22044604925E-16,-1.,0.));
#10663 = PCURVE('',#10427,#10664);
#10664 = DEFINITIONAL_REPRESENTATION('',(#10665),#10669);
#10665 = CIRCLE('',#10666,3.25);
#10666 = AXIS2_PLACEMENT_2D('',#10667,#10668);
#10667 = CARTESIAN_POINT('',(-7.28506707506E-15,-51.));
#10668 = DIRECTION('',(-2.22044604925E-16,-1.));
#10669 = ( GEOMETRIC_REPRESENTATION_CONTEXT(2) 
PARAMETRIC_REPRESENTATION_CONTEXT() REPRESENTATION_CONTEXT('2D SPACE',''
  ) );
#10670 = PCURVE('',#10517,#10671);
#10671 = DEFINITIONAL_REPRESENTATION('',(#10672),#10676);
#10672 = LINE('',#10673,#10674);
#10673 = CARTESIAN_POINT('',(-0.,-8.));
#10674 = VECTOR('',#10675,1.);
#10675 = DIRECTION('',(-1.,0.));
#10676 = ( GEOMETRIC_REPRESENTATION_CONTEXT(2) 
PARAMETRIC_REPRESENTATION_CONTEXT() REPRESENTATION_CONTEXT('2D SPACE',''
  ) );
#10677 = FACE_BOUND('',#10678,.T.);
#10678 = EDGE_LOOP('',(#10679));
#10679 = ORIENTED_EDGE('',*,*,#10680,.F.);
#10680 = EDGE_CURVE('',#10681,#10681,#10683,.T.);
#10681 = VERTEX_POINT('',#10682);
#10682 = CARTESIAN_POINT('',(-54.25,6.643708885374E-15,8.));
#10683 = SURFACE_CURVE('',#10684,(#10689,#10696),.PCURVE_S1.);
#10684 = CIRCLE('',#10685,3.25);
#10685 = AXIS2_PLACEMENT_3D('',#10686,#10687,#10688);
#10686 = CARTESIAN_POINT('',(-51.,6.245698675652E-15,8.));
#10687 = DIRECTION('',(0.,0.,1.));
#10688 = DIRECTION('',(-1.,1.224646799147E-16,0.));
#10689 = PCURVE('',#10427,#10690);
#10690 = DEFINITIONAL_REPRESENTATION('',(#10691),#10695);
#10691 = CIRCLE('',#10692,3.25);
#10692 = AXIS2_PLACEMENT_2D('',#10693,#10694);
#10693 = CARTESIAN_POINT('',(-51.,3.513489705649E-15));
#10694 = DIRECTION('',(-1.,1.224646799147E-16));
#10695 = ( GEOMETRIC_REPRESENTATION_CONTEXT(2) 
PARAMETRIC_REPRESENTATION_CONTEXT() REPRESENTATION_CONTEXT('2D SPACE',''
  ) );
#10696 = PCURVE('',#10548,#10697);
#10697 = DEFINITIONAL_REPRESENTATION('',(#10698),#10702);
#10698 = LINE('',#10699,#10700);
#10699 = CARTESIAN_POINT('',(-0.,-8.));
#10700 = VECTOR('',#10701,1.);
#10701 = DIRECTION('',(-1.,0.));
#10702 = ( GEOMETRIC_REPRESENTATION_CONTEXT(2) 
PARAMETRIC_REPRESENTATION_CONTEXT() REPRESENTATION_CONTEXT('2D SPACE',''
  ) );
#10703 = FACE_BOUND('',#10704,.T.);
#10704 = EDGE_LOOP('',(#10705));
#10705 = ORIENTED_EDGE('',*,*,#10412,.F.);
#10706 = FACE_BOUND('',#10707,.T.);
#10707 = EDGE_LOOP('',(#10708));
#10708 = ORIENTED_EDGE('',*,*,#10709,.F.);
#10709 = EDGE_CURVE('',#10710,#10710,#10712,.T.);
#10710 = VERTEX_POINT('',#10711);
#10711 = CARTESIAN_POINT('',(54.25,0.,8.));
#10712 = SURFACE_CURVE('',#10713,(#10718,#10725),.PCURVE_S1.);
#10713 = CIRCLE('',#10714,3.25);
#10714 = AXIS2_PLACEMENT_3D('',#10715,#10716,#10717);
#10715 = CARTESIAN_POINT('',(51.,0.,8.));
#10716 = DIRECTION('',(0.,0.,1.));
#10717 = DIRECTION('',(1.,0.,0.));
#10718 = PCURVE('',#10427,#10719);
#10719 = DEFINITIONAL_REPRESENTATION('',(#10720),#10724);
#10720 = CIRCLE('',#10721,3.25);
#10721 = AXIS2_PLACEMENT_2D('',#10722,#10723);
#10722 = CARTESIAN_POINT('',(51.,-2.732208970003E-15));
#10723 = DIRECTION('',(1.,0.));
#10724 = ( GEOMETRIC_REPRESENTATION_CONTEXT(2) 
PARAMETRIC_REPRESENTATION_CONTEXT() REPRESENTATION_CONTEXT('2D SPACE',''
  ) );
#10725 = PCURVE('',#10582,#10726);
#10726 = DEFINITIONAL_REPRESENTATION('',(#10727),#10731);
#10727 = LINE('',#10728,#10729);
#10728 = CARTESIAN_POINT('',(-0.,-8.));
#10729 = VECTOR('',#10730,1.);
#10730 = DIRECTION('',(-1.,0.));
#10731 = ( GEOMETRIC_REPRESENTATION_CONTEXT(2) 
PARAMETRIC_REPRESENTATION_CONTEXT() REPRESENTATION_CONTEXT('2D SPACE',''
  ) );
#10732 = FACE_BOUND('',#10733,.T.);
#10733 = EDGE_LOOP('',(#10734));
#10734 = ORIENTED_EDGE('',*,*,#10735,.F.);
#10735 = EDGE_CURVE('',#10736,#10736,#10738,.T.);
#10736 = VERTEX_POINT('',#10737);
#10737 = CARTESIAN_POINT('',(6.022959908591E-15,54.25,8.));
#10738 = SURFACE_CURVE('',#10739,(#10744,#10751),.PCURVE_S1.);
#10739 = CIRCLE('',#10740,3.25);
#10740 = AXIS2_PLACEMENT_3D('',#10741,#10742,#10743);
#10741 = CARTESIAN_POINT('',(5.662137425588E-15,51.,8.));
#10742 = DIRECTION('',(0.,-0.,1.));
#10743 = DIRECTION('',(1.110223024625E-16,1.,0.));
#10744 = PCURVE('',#10427,#10745);
#10745 = DEFINITIONAL_REPRESENTATION('',(#10746),#10750);
#10746 = CIRCLE('',#10747,3.25);
#10747 = AXIS2_PLACEMENT_2D('',#10748,#10749);
#10748 = CARTESIAN_POINT('',(9.701345201705E-15,51.));
#10749 = DIRECTION('',(1.110223024625E-16,1.));
#10750 = ( GEOMETRIC_REPRESENTATION_CONTEXT(2) 
PARAMETRIC_REPRESENTATION_CONTEXT() REPRESENTATION_CONTEXT('2D SPACE',''
  ) );
#10751 = PCURVE('',#10613,#10752);
#10752 = DEFINITIONAL_REPRESENTATION('',(#10753),#10757);
#10753 = LINE('',#10754,#10755);
#10754 = CARTESIAN_POINT('',(-0.,-8.));
#10755 = VECTOR('',#10756,1.);
#10756 = DIRECTION('',(-1.,0.));
#10757 = ( GEOMETRIC_REPRESENTATION_CONTEXT(2) 
PARAMETRIC_REPRESENTATION_CONTEXT() REPRESENTATION_CONTEXT('2D SPACE',''
  ) );
#10758 = ADVANCED_FACE('',(#10759),#10486,.T.);
#10759 = FACE_BOUND('',#10760,.F.);
#10760 = EDGE_LOOP('',(#10761,#10782,#10783,#10784));
#10761 = ORIENTED_EDGE('',*,*,#10762,.T.);
#10762 = EDGE_CURVE('',#10470,#10629,#10763,.T.);
#10763 = SEAM_CURVE('',#10764,(#10768,#10775),.PCURVE_S1.);
#10764 = LINE('',#10765,#10766);
#10765 = CARTESIAN_POINT('',(65.,0.,0.));
#10766 = VECTOR('',#10767,1.);
#10767 = DIRECTION('',(0.,0.,1.));
#10768 = PCURVE('',#10486,#10769);
#10769 = DEFINITIONAL_REPRESENTATION('',(#10770),#10774);
#10770 = LINE('',#10771,#10772);
#10771 = CARTESIAN_POINT('',(-0.,0.));
#10772 = VECTOR('',#10773,1.);
#10773 = DIRECTION('',(-0.,-1.));
#10774 = ( GEOMETRIC_REPRESENTATION_CONTEXT(2) 
PARAMETRIC_REPRESENTATION_CONTEXT() REPRESENTATION_CONTEXT('2D SPACE',''
  ) );
#10775 = PCURVE('',#10486,#10776);
#10776 = DEFINITIONAL_REPRESENTATION('',(#10777),#10781);
#10777 = LINE('',#10778,#10779);
#10778 = CARTESIAN_POINT('',(-6.28318530718,0.));
#10779 = VECTOR('',#10780,1.);
#10780 = DIRECTION('',(-0.,-1.));
#10781 = ( GEOMETRIC_REPRESENTATION_CONTEXT(2) 
PARAMETRIC_REPRESENTATION_CONTEXT() REPRESENTATION_CONTEXT('2D SPACE',''
  ) );
#10782 = ORIENTED_EDGE('',*,*,#10628,.T.);
#10783 = ORIENTED_EDGE('',*,*,#10762,.F.);
#10784 = ORIENTED_EDGE('',*,*,#10469,.F.);
#10785 = ADVANCED_FACE('',(#10786),#10517,.F.);
#10786 = FACE_BOUND('',#10787,.T.);
#10787 = EDGE_LOOP('',(#10788,#10809,#10810,#10811));
#10788 = ORIENTED_EDGE('',*,*,#10789,.T.);
#10789 = EDGE_CURVE('',#10501,#10655,#10790,.T.);
#10790 = SEAM_CURVE('',#10791,(#10795,#10802),.PCURVE_S1.);
#10791 = LINE('',#10792,#10793);
#10792 = CARTESIAN_POINT('',(-1.204591981718E-14,-54.25,0.));
#10793 = VECTOR('',#10794,1.);
#10794 = DIRECTION('',(0.,0.,1.));
#10795 = PCURVE('',#10517,#10796);
#10796 = DEFINITIONAL_REPRESENTATION('',(#10797),#10801);
#10797 = LINE('',#10798,#10799);
#10798 = CARTESIAN_POINT('',(-0.,0.));
#10799 = VECTOR('',#10800,1.);
#10800 = DIRECTION('',(-0.,-1.));
#10801 = ( GEOMETRIC_REPRESENTATION_CONTEXT(2) 
PARAMETRIC_REPRESENTATION_CONTEXT() REPRESENTATION_CONTEXT('2D SPACE',''
  ) );
#10802 = PCURVE('',#10517,#10803);
#10803 = DEFINITIONAL_REPRESENTATION('',(#10804),#10808);
#10804 = LINE('',#10805,#10806);
#10805 = CARTESIAN_POINT('',(-6.28318530718,0.));
#10806 = VECTOR('',#10807,1.);
#10807 = DIRECTION('',(-0.,-1.));
#10808 = ( GEOMETRIC_REPRESENTATION_CONTEXT(2) 
PARAMETRIC_REPRESENTATION_CONTEXT() REPRESENTATION_CONTEXT('2D SPACE',''
  ) );
#10809 = ORIENTED_EDGE('',*,*,#10654,.T.);
#10810 = ORIENTED_EDGE('',*,*,#10789,.F.);
#10811 = ORIENTED_EDGE('',*,*,#10500,.F.);
#10812 = ADVANCED_FACE('',(#10813),#10548,.F.);
#10813 = FACE_BOUND('',#10814,.T.);
#10814 = EDGE_LOOP('',(#10815,#10836,#10837,#10838));
#10815 = ORIENTED_EDGE('',*,*,#10816,.T.);
#10816 = EDGE_CURVE('',#10532,#10681,#10817,.T.);
#10817 = SEAM_CURVE('',#10818,(#10822,#10829),.PCURVE_S1.);
#10818 = LINE('',#10819,#10820);
#10819 = CARTESIAN_POINT('',(-54.25,6.643708885374E-15,0.));
#10820 = VECTOR('',#10821,1.);
#10821 = DIRECTION('',(0.,0.,1.));
#10822 = PCURVE('',#10548,#10823);
#10823 = DEFINITIONAL_REPRESENTATION('',(#10824),#10828);
#10824 = LINE('',#10825,#10826);
#10825 = CARTESIAN_POINT('',(-0.,0.));
#10826 = VECTOR('',#10827,1.);
#10827 = DIRECTION('',(-0.,-1.));
#10828 = ( GEOMETRIC_REPRESENTATION_CONTEXT(2) 
PARAMETRIC_REPRESENTATION_CONTEXT() REPRESENTATION_CONTEXT('2D SPACE',''
  ) );
#10829 = PCURVE('',#10548,#10830);
#10830 = DEFINITIONAL_REPRESENTATION('',(#10831),#10835);
#10831 = LINE('',#10832,#10833);
#10832 = CARTESIAN_POINT('',(-6.28318530718,0.));
#10833 = VECTOR('',#10834,1.);
#10834 = DIRECTION('',(-0.,-1.));
#10835 = ( GEOMETRIC_REPRESENTATION_CONTEXT(2) 
PARAMETRIC_REPRESENTATION_CONTEXT() REPRESENTATION_CONTEXT('2D SPACE',''
  ) );
#10836 = ORIENTED_EDGE('',*,*,#10680,.T.);
#10837 = ORIENTED_EDGE('',*,*,#10816,.F.);
#10838 = ORIENTED_EDGE('',*,*,#10531,.F.);
#10839 = ADVANCED_FACE('',(#10840),#10582,.F.);
#10840 = FACE_BOUND('',#10841,.T.);
#10841 = EDGE_LOOP('',(#10842,#10863,#10864,#10865));
#10842 = ORIENTED_EDGE('',*,*,#10843,.T.);
#10843 = EDGE_CURVE('',#10566,#10710,#10844,.T.);
#10844 = SEAM_CURVE('',#10845,(#10849,#10856),.PCURVE_S1.);
#10845 = LINE('',#10846,#10847);
#10846 = CARTESIAN_POINT('',(54.25,0.,0.));
#10847 = VECTOR('',#10848,1.);
#10848 = DIRECTION('',(0.,0.,1.));
#10849 = PCURVE('',#10582,#10850);
#10850 = DEFINITIONAL_REPRESENTATION('',(#10851),#10855);
#10851 = LINE('',#10852,#10853);
#10852 = CARTESIAN_POINT('',(-0.,0.));
#10853 = VECTOR('',#10854,1.);
#10854 = DIRECTION('',(-0.,-1.));
#10855 = ( GEOMETRIC_REPRESENTATION_CONTEXT(2) 
PARAMETRIC_REPRESENTATION_CONTEXT() REPRESENTATION_CONTEXT('2D SPACE',''
  ) );
#10856 = PCURVE('',#10582,#10857);
#10857 = DEFINITIONAL_REPRESENTATION('',(#10858),#10862);
#10858 = LINE('',#10859,#10860);
#10859 = CARTESIAN_POINT('',(-6.28318530718,0.));
#10860 = VECTOR('',#10861,1.);
#10861 = DIRECTION('',(-0.,-1.));
#10862 = ( GEOMETRIC_REPRESENTATION_CONTEXT(2) 
PARAMETRIC_REPRESENTATION_CONTEXT() REPRESENTATION_CONTEXT('2D SPACE',''
  ) );
#10863 = ORIENTED_EDGE('',*,*,#10709,.T.);
#10864 = ORIENTED_EDGE('',*,*,#10843,.F.);
#10865 = ORIENTED_EDGE('',*,*,#10565,.F.);
#10866 = ADVANCED_FACE('',(#10867),#10613,.F.);
#10867 = FACE_BOUND('',#10868,.T.);
#10868 = EDGE_LOOP('',(#10869,#10890,#10891,#10892));
#10869 = ORIENTED_EDGE('',*,*,#10870,.T.);
#10870 = EDGE_CURVE('',#10597,#10736,#10871,.T.);
#10871 = SEAM_CURVE('',#10872,(#10876,#10883),.PCURVE_S1.);
#10872 = LINE('',#10873,#10874);
#10873 = CARTESIAN_POINT('',(6.022959908591E-15,54.25,0.));
#10874 = VECTOR('',#10875,1.);
#10875 = DIRECTION('',(0.,0.,1.));
#10876 = PCURVE('',#10613,#10877);
#10877 = DEFINITIONAL_REPRESENTATION('',(#10878),#10882);
#10878 = LINE('',#10879,#10880);
#10879 = CARTESIAN_POINT('',(-0.,0.));
#10880 = VECTOR('',#10881,1.);
#10881 = DIRECTION('',(-0.,-1.));
#10882 = ( GEOMETRIC_REPRESENTATION_CONTEXT(2) 
PARAMETRIC_REPRESENTATION_CONTEXT() REPRESENTATION_CONTEXT('2D SPACE',''
  ) );
#10883 = PCURVE('',#10613,#10884);
#10884 = DEFINITIONAL_REPRESENTATION('',(#10885),#10889);
#10885 = LINE('',#10886,#10887);
#10886 = CARTESIAN_POINT('',(-6.28318530718,0.));
#10887 = VECTOR('',#10888,1.);
#10888 = DIRECTION('',(-0.,-1.));
#10889 = ( GEOMETRIC_REPRESENTATION_CONTEXT(2) 
PARAMETRIC_REPRESENTATION_CONTEXT() REPRESENTATION_CONTEXT('2D SPACE',''
  ) );
#10890 = ORIENTED_EDGE('',*,*,#10735,.T.);
#10891 = ORIENTED_EDGE('',*,*,#10870,.F.);
#10892 = ORIENTED_EDGE('',*,*,#10596,.F.);
#10893 = ( GEOMETRIC_REPRESENTATION_CONTEXT(3) 
GLOBAL_UNCERTAINTY_ASSIGNED_CONTEXT((#10897)) 
GLOBAL_UNIT_ASSIGNED_CONTEXT((#10894,#10895,#10896)) 
REPRESENTATION_CONTEXT('Context #1',
  '3D Context with UNIT and UNCERTAINTY') );
#10894 = ( LENGTH_UNIT() NAMED_UNIT(*) SI_UNIT(.MILLI.,.METRE.) );
#10895 = ( NAMED_UNIT(*) PLANE_ANGLE_UNIT() SI_UNIT($,.RADIAN.) );
#10896 = ( NAMED_UNIT(*) SI_UNIT($,.STERADIAN.) SOLID_ANGLE_UNIT() );
#10897 = UNCERTAINTY_MEASURE_WITH_UNIT(LENGTH_MEASURE(1.E-07),#10894,
  'distance_accuracy_value','confusion accuracy');
#10898 = PRODUCT_RELATED_PRODUCT_CATEGORY('part',$,(#7));
ENDSEC;
END-ISO-10303-21;
